region,year,stock,head,imm_head,investment,depreciation,writeoff,mig_in,mig_out,revaluation,charge_own,charge_imm,gdppc,net_own,net_total
us,2025,42597767144857.26,163468667.3197481,0.0,0.0,0.0,0.0,0.0,0.0,0.0,0.0,0.0,61050.561392568336,0.0,0.0
oecd-ex-us,2025,57584978608061.44,382715206.5144276,0.0,0.0,0.0,0.0,0.0,0.0,0.0,0.0,0.0,40746.2474376583,0.0,0.0
china,2025,57839764999751.484,754690317.0381244,0.0,0.0,0.0,0.0,0.0,0.0,0.0,0.0,0.0,23526.530999766437,0.0,0.0
india,2025,14432921146914.07,758253586.7746348,0.0,0.0,0.0,0.0,0.0,0.0,0.0,0.0,0.0,7962.740251283043,0.0,0.0
latam,2025,12756720765758.104,304226941.7672932,0.0,0.0,0.0,0.0,0.0,0.0,0.0,0.0,0.0,14201.148310712375,0.0,0.0
seasia,2025,12553011591910.963,338611634.74681383,0.0,0.0,0.0,0.0,0.0,0.0,0.0,0.0,0.0,12765.330691481528,0.0,0.0
russia,2025,11576313599487.303,139645266.8252507,0.0,0.0,0.0,0.0,0.0,0.0,0.0,0.0,0.0,20297.66333329072,0.0,0.0
mena,2025,11787095388255.021,222635280.40974152,0.0,0.0,0.0,0.0,0.0,0.0,0.0,0.0,0.0,20496.517103421746,0.0,0.0
ssa,2025,3711249022559.1807,444568199.96648616,0.0,0.0,0.0,0.0,0.0,0.0,0.0,0.0,0.0,3497.158670690358,0.0,0.0
us,2026,42669105128190.03,166998026.68050712,942258.3709978289,2044843321524.6702,2135863256170.7847,237672757765.1322,388539600848.538,0.0,11491074895.47347,2373536013935.917,0.0,61980.16024673619,-328692692411.2468,59846908437.2912
oecd-ex-us,2026,57180006731443.28,388381514.8246305,1321888.7014311934,2425169735014.5205,2891116564007.126,312363797850.11694,360690274697.1896,0.0,12648475527.405304,3203480361857.243,0.0,41618.333088470004,-778310626842.7227,-417620352145.5331
china,2026,57393450899325.23,762161735.3617095,0.0,2736053182335.556,2921057713237.975,314195159133.6152,0.0,20197825899.130444,73083415508.89754,3235252872371.5903,0.0,24228.855750619772,-499199690036.0342,-519397515935.1646
india,2026,15232724277399.14,778892640.4008627,0.0,1925326871493.8171,875115914978.6515,202958314835.0167,0.0,57597043953.199905,10147532758.122417,1078074229813.6682,0.0,8334.796268499304,847252641680.1489,789655597726.949
latam,2026,12979088822674.857,310071558.2878201,0.0,1018939209818.603,683485139778.035,99626046286.11684,0.0,18779921798.26153,5319954960.567571,783111186064.1519,0.0,14736.250277982586,235828023754.45117,217048101956.18964
seasia,2026,12887774316982.87,345754500.58073175,0.0,1105024736163.8806,674018192009.6808,96665983904.65321,0.0,5752723598.498425,6174888420.862362,770684175914.334,0.0,13267.526588403778,334340560249.54663,328587836651.0482
russia,2026,11631823786117.307,142434414.70608857,203659.6709326053,674420236913.5869,583071538063.8567,68274617357.62827,26963441824.799526,0.0,5472663313.102625,651346155421.485,0.0,20949.93751363234,23074081492.10193,50037523316.90146
mena,2026,12586116517049.178,230002189.53124973,279603.6566383721,1666201410899.3303,723244579527.987,186132303644.17688,33963062103.730938,0.0,8233538963.271418,909376883172.164,0.0,21152.088069819238,756824527727.1664,790787589830.8973
ssa,2026,4232905756281.8223,471407927.1858153,0.0,752278921571.8419,204375774676.6714,27681072261.42833,0.0,3502950823.4903054,4937609912.390349,232056846938.09973,0.0,3706.02193117199,520222074633.7422,516719123810.2519
us,2027,42726470720846.68,169370065.48533976,1876385.110283055,2036588776979.4377,2139896228538.6658,239058172626.16425,387528050816.00446,0.0,12203166026.043291,2362905159441.8154,16049241723.014378,62923.70303705832,-326316382462.3777,45162426630.6124
oecd-ex-us,2027,56769914450255.945,389589219.30687225,2618449.3561086273,2413085102753.0645,2880941414493.9414,310163070078.64886,355695253261.38293,0.0,12231847370.80028,3176612538063.926,14491946508.664473,42505.07432557021,-763527435310.8613,-422324128558.1429
china,2027,57762298468308.58,758840794.3299043,0.0,2668539239025.431,2896913361869.066,318573486740.8623,0.0,17053451775.368965,932848630343.2001,3215486848609.928,0.0,24946.710040432743,-546947609584.4971,-564001061359.8661
india,2027,16009014686933.455,789242340.2964039,0.0,1928923775936.1147,895076767415.0626,217091092003.00095,0.0,50808273859.95268,10342766876.208231,1112167859418.0635,0.0,8720.209769160245,816755916518.0513,765947642658.0986
latam,2027,13192829519672.29,311866904.8548838,0.0,1014764345290.6697,687638354421.2451,101157514709.53609,0.0,17454090268.38481,5226311105.921601,788795869130.7812,0.0,15286.446916063733,225968476159.88843,208514385891.5036
seasia,2027,13210313158640.393,348500098.2903014,0.0,1100964437941.8657,681432845397.7117,98514596880.91827,0.0,4609094606.044396,6130940600.338813,779947442278.6299,0.0,13784.578329939995,321016995663.23584,316407901057.19147
russia,2027,11685347643034.023,144261236.12564293,395955.1376886673,675575992056.9529,584296541851.0748,68593002857.44713,25617149637.01552,0.0,5220259931.266053,651767908656.0181,1121636052.5039241,21617.743494906772,23808083400.934814,48303596985.44641
mena,2027,13338315627672.178,234495641.73901373,418506.8586209322,1675981241834.1255,745933648805.0388,199946503184.18286,17482416788.482975,0.0,4615603989.601405,943869967205.6033,2010184783.6184237,21823.19412143207,732111274628.5222,747583506633.3868
ssa,2027,4752722816447.479,493244464.27882975,0.0,769744544620.1465,217806786013.88007,30362974472.78649,0.0,6538643156.105692,4780919188.28128,248169760486.66656,0.0,3924.81990741194,521574784133.4799,515036140977.3742
us,2028,42784879043910.25,170647963.75616223,2842353.553527692,2028185406346.413,2143667571824.0413,240322983537.13245,403022808520.149,0.0,11190663558.165194,2352063167623.6553,31927387737.518684,63881.398876560765,-323877761277.2422,47217659505.388115
oecd-ex-us,2028,56349541736883.42,389050023.65120715,3879883.989967753,2397690900268.853,2870378333246.247,307866234694.11346,348021997260.0705,0.0,12158957038.873705,3149567691407.4263,28676876532.935055,43406.67576409311,-751876791138.5732,-432531670411.4378
china,2028,57167898959340.94,752971527.9100313,0.0,2595547721514.7183,2878204393238.337,313906141659.04565,0.0,20671132289.02255,22834436704.06393,3192110534897.383,0.0,25680.32047045773,-596562813382.6646,-617233945671.6871
india,2028,16758921084287.12,798733223.3210889,0.0,1932058516417.19,915241689501.8466,230553510614.19995,0.0,45410700711.063705,9053781763.594292,1145795200116.0464,0.0,9119.297570303788,786263316301.1436,740852615590.0798
latam,2028,13395873502431.877,312771431.2355684,0.0,1010270496221.1586,691756836014.27,102580810114.91351,0.0,18026207307.43867,5137339975.038712,794337646129.1836,0.0,15852.009111984375,215932850091.97498,197906642784.53632
seasia,2028,13519273176020.936,350379916.56564975,0.0,1096091700907.4828,688773139508.4836,100268846588.57626,0.0,4200553582.1385207,6110856152.254605,789041986097.0599,0.0,14316.766516730313,307049714810.42285,302849161228.2843
russia,2028,11736959313868.059,145017076.12582844,594167.5790272326,674442185218.8136,585509973621.2711,68893478494.58038,26553035973.69244,0.0,5019901757.378523,652225950898.1941,2177501217.657571,22301.31967664412,22216234320.619507,46591769076.65438
mena,2028,14046643516387.252,238199868.09481886,419827.57741827215,1683493146413.5876,767782864912.3889,212981989846.76733,1050869469.1879368,0.0,4548727591.451941,977775934337.7068,2988920421.449406,22510.072830855686,705717212075.8809,703779161123.6194
ssa,2028,5271550760942.723,515289334.9840231,0.0,786921561773.7002,231502569327.7,33048469475.484104,0.0,8084789283.961275,4542210808.68914,264551038803.1841,0.0,4153.888135378867,522370522970.5161,514285733686.5548
us,2029,42820741673416.45,171855607.27071366,3774077.240665612,2021819382487.0193,2147745420135.4224,241507340709.51694,391377397488.7582,0.0,11918610375.363768,2340942092592.9443,48310668251.995346,64853.46001565609,-319122710105.92505,23944019130.837784
oecd-ex-us,2029,55912720668552.17,388374615.0972008,5087325.641677298,2380737630198.198,2859247823427.6875,305452618609.24554,335180360016.2679,0.0,11961383491.252384,3122254540110.3506,42445901926.58175,44323.34507815357,-741516909912.1523,-448782451822.4662
china,2029,56523142241339.59,746726292.9752961,0.0,2517243093827.146,2857702899115.247,308978981843.5776,0.0,17582663378.237156,22264732508.60439,3166681880958.8247,0.0,26429.915961202536,-649438787131.6787,-667021450509.9159
india,2029,17676537972802.65,808092860.6752592,0.0,1934230972635.55,933217878832.8564,245574968080.1139,0.0,43688951645.418144,205867714438.37048,1178792846912.9702,0.0,9532.379329332112,755438125722.5798,711749174077.1617
latam,2029,13589249867667.594,313613817.737952,0.0,1005406113456.942,695734641013.3641,103884803863.55336,0.0,17474324898.91952,5064021554.6178055,799619444876.9175,0.0,16433.209741931896,205786668580.02454,188312343681.105
seasia,2029,13812793405235.578,352165110.4828455,0.0,1090701812505.6807,695981655267.3918,101933575020.72408,0.0,4871495111.826339,5605142108.894145,797915230288.116,0.0,14864.373793171797,292786582217.5647,287915087105.73834
russia,2029,11784249018136.62,145740272.28710005,788946.8666464718,671787687528.3391,586728832431.6184,69167878780.63512,26257940314.536964,0.0,5140787637.936132,652634041170.3468,3262670041.90668,23000.90659669084,19153646357.99231,42148916630.6226
mena,2029,14885420482173.21,241779566.77893105,412197.31352389156,1689089420504.218,786572258188.0902,227167025870.16257,0.0,6122364900.313222,169549194240.3156,1010797406632.5502,2941877425.7026386,23212.963919281494,678292013871.6678,669227771545.652
ssa,2029,5834948311731.502,537828634.3248863,0.0,803866953981.3651,244566624360.66962,36379022772.32038,0.0,8272157580.49923,48748401520.90657,280945647132.99,0.0,4393.567717593679,522921306848.3751,514649149267.8759
us,2030,42851336564981.25,172334809.2538988,4706906.7818313325,2018285844641.8103,2151216325527.784,242580667778.51608,394361701265.26013,0.0,11744338964.041487,2329650851893.3013,64146141412.998695,65840.10188919432,-311365007251.49097,18850552600.77047
oecd-ex-us,2030,55468463374205.484,386795935.58932114,6272177.249367693,2363387328221.534,2847328258009.2866,302975390514.2672,330950887233.7355,0.0,11708138721.549404,3094634863826.836,55668784696.71798,45255.29305182552,-731247535605.3018,-455965433068.28424
china,2030,55826119099640.56,739835486.6075406,0.0,2436839276006.4224,2835600001167.6284,303805779345.8691,0.0,16553135670.79186,22096498478.80371,3139405780513.4976,0.0,27195.727807779884,-702566504507.0752,-719119640177.8671
india,2030,18369427085204.277,817160558.5680615,0.0,1935825487905.1963,952987634616.3705,257638352975.86438,0.0,41787629099.35683,9477241188.01748,1210625987592.2349,0.0,9959.777508732528,725199500312.9614,683411871213.6046
latam,2030,13960556928737.766,314296098.76360184,0.0,1000253505944.2211,697903229830.986,107035323387.42497,0.0,17436572928.095783,193428681272.45813,804938553218.4109,0.0,17030.323695723804,195314952725.81018,177878379797.7144
seasia,2030,14272867855218.076,353801664.25894827,0.0,1085018850402.0336,701060868708.5667,105484460828.99849,0.0,3433493762.0837603,185034422880.11923,806545329537.5652,0.0,15427.68486150673,278473520864.4684,275040027102.38464
russia,2030,11993245702713.936,146114011.36647695,972241.6743920874,668609414654.3315,586127485706.4154,71218824455.6361,25044421339.682476,0.0,172689158745.34476,653068843682.7778,4277466479.273824,23716.746981368073,15540570971.55371,36307525831.962364
mena,2030,15521248356555.213,245097126.30296075,404201.4172913483,1692912761257.471,806640025264.456,238791357800.78027,0.0,16209147542.623192,4555643732.3788,1042564112773.3821,2867270291.8539367,23932.10930710392,650348648484.0889,631272230649.6118
ssa,2030,6353310321412.9,560792161.0262144,0.0,820583689972.8055,258779329246.17236,39088811487.5232,0.0,8805239166.6057,4451699608.895647,297868140733.69556,0.0,4644.205249223411,522715549239.11,513910310072.5043
us,2031,43557205719479.336,172802728.28293127,5640791.803001378,2017245601472.1306,2148697126955.1252,249950110375.48386,399871577929.68384,0.0,687399212426.8671,2319684715153.5127,78962522177.09619,66841.54316421963,-302439113681.3821,18469942071.205566
oecd-ex-us,2031,55943035383747.24,385106443.92038965,7412558.003733045,2346159189574.51,2829014142893.7983,308808180245.507,322774684003.8294,0.0,943460459102.735,3070081082974.9287,67741240164.37655,46202.73363074432,-723921893400.419,-468888449560.96606
china,2031,55075462849297.516,744968115.3281428,0.0,2356176514963.497,2811748593117.6567,298389779490.4074,0.0,18304302429.221455,21609909730.741463,3110138372608.064,0.0,27977.989736417916,-753961857644.5669,-772266160073.7883
india,2031,19032070665621.21,826023244.7012908,0.0,1937301460549.8125,972595986165.4873,269029479233.8889,0.0,41849341312.37731,8816926578.880312,1241625465399.3762,0.0,10401.817343343451,695675995150.4363,653826653838.059
latam,2031,14133717045687.0,314911429.60032034,0.0,994773943281.533,701590227187.1005,108115236803.40144,0.0,17090709911.325716,5182347569.5314455,809705463990.502,0.0,17643.627903711116,185068479291.031,167977769379.7053
seasia,2031,14538662868688.717,355340930.87130666,0.0,1078435609117.6279,707836512239.5903,106943829283.63509,0.0,3783016688.806766,5922762565.04187,814780341523.2255,0.0,16006.98649853841,263655267594.40247,259872250905.5957
russia,2031,12026528602556.74,146433579.72532743,1130876.4332515332,664729892175.956,587121638291.3595,71432866408.08301,21929354886.50205,0.0,5178157479.798368,653279276472.4077,5275228227.034927,24449.08579715517,11450615703.54834,28104742363.01546
mena,2031,16128089017966.98,248349978.09985536,396185.5678030997,1695137783159.2395,825970973153.3776,249743420628.12064,0.0,17159260131.97133,4576532166.001645,1072918224284.2782,2796169497.2197757,24667.753166027112,622219558874.9613,602264129245.7703
ssa,2031,6871407200727.763,584244953.2859738,0.0,837096869047.3822,273333651337.03046,41809872961.913795,0.0,8212184502.363184,4355719068.786797,315143524298.9443,0.0,4906.152742525057,521953344748.4379,513741160246.07477
us,2032,43588632953317.22,173268283.27185282,6581196.351210934,2017588857031.5222,2152153764113.7969,249605502235.69373,403522700154.9075,0.0,12074943000.958414,2308485008161.9414,93274258187.54924,67858.00578844365,-290896151130.4192,19352290836.93904
oecd-ex-us,2032,55486332333607.516,383352431.1056871,8550942.829420533,2329520128504.388,2816107249531.391,305058727379.2279,322736388072.01575,0.0,12206410194.505383,3042225795824.945,78940181085.67331,47165.883974343735,-712705667320.5566,-468909460334.21423
china,2032,54268074058085.836,737223935.8470408,0.0,2268161194914.913,2786015880217.377,292735251885.0261,0.0,17764240373.097202,20965386348.963642,3078751132102.4033,0.0,28776.937962116455,-810589937187.4902,-828354177560.5874
india,2032,19665199619310.55,834660656.7089984,0.0,1938618132309.597,991932530227.9983,279738301901.71246,0.0,42777087117.23862,8958740626.690952,1271670832129.7107,0.0,10858.826810265658,666947300179.8862,624170213062.6476
latam,2032,14296658252315.016,315457036.22500205,0.0,989047364166.0841,705157034116.7118,109093503632.14795,0.0,16826493781.830183,4970873992.621916,814250537748.8597,0.0,18273.401366102265,174796826417.22437,157970332635.3942
seasia,2032,14788220156126.25,356772083.0373464,0.0,1070120633841.0737,714393654409.9341,108293630301.36734,0.0,3807583651.492084,5931521959.26079,822687284711.3014,0.0,16602.567574975026,247433349129.77234,243625765478.28024
russia,2032,12057799250209.004,146746035.5726631,1318888.7331792784,659618971627.1049,587905412095.0138,71507625863.0782,25887490854.829502,0.0,5177223128.4172,653360535578.8964,6052502379.195586,25198.170303876817,6258436048.208496,26093424523.84241
mena,2032,16704328705949.396,251521511.96465677,392256.7297871704,1695753911689.7004,844986021705.1946,259784052148.4737,0.0,19206059879.85443,4461910026.242476,1102399569868.6165,2370503985.05176,25420.141972649904,593354341821.084,571777777956.1777
ssa,2032,7387314328885.909,608090465.5248015,0.0,853447711562.695,288255510900.64996,44546747811.34486,0.0,9169328004.797323,4431003312.242726,332802258711.9948,0.0,5179.767549924288,520645452850.70013,511476124845.90283
us,2033,43619484642667.62,173728403.73561758,7522468.048713872,2019063094654.7842,2155773527867.4675,249349331064.13577,405001817721.8731,0.0,11909635905.352564,2297340313260.4307,107782545671.17183,68889.71503944589,-278277218605.6465,18942053445.054794
oecd-ex-us,2033,55027012747133.266,381525674.73455167,9673663.332967723,2314085795019.9116,2802925572158.53,301398052001.56226,319095747894.59595,0.0,11822494771.32603,3014107584099.112,90216040060.98059,48144.96450873834,-700021789079.2002,-471142081245.58484
china,2033,53402652768869.086,729025302.6139288,0.0,2177293434059.5322,2758331598726.9683,286835007227.4216,0.0,17860127985.82205,20312010663.87971,3045166605954.3896,0.0,29592.811247434103,-867873171894.8574,-885733299880.6794
india,2033,20271222716940.51,853931937.5830524,0.0,1940111747497.1887,1010964369320.897,289793314745.13354,0.0,41928806676.65678,8597840875.467886,1300757684066.0305,0.0,11331.136601512213,639354063431.1582,597425256754.5015
latam,2033,14449719122583.424,315934203.5198159,0.0,983173131240.7996,708590781821.2028,109968095637.54637,0.0,16480336933.099506,4926953419.456569,818558877458.7491,0.0,18919.925184693802,164614253782.0504,148133916848.9509
seasia,2033,15021455718738.795,358087997.700422,0.0,1061696203942.5505,720700589882.433,109523716481.73534,0.0,4297299309.400146,6060964343.548991,830224306364.1683,0.0,17214.719077399044,231471897578.3822,227174598268.98206
russia,2033,12082076958305.594,147015363.807707,1504478.2669633178,653729316021.1115,588701283598.5142,71574444401.00264,25648048914.09871,0.0,5176071160.898464,653275742579.9495,6999985419.567257,25964.250109372333,453573441.1619873,19101636935.69344
mena,2033,17249992277132.447,254610478.65691397,390324.1337965483,1694785260207.6006,863611475250.4229,269442858017.5611,0.0,20415494206.89527,4348138450.332835,1130889982577.427,2164350690.5569515,26189.52456350803,563895277630.1736,541315432732.7214
ssa,2033,7900959812901.201,632338035.1691378,0.0,869638894922.5149,303478982549.9301,47286686134.0312,0.0,9660785082.739971,4433042859.478571,350765668683.9613,0.0,5465.412286013566,518873226238.5536,509212441155.8136
us,2034,43658274563984.43,174203713.77870327,8483965.858605273,2021006279056.1528,2159501741414.9956,249135690807.34232,414657649399.7296,0.0,11763425083.293217,2286287735221.714,122349697000.62442,69936.8995746124,-265281456165.56104,27026496233.54416
oecd-ex-us,2034,54569042393771.305,379640922.6994614,10790113.448511243,2299926722953.6543,2789372740807.6177,297855729001.81177,318226732973.38464,0.0,11104660520.450682,2985781529338.9644,101446940470.46613,49140.198980262394,-685854806385.31,-469075013882.39154
china,2034,52486421814118.38,720408249.8703506,0.0,2088200044270.5645,2728593906371.5015,280659256013.64087,0.0,15914928023.553558,20737091387.43787,3009253162385.1426,0.0,30425.850962392054,-921053118114.5781,-936968046138.1317
india,2034,20847634759400.508,862131147.8787165,0.0,1942735015989.6096,1029774857327.6294,299237827959.06195,0.0,46024714005.24641,8714425762.312805,1329012685286.6914,0.0,11819.080099483755,613722330702.9182,567697616697.6718
latam,2034,14593187245194.656,316347817.55085075,0.0,977063960944.8049,711892115911.4961,110745364431.77931,0.0,15757720870.35457,4799362880.056361,822637480343.2754,0.0,19583.48259699224,154426480601.52954,138668759731.17496
seasia,2034,15240364460853.918,359318009.0690869,0.0,1054443541917.2677,726742274955.0083,110648039333.60953,0.0,3813550421.142713,5669064907.618559,837390314288.6178,0.0,17843.734132856633,217053227628.6499,213239677207.5072
russia,2034,12099224254636.762,147240332.5323487,1688257.7484716848,647462087841.0387,589339888109.3066,71602568066.67241,25499433165.855484,0.0,5128231500.2538185,653004340184.9182,7938115991.060871,26747.577225625948,-5542252343.879517,12019064830.915096
mena,2034,17764500955967.516,260900658.92466912,388291.2328631323,1692917741371.745,881835321982.9459,278707833774.5412,0.0,22180590645.61012,4314683866.416459,1158389761221.3625,2153394536.1246867,26976.152191552625,534527980150.38257,510193994968.64777
ssa,2034,8413058520567.287,662347002.8843977,0.0,885643520293.8192,319015000592.51953,50033441099.63609,0.0,8899456538.423016,4403085602.842768,369048441692.15564,0.0,5763.4547487528625,516595078601.6636,507695622063.24054
us,2035,43690479944578.9,174660115.809053,9430674.849947121,2023251257765.0806,2163630563160.5,249109306428.52866,410096175016.3767,0.0,11597817402.005726,2275344597167.4014,137395272421.62732,70999.79148182356,-252093339402.3208,20607563192.42859
oecd-ex-us,2035,54106445708545.02,377672535.4121413,11871140.49269609,2286257564767.7095,2775562690129.3857,294432246078.7887,309584182489.3718,0.0,11556503724.790842,2957256350247.308,112738585960.86884,50151.81450967642,-670998785479.5986,-474153188951.09564
china,2035,52376838427466.74,711350999.6168522,0.0,2002242751361.9622,2693228420603.2896,282801344442.73785,0.0,18231688903.361557,882435315935.7814,2976029765046.0273,0.0,31276.301145481142,-973787013684.0652,-992018702587.4268
india,2035,21398409646763.492,870159012.6607002,0.0,1945769396846.5789,1048194189316.0201,308080952529.7361,0.0,46754405075.294586,8035037437.454676,1356275141845.7563,0.0,12322.993355349145,589494255000.8225,542739849925.52795
latam,2035,14727047299522.238,321400034.5996778,0.0,970875549510.0083,715070043566.4125,111426653797.39902,0.0,15338669043.498138,4819871224.886339,826496697363.8115,0.0,20264.359012709418,144378852146.19678,129040183102.69864
seasia,2035,15445498050710.516,360458692.1529097,0.0,1047700582165.7854,732589616256.215,111677152593.94347,0.0,3911253520.585216,5611030061.561396,844266768850.1584,0.0,18489.90803605888,203433813315.62695,199522559795.04175
russia,2035,12109691150476.203,149644107.05779293,1873270.6213335262,641043824374.9009,589814863710.2087,71595460749.53802,25771816503.151848,0.0,5061579421.134907,652537323959.0697,8873000500.67693,27548.40612633718,-11493499584.168823,5405316418.306095
mena,2035,18250084055178.54,263818762.00668332,386060.3556875314,1690831223680.2944,899604705172.3275,287404381356.36334,0.0,22432721521.22692,4193683580.648792,1184856817142.6516,2152269386.039163,27780.278584044616,505974406537.6428,481389415630.3767
ssa,2035,8923345872689.33,687497156.2373114,0.0,901450063091.6445,334899333854.79596,52790283248.61018,0.0,7860283485.699727,4387189619.506019,387689617103.4061,0.0,6074.267840154052,513760445988.2384,505900162502.5387
us,2036,43721160146373.4,177924297.96209848,10370688.787941456,2026890232728.758,2167658350063.9844,249081079966.89697,409078875245.43994,0.0,11450523851.183315,2264472330221.191,152267099809.68997,72078.62633090236,-237582097492.43286,19229677943.31711
oecd-ex-us,2036,53642128100835.914,382256457.0178744,12927424.99194044,2272735622910.796,2761240833481.585,291043868769.1842,304040600296.74963,0.0,11190871334.095133,2928545865945.2476,123738836305.52196,51180.04164705318,-655810243034.4517,-475508479043.224
china,2036,51361686787404.31,701898880.1242051,0.0,1918090515841.133,2660099796063.522,276181761751.4988,0.0,17271438931.023407,20310840842.482075,2936281557815.0205,0.0,32144.40856575911,-1018191041973.8875,-1035462480904.9109
india,2036,21926234005399.27,878058219.0680238,0.0,1947888408950.8853,1066380818814.4205,316383337387.87335,0.0,45385653146.08302,8085759033.271254,1382764156202.294,0.0,12843.215070404938,565124252748.5913,519738599602.5083
latam,2036,14851375764456.42,321679215.91802114,0.0,965090306130.6818,718110365785.8871,112020972867.41014,0.0,15286295428.857014,4655792885.644976,830131338653.2972,0.0,20962.8420526122,134958967477.38452,119672672048.52751
seasia,2036,15637160846417.504,366556032.8930097,0.0,1041363529507.9135,738230324162.0505,112617447895.55273,0.0,4479098431.652543,5626136688.335656,850847772057.6033,0.0,19153.538279183922,190515757450.31018,186036659018.65762
russia,2036,12113927179421.049,149788186.64522165,2055378.3709415905,635186103057.4452,590134603465.8287,71550788202.36122,25515528794.102196,0.0,5219788761.495627,651860883854.6707,9824507813.5197,28366.993805910806,-16674780797.225464,-983759816.6429672
mena,2036,18709691867973.23,266677333.52203152,383627.06578080344,1689458819783.6519,916987408230.975,295566011575.03925,0.0,21531452493.779427,4233865310.826325,1210404585087.362,2148834718.6521173,28602.160001844866,479054234696.2898,455373947483.8583
ssa,2036,9429256099363.578,712977178.5140029,0.0,917074646640.0094,351131344139.6277,55556473112.024155,0.0,8846048253.225956,4369445539.115407,406687817251.65186,0.0,6398.229486727132,510386829388.35754,501540781135.1316
us,2037,43758058392431.734,178384850.8405927,11316243.283468433,2032941104657.8503,2171737748390.4143,249063597702.62912,413347973974.2885,0.0,11410513519.224539,2253714023925.724,167087322167.31952,73173.64322583453,-220772919267.87378,25487732539.095215
oecd-ex-us,2037,53182285760699.07,380170169.2995259,13971070.60108266,2261303515756.216,2746512980340.3403,287708968826.3776,302019504686.9072,0.0,11056588586.827085,2899652811548.718,134569137618.0016,52225.114427354754,-638349295792.502,-470898928723.5963
china,2037,50301580162105.56,692044976.7623295,0.0,1830676541124.112,2625198611060.259,269404494470.93573,0.0,15605231351.092796,19425170459.40586,2894603105531.1943,0.0,33030.42278602598,-1063926564407.0823,-1079531795758.175
india,2037,22630461696990.523,885745674.169943,0.0,1950006066428.6577,1079726603732.0631,326553335085.175,0.0,47623790750.44299,208125354730.28012,1406279938817.238,0.0,13380.086580480644,543726127611.4197,496102336860.9767
latam,2037,14966835632168.898,321895488.4280335,0.0,959662652509.3611,721006890349.5244,112533642555.05453,0.0,15168748256.44938,4506496364.152083,833540532904.579,0.0,21679.22158970571,126122119604.7821,110953371348.33272
seasia,2037,15817795629153.973,367551467.97497636,0.0,1035859782283.0847,743655350425.1099,113473617817.29012,0.0,3763383376.3144803,5667352072.091602,857128968242.4,0.0,19834.92458426673,178730814040.6847,174967430664.3702
russia,2037,12112229684038.062,149892186.3042105,2226267.4318360714,631035175986.5981,590301020437.3789,71489010654.99664,24178843061.475132,0.0,4878516661.311028,651014317326.9965,10775713765.37882,29203.599839846298,-19979141340.398315,-6576012044.302004
mena,2037,19144740618097.59,269480030.1750003,380952.4413548228,1689172278936.3826,934065121068.8566,303244043655.4259,0.0,21048030266.212975,4233666178.474921,1235166702476.8943,2142462247.3882532,29442.055300080377,454005576459.4883,430815083945.8871
ssa,2037,9931304679038.797,738814740.3814745,0.0,932437486861.0133,367624827427.9832,58316752405.449234,0.0,8905316700.05326,4457989347.689875,425941579833.43243,0.0,6735.7225599628055,506495907027.5809,497590590327.5276
us,2038,43803232794185.97,178859120.1861114,12266581.7645046,2041674278354.9075,2176111612444.9062,249205145529.0147,417535135165.0974,0.0,11281746208.182924,2243269482075.0117,182047275898.90912,74285.08485777202,-201595203720.10425,33892655546.084045
oecd-ex-us,2038,52733203598636.61,378052354.8596602,15011488.106804054,2253722295403.4023,2731550868483.1196,284795752562.2982,302755765078.92255,0.0,10786398500.589699,2871033536888.697,145313084156.72025,53287.270426712654,-617311241485.2944,-459868560563.09216
china,2038,49211357037816.305,681843883.9269649,0.0,1757360036667.4487,2588478685863.0713,263319171809.66467,0.0,15053406025.096653,19268102741.150036,2851797857672.736,0.0,33934.596227066046,-1094437821005.2871,-1109491227030.3838
india,2038,23109330468358.805,893125269.7253261,0.0,1951784142757.2878,1097160528402.6073,336315557123.0817,0.0,47675991844.41174,8236705981.0845175,1433476085525.689,0.0,13933.95184345038,518308057231.5989,470632065387.18713
latam,2038,15073498607346.795,322036721.7902196,0.0,954205098034.6892,723770867014.0096,113811843477.78975,0.0,14454080623.673458,4494668258.687047,837582710491.7994,0.0,22413.789792727977,116622387542.88977,102168306919.21631
seasia,2038,15986996606464.207,368461730.91545415,0.0,1031299774406.5004,748944861230.2903,115121782171.91673,0.0,3648628441.0095325,5616474746.959075,864066643402.207,0.0,20534.368938161053,167233131004.29333,163584502563.2838
russia,2038,12109619372127.9,149986580.33512485,2406441.788030514,628653129613.181,590315080158.8728,71422457817.11714,25567473931.986694,0.0,4906622520.65675,650081409929.2264,11656128046.763426,30058.486446507162,-21428280316.04541,-7516934430.822142
mena,2038,19553440457569.082,272168902.06458765,377969.702372673,1690768397460.54,950857884062.9738,312530263509.3763,0.0,22845180654.97883,4164770238.2886276,1261255885375.9634,2132262196.3866224,30300.225990167473,429512512084.57666,404535069233.21124
ssa,2038,10482803727753.281,764916372.3107473,0.0,947482890717.3131,381690757677.7561,62081962000.64282,0.0,9809671659.957123,57598549335.53374,443772719678.3989,0.0,7087.134797121599,503710171038.9142,493900499378.95703
us,2039,43843104712825.77,179315912.64934364,13186873.320756767,2052309843527.9717,2180841430866.8699,249421533359.8511,407486401438.63293,0.0,10338637899.893078,2233128916512.322,197134047714.39987,75413.19755883177,-180819072984.3501,29533280739.882965
oecd-ex-us,2039,52287584784942.12,375875665.6617891,16011056.68497393,2249149991392.4136,2716527847607.389,281954323083.3342,293350064007.3002,0.0,10363301596.522585,2842411304199.5425,156070866491.18265,54366.75081942342,-593261312807.1289,-455982115291.01135
china,2039,48108984288447.59,683567419.1696763,0.0,1701174852532.6338,2550212402518.2456,257120381704.49103,0.0,13918730640.259584,17703912961.638836,2807332784222.737,0.0,34857.18423294564,-1106157931690.103,-1120076662330.3625
india,2039,23564806431053.832,900234666.3969955,0.0,1952901220469.7942,1114218022418.065,345401024359.6261,0.0,46040554440.65814,8234343443.58312,1459619046777.691,0.0,14505.157429905297,493282173692.1033,447241619251.4451
latam,2039,15354461650971.725,322095012.7292702,0.0,949018078491.1508,724100585626.3893,116874737040.94287,0.0,14633778294.86776,187554066095.96988,840975322667.3322,0.0,23166.841171932578,108042755823.8186,93408977528.95084
seasia,2039,16144759803705.252,369279047.27983344,0.0,1027472532534.946,754056277025.9324,116658352777.4552,0.0,4525433065.092404,5530727574.57373,870714629803.3876,0.0,21252.175630055888,156757902731.55847,152232469666.46606
russia,2039,12104346993704.98,150057686.25472772,2576238.8625543686,627272401090.7518,590319570178.5309,71348451064.2805,24357398469.762432,0.0,4765843259.382396,649077912286.0132,12590108956.798626,30931.918550251008,-21805511195.261353,-10038221682.297546
mena,2039,20119319808415.914,274810384.6638116,374803.7115998639,1694908352628.808,962269742106.6543,323327978930.4956,0.0,20159790072.00922,176728509327.1762,1283503949368.1316,2093771669.0183334,31176.93630317324,411404403260.6765,389150841519.649
ssa,2039,10976066262862.852,791294180.5377274,0.0,962231636910.5978,398480107085.4321,65145211447.0721,0.0,10036206739.67129,4692423471.140821,463625318532.5042,0.0,7452.858722594691,498606318378.09357,488570111638.4223
us,2040,43890638503188.89,179776914.69139346,14103875.515031742,2065344312729.8188,2185454350482.663,252035687244.0545,408674676059.6975,0.0,11004839300.327478,2225780889344.819,211709148381.89697,76558.2313567015,-160436576615.0,36528951062.80054
oecd-ex-us,2040,51856726747336.734,373661420.24812967,17016094.189070936,2247855206816.097,2701162829335.007,285117979398.9956,296798763766.1873,0.0,10768800546.363302,2819870088377.1245,166410720356.87753,55463.80043567204,-572014881561.0273,-441626838151.7175
china,2040,47003379051785.78,672872580.9851727,0.0,1661481237680.4521,2510853032894.0396,258054739840.69604,0.0,15476239794.951889,17297538187.40296,2768907772734.7354,0.0,35798.4451373568,-1107426535054.2832,-1122902774849.235
india,2040,23990070055841.867,906830959.8017452,0.0,1954450662312.9614,1130956356755.255,359241170074.92224,0.0,47276168681.5543,8286657986.809004,1490197526830.1772,0.0,15094.052517035112,464253135482.7842,416976966801.22986
latam,2040,15443177214713.697,322048934.6122178,0.0,944684419139.967,726489164728.0547,120190091008.7073,0.0,14072795736.818867,4783196075.594322,846679255736.762,0.0,23938.672627134798,98005163403.20508,83932367666.38622
seasia,2040,16291092253553.611,369985675.00778025,0.0,1024678403354.9205,758966319227.3341,120104908047.35931,0.0,4794861092.590935,5520134860.725472,879071227274.6934,0.0,21988.651291527007,145607176080.22717,140812314987.63623
russia,2040,12266642706282.69,150135151.5281638,2768866.9957444547,626667859598.6589,588467514460.1051,73701403123.05765,27734336106.69758,0.0,170062434455.50107,648863557965.0634,13305359618.099644,31824.163845901876,-22195698366.40442,-7766721877.806484
mena,2040,20489713234196.1,277322400.33570653,371365.2273592195,1700501041936.601,978158409701.326,335654328772.17456,0.0,20733574232.914112,4438696550.005302,1311736275586.503,2076462886.9974833,32072.453254497323,388764766350.09814,365954729230.1865
ssa,2040,11463454688930.262,817917751.2237928,0.0,976712156875.8829,415505175375.22736,68499577537.837296,0.0,10099244539.54284,4780266644.13784,484004752913.06464,0.0,7833.2915700960575,492707403962.8183,482608159423.27545
us,2041,44637132315861.42,180241965.03826326,15015097.323434377,2079366638436.1948,2183648703879.465,260886464415.9594,411407961907.65497,0.0,700254380624.0975,2221289813998.2354,223245354297.1889,77720.4400300647,-141923175562.04053,46239432048.42554
oecd-ex-us,2041,51443551298167.15,371422854.3395454,18033786.283467013,2248088593378.123,2685730907751.327,287988823078.67834,302447420902.0109,0.0,10008267380.24377,2796867989093.434,176851741736.57074,56578.66781999596,-548779395715.31104,-423183716549.87085
china,2041,45916063265072.41,662032051.9550688,0.0,1641236387038.0613,2470395049771.2505,258757248990.09204,0.0,16181317386.186928,16781442396.116215,2729152298761.343,0.0,36758.64033099737,-1087915911723.2815,-1104097229109.4685
india,2041,24388215817814.04,923418371.5486526,0.0,1955899882074.6572,1146991967533.8733,372086413632.94257,0.0,46131806819.74705,7456067884.07554,1519078381166.816,0.0,15700.988885761122,436821500907.8413,390689694088.09424
latam,2041,15522552069451.018,321893284.27047247,0.0,940956380925.5669,728654587971.3345,123313872877.04141,0.0,14291467233.115316,4678401893.233324,851968460848.3759,0.0,24729.583497995896,88987920077.19104,74696452844.07573
seasia,2041,16608647644310.656,370602351.2914833,0.0,1023046011468.6836,760686588981.7668,125452946496.20139,0.0,4577598119.512626,185226512885.83575,886139535477.9683,0.0,22744.10493910228,136906475990.71533,132328877871.20271
russia,2041,12262304836713.861,150189718.5394985,2951388.7076774715,626602068323.2202,588462719303.5396,74239933313.85562,26595430678.422028,0.0,5167284046.929734,648406158605.4465,14296494011.948603,32735.492864546854,-21804090282.22632,-9505153615.752893
mena,2041,20837661644639.293,279698986.67506814,367624.3037480725,1707014917330.5212,993517036307.5182,347243941037.25073,0.0,22722491686.37726,4416962143.812145,1338705885626.979,2055091717.7897935,32987.046709856564,368309031703.54224,343531448299.3752
ssa,2041,11944124266439.371,844755028.0114857,0.0,990821869712.6917,432749995458.8346,71835344058.99092,0.0,10392681227.794884,4825728542.034586,504585339517.8255,0.0,8228.835205939338,486236530194.86615,475843848967.0713
us,2042,44717908613539.57,180757315.84221894,15957056.035040928,2091542529820.36,2188654081616.0215,260602373630.99237,427313685398.376,0.0,11176537706.478264,2211710779687.0566,237545675559.9568,78900.0811648572,-120168249866.69653,69599759971.72266
oecd-ex-us,2042,51945872187302.46,369194327.84833866,19059503.915095914,2250181952166.6514,2666904961798.387,294129772326.98303,308779864082.9304,0.0,904393807011.1033,2776117512181.255,184917221944.11563,57711.60529050268,-525935560014.6035,-402072917875.7887
china,2042,44866307293544.41,651178692.8104371,0.0,1632202441837.4573,2429366554333.42,253121220511.79816,0.0,16112290416.978413,16641651896.749323,2682487774845.2183,0.0,37738.03432997924,-1050285333007.761,-1066397623424.7394
india,2042,24770001591485.934,929509597.4045892,0.0,1956338151786.5867,1162410116768.8674,371092088857.8342,0.0,48664020392.35784,7613847904.373137,1533502205626.7017,0.0,16326.320921157347,422835946159.885,374171925767.52716
latam,2042,15597697956877.193,321712761.37787044,0.0,937316273426.7915,730578334179.5416,122375826387.3911,0.0,13827390161.914894,4611164728.23114,852954160566.9327,0.0,25539.87561651919,84362112859.85876,70534722697.94388
seasia,2042,16742581794661.828,371220232.46608824,0.0,1021782969413.3173,765091778301.775,124885050302.87274,0.0,3680476499.662017,5808486042.172592,889976828604.6477,0.0,23518.848019317935,131806140808.66956,128125664309.00754
russia,2042,12260879372147.076,150259796.35197848,3142665.6724972683,627790979840.6445,588391095638.9883,73808942949.47688,27997268611.405342,0.0,4986325569.647354,646965394107.0356,15234644481.42948,33666.17904063973,-19174414266.391113,-6411790136.415251
mena,2042,21177510853100.844,282113342.2296086,363631.8285259243,1714210233663.105,1008316987476.0321,347653161285.3276,0.0,22808806493.704376,4417930053.516872,1353940642432.9607,2029506328.399106,33920.9894525558,360269591230.1443,335431278408.04083
ssa,2042,12419195446149.908,871925591.8430165,0.0,1004542735742.0878,450184267322.9122,73239176167.82245,0.0,11082543847.845606,5034431307.027059,523423443490.7346,0.0,8639.896053646182,481119292251.35315,470036748403.50757
us,2043,44796207470865.69,181263380.07507524,16869556.666210473,2103345413069.787,2194472918053.6023,260159281155.51315,418332781719.8081,0.0,11252861745.576742,2202301433634.4033,252330765574.71127,80097.41621136758,-98956020564.61621,67045995580.48062
oecd-ex-us,2043,51569772028475.23,366946452.1127641,20048281.468826026,2255920814115.4565,2652019767221.302,291563035208.258,301164109838.3478,0.0,10397719648.56418,2748116573921.535,195466228508.02426,58862.86899885407,-492195759806.0786,-386497878475.7551
china,2043,44645717833071.13,640393012.5082604,0.0,1630567810115.1375,2388887160287.2827,255282847445.06622,0.0,13106277946.714289,806119015090.6431,2644170007732.349,0.0,38736.89484525687,-1013602197617.2117,-1026708475563.9259
india,2043,25138869852886.125,935633745.8001236,0.0,1955785514730.6306,1177778198470.594,369898793737.6235,0.0,46798835985.77549,7558574863.546333,1547676992208.2175,0.0,16970.405616190892,408108522522.4131,361309686536.6376
latam,2043,15667855870338.105,321499255.5995997,0.0,933668699582.0116,732472115028.5308,121315897915.3949,0.0,14191445116.946383,4468671939.7750225,853788012943.9257,0.0,26369.85336173106,79880686638.08594,65689241521.13956
seasia,2043,16870999335499.236,371823054.75213695,0.0,1020492918399.6975,769522042961.7797,124227952481.81932,0.0,4051951973.1132317,5726569854.415617,893749995443.599,0.0,24313.194456241592,126742922956.09851,122690970982.98528
russia,2043,12260407781248.838,150328663.79793867,3317559.7700293143,630247786537.3555,588409634446.0908,73331562282.63556,26054402486.731014,0.0,4967416806.390432,645518978043.8276,16222218684.898705,34616.498780395115,-15271191506.472168,-5439007704.639858
mena,2043,21505842106689.73,284537267.22936547,359328.6122638,1721085948197.357,1023310915250.5039,348071394114.4751,0.0,25752781855.453293,4380396611.957229,1369382243516.1316,2000065848.8474138,34874.557252028826,351703704681.22534,323950856976.9246
ssa,2043,12889108884182.945,904626714.1999921,0.0,1017913226953.0358,467878274674.46,74592413901.28957,0.0,10568507786.277802,5039407442.036222,542470688575.7496,0.0,9066.885020125652,475442538377.2862,464874030591.0084
us,2044,44878526357215.37,181775760.54460642,17767373.04842316,2115487626026.727,2200253280935.613,259688626684.02893,415670619946.9395,0.0,11102547995.675657,2193345370461.0063,266596537158.6341,81312.71054219437,-77857744434.2793,71216338354.02612
oecd-ex-us,2044,51217560934236.43,364710264.5332624,21024470.330837335,2263159609386.421,2637089475624.7573,288855617798.7459,300393392093.4857,0.0,10180997704.768145,2720347418783.3257,205597674640.1773,60032.718991030866,-457187809396.9048,-362392091943.5964
china,2044,43684634173593.01,629679588.384856,0.0,1631716231360.8145,2348828507250.0005,249313121867.78812,0.0,11142467960.168036,16484206239.014343,2598141629117.7886,0.0,39755.4928530693,-966425397756.9741,-977567865717.1422
india,2044,25491900649026.8,941730893.319239,0.0,1954470578185.577,1193259875739.696,368831782630.0718,0.0,47050738113.92014,7702614438.792524,1562091658369.7678,0.0,17633.602578807277,392378919815.8091,345328181701.8889
latam,2044,15733753584130.59,325837478.7406092,0.0,929882994674.8079,734305907341.4462,120279961189.91423,0.0,13826840927.622902,4427428576.666877,854585868531.3604,0.0,27219.823716519313,75297126143.44751,61470285215.82461
seasia,2044,16993662357503.855,372409220.7737557,0.0,1019068750819.6467,773927954277.0676,123623469286.96254,0.0,4577458782.783797,5723153531.7877035,897551423564.0302,0.0,25127.46070143643,121517327255.61658,116939868472.83278
russia,2044,12265324920638.643,150428885.9009372,3505302.4829859557,633271540936.0237,588438242489.7802,72864940494.08565,28032907376.772255,0.0,4915874060.879016,644187088265.3099,17116094718.55561,35586.731531457146,-10915547329.286255,1265328.9303894043
mena,2044,21827070035936.3,287019405.8144452,354836.1647975703,1727192735303.1487,1038362242844.4174,348603732044.78436,0.0,23478247127.256695,4479415959.875327,1384999534354.2122,1966440534.989712,35848.02893363414,342193200948.9365,316748513286.6901
ssa,2044,13351705322957.602,932498122.5395411,0.0,1030875822352.1875,485868740381.8051,76018818165.86386,0.0,11415866540.657692,5024041510.799162,561887558547.669,0.0,9510.217423656746,468988263804.51855,457572397263.86084
us,2045,44966386704099.305,182297250.33721888,18654460.73291337,2126905630320.3276,2206210057303.845,259295842654.47324,414902928791.98755,0.0,11557687729.933155,2184884924811.3228,280620975146.99585,82546.23351107248,-57979294490.99512,76302659153.99658
oecd-ex-us,2045,50889180637186.61,362486718.1640567,21986831.09963602,2270520825255.971,2622389068212.36,286166154151.5145,299470405539.6814,0.0,10183694518.3799,2692960670465.0117,215594551898.86215,61221.419268890946,-422439845209.0405,-338563991568.2213
china,2045,42766670724811.88,618990088.5439569,0.0,1632972058346.9353,2309145114568.618,243552280369.24774,0.0,14049579318.543814,15811467128.344301,2552697394937.8657,0.0,40794.10266638937,-919725336590.9304,-933774915909.4742
india,2045,26050396380169.35,947842920.8001087,0.0,1952522828297.364,1202202786118.2937,370579882607.647,0.0,45399654904.07692,224155226475.1978,1572782668725.9407,0.0,18316.274042381192,379740159571.42334,334340504667.34644
latam,2045,15794585397737.844,325577986.1071935,0.0,925951628489.6879,736109958658.2261,119304420674.19089,0.0,14067935635.636105,4362500085.624337,855414379332.417,0.0,28090.096326601,70537249157.27087,56469313521.634766
seasia,2045,17111549753112.967,372999126.04246986,0.0,1017467915014.7568,778301345335.7084,123101291574.36464,0.0,3828433353.63451,5650550858.065603,901402636910.073,0.0,25961.96578634,116065278104.68384,112236844751.04933
russia,2045,12275364693155.082,152740050.21446168,3700482.422051192,636943437194.1533,588626074778.6036,72456671199.31763,29317099376.55621,0.0,4861981923.655991,643003441993.3252,18079303984.59606,36577.15985382762,-6060004799.171875,5177790592.788273
mena,2045,22139125377732.586,292743803.231136,350134.20672685874,1732891530308.1538,1053686831704.6854,349346140702.3533,0.0,22221923213.883224,4418707109.051224,1401103523567.933,1929448839.1056287,36841.68644969097,331788006740.2207,307636634687.2318
ssa,2045,13806665132999.676,960651779.8547413,0.0,1043460864927.6919,504075071293.6016,77520203701.4809,0.0,12246302932.715837,5340523042.181298,581595274995.0825,0.0,9970.312923898071,461865589932.6094,449619286999.89355
us,2046,45055984625753.48,185588492.67690492,19525321.87202832,2137513034145.4048,2212389125771.933,258950630133.2832,412031719192.4266,0.0,11392924221.579031,2176917199455.9512,294422556449.2655,83798.25851258238,-39404165310.54639,78204997432.61469
oecd-ex-us,2046,50587749569587.22,360291164.99306154,22949105.94113879,2278093679169.427,2607922169936.683,283519878386.7318,302479862473.56146,0.0,9437439081.036907,2666046617827.421,225395430495.99597,62429.23785253541,-387952938657.99414,-310868506680.42865
china,2046,41892454743892.92,608336287.6177558,0.0,1633782237739.4722,2269612167188.2744,237967777524.65558,0.0,16032573204.031443,15614299258.526226,2507579944712.93,0.0,41853.00200737502,-873797706973.458,-889830280177.4895
india,2046,26377662448712.906,953959275.8819307,0.0,1950040804418.3398,1217511541113.5605,369889247684.19653,0.0,43426878296.23725,8052931219.2065525,1587400788797.757,0.0,19018.784879548366,362640015620.58276,319213137324.3455
latam,2046,15850793837922.66,325297263.1863578,0.0,921914449979.5807,737853901483.0399,118429317394.39754,0.0,13722518233.906637,4299727316.568234,856283218877.4375,0.0,28980.983561591496,65631231102.14319,51908712868.23655
seasia,2046,17223199064776.037,378496801.90861803,0.0,1015646695674.8142,782690879345.6958,122702644419.88261,0.0,4173517529.454993,5569657283.290109,905393523765.5784,0.0,26817.031377029933,110253171909.23584,106079654379.78085
russia,2046,12289974168674.723,152900235.02873987,3897327.438072881,641194053917.0525,588965304088.1526,72103917811.6957,29833963991.703564,0.0,4650679510.719744,642001586631.1239,19067635268.72447,37588.069492039314,-807532714.0714111,9958796008.907684
mena,2046,22437953159963.547,295279498.84385234,345156.8862879473,1738325831600.5198,1069214290183.4961,350315429225.82,0.0,24464678845.555756,4496348885.320709,1417640706716.598,1889012692.71843,37855.814951741886,320685124883.9219,294331433345.64764
ssa,2046,14253575620094.79,989087457.3841733,0.0,1055711430589.0033,522503433335.7639,79206667861.59615,0.0,12399124291.939966,5308281995.408198,601710101197.3601,0.0,10447.5954541405,454001329391.6432,441602205099.70325
us,2047,45159915392534.945,186148724.26090503,20413318.72755185,2147264019187.5996,2218697042381.1895,258637033438.00235,423307562004.305,0.0,10693261408.72897,2169429078758.9158,307904997060.2771,85069.06304275487,-22165059571.316162,93237505372.71173
oecd-ex-us,2047,50304075655682.83,364594099.17691594,23875248.42654867,2285560407752.953,2593822579597.021,280907773218.99963,295657057033.56384,0.0,9838974125.12153,2639610904965.8145,235119447850.20853,63656.44684349634,-354050497212.8613,-293512888029.506
china,2047,41063406435005.234,609668311.2255368,0.0,1633643803447.9424,2230273231813.672,232564716053.3551,0.0,15048564507.900162,15194400039.292677,2462837947867.027,0.0,42932.47208081798,-829194144419.0845,-844242708926.9846
india,2047,26683182045891.25,959940919.9849044,0.0,1946953324789.3594,1232877864743.2266,369425137893.13794,0.0,46692047668.768745,7561322694.127962,1602303002636.3645,0.0,19741.502619429262,344650322152.9949,297958274484.22614
latam,2047,15902392851516.303,324996883.5514436,0.0,917729052307.221,739557647854.4987,117661825655.33029,0.0,13188549666.869772,4277984463.1220274,857219473509.829,0.0,29892.800578146176,60509578797.39197,47321029130.522194
seasia,2047,17328316835239.143,379060106.6584786,0.0,1013523208739.7716,787040130867.2502,122421908425.66846,0.0,4462609672.949761,5519210689.19489,909462039292.9187,0.0,27692.981831348305,104061169446.8529,99598559773.90314
russia,2047,12308239569872.758,153080963.79164279,4088747.8845732347,645765103039.9495,589442852578.9132,71822218031.25165,29421509304.496365,0.0,4343859463.76035,641200745222.9126,20064325387.252213,38619.74944856086,4564357817.036865,13921541734.281017
mena,2047,22727679409465.684,297864783.3536082,340002.7687106319,1743455554926.6938,1084749554576.5377,351453441211.78143,0.0,22105294725.852917,4578985089.613852,1434374199791.2883,1828795997.0307312,38890.70286402895,309081355135.4055,285147264412.52185
ssa,2047,14773050757476.873,1017828476.3055092,0.0,1067646982880.9471,536555649436.1059,81864640561.52919,0.0,11456126003.863026,81704570502.63065,618420289997.6351,0.0,10942.493156010009,449226692883.312,437770566879.449
us,2048,45259705362932.13,186700334.948275,21277936.603758577,2156109168427.5598,2225588225554.657,258359959701.28363,417821551658.2829,0.0,9807435567.258783,2162398350053.8506,321549835202.09,86358.92876058511,-6289181626.2907715,89982534829.9021
oecd-ex-us,2048,50049882693431.54,362436493.31205666,24811448.643892713,2292715115357.987,2579764214304.1387,278307755943.6379,301689195217.0263,0.0,9474697421.493662,2613687329392.968,244384640854.80817,64903.32248876088,-320972214034.98096,-263667659672.76282
china,2048,40277634220454.65,599165122.1836033,0.0,1632108225416.4187,2191254742841.9143,227383560723.8386,0.0,13410985017.15143,14168848615.937267,2418638303565.753,0.0,44032.797648586326,-786530078149.3342,-799941063166.4857
india,2048,26970207078782.977,965852780.0047874,0.0,1943294495637.7502,1248040149727.7217,369089859624.0505,0.0,46799158256.93319,7659704862.66302,1617130009351.7722,0.0,20484.797468250978,326164486285.978,279365328029.04486
latam,2048,15948570496472.418,324667481.9737075,0.0,913371637832.4326,741223412857.2294,116999316109.90535,0.0,13157087720.134222,4185823810.9622636,858222728967.1348,0.0,30825.865385146346,55148908865.29785,41991821145.16363
seasia,2048,17426942156755.076,379606938.0328059,0.0,1011070304119.5166,791338554660.2283,122253795556.91437,0.0,4413003576.765007,5560371190.334677,913592350217.1426,0.0,28590.144258355347,97477953902.37402,93064950325.60901
russia,2048,12330422312642.477,153280713.8503381,4273152.7826294415,650363405313.8488,590025137421.7201,71583131085.34969,28801032591.051636,0.0,4626573371.890642,640587087153.1538,21021181353.915882,39672.49205842056,9776318160.694946,17556169397.8307
mena,2048,23007772094355.586,300498572.8014682,334680.5727381623,1748269799875.8218,1100450143841.848,352812782014.0017,0.0,19421184873.792767,4506995743.727482,1451551066388.6384,1711859467.2111106,39946.64195817134,296718733487.18335,275585689146.17944
ssa,2048,15206923135726.078,1046751030.2558097,0.0,1079244290841.606,555180147954.7877,83924999101.78722,0.0,12352962205.285955,6086196669.462242,639105147056.575,0.0,11455.438316819087,440139143785.031,427786181579.74506
us,2049,45367641341696.83,187268002.09407014,22145283.408917986,2163863533599.7117,2232439025727.7554,258051020237.03165,423455563646.8712,0.0,11106927482.921202,2155743351798.2078,334746694166.57935,87668.14155046945,8120181801.503906,96829051281.79578
oecd-ex-us,2049,49808148217087.08,360259542.0634889,25699010.61890701,2299265415083.4917,2566173516667.218,275817791253.8533,291688877808.2015,0.0,9302538684.913086,2588278761120.1143,253712546800.95825,66170.14524564594,-289013346036.62256,-251037015029.37933
china,2049,39529868852382.914,588689001.883136,0.0,1628676360790.717,2152559314473.8428,222418691819.88824,0.0,15056914623.106733,13593192054.348572,2374978006293.731,0.0,45154.26710505791,-746301645503.0139,-761358560126.1206
india,2049,27242208990556.67,971779741.2243769,0.0,1939208433847.6875,1263104717105.5693,368894469647.642,0.0,42956721498.20324,7749386177.44702,1631999186753.2114,0.0,21249.04233336922,307209247094.4761,264252525596.27283
latam,2049,16171516226580.959,324293192.7831969,0.0,908800714102.2958,740185775219.573,118278155817.40652,0.0,14179587883.013062,186788534926.2285,858463931036.9795,0.0,31780.498910900722,50336783065.316284,36157195182.30322
seasia,2049,17518029155391.748,380125892.15230626,0.0,1008221817251.3748,795591638356.3889,122195330977.32816,0.0,4784343225.783338,5436493944.795855,917786969333.717,0.0,29508.848580083053,90434847917.65771,85650504691.87437
russia,2049,12354799382139.86,153490931.03083962,4443547.836297809,654806617955.2002,590709959745.7429,71407816764.56387,27261232265.45695,0.0,4426995787.037381,640175762824.5112,21942013685.79532,40746.5930650372,14630855130.688965,19950073710.3506
mena,2049,23275873431930.89,303159323.9872064,329164.38080171606,1752640983862.423,1116262810119.0894,354379967054.56274,0.0,18329177390.436626,4432308276.977659,1469148837972.4983,1493939201.1538143,41023.92742903323,283492145889.9248,263669029298.33438
ssa,2049,15630659828622.344,1075838889.7882755,0.0,1090470578613.2357,573952730275.0868,86133518320.3046,0.0,12840000383.431038,6192363261.852979,660086248595.3914,0.0,11986.867309756126,430384330017.84436,417544329634.4133
us,2050,45477590048875.87,187844120.69014752,23009871.994099353,2170630958722.4937,2239626868992.9385,257803162040.82812,427039576279.1362,0.0,9708203211.194427,2149509884252.419,347920146781.3479,88996.99158557889,21121074470.074707,100240503967.86304
oecd-ex-us,2050,49599523494098.77,358139500.72932637,26615034.643065087,2305047055050.763,2552498348101.331,273338417337.1073,303099168697.54083,0.0,9065818701.876076,2563386773900.763,262449991537.67603,67457.1998475385,-258339718850.0,-217690541690.1352
china,2050,38821945350033.234,578281624.4692407,0.0,1622928784595.046,2113990118184.7202,217643542005.08878,0.0,12180963432.308695,12962336677.423925,2331633660189.809,0.0,46297.17255354267,-708704875594.7632,-720885839027.0719
india,2050,27491520881180.984,987702991.3853451,0.0,1934653437806.4934,1278220936974.6973,368858635687.4006,0.0,45852207230.725716,7590232710.63155,1647079572662.098,0.0,22034.612850688347,287573865144.3955,241721657913.6698
latam,2050,16207688945953.914,323907531.66767865,0.0,904022049598.992,741632057047.8971,117782752698.48984,0.0,12771597552.21927,4337077072.567463,859414809746.387,0.0,32757.025072334047,44607239852.60498,31835642300.38571
seasia,2050,17602284054988.16,380629883.4910546,0.0,1004916336377.963,799765027588.0902,122225403009.97772,0.0,4102599978.3939824,5431593794.908725,921990430598.0679,0.0,30449.427595558445,82925905779.89514,78823305801.50116
russia,2050,12547056657265.037,153721408.18856585,4611983.11103501,658936483167.3357,589657578302.0104,73034512479.73367,27474791942.440315,0.0,168538090797.1391,640158242516.1807,22533848265.563488,41842.35169724694,18778240651.15503,23719184328.031857
mena,2050,23742491617675.09,305824275.0051573,323431.12077984784,1756444742161.1968,1124917946088.3015,358536021405.4145,0.0,19088654959.7567,212716066036.4685,1482072685632.3132,1381281861.4024746,42122.857971771475,274372056528.88354,253902119707.72437
ssa,2050,16043670387714.402,1105056238.0287776,0.0,1101345401293.788,592863244515.9738,88469616256.92308,0.0,13353853212.016459,6351871783.182033,681332860772.8969,0.0,12537.220537092928,420012540520.89124,406658687308.87476
us,2051,46297448184937.65,188429516.22761887,23873810.77642767,2176463185812.2192,2239510088904.056,264189960842.78793,434030537802.8781,0.0,713064462193.5322,2147000592925.4038,356699456821.4404,90345.77339218327,29462592886.81543,106793673868.25311
oecd-ex-us,2051,49411069059818.44,356032748.52739996,27516823.843085356,2309953783662.342,2539441757276.6304,270965189110.03027,302887179565.3905,0.0,9111548878.51896,2539004802074.556,271402144312.1033,68764.77537051654,-229051018412.21436,-197565983158.92715
china,2051,38145829634145.81,567881876.0268369,0.0,1614375268130.7148,2075717787455.3257,213070410191.2235,0.0,13897972635.71248,12195186264.104223,2288788197646.5493,0.0,47461.80988369256,-674412929515.8345,-688310902151.547
india,2051,27718956998162.06,993346410.8211365,0.0,1929655112505.8857,1293075080792.053,368869929398.7109,0.0,48032846855.891685,7758861521.851246,1661945010190.764,0.0,22841.88741547334,267710102315.12183,219677255459.23013
latam,2051,16237203911497.426,323478041.30290425,0.0,899053999536.366,743055429542.1687,117378186806.28047,0.0,13380436809.800695,4275019165.3992977,860433616348.4492,0.0,33755.77084613456,38620383187.91675,25239946378.11605
seasia,2051,17865572025700.227,381086177.3234267,0.0,1001100537978.1422,800319552822.9968,124267603174.30115,0.0,5117564230.507721,191892152961.73203,924587155997.298,0.0,31412.217047066246,76513381980.84424,71395817750.33652
russia,2051,12578665031337.723,153970846.34889042,4780020.960269171,662629887490.9109,590502809550.636,72937175097.99306,27771038996.349167,0.0,4647432234.053068,640100584014.4341,23339400634.19512,42960.07074751609,22529303476.476807,26960941838.63085
mena,2051,23984962892040.574,308476224.24009395,317470.877315696,1759610545643.5396,1140710158108.9119,360385502249.97485,0.0,20806130734.95253,4762519815.783699,1499812941896.4666,1282718462.4200187,43243.73586005359,259797603747.073,237708754549.70047
ssa,2051,16448383173096.494,1134507319.9101367,0.0,1111917658801.16,611882890651.1027,90907575698.64786,0.0,11038948856.777645,6624541787.458716,702790466349.7505,0.0,13106.942376581273,409127192451.4094,398088243594.6318
us,2052,46406930517579.26,188995938.40980408,24710480.21994356,2181207865322.9932,2247016918571.392,263946044186.61017,427738409008.9315,0.0,11499021067.682142,2141473459145.4026,369489503612.59973,91714.78591494045,39734406177.590576,97983311573.92236
oecd-ex-us,2052,49241276727312.29,353938249.78802603,28405421.403216068,2313673347208.766,2526595609684.44,268645089268.01083,303074261356.41425,0.0,8700757881.138193,2515141042065.2437,280099656887.2082,70093.1653008658,-201467694856.47754,-178493090387.27148
china,2052,38167023646049.93,557483058.1090391,0.0,1602654691453.678,2042618587928.3538,216089536101.96362,0.0,15435941802.751522,692683386283.4955,2258708124030.3174,0.0,48648.478849898616,-656053432576.6394,-671489374379.3909
india,2052,27930849223419.547,998997908.9870259,0.0,1924420901813.2437,1307685243422.4385,368928407414.73584,0.0,43583943212.13602,7668917493.547273,1676613650837.1743,0.0,23671.247216544125,247807250976.06934,204223307763.93332
latam,2052,16261065133833.39,323019810.1374466,0.0,893889363934.4515,744360045793.8055,117040291820.3899,0.0,12915827079.801533,4288023095.513683,861400337614.1954,0.0,34777.06634183235,32489026320.256104,19573199240.45457
seasia,2052,17933982744677.027,381503514.02335435,0.0,996748859517.5394,804239952697.3684,124442736333.10493,0.0,5252120283.397864,5596668773.126819,928682689030.4734,0.0,32397.555688620294,68066170487.06604,62814050203.668175
russia,2052,12614718579237.47,154249747.37216562,4961454.580559969,665806842264.0586,591448817085.0739,72878249658.8939,29943009896.751736,0.0,4630762482.9064455,640193835346.9357,24133231397.032066,44100.05665133066,25613006917.122925,31422785416.842598
mena,2052,24211025933157.098,311109220.90192825,311294.8357197547,1762031696460.7617,1156094014308.8926,362292700692.69525,0.0,22532248099.630505,4950307756.972588,1517521476353.609,865238647.9790391,44386.86702543747,244510220107.15283,221112733359.5433
ssa,2052,16840323478078.33,1168999841.8854928,0.0,1122201344633.6665,631102520478.1957,93445527511.80455,0.0,12465632775.853727,6752641114.016465,724548047990.0002,0.0,13696.481131199938,397653296643.66626,385187663867.81256
us,2053,46516270084735.18,189565841.3612401,25544426.367145043,2184824164072.981,2254361175372.7305,263592233939.69965,431869102900.61316,0.0,10599709494.728603,2136271026681.0361,381682382631.39453,93104.33258316491,48553137391.944824,98739857661.16345
oecd-ex-us,2053,49907190629901.21,351814911.1870361,29242402.977948256,2315964918060.0566,2512636073545.2686,274461115366.45758,294343888273.8567,0.0,842702285166.7327,2501832056212.904,285265132698.8214,71442.66760350799,-185867138152.84717,-176788382577.8119
china,2053,37537659650837.375,547119390.4148695,0.0,1587793504468.637,2004902175621.833,211722737896.57428,0.0,12639074328.805809,12106488166.021982,2216624913518.407,0.0,49857.483150675725,-628831409049.7703,-641470483378.576
india,2053,28123282555215.453,1004563822.8870332,0.0,1919056147183.8496,1322315422497.6624,369088456682.2672,0.0,42808112605.01137,7589176396.995034,1691403879179.9297,0.0,24523.07627383923,227652268003.91992,184844155398.90857
latam,2053,16277953088751.36,322516742.5875256,0.0,888532028693.9034,745588354739.1099,116772676127.2329,0.0,13391127836.259401,4108084926.6611423,862361030866.3428,0.0,35821.244876781,26170997827.56067,12779869991.301268
seasia,2053,17994401676464.582,381893763.65365213,0.0,991880053014.989,808043923814.3446,124668943428.335,0.0,4381579312.4076805,5633325327.660888,932712867242.6796,0.0,33405.785356613196,59167185772.30945,54785606459.901764
russia,2053,12648151673086.752,154508357.49201122,5110544.748593917,668340316122.1841,592544651044.2394,72861861785.64287,25964623082.179573,0.0,4534667474.803182,640416933896.5187,24989578933.36372,45262.61956775428,27923382225.665405,28898426374.48126
mena,2053,24426699030886.47,313788570.3558515,305020.9679944082,1763714411687.8413,1171164210572.2122,364234537998.10986,0.0,17340032649.495132,4697467261.362586,1535153580209.5305,245168360.79170465,45552.56113790504,228560831478.3108,210975630468.02396
ssa,2053,17219744725679.836,1198510994.7329035,0.0,1132163600063.4734,650361632839.1864,96039239430.91075,0.0,13297125434.541039,6955645242.679412,746400872270.0972,0.0,14306.28898240429,385762727793.3762,372465602358.8352
us,2054,46604744934390.055,190088831.68897983,26327049.731521107,2187315228637.6318,2261850238759.996,263212595026.90747,415763895650.40234,0.0,10458559153.748945,2131341452078.233,393721381708.67114,94514.72137809041,55973776559.398926,78016290501.13013
oecd-ex-us,2054,49758207945309.73,349708033.8302401,30075573.19074156,2316715136483.1235,2500004402746.1865,272158433930.29822,297321950795.7138,0.0,9143064806.1705,2479144853904.929,293017982771.55695,72813.58479135598,-162429717421.80566,-158125749397.6488
china,2054,36932961549248.0,536761670.1009609,0.0,1569787357838.0925,1967299397480.7805,207508526989.11694,0.0,11513297040.183046,11835762082.611658,2174807924469.8975,0.0,51089.130509036084,-605020566631.8049,-616533863671.988
india,2054,28549670295688.414,1010011188.636794,0.0,1913508180928.1956,1328477062904.8203,371887606819.4179,0.0,43459554115.3949,256703783384.4044,1700364669724.2383,0.0,25397.76147933236,213143511203.95728,169683957088.56238
latam,2054,16288554182614.44,326437026.1241464,0.0,882988077352.2472,746691037441.9274,116560202926.63028,0.0,13149182925.664625,4013439805.0555315,863251240368.5576,0.0,36888.643053015316,19736836983.689575,6587654058.02495
seasia,2054,18044601104327.637,382224177.7036773,0.0,986506860009.2108,811761153668.0171,124942498555.91483,0.0,5167662365.201602,5563882442.9770775,936703652223.9319,0.0,34437.25104261359,49803207785.27893,44635545420.07733
russia,2054,12682924338690.365,154776743.2757184,5261669.644340701,670168585244.4575,593566178149.7179,72847935410.20848,26623242440.809685,0.0,4394951478.264213,640744352254.3796,25669761305.546364,46448.073461147105,29424232990.07788,30377714125.3412
mena,2054,24621087965068.1,316444940.03529143,298560.7399606134,1764633802396.425,1190794881689.457,366155849169.7019,0.0,18208873438.273003,4914736082.632258,1556937239198.4702,13491660.688863056,46741.13168754314,207696563197.95483,189474198098.99295
ssa,2054,17588173215365.43,1228098707.224211,0.0,1141800990983.3513,669659504337.4426,98667660996.67165,0.0,12232449584.712563,7187113621.067817,768327165334.1143,0.0,14936.821947020975,373473825649.23706,361241376064.5245
us,2055,46682202727221.63,190585620.12014064,27080733.890958425,2188605064647.1426,2268734044066.0264,262627669622.0045,409115096401.2103,0.0,11099345471.267147,2126638667284.989,404723046403.04004,95946.26490114183,61966397362.153564,66358447360.32385
oecd-ex-us,2055,49615919874721.08,347578496.14401126,30868656.891871285,2315862386384.4556,2487598208123.296,269946000568.2855,290377211348.4795,0.0,9016540369.998915,2456891112954.5723,300653095737.00964,74206.22399561237,-141028726570.1167,-151304610958.64685
china,2055,36347422558025.45,526377755.7915619,0.0,1548573525247.0913,1929666945297.1567,203412292583.65604,0.0,12350229570.704782,11316950981.901243,2133079237880.8127,0.0,52343.732753853445,-584505712633.7214,-596855942204.4263
india,2055,28709652265115.027,1015396998.250454,0.0,1907831176708.0337,1342512539427.4724,372118556340.6781,0.0,41384936232.38195,8166824719.110621,1714631095768.1504,0.0,26295.69264128282,193200080939.8833,151815144707.50134
latam,2055,16292885318536.717,325867708.6122627,0.0,877298915753.1716,747690917164.377,116396476605.0341,0.0,12931346951.648367,4050960890.1612363,864087393769.411,0.0,37979.6008359586,13211521983.76062,280175032.1122532
seasia,2055,18085066338997.93,382504186.2680569,0.0,980682561734.8885,815304790834.1667,125242768380.96552,0.0,5135425362.403449,5465657512.939597,940547559215.1323,0.0,35492.30096828057,40135002519.756226,34999577157.352776
russia,2055,12716872575833.326,157187678.25174063,5402707.112721484,671296089284.7283,594642789777.623,72849836178.93103,25666879961.48406,0.0,4477893853.311348,641142598387.2751,26350027569.27831,47656.73618403935,30153490897.453125,29470343289.65887
mena,2055,24791152057768.977,322170397.47000444,291906.6187862725,1764701349131.0176,1211402824698.9333,367897058654.3545,0.0,20297639640.510376,4960266563.658887,1579299883353.2878,0.0,47952.896067365655,185401465777.72974,165103826137.21936
ssa,2055,17944790784885.668,1257718056.7859764,0.0,1151148913013.4917,689053952336.3633,101322595049.02145,0.0,11425885767.72057,7271089659.849968,790376547385.3848,0.0,15588.539837920822,360772365628.10693,349346479860.38635
us,2056,46758986538496.15,191081913.1993385,27832876.558474686,2188920710700.9055,2274544220772.087,261932609145.90796,414112906626.8259,0.0,10227023864.777943,2122169815133.5237,414307014784.4701,97399.28044323107,66750895567.381836,66556787409.73767
oecd-ex-us,2056,49482282022817.49,345436139.2651843,31634657.581015516,2313318918931.9487,2474959368633.0874,267708784004.7732,287068554299.36584,0.0,8642827502.9783,2435049350576.9487,307618802060.9104,75620.897037027,-121730431645.0,-142280679406.54456
china,2056,35779424917144.72,515963708.7808445,0.0,1524357507367.0845,1891861187677.892,199382417536.39505,0.0,12848649248.800415,11737106215.276161,2091243605214.287,0.0,53621.60590222103,-566886097847.2026,-579734747096.003
india,2056,28845689912405.348,1020688872.4393324,0.0,1902189924557.465,1361555080234.091,372242885840.15375,0.0,40584719704.35157,8230408511.450729,1733797966074.2449,0.0,27217.262531797656,168391958483.2202,127807238778.86865
latam,2056,16290552811871.852,325256721.92796993,0.0,871481806763.3629,748582043664.4786,116272307470.50443,0.0,13012135422.410276,4052173129.172188,864854351134.983,0.0,39094.46163495332,6627455628.379883,-6384679794.030394
seasia,2056,18116026801864.64,382733735.5968046,0.0,974490775488.4407,818691753100.4515,125555529214.73384,0.0,4928791917.349794,5645761610.802705,944247282315.1854,0.0,36571.286662365186,30243493173.25525,25314701255.905457
russia,2056,12751990362349.355,157464327.99821037,5554571.332176093,671716628229.3497,595580606957.0878,72857086455.54028,27542695711.905533,0.0,4296155987.40354,641597231903.0803,26840461509.547516,48888.929561153695,30119396326.26941,30821630528.627426
mena,2056,24939003298043.26,324765738.5048897,285104.24877909827,1763954429270.2034,1231688538922.0642,369394592329.1977,0.0,20028854430.717903,5008796686.061283,1601083131251.262,0.0,49188.17565727204,162871298018.9414,142842443588.2235
ssa,2056,18288278612429.38,1287279320.2133687,0.0,1160200635541.2688,708504279375.0582,103971210417.44368,0.0,11793596398.310806,7556278193.250444,812475489792.502,0.0,16261.906228593742,347725145748.76685,335931549350.45605
us,2057,46852958780838.516,194329964.6078476,28609501.9976596,2188668403194.214,2273175077183.878,261309138241.7768,430234165682.7822,0.0,9553888891.000937,2117907593896.4302,416576621529.2223,98874.09005509256,70760809297.78394,84418353451.34387
oecd-ex-us,2057,49365207138796.57,343296141.55333734,32391371.97901863,2309237921522.85,2457871761161.711,265579470161.0349,288790988993.39655,0.0,8347436785.540756,2413595614111.7266,309855617211.02,77057.92049813074,-104357692588.87646,-125422320806.49994
china,2057,35227409346571.52,517238081.1810551,0.0,1497365872562.7925,1853836204612.802,195428510811.18384,0.0,10837000509.523172,10720272797.507961,2049264715423.9858,0.0,54923.070242806665,-551898842861.1934,-562735843370.7166
india,2057,28957314359034.81,1025878443.1119348,0.0,1896618764530.9866,1381254482996.6924,372191492185.1841,0.0,40121374774.4092,8573032054.761126,1753445975181.8765,0.0,28162.86693768108,143172789349.1101,103051414574.7009
latam,2057,16281376769098.89,324602603.0455118,0.0,865537974112.4229,749348178878.1398,116180077361.67528,0.0,13135982615.476276,3950221969.9041147,865528256239.8151,0.0,40233.572385589876,9717872.607788086,-13126264742.868488
seasia,2057,18137590920603.645,387741032.97990125,0.0,967967447921.7739,821921017337.334,125870243745.80504,0.0,4329806196.884882,5717738097.252086,947791261083.139,0.0,37674.56303976907,20176186838.634888,15846380641.750006
russia,2057,12786572212253.64,157735727.3017421,5705429.804068938,671467383729.3785,596111003895.6705,72883563012.76773,27838947512.5216,0.0,4270085570.8205585,642079588896.3314,26914978012.106678,50144.97947457216,29387794833.04712,30311764333.46204
mena,2057,25060342499661.65,327319713.5840786,278146.1289729501,1762454887023.3042,1254568900099.229,370601290377.25397,0.0,21009707281.696846,5064212353.25533,1625170190476.483,0.0,50447.295909138105,137284696546.82129,116274989265.12445
ssa,2057,18740167040986.152,1316708666.8388438,0.0,1168958592953.3867,721275880393.849,107737061401.89009,0.0,13045289842.62229,124988067241.76077,829012941795.7391,0.0,16957.388421739994,339945651157.6476,326900361315.02527
us,2058,46960336286084.51,194865018.86877832,29397132.0241323,2188030198893.5154,2270620116768.4297,260872173972.82916,440939784760.1984,0.0,9899812333.562723,2113826380806.5962,417665909934.66266,100371.02061867379,74203818086.91919,97477692912.45496
oecd-ex-us,2058,49273187576572.38,341176353.7307557,33158535.26465224,2303831796266.2617,2436411818067.4463,263676510007.38376,296102930682.58276,0.0,8134038901.816712,2392509760952.1655,307578567122.6629,78517.6157964613,-88677964685.90381,-100153601125.98395
china,2058,34685971657230.434,506773538.3959397,0.0,1467827813731.5684,1815669110862.9065,191558840318.8606,0.0,12174359864.772287,10136807973.858047,2007227951181.767,0.0,56248.450420209425,-539400137450.1987,-551574497314.9711
india,2058,29043070117535.855,1030922255.4891672,0.0,1891090112574.9473,1400597871889.5854,371947943789.1416,0.0,41324440010.13607,8535901614.95519,1772545815678.727,0.0,29132.904714544275,118544296896.22021,77219856886.08414
latam,2058,16266374198692.658,323919136.84296954,0.0,859492271229.2267,749981222332.7258,116110296502.52914,0.0,12356689884.741547,3953367084.534353,866091518835.255,0.0,41397.28363380884,-6599247606.02832,-18955937490.769867
seasia,2058,18148773526723.44,387873533.07106787,0.0,961185431626.4153,825004979924.4454,126185477156.00778,0.0,4348357773.51196,5535989347.350227,951190457080.4532,0.0,38802.488482630935,9994974545.962036,5646616772.450076
russia,2058,12818015857966.895,157983555.8181849,5840723.430624124,670534331942.844,596625678757.8842,72908427995.41763,26168936695.500725,0.0,4274483828.205937,642565872885.6144,26968233867.687668,51425.215950043705,27968459057.229614,27169161885.04267
mena,2058,25153261183062.113,329847520.674001,271067.8145558621,1760253992409.825,1280903751592.2769,371426418635.4955,0.0,20132823731.016502,5127684949.433393,1652330170227.7725,0.0,51730.586433036086,107923822182.05249,87790998451.03598
ssa,2058,19062269710540.137,1346038139.4143908,0.0,1177432688658.3416,740405652241.6106,110361232124.00818,0.0,13025436490.046642,8462301751.306591,850766884365.6188,0.0,17675.45742198309,326665804292.7228,313640367802.67615
us,2059,47057567296329.85,195358436.80626726,30144016.357636083,2186826957356.4995,2268238667258.0396,260589885912.4088,430042643103.17566,0.0,9189962956.107513,2109953649608.7256,418874903561.7232,101890.40391959701,76873307747.77393,88041047289.22638
oecd-ex-us,2059,49188488942783.45,339018697.9273465,33879961.74851366,2297097973798.392,2415524646920.013,262067979106.0669,287951123798.5496,0.0,7844894640.25727,2371777349703.769,305815276322.31055,80000.30925879869,-74679375905.37695,-92543528429.13788
china,2059,34155000327872.66,496271971.8996543,0.0,1436202355156.124,1777156708981.8064,187777873494.5068,0.0,11600271639.513105,9361169601.965906,1964934582476.3132,0.0,57598.07552032315,-528732227320.1892,-540332498959.70233
india,2059,29101099463166.164,1045663905.6674753,0.0,1885574694526.8198,1420368667642.5884,371459103394.10657,0.0,44216554238.39612,8498976378.5891485,1791827771036.6948,0.0,30127.777844146694,93746923490.125,49530369251.72888
latam,2059,16432995658387.799,323184112.2666448,0.0,853391327868.1759,747639982777.8256,117857422036.62573,0.0,13099994800.907217,191827531442.33246,865497404814.4513,0.0,42585.949621752676,-12106076946.27539,-25206071747.18261
seasia,2059,18149705412565.133,387940978.02712065,0.0,954239057857.1912,827900920692.4271,126480398415.79736,0.0,4621122574.971488,5695269667.695169,954381319108.2245,0.0,39955.42492341192,-142261251.0333252,-4763383826.004813
russia,2059,12848239405651.234,158223595.49560404,5979984.541013955,668940393809.5447,597054797491.2377,72941557664.428,27156753141.56226,0.0,4122755888.903299,643039082530.541,26957272625.12474,52729.97324442975,25901311279.003662,26100791795.441177
mena,2059,25223673191264.336,332349652.96896476,263884.921709698,1757420051435.877,1301707942764.5347,371923609486.39966,0.0,18831156517.79121,5454665535.060037,1673631552250.9343,0.0,53038.38108458171,83788499184.94263,64957342667.15141
ssa,2059,19373785556079.555,1375373492.0175905,0.0,1185632620164.5332,759507438716.3496,112916481674.00613,0.0,10347708518.135607,8654854283.370804,872423920390.3557,0.0,18416.58791280044,313208699774.1775,302860991256.0419
us,2060,47146302765477.28,195809530.81353745,30849529.58346919,2185121409106.5908,2265697461598.339,260368046104.55954,418989313900.3458,0.0,10690253843.396524,2106228287251.9521,419837220450.9476,103432.57672070769,78893121854.63867,78045215304.03693
oecd-ex-us,2060,49119125750690.13,343259039.95024157,34589373.605974875,2289171634847.411,2394770340899.886,260639766027.12936,289208276691.93774,0.0,7667003294.312658,2351386971803.541,304023135123.47626,81506.33219642733,-62215336956.12988,-77030195387.6684
china,2060,33632922476089.453,485723141.4294373,0.0,1402986181399.6487,1738373693822.4744,184113413994.22705,0.0,11884164409.050821,9307239042.881273,1922487107816.7014,0.0,58972.279156712764,-519500926417.05273,-531385090826.1036
india,2060,29128743941770.492,1050483506.5382656,0.0,1880043669393.8506,1449028375307.2588,370562084259.9841,0.0,41477697570.51608,8668966348.22261,1819590459567.243,0.0,31147.89149493792,60453209826.607666,18975512256.091583
latam,2060,16404088456618.094,322408102.09271646,0.0,847272866928.1039,749364308614.4983,117780053978.27043,0.0,13063547710.731928,4027841605.6935616,867144362592.7687,0.0,43799.92837534408,-19871495664.664795,-32935043375.39672
seasia,2060,18137779466466.152,387945763.95774096,0.0,947206059166.2018,833287101065.5461,126670343284.48509,0.0,4706459533.666449,5531898618.516419,959957444350.0312,0.0,41133.737929951545,-12751385183.829468,-17457844717.49592
russia,2060,13040628048463.945,158467608.55048752,6138018.929772924,666777673677.3187,595992122005.1582,74697364345.04648,30300745673.927235,0.0,165999709811.66782,643584496036.8911,27104990313.31387,54059.58993428599,23193177640.427612,26388933001.040974
mena,2060,25281966305140.145,334828641.94457215,256612.9894254598,1754067749127.165,1311829102530.3005,372219116214.24426,0.0,16939068941.018993,5212652434.21911,1684048218744.545,0.0,54371.018053407126,70019530382.62012,53080461441.60112
ssa,2060,19670718501119.184,1404480274.839723,0.0,1193534178513.2822,778650385966.9021,115382734735.85373,0.0,11661563790.526186,9093451019.632612,894033120702.7559,0.0,19181.258237758997,299501057810.52637,287839494020.0002
us,2061,47247158234528.51,196273695.31877032,31569162.66529129,2183423204400.142,2263052559092.2427,260247574382.5679,431426579201.5735,0.0,9305818924.33758,2102915265659.9133,420384867814.8967,104997.88083672643,80507938740.22876,91549650126.90552
oecd-ex-us,2061,49066369165053.38,341104593.97427595,35296611.058281906,2280385448358.369,2374406031513.623,259486019916.47632,293308111033.32513,0.0,7441906401.605635,2331337794408.251,302554257021.8478,83036.0209814421,-50952346049.881836,-60198492038.40448
china,2061,33120296394923.008,475146445.61829543,0.0,1368613839384.6863,1699265116911.1775,180603663270.5894,0.0,10557142232.621395,9186001863.2444,1879868780181.7668,0.0,60371.39955800997,-511254940797.08057,-521812083029.70197
india,2061,29124136521783.64,1055128399.4513091,0.0,1874478265855.1582,1475512449386.2615,369308972074.3806,0.0,43407702610.226974,9143438228.867447,1844821421460.642,0.0,32193.654085767605,29656844394.516113,-13750858215.710861
latam,2061,16366560251318.246,321600179.40762395,0.0,841176105986.2609,752504655843.6405,117624762321.29785,0.0,12468283482.428783,3893390361.243398,870129418164.9384,0.0,45039.58179356868,-28953312178.67749,-41421595661.10628
seasia,2061,18113090737953.484,387888117.81019455,0.0,940150573686.2246,839020322668.366,126719237017.5689,0.0,4793112498.866921,5693369985.915604,965739559685.9348,0.0,42337.796792466674,-25588985999.710205,-30382098498.577126
russia,2061,13065101802477.617,158668868.77742928,6271224.987828201,664044266088.148,596513277277.3746,74737461151.39062,27422558830.782246,0.0,4257667523.505939,643983956982.7368,27266781446.028633,55414.4090055795,20060309105.411133,20216086490.16474
mena,2061,25601040643751.562,337215093.98670316,249190.4352525311,1750256721128.1707,1313949954218.6682,375418896561.39417,0.0,21239872561.467163,279426340824.77155,1689368850780.0625,0.0,55728.83995275932,60887870348.108154,39647997786.64099
ssa,2061,19953547815162.35,1433462966.5711033,0.0,1201129670218.5024,799418395506.5002,117658644648.0642,0.0,10354952116.511404,9131636095.738194,917077040154.5645,0.0,19969.95038613435,284052630063.938,273697677947.42657
us,2062,47349286210851.76,196553615.90109202,32104715.120166622,2182056419969.7402,2261108951746.6807,260277389595.71875,432330233725.362,0.0,9127663970.543926,2100088809844.066,421297531498.3338,106586.66321002076,81967610125.67432,93000312352.70251
oecd-ex-us,2062,49021636652765.44,338729654.1884128,35777586.91006712,2270903117292.327,2356082593627.7637,258573373958.4692,291792388177.28235,0.0,7227949828.73274,2313208916705.277,301447050880.9555,84589.71712411611,-42305799412.94971,-51960462116.62286
china,2062,33136720404852.32,464534635.9661639,0.0,1333530184445.7913,1669652796158.9983,183062138182.0733,0.0,10233019994.127943,545841779818.74414,1852714934341.0715,0.0,61795.77965633607,-519184749895.2803,-529417769889.4082
india,2062,29118771000018.164,1059774226.6707661,0.0,1869021940147.2166,1476856576662.1997,368000038024.2763,0.0,38442024515.53844,8911177289.310911,1844856614686.476,0.0,33265.47735272943,24165325460.74048,-14276699054.797958
latam,2062,16320281780733.523,320749210.96639186,0.0,835131402040.7856,755439957218.4178,117379257447.42793,0.0,12640844457.284292,4050186497.632247,872819214665.8458,0.0,46305.27573944089,-37687812625.06018,-50328657082.344475
seasia,2062,18285662726035.3,387761540.22408307,0.0,933135046101.446,838921893163.4259,128772638303.47382,0.0,5344941096.391066,212476414543.65295,967694531466.8997,0.0,43567.9746124665,-34559485365.45361,-39904426461.84468
russia,2062,13087767187158.984,158841974.81670997,6396794.750888118,660813256663.5461,597106124131.6223,74739395447.55273,29493394501.416584,0.0,4204253095.583374,644486596303.4752,27358923275.69973,56794.77794454128,16326660360.070923,18461131585.787773
mena,2062,25634151910440.27,339549171.567124,227037.9239327704,1746099991531.419,1323264158629.9436,375283875442.50256,0.0,20192641102.970116,5751950332.713964,1698548034072.4463,0.0,57112.193910224676,47551957458.97266,27359316356.00254
ssa,2062,20218474766407.145,1467023493.4609895,0.0,1208397851147.603,820237238124.7552,119729853697.61989,0.0,12707981769.050745,9204173688.609539,939967091822.3751,0.0,20783.149982983297,268430759325.2279,255722777556.17715
us,2063,48136348187585.92,196819977.26630795,32625935.972386103,2181066457493.935,2257734068276.097,266721242653.76544,433690474318.1119,0.0,696760355851.9742,2100483331453.7727,423971979476.08887,108199.27598751363,80583126040.16235,90301620882.18536
oecd-ex-us,2063,48990784690594.49,336368581.1614374,36266098.862527765,2260952545266.777,2338065486579.1753,257862323270.13846,296996465703.5486,0.0,7126836707.990588,2295495341942.47,300432467906.84344,86167.76735134819,-34542796675.69336,-37978798878.98822
china,2063,32621165572684.973,453898254.5652446,0.0,1298052698529.791,1633499166370.0232,179667184796.1358,0.0,9148090778.205673,8706911247.221077,1813166351166.159,0.0,63245.7671767599,-515113652636.3679,-524261743414.5736
india,2063,29106704113161.074,1064263770.9449017,0.0,1863679578787.7566,1478569745191.1812,366700986482.2475,0.0,39486059625.87241,9010325654.467623,1845270731673.4287,0.0,34363.77641910372,18408847114.32788,-21077212511.544533
latam,2063,16265471301432.186,319856842.52752405,0.0,829149924673.0321,758140407894.4623,117037491916.39748,0.0,12753668787.020653,3971164623.504337,875177899810.8597,0.0,47597.380132632774,-46027975137.82764,-58781643924.84829
seasia,2063,18240614550733.664,387586498.1349746,0.0,926250761265.3772,843946193686.2886,128581283435.88226,0.0,4747148709.043721,5975689264.198152,972527477122.1709,0.0,44824.64839355761,-46276715856.7937,-51023864565.837425
russia,2063,13104274771301.537,158975633.0104231,6505260.647015624,657198721916.1434,597683271954.4385,74729963922.28404,27474700946.50965,0.0,4247397156.609703,644890618749.7725,27522617126.95028,58201.04882965528,12308103166.370972,12260186985.930344
mena,2063,25662098044232.37,341862331.6220276,212280.1175643795,1741758298872.2139,1326296640118.2727,375033821352.03937,0.0,18164866386.477215,5683162776.658049,1701330461470.312,0.0,58521.43165958126,40427837401.901855,22262971015.42464
ssa,2063,20468251603910.312,1495426394.4575279,0.0,1215297891308.8066,840777679553.0564,121545964384.46886,0.0,12659693614.54603,9462283746.427244,962323643937.5253,0.0,21621.346283731466,252974247371.28137,240314553756.73535
us,2064,48227804107405.555,196795664.47327787,32854689.375322472,2180513056152.673,2255850541393.2046,266808903834.3126,424231332582.7937,0.0,9370976311.70044,2098019863751.2305,424639581476.2877,109836.07659874536,82493192401.44263,82084943507.94861
oecd-ex-us,2064,48960260297817.43,333583802.50584865,36323504.21028661,2250754480978.535,2320300731857.4487,257385222360.51834,289471195288.72156,0.0,6935885173.689994,2278041723022.289,299644231195.679,87770.52368620806,-27287242043.753906,-37460277950.711365
china,2064,32105120336012.836,443204844.5496802,0.0,1262612894085.708,1598443244148.2722,176413592295.04153,0.0,11437239197.492535,7635944882.947648,1774856836443.3137,0.0,64721.71472780017,-512243942357.6057,-523681181555.09827
india,2064,29409860670306.188,1068677124.2548149,0.0,1858335822598.899,1474165631694.7644,368746652531.87494,0.0,37676410567.09751,325409429339.9568,1842912284226.6394,0.0,35488.96986836225,15423538372.259521,-22252872194.83799
latam,2064,16199994217681.13,318930336.3865887,0.0,823238593446.0608,763638578564.6627,116545997611.29105,0.0,12460259881.163782,3929158860.0071497,880184576175.9537,0.0,48916.26904374654,-56945982729.892944,-69406242611.05673
seasia,2064,18182668723061.574,387357530.2204224,0.0,919573284470.6082,850773819046.1686,128200655761.29974,0.0,4560912685.805967,6016275350.579259,978974474807.4683,0.0,46108.19913411375,-59401190336.86011,-63962103022.66608
russia,2064,13115765363828.848,159013997.4347484,6542288.74653294,653299470102.2183,598057269732.3885,74703036630.06264,26894726672.148594,0.0,4056702115.4139004,645195379389.563,27564926972.8883,59633.57842478583,8104090712.655273,7433890411.915562
mena,2064,25684332843451.883,344043850.42020375,116753.8793571522,1737353401310.922,1328103054285.9976,374703110172.5627,0.0,18068087387.28641,5755649754.447613,1702806164458.5603,0.0,59956.90963378121,34547236852.36182,16479149465.075405
ssa,2064,20704075371650.84,1523579977.8211741,0.0,1221864024667.5632,861088782430.2308,123084814204.95374,0.0,12016145778.233553,10149485486.38533,984173596635.1846,0.0,22485.03217332957,237690428032.37866,225674282254.1451
us,2065,48328067616561.67,196613865.00600398,32922927.798379328,2180528783087.85,2253662561762.307,267019315526.95776,431216935657.5931,0.0,9199667699.952028,2095773705162.6545,424908172126.6109,111497.4278351071,84755077925.19556,91063841456.17773
oecd-ex-us,2065,48934460345837.305,330559870.59665483,36132780.43709037,2240512135526.3325,2304050718365.098,257125522537.275,288121582855.2731,0.0,6742570540.611578,2262495267716.598,298680973185.77704,89398.34352859801,-21983132190.265625,-32542522520.769592
china,2065,31595425830126.797,432516654.37923086,0.0,1227815401081.0293,1562849683187.5925,173298017204.68817,0.0,9064222764.339924,7702016189.567702,1736147700392.2808,0.0,66223.97989298165,-508332299311.25146,-517396522075.5914
india,2065,29392882613102.035,1072959331.1411474,0.0,1852978736416.7432,1474053611195.3047,367463183807.80347,0.0,37396399679.02935,8956401061.235815,1841516795003.1082,0.0,36641.479820197834,11461941413.63501,-25934458265.39434
latam,2065,16120713014563.146,322314746.5887615,0.0,817393430230.7914,772004965902.8265,115851694090.42287,0.0,12786728887.00886,3968755531.4799356,887856659993.2494,0.0,50262.32079021263,-70463229762.45801,-83249958649.46687
seasia,2065,18107391756120.133,387053404.8661378,0.0,913138769924.0797,861335561314.1018,127547986152.4411,0.0,5670275645.174899,6138086246.192615,988883547466.543,0.0,47419.01192178601,-75744777542.46326,-81415053187.63815
russia,2065,13122240522122.512,161220793.07109362,6653675.602293194,649295293717.3438,598301963189.5519,74649693409.73083,25932637248.88298,0.0,4198883926.704294,645366955847.7631,27584700751.519638,61092.72827344632,3928337869.5806885,2276274366.944031
mena,2065,25701027566179.234,346178121.77830476,26249.863280845773,1732999850831.4421,1329707172131.188,374276764031.9526,0.0,18078965472.656307,5757773531.71077,1703983936163.1406,0.0,61418.98905906667,29015914668.301514,10936949195.645206
ssa,2065,20926711210384.26,1551430441.981955,0.0,1228125655833.5903,879552461033.2477,124421912856.4323,0.0,11841245221.764854,10325802011.276703,1003974373889.6799,0.0,23374.704170024008,224151281943.9104,212310036722.14554
us,2066,48429019685481.266,196445203.36801144,32999418.484732233,2181476732885.9766,2262062197009.413,267257330053.06113,439800225406.6549,0.0,8994637689.416607,2103998589325.4934,425320937736.9825,113183.69793026232,77478143560.48315,91957431230.15558
oecd-ex-us,2066,49604427980006.31,327577082.41773045,35971692.382175826,2230584558639.9995,2302763291474.4707,263186794620.91272,292962365242.2349,0.0,712370796382.1663,2266372314658.1865,299577771437.19684,91051.58973704923,-35787756018.18701,-42403162213.148926
china,2066,31090264385829.01,421811197.5946235,0.0,1194248392262.046,1526974735643.7996,170386578949.53336,0.0,9735090784.587187,7686568818.067465,1697361314593.333,0.0,67752.92532345594,-503112922331.2871,-512848013115.87427
india,2066,29371550370401.1,1077071648.6995344,0.0,1847514386686.9072,1473752301436.7915,366165156078.31195,0.0,38443949150.99175,9514777278.257996,1839917457515.1035,0.0,37821.73200954054,7596929171.803711,-30847019979.18804
latam,2066,16033621348076.504,321319172.3292981,0.0,811614936213.6405,775247058627.9629,115026925745.76239,0.0,12362034657.344774,3929416330.786075,890273984373.7253,0.0,51635.91803379614,-78659048160.08484,-91021082817.42961
seasia,2066,18021812188447.715,386712715.26316506,0.0,906976494616.9724,867160097939.4845,126694848377.3152,0.0,4772586905.457198,6071470932.87532,993854946316.7997,0.0,48757.47602983019,-86878451699.82727,-91651038605.28447
russia,2066,13123364671216.635,161187460.78558546,6662508.852072149,645343004489.1262,601343103072.6128,74514428683.36688,27627522962.278492,0.0,4011153398.700763,648300956388.2461,27556575367.733585,62578.86479421303,-2957951899.119873,-2887004304.5749664
mena,2066,25714108416803.74,348344948.88497245,1329.5747969952376,1728798033322.9587,1331140062172.713,373767014008.98016,0.0,16439440145.142675,5629333628.368748,1704907076181.693,0.0,62908.03605022361,23890957141.265625,7451516996.12295
ssa,2066,21135721540941.89,1578908235.1152377,0.0,1234071304723.6982,897400102098.7239,125561276222.8512,0.0,12401926307.970436,10302330463.483606,1022961378321.5751,0.0,24290.862433779952,211109926402.12317,198708000094.15274
us,2067,48526573802840.51,196299324.31097218,33091599.6928648,2183586563812.7344,2274604753111.797,267376884082.651,447200855220.59924,0.0,8748335520.33287,2115889464635.0125,426092172559.4342,114895.26064177512,67697099177.721924,88805781838.88696
oecd-ex-us,2067,49552668898339.67,324649074.23226887,35850738.28446757,2221263679640.9155,2313684678896.0044,262572786288.64008,296328423568.5669,0.0,6906280308.534593,2277369091171.8706,298888374012.7735,92730.63071167233,-56105411530.95508,-58665361975.16168
china,2067,30575276932879.13,411097362.78202546,0.0,1162436135136.5422,1506219207196.4248,167416034435.6637,0.0,10839895589.877464,7051549135.545885,1673635241632.0884,0.0,69308.91883169785,-511199106495.54614,-522039002085.4236
india,2067,29345863582614.277,1081038299.5568864,0.0,1841923883350.5156,1473229239442.4373,364862682216.9267,0.0,38287397965.86196,8768648487.886324,1838091921659.364,0.0,39030.15586852175,3831961691.1516113,-34455436274.71035
latam,2067,15946062260157.764,320291782.1526037,0.0,805921584576.8573,771237611656.9951,114201457625.11293,0.0,12071066086.982943,4029462873.5031185,885439069282.108,0.0,53037.44787969574,-79517484705.25073,-91588550792.23367
seasia,2067,17935325255738.38,386322990.14687574,0.0,901086185938.4154,863163102967.7115,125845451761.74036,0.0,4689168672.058032,6124604753.752548,989008554729.4519,0.0,50123.98501522879,-87922368791.0365,-92611537463.09453
russia,2067,13118173014802.082,161138026.3586954,6677557.847460474,641597147431.242,604856241136.5664,74315159657.82324,28412959692.82277,0.0,3969637255.77077,651570750778.6368,27600650015.752235,64092.359377288594,-9973603347.394897,-9161293670.324364
mena,2067,25717563038857.574,353464480.47738016,1281.7470001141864,1724714253133.2869,1332509304298.8025,373205343453.2332,0.0,21101421961.70652,5556438634.287383,1705714647752.0356,0.0,64424.42170697852,18999605381.25122,-2101816580.4552994
ssa,2067,21336801343697.15,1606063594.7756207,0.0,1239707349995.94,911345393115.4678,126562628085.42177,0.0,11616213086.29234,10896687046.50401,1037908021200.8895,0.0,25234.010779387794,201799328795.0504,190183115708.7581
us,2068,48617119864734.8,196156042.12873214,33177683.096921287,2186662523282.0732,2280689529750.013,267544220466.9067,444292521698.37665,0.0,7824767130.750056,2121099916623.3794,427133833593.5419,116632.49533396293,65562606658.69385,82721294763.52863
oecd-ex-us,2068,49476246072893.3,321725662.1997877,35716274.93273017,2212629161463.046,2322371374809.7383,261766480137.33194,288081057578.7499,0.0,7004810458.905301,2285651575427.9004,298486279519.16876,94435.84047828078,-73022413964.85449,-83427635905.27338
china,2068,30036219363114.57,411912175.08524835,0.0,1132949089445.4136,1506327721401.2156,163967739656.122,0.0,8889766531.818878,7178568379.193479,1670295461057.3376,0.0,70892.33348628934,-537346371611.9241,-546236138143.7429
india,2068,29320290560342.965,1084949349.8407795,0.0,1836227983004.7097,1472527307196.1375,363550153104.0493,0.0,34625416585.68407,8901871609.83599,1836077460300.1868,0.0,40267.18461134687,150522704.52294922,-34474893881.16112
latam,2068,15857886418128.203,319234019.15164536,0.0,800310050887.2981,767195699079.5991,113383112436.76495,0.0,11722260945.909872,3815179545.406872,880578811516.364,0.0,54467.301977220064,-80268760629.06592,-91991021574.97578
seasia,2068,17848291225429.92,390616092.9521823,0.0,895452693885.57,859126824515.9053,124997638111.38791,0.0,4561920810.045449,6199659243.316245,984124462627.2932,0.0,51518.936818586604,-88671768741.72327,-93233689551.76872
russia,2068,13109846265721.43,161067261.1771722,6691492.52016018,638161924702.5746,604545478730.3315,74100738378.53728,28051572652.04145,0.0,4105970673.60061,650966110496.1263,27680106612.742752,65633.58848222111,-12804185793.551758,-12432719754.25306
mena,2068,25718767015210.55,355524203.96287906,0.0,1720743796257.05,1333506356296.8599,372519948838.1415,0.0,19062877966.16769,5549363197.096157,1706026305135.0015,0.0,65968.5222115444,14717491122.048584,-4345386844.119106
ssa,2068,21710815242261.543,1632735884.611027,0.0,1245031328280.9717,916389534755.6266,129687005439.56044,0.0,13325792010.24338,188384902488.86224,1046076540195.187,0.0,26204.65669427675,198954788085.78467,185628996075.5413
us,2069,48718157740040.48,199346892.21679544,33897367.35201263,2190674166688.667,2285082610016.065,267680164115.27094,453847463555.0724,0.0,9279019193.321957,2124808075201.224,427954698930.1115,118395.7870619919,65866091487.44287,91758856112.40375
oecd-ex-us,2069,49397192763940.52,318841731.07522094,35599267.93522812,2204861737763.9604,2317972765072.241,260912457448.1723,287831340434.2237,0.0,7138835369.3982115,2281048874695.161,297836347825.2521,96167.59877370705,-76187136931.20068,-86192144322.22906
china,2069,29489682313122.71,401294432.8875252,0.0,1106106884271.108,1490711775310.7227,160370492389.897,0.0,8708785156.146542,7147118593.804801,1651082267700.6196,0.0,72503.5477078036,-544975383429.5117,-553684168585.6582
india,2069,29290056435906.703,1098325407.7608485,0.0,1830317912710.5044,1471807254639.9243,362266463505.82214,0.0,35417232780.45744,8938913779.448198,1834073718145.7466,0.0,41533.25532203722,-3755805435.2421875,-39173038215.69963
latam,2069,15769215273790.291,318145438.3008288,0.0,794771224091.6832,763131617461.0815,112571470544.84106,0.0,11431839907.796328,3692559484.129568,875703088005.9226,0.0,55925.87662202794,-80931863914.23938,-92363703822.0357
seasia,2069,17760831303386.92,390151612.43877554,0.0,890109021286.7688,855078079156.6586,124166859924.38036,0.0,4085191694.2142076,5761187445.4777975,979244939081.039,0.0,52942.733865779526,-89135917794.27014,-93221109488.48434
russia,2069,13097514753245.793,160967427.72611794,6694432.195980843,635091779905.8959,604007918237.2677,73890595084.39972,26489709580.57349,0.0,3985511359.5643764,650140873438.3167,27757639883.351078,67202.93373678495,-15049093532.420776,-16317023835.198364
mena,2069,25713661625032.316,357508915.65531015,0.0,1716933488745.6768,1334493389873.0144,371812426093.19617,0.0,21094082499.3103,5361019541.628298,1706305815966.2104,0.0,67540.71892732262,10627672779.466309,-10466409719.84399
ssa,2069,21902808965753.793,1659035174.9364336,0.0,1250041868290.5793,926231418294.9744,130653629815.62076,0.0,12530691120.62687,11367594432.88611,1056885048110.5951,0.0,27203.31136105278,193156820179.98425,180626129059.3574
us,2070,48804259590061.555,199213576.95612943,33967426.87732239,2195435055207.8662,2289958163136.2197,267939602369.0842,439865979756.42285,0.0,8698580562.03403,2128768394512.424,429129370992.87885,120185.52665723414,66666660695.44214,77403269458.98615
oecd-ex-us,2070,49312468437676.43,315980143.58972806,35478487.40214892,2198155785625.7358,2313681933167.864,260114218430.4666,284154152392.8914,0.0,6761887315.643934,2276578286765.0605,297217864833.27106,97926.29113233121,-78422501139.3247,-91486213579.70435
china,2070,28954524382851.863,390741355.4679364,0.0,1082062862997.0641,1459349771135.97,156942268021.53342,0.0,7959846195.528456,7031092085.102056,1616292039157.5034,0.0,74142.94536580284,-534229176160.43933,-542189022355.9678
india,2070,29257214117951.855,1101948780.7990947,0.0,1824162753322.1885,1470857235577.6174,360970224616.52545,0.0,33628970763.097843,8451359680.214675,1831827460194.1428,0.0,42828.80904500152,-7664706871.954346,-41293677635.052185
latam,2070,15880157396284.02,317022208.06729394,0.0,789309465551.6588,757659390725.2711,113849711208.25192,0.0,11549086984.427092,204690845860.0002,871509101933.5231,0.0,57413.57285991986,-82199636381.86426,-93748723366.29135
seasia,2070,17672956788511.95,389632357.95076466,0.0,885050575085.802,851041724854.4043,123340372585.42247,0.0,4647244352.22811,6104251831.288785,974382097439.8268,0.0,54395.78317133767,-89331522354.02478,-93978766706.25288
russia,2070,13082464428035.863,160854528.32650194,6699872.902612086,632446522460.6506,603370006979.9222,73677173605.60402,25633063474.297527,0.0,3917269440.64741,649282104391.4813,27765076194.044525,68800.78203703089,-16835581930.830688,-18967594650.577686
mena,2070,25705436809713.133,359447243.54046476,0.0,1713264957542.2874,1335268181762.4878,371036895596.12695,0.0,20642923935.216,5458228432.352864,1706305077358.6147,0.0,69141.39849876885,6959880183.672607,-13683043751.543392
ssa,2070,22089263769497.594,1684913372.5040317,0.0,1254763611441.4607,935861384950.8671,131588285339.1455,0.0,12176369960.496304,11317232552.850203,1067449670290.0126,0.0,28230.489684771463,187313941151.44812,175137571190.9518
us,2071,48908013653334.89,199127025.2991642,34071117.07420191,2200828081470.595,2294758539618.774,268138468228.03333,457841211375.1153,0.0,7981778274.496508,2132964008449.4978,429932999397.31036,122002.11081390503,67864073021.09741,95772284998.90234
oecd-ex-us,2071,49227710659873.81,313409746.64550203,35369049.17951456,2192580266769.6213,2309592031226.969,259316356247.0314,284344694383.54675,0.0,7225648518.207062,2272280569277.968,296627818196.03406,99712.30897384175,-79700302508.34644,-91983426320.83374
china,2071,28431582744573.09,380262528.6540563,0.0,1061082925528.5936,1428957500442.8274,153706647878.48767,0.0,7987009135.9534855,6626593649.906504,1582664148321.315,0.0,75810.91587696323,-521581222792.7213,-529568231928.6748
india,2071,29216841008050.68,1105291892.0355685,0.0,1817746250190.105,1469771407110.854,359674266034.8139,0.0,37228843080.38882,8555156134.782802,1829445673145.668,0.0,44154.29087839742,-11699422955.562988,-48928266035.951805
latam,2071,15790434237911.928,315875424.10599583,0.0,783917503976.5356,753570511117.0131,113042792261.97472,0.0,10895648553.589632,3868289583.969305,866613303378.9878,0.0,58930.79659216935,-82695799402.45215,-93591447956.04178
seasia,2071,17586191067796.299,389092584.5851003,0.0,880253839254.4799,846987834091.3251,122523765942.92471,0.0,3508921881.2797894,6000961945.39351,969511600034.2498,0.0,55878.49644354476,-89257760779.7699,-92766682661.04968
russia,2071,13226243468529.594,160707390.08618745,6683895.297524626,630264478452.4509,601175314582.8169,75197561536.65039,23557773601.97986,0.0,166329664558.77094,648530440867.8145,27842435251.653114,70427.52564851407,-18265962415.363525,-22550624065.03678
mena,2071,25696997090246.426,361371931.5199219,0.0,1709802915685.3193,1335962087874.9302,370236793178.32904,0.0,17507786636.24339,5464032537.484521,1706198881053.2593,0.0,70770.95295243149,3604034632.0600586,-13903752004.18333
ssa,2071,22270594289900.895,1710353232.2771263,0.0,1259192390809.1838,945248904245.3011,132479208845.77583,0.0,11771021328.619633,11637264013.81931,1077728113091.077,0.0,29286.71032495047,181464277718.1068,169693256389.48718
us,2072,48995599553556.695,199058340.59442443,34135083.828977354,2206736391502.038,2300265533545.2817,268421545890.3763,441652457407.2696,0.0,7884130748.117939,2137338000096.979,431349079338.6785,123845.94217700062,69398391405.05908,79701769473.65015
oecd-ex-us,2072,49135780404375.61,317635458.45198834,35986219.63381044,2188128767058.3945,2305711862130.3745,258548268482.15707,277453051128.6753,0.0,6748056927.286156,2268228668199.296,296031462413.2358,101526.0496922491,-80099901140.90137,-98678312425.46185
china,2072,27921535804869.473,369861218.3605587,0.0,1043199995714.687,1399644621720.3452,150659793228.96323,0.0,9374055262.45086,6431534793.449246,1550304414949.3083,0.0,77507.8543043423,-507104419234.62134,-516478474497.0722
india,2072,29174424792957.33,1108512699.6004295,0.0,1811052303815.983,1468300957826.5137,358329352302.2221,0.0,34895976119.45133,8057767338.836827,1826630310128.7358,0.0,45510.1500702435,-15578006312.75293,-50473982432.20426
latam,2072,15700491377059.281,315684702.8884326,0.0,778599187949.7787,749490184388.7505,112243152706.6656,0.0,10702601942.800865,3893890235.790095,861733337095.4161,0.0,60477.95868238401,-83134149145.63745,-93836751088.43832
seasia,2072,17498506407642.633,389675177.5694745,0.0,875659548754.0078,843022606319.279,121734566085.70818,0.0,4266310706.4559965,5679274203.76825,964757172404.9872,0.0,57391.29019123729,-89097623650.97937,-93363934357.43536
russia,2072,13210481358007.924,160622253.3762225,6688032.85612245,628599147444.0419,600384256051.5215,74978804492.91731,26987793379.474693,0.0,4014009199.252056,647669438847.1873,27693621697.25151,72083.56230870844,-19070291403.145386,-19776119720.922203
mena,2072,25686689682154.605,364120185.52541965,0.0,1706573842192.4375,1336703192319.369,369455828552.57684,0.0,16092996491.316816,5370767079.001481,1706159020871.9458,0.0,72429.77979917241,414821320.4916992,-15678175170.825117
ssa,2072,22445929431483.96,1737771249.2421534,0.0,1263319888881.9119,954406408080.2445,133338794991.163,0.0,11723734047.990477,11484189820.528275,1087745203071.4075,0.0,30372.495732320363,175574685810.5044,163850951762.51392
us,2073,49094440158178.41,199280324.47908607,34215212.70873274,2212914948111.907,2305283219094.792,268600376079.88464,451392924356.0223,0.0,8416327328.436473,2141837127647.228,432046467527.44836,125717.4294315536,71077820464.6792,90424277293.25311
oecd-ex-us,2073,49038130260937.14,315377507.1307081,35837091.97129651,2184716198165.737,2301716842547.2393,257769355239.13864,270333140704.88614,0.0,6786715477.258917,2264432748456.6553,295053449329.7232,103367.91674617272,-79716550290.91821,-104436858915.75528
china,2073,27426997391195.594,360578813.6619741,0.0,1028251726045.1028,1371454412380.3767,147809100215.05435,0.0,9279403970.673847,5752776847.121896,1519263512595.4312,0.0,79234.16145780362,-491011786550.32837,-500291190521.0022
india,2073,29131396707991.562,1114575091.0566576,0.0,1804121063713.5151,1466705258068.997,356975482724.05817,0.0,32112323994.457127,8643916108.22448,1823680740793.0552,0.0,46896.84011724288,-19559677079.54004,-51672001073.99716
latam,2073,15610011392186.74,315357595.5748565,0.0,773345239838.2339,745404047089.9667,111449778877.43883,0.0,10803378265.462166,3831979522.0904775,856853825967.4055,0.0,62055.47506488737,-83508586129.17163,-94311964394.63379
seasia,2073,17626412647619.434,390027952.05924964,0.0,871200474049.6936,837425489458.8091,123334093771.31444,0.0,4780338116.260553,222245687273.49738,960759583230.1235,0.0,58934.585832287856,-89559109180.42993,-94339447296.69049
russia,2073,13193087188241.277,160560233.3980132,6683814.492839498,627431863082.2659,599734124667.8387,74786477409.72856,25753961867.61435,0.0,3940607361.041046,646851295491.0842,27669306586.483055,73769.29533061812,-19419432408.81836,-21334777127.687065
mena,2073,25956773115928.734,366622972.645605,0.0,1703501182385.6829,1333315373751.3481,371814066888.6319,0.0,16921102770.869034,288632794799.28705,1705129440639.98,0.0,74118.28213758035,-1628258254.2971191,-18549361025.166153
ssa,2073,22614763229502.883,1766864325.463307,0.0,1267146298502.7415,963312035850.8196,134165886759.08864,0.0,12232454276.624659,11397876402.734095,1097477922609.9082,0.0,31488.37219030703,169668375892.83325,157435921616.2086
us,2074,49188111782111.75,200418446.57001743,34276154.490429826,2219345393189.3643,2310428595073.6035,268857059882.33765,444901005120.21716,0.0,8710880579.707838,2146447017419.6086,432838637536.33325,127616.98739322874,72898375769.75562,84960743353.63953
oecd-ex-us,2074,48943975594501.8,316811314.0241439,35704668.65389764,2182388163707.1162,2297628443441.4595,257028067061.1861,271499807705.95334,0.0,6613872654.246307,2260913836177.7544,293742674324.8889,105238.31975042193,-78525672470.63818,-100768539089.57376
china,2074,27363123022191.832,351313657.028201,0.0,1016086809906.696,1348808197536.231,149667230475.29086,0.0,7863423594.058695,426377672695.1378,1498475428011.5217,0.0,80990.24399561516,-482388618104.8257,-490252041698.8844
india,2074,29391405295386.723,1120110361.5248055,0.0,1796905104017.508,1461141846101.3823,358918395157.9457,0.0,34169606127.970276,317333330764.9539,1820060241259.3281,0.0,48314.81886627933,-23155137241.82007,-57324743369.790344
latam,2074,15519762203810.951,317448509.98899394,0.0,768152182332.4978,741303856541.7362,110663193584.14626,0.0,10089399693.41949,3655079111.0042524,851967050125.8824,0.0,63663.76685461372,-83814867793.38464,-93904267486.80414
seasia,2074,17538857226003.271,392894291.1096054,0.0,866878893454.8638,833497385330.7117,122554415434.77242,0.0,4587443078.972872,6204928773.41764,956051800765.4841,0.0,60508.80980375839,-89172907310.62036,-93760350389.59323
russia,2074,13176969952980.656,161270427.82728004,6689342.250808722,626689278670.7695,599086083577.5251,74603653945.63173,27036954133.77056,0.0,3846269457.9846735,646105693073.5388,27584044449.618282,75485.13370759635,-19416414402.769287,-19963504718.61701
mena,2074,25938465059600.586,370468206.4786928,0.0,1700459640732.716,1333842568859.99,371023320558.17737,0.0,19408957216.275963,5507149573.582921,1704865889418.1675,0.0,75836.86875858804,-4406248685.451416,-23815205901.72738
ssa,2074,22778814070602.176,1792879694.770184,0.0,1270704813871.6494,971942621961.053,134954398472.41711,0.0,11062030206.803486,11305077867.906116,1106897020433.4702,0.0,32634.869861233794,163807793438.1792,152745763231.3757
us,2075,50004032665306.92,201969717.66174036,34390704.489261955,2226148034093.622,2309082460890.567,275656872030.7848,469658303898.2303,0.0,704853878124.73,2149332199914.7886,435407133006.56134,129545.03710027701,76815834178.8335,111067005070.50244
oecd-ex-us,2075,48866554234166.164,318801312.1878657,35633055.457892165,2181259210335.8872,2293927570414.181,256330505818.3428,284947867124.36,0.0,6629638436.63129,2257671517275.3237,292586558957.2003,107137.6745688923,-76412306939.43652,-84050998772.27686
china,2075,26897163440139.13,350275353.01884854,0.0,1006309206149.8358,1322882864024.161,147085427684.93518,0.0,8570313604.097677,6269817110.652959,1469968291709.0962,0.0,82776.51452723765,-463659085559.2604,-472229399163.35803
india,2075,29336466421818.934,1130879770.0974045,0.0,1789341322028.8582,1459191493278.9556,357544881792.5037,0.0,35975876064.66315,8432055539.455272,1816736375071.4592,0.0,49764.5486185481,-27395053042.601074,-63370929107.26422
latam,2075,15429296355748.516,318978231.0090709,0.0,763017645455.1901,737229920987.6475,109884739162.82335,0.0,10037760979.155119,3668927612.009763,847114660150.4708,0.0,65303.260458509474,-84097014695.28076,-94134775674.43588
seasia,2075,17451594554486.93,394655786.0460179,0.0,862660912588.2667,829628547917.9355,121793293445.17181,0.0,4416691628.4696,5914948886.974561,951421841363.1074,0.0,62114.39367371054,-88760928774.8407,-93177620403.3103
russia,2075,13161260862644.438,162083340.13523826,6694606.814946748,626318314405.8748,598581149820.1957,74443913723.60413,27139800873.509323,0.0,3857857928.202749,645452697916.4908,27572365627.308968,77231.49221938399,-19134383510.61609,-19566948264.415733
mena,2075,25916781194778.426,373335226.425559,0.0,1697393554477.5112,1334089936564.465,370199375298.0153,0.0,20115338176.40676,5327230739.217749,1704289311862.4805,0.0,77585.95425130561,-6895757384.969238,-27011095561.376
ssa,2075,22936975829528.82,1820267929.561022,0.0,1273996345215.271,980356170732.2258,135705019971.07585,0.0,11346838052.435188,11573442467.102997,1116061190703.3018,0.0,33812.5228372265,157935154511.96924,146588316459.53406
us,2076,50112745824264.586,202070127.3516703,34480903.20355928,2233077878731.6333,2315071029730.6396,276106160020.92236,458786209496.4076,0.0,8026260481.189684,2154164260709.0898,437012929042.4719,131502.00590686913,78913618022.54346,100686898476.47913
oecd-ex-us,2076,48789258029125.75,317458075.198163,35562407.237200424,2181133409408.5596,2290975672862.6025,255749577545.51404,281872116873.5278,0.0,6423519085.6286745,2254716710743.6934,292008539664.4243,109066.40340879868,-73583301335.13379,-83719724126.03033
china,2076,26450851985101.066,348506818.9432809,0.0,998469554942.905,1298354929285.5,144695967802.59274,0.0,7335484872.622573,5605371979.74279,1443050897088.0928,0.0,84593.39171732057,-444581342145.18774,-451916827017.8103
india,2076,29279031734027.906,1140557804.8356392,0.0,1781436482137.958,1456920124551.2,356112844390.00385,0.0,34498954144.68716,8660753156.933596,1813032968941.2039,0.0,51246.49623628344,-31596486803.24585,-66095440947.93301
latam,2076,15338885381149.193,321598596.17516786,0.0,757936192684.6588,733155466486.3135,109111663906.07234,0.0,9651150656.826382,3571113765.2323647,842267130392.3859,0.0,66974.38768843569,-84330937707.72705,-93982088364.55344
seasia,2076,17365887068437.516,392312883.00340885,0.0,858484548120.2548,825804653973.4146,121043299142.67155,0.0,3235216702.7339287,5891135649.153042,946847953116.086,0.0,63751.77425466119,-88363404995.8313,-91598621698.56523
russia,2076,13147886665510.826,164078994.1584062,6823309.635023475,626258760286.3918,598155264292.8241,74298988424.75536,28934202618.513493,0.0,3887092679.064551,644906198898.1956,27548053819.38444,79008.79153937967,-18647438611.80371,-17261289812.67466
mena,2076,25893882977374.945,373147474.070158,0.0,1694346945661.0107,1334129319311.3828,369370265523.43024,0.0,18869128307.958138,5123550078.295668,1703499584834.813,0.0,79365.95911008262,-9152639173.802246,-28021767481.760384
ssa,2076,23088370571306.348,1846103870.7237968,0.0,1277002395433.4138,988496959297.929,136414264207.592,0.0,12365271459.163088,11668841308.811012,1124911223505.521,0.0,35021.86919580021,152091171927.89282,139725900468.72974
us,2077,50215779804640.88,202176997.33007646,34549540.91173762,2239724182577.1157,2320820092848.2793,276429339585.89526,452007551872.961,0.0,8551678360.32639,2159073258965.2688,438176173468.9066,133488.32757782933,80650923611.84692,94482302015.9013
oecd-ex-us,2077,48710596214291.63,316157606.7342884,35472585.23087338,2181599087477.487,2288199623201.556,255184893492.3369,276691676058.5409,0.0,6431938323.7717705,2252046228301.918,291338288391.9742,111024.93491626681,-70447140824.43091,-85093753157.8642
china,2077,26023340402982.203,340950989.96043646,0.0,992139114571.2186,1275384210236.6765,142478829077.4127,0.0,7430146358.211317,5642488982.225735,1417863039314.089,0.0,86441.30039092338,-425723924742.8705,-433154071101.0818
india,2077,29217152409470.68,1136702521.4571238,0.0,1773281572788.0178,1454477322010.4302,354661917641.75446,0.0,34570646656.5463,8548988963.491326,1809139239652.1846,0.0,52761.133252046384,-35857666864.16675,-70428313520.71304
latam,2077,15248116082355.133,319199536.0072239,0.0,752897220090.8959,729093738971.1821,108345074963.10493,0.0,9725570025.496176,3497865074.832466,837438813934.2871,0.0,68677.58587556785,-84541593843.39124,-94267163868.8874
seasia,2077,17278650956653.057,389960144.627228,0.0,854282495545.7765,822067430611.2828,120314274045.3805,0.0,4758593404.13431,5621690730.565686,942381704656.6633,0.0,65421.393718672996,-88099209110.88684,-92857802515.02115
russia,2077,13133123910534.96,163744754.42074767,6832038.745644433,626424677682.3602,597857917045.2501,74185220797.90466,27117711955.887924,0.0,3737993229.042222,644479617921.8248,27563519921.32917,80817.45834315551,-18054940239.4646,-18500748204.905846
mena,2077,25866093344149.02,372893045.3242918,0.0,1691260502715.1455,1334036415851.6948,368559568184.3425,0.0,21628665548.46692,5174513643.411447,1702595984036.0374,0.0,81177.30984281303,-11335481320.891846,-32964146869.358765
ssa,2077,23235605581744.215,1859129983.2326267,0.0,1279755782090.573,996349871075.9713,137092581208.90622,0.0,10245686081.866789,11167366714.03011,1133442452284.8774,0.0,36263.45106010196,146313329805.69556,136067643723.82877
us,2078,50320519784124.78,202314587.59689716,34622975.82329043,2246199458705.284,2326441468137.2456,276764712891.0381,452445201069.1548,0.0,9301500737.744701,2164025482940.2385,439180698088.0458,135504.44238479,82173975765.04565,95438478746.15466
oecd-ex-us,2078,48642435240494.88,314953150.39941746,35412430.84222529,2182583685350.2905,2285474336104.9653,254650072787.89502,283007427608.2235,0.0,6372322137.546954,2249661548329.6904,290462860563.1695,113013.70427330532,-67077862979.3999,-74533295934.34589
china,2078,25614808371013.484,333727938.3775554,0.0,986862926179.5065,1253893107645.0803,140414658008.3279,0.0,6397728352.041964,5310535857.2326,1394307765653.4082,0.0,88320.67163998078,-407444839473.90173,-413842567825.9437
india,2078,29148459707376.324,1132708077.9405284,0.0,1764867945051.6802,1451791138027.339,353175567175.6573,0.0,36806172587.56343,8212230644.4974985,1804966705202.9963,0.0,54308.93598053645,-40098760151.31616,-76904932738.8796
latam,2078,15157102115536.873,316818256.45662916,0.0,747877215194.4233,725018384464.9801,107581026020.83292,0.0,9728673991.605318,3436902464.7263136,832599410485.813,0.0,70413.29798628995,-84722195291.38965,-94450869282.99496
seasia,2078,17192225762751.799,387638164.291832,0.0,850004713072.7546,818272278904.6967,119575471534.62257,0.0,4413311206.6113,5831154671.915134,937847750439.3192,0.0,67123.69971407067,-87843037366.56458,-92256348573.17587
russia,2078,13119006550787.994,163417197.55781513,6836579.218265403,626718806092.7689,597586538811.2925,74060807802.8754,27092547688.911682,0.0,3718633085.5185266,644164007535.9799,27483339078.187855,82657.92541823213,-17445201443.210938,-17835992832.48711
mena,2078,25839738288427.64,372653306.58667326,0.0,1688101036379.718,1333605980262.9954,367715252176.7184,0.0,18352400892.811607,5217541231.43282,1701321232439.7139,0.0,83020.43908049716,-13220196059.99585,-31572596952.807457
ssa,2078,23377313781438.004,1871726475.2913332,0.0,1282248331807.685,1004021638329.0476,137735954393.15344,0.0,10356893820.903624,11574354429.215544,1141757592722.2012,0.0,37537.814663780075,140490739085.4839,130133845264.58026
us,2079,50414488033088.79,202447680.81204465,34670537.26426106,2252283261389.932,2332019187836.7725,277108883272.05536,443050202619.0541,0.0,7762856063.820999,2169053368188.295,440074702920.53265,137550.79720378885,83229893201.6372,86205392900.15863
oecd-ex-us,2079,49271310617198.2,313796486.5056357,35332863.40754911,2183948265773.976,2278135148908.212,260731274736.21585,278762832894.04065,0.0,705030701679.7615,2247393170512.2104,291473253132.2167,115033.15329618064,-63444904738.234375,-76155324976.4104
china,2079,25222096824021.145,326824604.51475734,0.0,982112932493.6743,1233893552433.9858,138485340451.54514,0.0,7502503012.212367,5056916411.7151575,1372378892885.531,0.0,90231.9429310311,-390265960391.8567,-397768463404.06903
india,2079,29079823545474.695,1128763767.807089,0.0,1756272167416.2703,1448763744538.1587,351624482318.8952,0.0,32785512851.134445,8265410390.293413,1800388226857.054,0.0,55890.38563289244,-44116059440.78369,-76901572291.91814
latam,2079,15065886852163.188,314456166.3662548,0.0,742869542436.5123,720931163761.6064,106819671558.44072,0.0,9691850084.89312,3357879594.7431602,827750835320.0471,0.0,72181.97273958141,-84881292883.53479,-94573142968.42792
seasia,2079,17105405921424.871,391069106.7441845,0.0,845627792960.6722,814496228272.4104,118846590856.8793,0.0,4699718666.888892,5594903508.580693,933342819129.2897,0.0,68859.14548377527,-87715026168.61743,-92414744835.50632
russia,2079,13104369486859.877,163099702.08966702,6834523.636937594,627067942235.6078,597400227601.0679,73949975568.90163,25994999654.22007,0.0,3650197352.0267744,643939231589.4144,27410971580.554344,84530.63177512835,-16871289353.80664,-18287261280.140915
mena,2079,25816637097110.754,377053012.0399353,0.0,1684960878267.6147,1333144783438.715,366917367419.64667,0.0,13125775022.541464,5125856296.403461,1700062150858.3618,0.0,84895.7856880763,-15101272590.74707,-28227047613.288536
ssa,2079,23716061531351.508,1883791828.0004616,0.0,1284430823087.1375,1006578692551.966,140828468309.53317,0.0,12153238016.816765,213877325704.67288,1147407160861.499,0.0,38845.510420446924,137023662225.63843,124870424208.82166
us,2080,50506109020285.74,202592924.7445477,34713436.7278431,2257721829468.2085,2337171888632.9043,277410125501.85925,440005340994.6288,0.0,8475830868.898095,2174025336276.9348,440556677857.8302,139627.84561433026,83696493191.27368,83145156328.07227
oecd-ex-us,2080,49208312535283.86,312710678.938829,35258603.47614532,2185447176480.1519,2275941999779.2896,260276947944.19305,281309953639.93353,0.0,6463735689.04271,2245442112263.7744,290776835459.7059,117083.73053521746,-59994935783.62256,-69461817603.3949
china,2080,24845100051668.12,327961136.62561375,0.0,977395545458.5243,1215253209900.502,136651326017.72655,0.0,7392784321.283071,4905002427.948356,1351904535918.2285,0.0,92175.55821422764,-374508990459.7042,-381901774780.9873
india,2080,29006105359519.176,1139093479.89107,0.0,1747576050694.251,1445702511420.0444,350080042074.80145,0.0,33522824852.501247,8011141697.589558,1795782553494.846,0.0,57505.96843344803,-48206502800.59497,-81729327653.09622
latam,2080,14974683756264.164,312117726.43855464,0.0,737857838506.9172,716831794517.1893,106060627930.7219,0.0,9446253233.597855,3277741275.5723867,822892422447.9113,0.0,73984.06472589637,-85034583940.99402,-94480837174.59187
seasia,2080,17018603737807.768,388758212.56750506,0.0,841122719899.0334,810691749497.9952,118116527968.9449,0.0,4680612099.832503,5563986050.626069,928808277466.9402,0.0,70628.18998525,-87685557567.90674,-92366169667.73924
russia,2080,13092065010198.432,162807776.41259763,6838269.543718808,627427946498.3475,597245649183.8444,73835976731.74303,27732596572.667892,0.0,3616606183.1318173,643773110723.0989,27308515192.488235,86436.02275970095,-16345164224.751343,-15921082844.571686
mena,2080,25791483492486.605,376846781.0499937,0.0,1681743734684.4463,1332746706918.4016,366189038767.10455,0.0,12941948549.42163,4980354926.316088,1698935745685.506,0.0,86803.79487655582,-17192011001.059814,-30133959550.481445
ssa,2080,23847308904545.117,1895447635.0634122,0.0,1286334420470.1265,1013682904583.7257,141422999450.21732,0.0,11859305798.186241,11878162555.617767,1155105904033.943,0.0,40187.09299769866,131228516436.18335,119369210637.9971
us,2081,50632195219159.266,202824030.5254676,34828577.15586622,2262952342934.236,2342151854801.305,277610954580.71985,474756819070.82965,0.0,8139846250.514439,2178916099338.8171,440846710043.20825,141736.04799993217,84036243595.4187,117946352623.04004
oecd-ex-us,2081,49157688700974.55,311709320.6162456,35205802.68259794,2187012763342.1597,2273910101830.0933,259800040988.44778,289463171630.79913,0.0,6610373536.284292,2243664218921.9463,290045923896.59454,119165.89137604754,-56651455579.78662,-57234207845.58203
china,2081,24482902169910.55,321473452.80281484,0.0,972398558520.0497,1197998632537.0623,134886309360.5784,0.0,6630512158.275761,4919013778.308034,1332884941897.6406,0.0,94151.96803365333,-360486383377.59094,-367116895535.8667
india,2081,28925167696322.46,1134877707.454672,0.0,1738694990653.374,1442386768701.472,348483109910.40875,0.0,37053412287.72855,8290637049.517478,1790869878611.8806,0.0,59156.17573890943,-52174887958.50659,-89228300246.23514
latam,2081,14883420339343.348,309802754.422385,0.0,732842817279.7067,712721204501.1161,105305785698.6373,0.0,9231101356.236708,3151857355.465696,818026990199.7534,0.0,75820.03452753642,-85184172920.04675,-94415274276.28346
seasia,2081,16932004985070.45,386476222.0847022,0.0,836486062837.5511,806855915808.1573,117384785732.00179,0.0,4392017122.701977,5547903087.987875,924240701540.1592,0.0,72431.29801205244,-87754638702.60803,-92146655825.31001
russia,2081,13080364428326.736,162538047.69213057,6843276.213192824,627752851447.0955,597206054248.9066,73734590159.43944,27949535684.258415,0.0,3537675405.2900786,643642379896.1154,27298264512.23035,88374.55016679152,-15889528449.019897,-15238257276.991833
mena,2081,25765803974002.31,376635657.208306,0.0,1678325014065.4443,1332152099741.3147,365456799907.8663,0.0,11421300323.350637,5025667422.802617,1697608899649.181,0.0,88744.91831643395,-19283885583.736572,-30705185907.08721
ssa,2081,23972211694668.64,1906642591.430121,0.0,1287991688966.0425,1020540557152.2562,141982658430.58124,0.0,12415854127.083529,11850170867.41653,1162523215582.8374,0.0,41563.12139565246,125468473383.20508,113052619256.12155
us,2082,50735072486936.15,206007440.978199,35523290.22507157,2267788090917.3926,2347996096820.334,278022667086.7563,452844832201.6872,0.0,8263108564.934938,2183669087863.8018,442349676043.28796,143875.8716501817,84119003053.59082,94614159211.99005
oecd-ex-us,2082,49100241354840.0,310738148.1042834,35124333.01878236,2188354510314.8398,2272403121988.421,259388171002.86942,279612759753.9403,0.0,6376676787.966365,2242012469947.913,289778823043.3772,121280.09814233045,-53657959633.07324,-63824022922.51013
china,2082,24134647821905.367,315331640.6157173,0.0,966811236351.4883,1181937842117.279,133163110310.40732,0.0,5051569171.7018175,5086937242.7429285,1315100952427.6863,0.0,96161.62963895967,-348289716076.198,-353341285247.89984
india,2082,28842002872523.348,1130655400.8370557,0.0,1729655454097.3665,1438703713037.3604,346818424650.51447,0.0,35138612912.35651,7840472703.761619,1785522137687.8748,0.0,60841.504159923,-55866683590.5083,-91005296502.8648
latam,2082,14978025878941.562,307517063.14899266,0.0,727840890187.3392,707430120111.4707,106510990457.09135,0.0,8838924857.485474,189544684836.928,813941110568.562,0.0,77690.34884051859,-86100220381.22278,-94939145238.70825
seasia,2082,16844626746110.996,384214940.51669276,0.0,831691478080.6724,802984037647.1072,116658162417.4238,0.0,4629805103.916255,5202288128.333448,919642200064.531,0.0,74268.94031698917,-87950721983.85864,-92580527087.7749
russia,2082,13225966931169.256,162266709.5099222,6824570.552496355,627904675579.399,595383910552.3676,75335337977.56128,25236057201.007095,0.0,163181018592.04474,643296378311.4802,27422870218.448444,90346.67235519736,-15391702732.081177,-17578515749.522526
mena,2082,25736185020734.62,376380558.72757256,0.0,1674642530210.758,1331431313479.6326,364733754588.9222,0.0,13102044830.388779,5005629420.492479,1696165068068.5547,0.0,90719.61425245351,-21522537857.79663,-34624582688.18541
ssa,2082,24092474151334.242,1917472653.7854457,0.0,1289446883159.4155,1027115014204.7899,142501160971.87015,0.0,11472895833.668247,11904644516.49463,1169616175176.6602,0.0,42974.15902995914,119830707982.75537,108357812149.08713
us,2083,50836725227262.484,206203043.19942072,35587051.386584215,2271840800640.984,2352890233629.442,278356574140.10895,453694973019.96545,0.0,7363774434.877787,2188275330132.3936,442971477637.1554,146047.79086432143,83565470508.59033,94288965891.40039
oecd-ex-us,2083,49050575693621.625,309841225.3054808,35063141.92463897,2189328066741.6257,2270428946249.9443,258951881038.78668,283843679788.62854,0.0,6543419540.092011,2240408587987.992,288972239300.7382,123426.82019996938,-51080521246.366455,-56209080758.476135
china,2083,23795802422846.54,309507100.7717402,0.0,960308411159.3151,1166814354171.303,131476945402.864,0.0,5400963437.545033,4538452793.547149,1298291299574.167,0.0,98205.00709835174,-337982888414.8519,-343383851852.397
india,2083,28754017776403.7,1126334717.0341146,0.0,1720511499757.5095,1434918265240.246,345139758081.07697,0.0,36156947940.70469,7718375384.857414,1780058023321.323,0.0,62562.45568500258,-59546523563.81348,-95703471504.51816
latam,2083,14886572835540.746,305256953.732287,0.0,722826366634.8345,703311675476.0984,105751955412.6348,0.0,8549626478.9809475,3333847332.0537853,809063630888.7332,0.0,79595.48059794241,-86237264253.89868,-94786890732.87962
seasia,2083,16757361029776.943,381990745.1220239,0.0,826704342553.0297,799033763723.4728,115924420179.8243,0.0,4209592909.223694,5197717925.442135,914958183903.2971,0.0,76141.59373687058,-88253841350.26746,-92463434259.49115
russia,2083,13215106092839.037,162041624.38982707,6829000.370827793,627842502002.1019,595288849332.5013,75223332044.55719,28170471607.83828,0.0,3638369436.8933606,643183221892.9559,27328959484.1023,92352.85436398468,-15340719890.854004,-14499207767.118023
mena,2083,25701545387278.348,376071274.5821065,0.0,1670624199684.5134,1330425959829.0789,363976210585.68,0.0,15742103031.700132,4880440305.684566,1694402170414.7588,0.0,92728.34761969531,-23777970730.24536,-39520073761.945496
ssa,2083,24207710282017.254,1927908563.8975523,0.0,1290728387418.4487,1033470370915.5172,142986277567.09158,0.0,11050853988.16962,12015245735.352057,1176456648482.609,0.0,44420.773819246286,114271738935.83984,103220884947.67023
us,2084,50934516841223.25,206403703.43226385,35648754.7825657,2275281318820.4453,2357622998233.5137,278643685392.57104,450168675434.15,0.0,8608303332.261871,2192649498419.456,443617185206.6297,148252.28705638958,82631820400.98926,89183310628.50958
oecd-ex-us,2084,48997063591516.04,308975853.3441781,34984855.994272284,2189833121325.1426,2268594656889.877,258518649435.0268,277314669483.5967,0.0,6453413410.574286,2238814999159.322,288298307165.58234,125606.53406284652,-48981877834.1792,-59965515516.164856
china,2084,23463194806410.254,303978584.96897435,0.0,952561594527.7686,1152228449869.3171,129782987698.1437,0.0,7807208548.481973,4649435151.893909,1282011437567.461,0.0,100282.57141294116,-329449843039.6924,-337257051588.1744
india,2084,28666283385055.098,1122066807.1898482,0.0,1711334868971.0676,1430902540114.2205,343419483323.61536,0.0,32195481637.331005,7448244755.505211,1774322023437.836,0.0,64319.53780678687,-62987154466.76831,-95182636104.09932
latam,2084,14794860156927.787,303015232.2188671,0.0,717778196604.333,699169673435.5154,104994215939.57608,0.0,8645317892.390558,3318332050.1915016,804163889375.0914,0.0,81535.9090948599,-86385692770.75842,-95031010663.14899
seasia,2084,16870731092912.541,379791095.51179016,0.0,821513771964.7671,793625293528.6863,117403229794.11554,0.0,4226475371.3991523,207111289865.01892,911028523322.8018,0.0,78049.74131886438,-89514751358.03467,-93741226729.43382
russia,2084,13202515788026.639,161825224.38600713,6819698.993178925,627533026181.233,595265684542.3928,75119427611.32317,26611117733.98745,0.0,3650663426.097269,643051273092.7623,27333839060.95365,94393.56803016318,-15518246911.529297,-16240968238.495499
mena,2084,25666417175756.516,375766764.9724609,0.0,1666320980413.9648,1329091293485.0068,363166893149.916,0.0,13901969145.357445,4710963844.481129,1692258186634.9229,0.0,94771.59016103219,-25937206220.958008,-39839175366.31545
ssa,2084,24315984813981.53,1953273285.8897765,0.0,1291804966571.9697,1039600772274.5084,143449526422.84137,0.0,12018534388.645706,11538398478.292364,1183050298697.3499,0.0,45903.53827694531,108754667874.61987,96736133485.97417
us,2085,51008955124587.36,206555216.50845078,35656983.28188498,2277888323121.185,2362122775314.6094,278934468865.8113,429097049952.9897,0.0,8510154470.406148,2196843249702.7495,444213994477.67194,150489.84886193747,81045073418.43555,65928128893.753296
oecd-ex-us,2085,48939141912962.16,308126373.3387798,34879211.79391438,2189635246301.2922,2266552923301.4434,258085469218.69925,271079749726.43234,0.0,6001717938.558422,2237193041339.423,287445351180.7207,127819.72350010162,-47557795038.130615,-63923396492.418976
china,2085,23138765351473.594,298774901.701451,0.0,943511308202.1791,1137768002365.9883,128055920282.2143,0.0,6865736067.302698,4748895576.671437,1265823922648.2026,0.0,102394.80063249002,-322312614446.02356,-329178350513.32623
india,2085,28572667185803.152,1117662461.6606097,0.0,1702138718107.6372,1426905731296.192,341715967748.97485,0.0,34210256877.73596,7077038563.324652,1768621699045.1667,0.0,66113.26365059931,-66482980937.52954,-100693237815.2655
latam,2085,14702638144280.43,300790828.63758576,0.0,712700539879.1444,694988358967.2893,104239537021.6695,0.0,8776588159.41433,3081931621.875331,799227895988.9587,0.0,83512.12011465497,-86527356109.81433,-95303944269.22867
seasia,2085,16781988174736.219,377609066.10876423,0.0,816127170655.3379,789593037316.6327,116653797215.87404,0.0,4138616876.8283544,5515362577.679014,906246834532.5067,0.0,79993.87244844822,-90119663877.16882,-94258280753.99718
russia,2085,13187776036697.258,161610635.43209466,6792468.608340737,626873285363.4148,595124951585.8303,75002829934.07668,24842651802.02535,0.0,3672093025.0949273,642873195630.9285,27254585888.97847,96469.29210774116,-15999910267.513672,-18411844354.466793
mena,2085,25632028374962.906,375480476.5818343,0.0,1661818477520.3042,1327655173707.7705,362355869073.3163,0.0,10980405468.420319,4784169935.589188,1690011042781.087,0.0,96849.82054596348,-28192565260.782715,-39172970729.20303
ssa,2085,24420427863029.758,1963228212.1712863,0.0,1292691211208.3086,1045442065731.1635,143876289908.46826,0.0,10296105203.234707,11366298682.795877,1189318355639.6318,0.0,47423.0296074535,103372855568.67676,93076750365.44205
us,2086,51098308740254.26,206752859.35319033,35709709.138387896,2279943168267.883,2365880010740.4106,279115326303.68744,446402946387.5514,0.0,8002838055.494004,2200850765728.325,444144571315.7721,152760.97224634764,79092402539.55762,81350777611.33691
oecd-ex-us,2086,48883472293576.73,312218447.5417169,35470858.231305026,2188733908278.7993,2264412458789.0747,257597774271.1459,271355963371.3128,0.0,6250742024.632655,2235444999117.167,286565233943.0541,130066.87964497885,-46711090838.367676,-61920361410.10895
china,2086,23158606738953.613,293875593.96026427,0.0,933181926116.1735,1123492047977.7751,130081835161.62239,0.0,5988849691.813977,346222194195.05115,1253573883139.3975,0.0,104542.17997256889,-320391957023.224,-326380806715.03796
india,2086,28777927120893.445,1113100730.332478,0.0,1692867593943.8906,1419530619216.2131,343218890194.5739,0.0,36988358173.63418,312130208730.8196,1762749509410.787,0.0,67944.15210528357,-69881915466.89648,-106870273640.53067
latam,2086,14610266115948.34,298585524.0194264,0.0,707599186616.9072,690766290978.9691,103484046533.43074,0.0,8743240355.82344,3022362919.2248206,794250337512.3999,0.0,85524.60605693856,-86651150895.49268,-95394391251.31612
seasia,2086,16692160869485.479,375433441.68701625,0.0,810559257702.7983,785490327706.6877,115898381443.0812,0.0,4347597720.121981,5349743916.353275,901388709149.7689,0.0,81974.48297896248,-90829451446.97058,-95177049167.09256
russia,2086,13172186340829.496,161409081.22273394,6762574.457689719,625870637381.3865,594937591207.9172,74860400895.85013,24753613696.220783,0.0,3584045158.39001,642623230591.3844,27174761512.382965,98580.5123881819,-16752593209.997925,-19173741026.160107
mena,2086,25875934788217.168,375135783.32128733,0.0,1657018415405.2175,1322950292201.8325,364677536669.20593,0.0,13959407135.46183,288475233855.5445,1687627828871.0386,0.0,98963.52449085074,-30609413465.821045,-44568820601.282875
ssa,2086,24520790103439.426,1972834520.90035,0.0,1293397235240.4578,1051104057241.681,144274765718.40314,0.0,9178332192.55576,11522160321.844341,1195378822960.0842,0.0,48979.82980658072,98018412280.37354,88840080087.81778
us,2087,51185580747596.42,206942559.52117512,35755727.62724811,2281689505516.499,2370278996250.0596,279225617441.44366,447202141992.86115,0.0,7884973524.350735,2204649705859.1885,444854907832.3147,155066.16061477683,77039799657.31055,79387033817.857
oecd-ex-us,2087,48829472990227.37,311424003.11609817,35382028.16732913,2187162224967.687,2262113295383.7007,257078329661.5763,272078365056.5127,0.0,5951731671.741089,2233541971559.1343,285649653486.1419,132348.50110526668,-46379746591.447266,-59951035021.07648
china,2087,22840561638411.92,289236060.7986581,0.0,921512373505.9004,1109220637791.4707,128282610412.3987,0.0,6709334888.856049,4655109045.137322,1237503248203.8694,0.0,106725.2019331531,-315990874697.969,-322700209586.8251
india,2087,28679868204301.445,1108593165.1961274,0.0,1683676193269.1208,1415049774717.606,341408085794.6768,0.0,32560368250.0993,7283118901.24821,1756457860512.2827,0.0,69812.72795628989,-72781667243.16187,-105342035493.26117
latam,2087,14518191998477.176,296402871.57434505,0.0,702481735548.2935,686513298797.9307,102727125002.03624,0.0,8366647351.09966,3051218131.605752,789240423799.9669,0.0,87573.86606696805,-86758688251.67346,-95125335602.77312
seasia,2087,16601455287753.748,373261563.3505737,0.0,804846359970.6646,781301434910.4357,115131439175.22252,0.0,4444638916.052838,5325571299.317763,896432874085.6582,0.0,83992.07536276645,-91586514114.99365,-96031153031.0465
russia,2087,13158053102896.635,161235493.72916344,6750714.834054811,624573388250.4073,594661977745.9382,74700310915.00676,26984651297.1257,0.0,3671011180.5438695,642275465942.7228,27086822718.2221,100727.72182228231,-17702077692.31543,-17804249113.411827
mena,2087,25833017708483.45,374753073.7002696,0.0,1651841520250.1543,1321201529053.2827,363805921921.76044,0.0,14895285845.332184,5144136836.497778,1685007450975.0432,0.0,101113.19488057579,-33165930724.888916,-48061216570.2211
ssa,2087,24614005359874.504,1981891683.174803,0.0,1293868168756.2822,1056556007797.9082,144647775880.28146,0.0,11303279936.22259,11854151293.200861,1201203783678.1897,0.0,50574.525766229104,92664385078.09253,81361105141.86993
us,2088,51990540257081.72,207159038.9703237,35833180.3549075,2283145690823.4126,2368358592755.939,286094395073.9187,464245418201.86206,0.0,712021388289.8595,2207172782090.344,447280205739.5136,157405.9249237484,75972908733.06836,92938121195.41681
oecd-ex-us,2088,48786200117091.13,310685056.5064114,35321274.70171271,2184992699798.3555,2259816028080.045,256573349087.21207,281973759487.64276,0.0,6150044745.031958,2231447187300.372,284942189866.88495,134665.09407535597,-46454487502.0166,-49422917881.25879
china,2088,22525705116301.246,284849208.94526297,0.0,908515840245.0957,1094748362020.0493,126441406578.39412,0.0,6670904023.168516,4488310265.835218,1221189768598.4434,0.0,108944.36641868131,-312673928353.34766,-319344832376.5162
india,2088,28578383870156.902,1103997451.7288325,0.0,1674624983603.605,1410634791564.754,339624257648.41656,0.0,32953722101.224773,7103453566.2606125,1750259049213.1704,0.0,71719.52202098836,-75634065609.56543,-108587787710.7902
latam,2088,14426288154746.832,298732344.6382278,0.0,697363646171.9526,682247805520.2876,101972329217.1337,0.0,8076761108.924312,3029405944.0398183,784220134737.4213,0.0,89660.40616660006,-86856488565.46863,-94933249674.39294
seasia,2088,16510830837400.67,371105537.280001,0.0,799044113244.3435,777033653796.727,114352519830.5628,0.0,3656370540.252752,5373980570.119812,891386173627.2898,0.0,86047.15878400164,-92342060382.94629,-95998430923.19904
russia,2088,13140724522915.084,163171616.78830752,6849193.3248808235,622954900336.498,594377327660.0988,74548208911.23593,25139932964.265793,0.0,3502123289.0343394,641821569196.4719,27103967374.86351,102911.42064349535,-18866668859.973877,-20830703270.571594
mena,2088,25789208295780.94,374360383.1132352,0.0,1646411652862.0405,1319225915154.1455,362884175637.3738,0.0,13271861975.834003,5160887202.815008,1682110090791.5193,0.0,103299.33189164315,-35698437929.47876,-48970299905.31276
ssa,2088,24700979933086.875,1990459050.0495825,0.0,1294093310394.4922,1061668304353.6287,144972402519.22803,0.0,12526289807.4361,12048259498.188545,1206640706872.8567,0.0,52207.70938325272,87452603521.6355,74926313714.1994
us,2089,52076009635911.695,207335992.83268186,35878838.579300985,2284328331849.289,2372928042730.6826,286330269267.9914,452287084791.75146,0.0,8112274187.59598,2210662120103.918,448596191894.75696,159780.78379441838,73666211745.3711,77357104642.3656
oecd-ex-us,2089,48724227534157.76,309906273.9798196,35202644.42146767,2181971908523.0476,2257722836923.612,256074445019.16016,263598151004.17963,0.0,6254639482.16182,2229148775857.9146,284648506084.8578,137017.17244994192,-47176867334.86694,-68227222415.545105
china,2089,22212955739546.906,280689563.82074976,0.0,894363146869.5801,1080064590183.3137,124563317216.40115,0.0,6668006329.006727,4183390104.8087096,1204627907399.7148,0.0,111200.18085960185,-310264760530.13477,-316932766859.1415
india,2089,28473296910208.46,1099306541.3667018,0.0,1665673113167.709,1406067648859.9597,337823200565.03094,0.0,33609725600.625587,6740501909.445166,1743890849424.9907,0.0,73665.07128618739,-78217736257.28174,-111827461857.90732
latam,2089,14333956548909.328,296547953.20252186,0.0,692247686050.3478,677969110137.1967,101220354420.59721,0.0,8344230669.0695915,2954403339.0187798,779189464557.7938,0.0,91784.73938678707,-86941778507.44604,-95286009176.51564
seasia,2089,16418467713360.68,368925049.64139974,0.0,793158824229.0825,772732572760.2997,113568872637.22609,0.0,4599597946.733796,5379095075.189717,886301445397.5258,0.0,88140.24929296771,-93142621168.44324,-97742219115.17703
russia,2089,13122000267988.514,162980194.68473676,6826819.599853029,620992256051.8284,593891104995.0425,74362378491.66042,25177169832.430748,0.0,3359802675.873135,641244014289.9746,27009469196.72829,105132.1164927191,-20251758238.14624,-22084057602.443783
mena,2089,25743544233790.55,373940496.7230077,0.0,1640819499868.2102,1317161898427.3513,361944213527.7939,0.0,12463415440.029325,5085965536.563842,1679106111955.1453,0.0,105522.44311674972,-38286612086.93506,-50750027526.964386
ssa,2089,24784770850731.85,1998751595.3941362,0.0,1294141215135.32,1066491742835.9882,145262955017.64392,0.0,10404684546.169939,11809084909.440731,1211754697853.632,0.0,53879.97767244337,82386517281.68799,71981832735.51805
us,2090,52149218067996.32,207478214.52007958,35899553.41261089,2285035906802.1147,2376625622988.935,286481271407.3456,442716407708.54956,0.0,8563011970.267233,2213952501770.2446,449154392626.0358,162191.26362754081,71083405031.87012,64645420114.38385
oecd-ex-us,2090,48660450742998.266,309128802.94436765,35076152.47782211,2178011807916.2153,2254823369710.7715,255495978820.42996,262589020749.1425,0.0,5941728706.37163,2226642124074.012,283677224457.1879,139405.2579393962,-48630316157.796875,-69718519865.84232
china,2090,21902847284913.785,276709424.4397402,0.0,879297866210.0996,1065149404385.2474,122642598250.27864,0.0,5822389046.949738,4208070839.256981,1187792002635.5261,0.0,113493.16033543216,-308494136425.4265,-314316525472.3762
india,2090,28369170461553.77,1094636679.7669353,0.0,1656845884850.615,1401340917275.1382,335995070106.5225,0.0,30753029321.41121,7116683197.779212,1737335987381.6606,0.0,75649.91904783677,-80490102531.04565,-111243131852.45686
latam,2090,14241515083689.916,294377028.0463566,0.0,687124564811.1494,673655126611.4666,100468116616.7098,0.0,8298803288.265769,2856016485.892493,774123243228.1764,0.0,93947.3859016295,-86998678417.02698,-95297481705.29274
seasia,2090,16325260586372.314,371968351.14388055,0.0,787207268603.4868,768324862729.8394,112778792948.98744,0.0,4219181479.1894846,4908441566.162368,881103655678.8268,0.0,90271.86994211747,-93896387075.33997,-98115568554.52945
russia,2090,13100916868565.117,162780574.26387745,6802440.597262522,618707428422.34,593275632335.1571,74164784467.39348,24321346537.274815,0.0,3328242419.540169,640526610619.3853,26913806183.165546,107390.32454457547,-21819182197.045288,-24411641842.93602
mena,2090,25690614379071.35,373418100.4400806,0.0,1634989376912.6423,1314975230218.1396,360972523709.12726,0.0,17071746516.076612,5100268811.515277,1675947753927.2668,0.0,107783.04369084485,-40958377014.62451,-58030123530.701126
ssa,2090,25085251076203.75,2006630006.180155,0.0,1294020763858.632,1066695004292.5724,148261352329.2465,0.0,10617781678.744408,232033599913.85117,1214956356621.8188,0.0,55591.93288358827,79064407236.81323,68446625558.068825
us,2091,52229839935665.71,207626984.05465865,35938450.64355195,2285578598373.308,2379594093814.604,286658807053.94916,453418376118.75586,0.0,7877794045.915655,2217084506672.3726,449168394196.1815,164637.89872015742,68494091700.93555,72744073623.50989
oecd-ex-us,2091,48603742101039.73,308380002.9327471,34976407.42389923,2173481130605.1292,2251554472864.502,254909809140.6491,270280635936.3259,0.0,5993873505.117442,2223899861438.696,282564420566.45605,141829.8801868349,-50418730833.56665,-62702515463.69681
china,2091,21594158477039.797,272840979.10686463,0.0,863436571402.9725,1050039240485.3926,120685454732.3905,0.0,5761407044.417634,4360722985.244915,1170724695217.7832,0.0,115823.82769935735,-307288123814.81067,-313049530859.22833
india,2091,28261534677300.527,1089873848.3549511,0.0,1648069181724.1355,1396636075255.825,334193241599.0417,0.0,31645509538.259052,6769860415.750932,1730829316854.8667,0.0,77674.61505289626,-82760135130.7312,-114405644668.99025
latam,2091,14149180528293.42,292219348.5466144,0.0,682007761891.0251,669323888904.4016,99716659880.0616,0.0,8129981811.951056,2828213308.8913445,769040548784.4633,0.0,96148.8731639963,-87032786893.43811,-95162768705.38916
seasia,2091,16231532936557.422,369760042.07933295,0.0,781237093570.1716,763874025799.5576,111981117845.57811,0.0,4107499494.0120387,4997899754.081638,875855143645.1357,0.0,92442.55092367926,-94618050074.96411,-98725549568.97615
russia,2091,13079509126628.715,162580372.08246535,6788359.621134353,616141967271.5135,592536020043.7476,73952690967.30396,25682268872.682163,0.0,3256732930.4476857,639664221645.9863,26824489365.06481,109686.56763520247,-23522254374.47278,-24664474866.855427
mena,2091,25640535953287.918,372918190.4440134,0.0,1629031736993.4602,1312403815621.5361,359902272423.3327,0.0,11735549120.422243,4931474388.38529,1672306088044.869,0.0,110081.65641870507,-43274351051.40869,-55009900171.83093
ssa,2091,25159436861453.777,2014003833.8713758,0.0,1293683462955.6917,1071157294427.3226,148520649692.54504,0.0,12230253188.589306,12410519602.77594,1219677944119.8677,0.0,57344.182622544366,74005518835.82397,61775265647.234665
us,2092,52308145639467.59,207772992.0546406,35985642.21613981,2286211923286.7666,2382879262367.5493,286794837214.7948,453449088083.97864,0.0,8318792013.419088,2220042712729.692,449631386852.6501,167121.231384038,66169210557.07471,69986911788.40326
oecd-ex-us,2092,48541207447835.875,307611771.6847821,34860133.03291378,2168386321942.9583,2248472221189.636,254334818452.27084,265774525635.91733,0.0,6111538859.166801,2220922314939.9233,281884724701.985,144291.57688690972,-52535992996.96509,-68646192063.032745
china,2092,21285987165652.227,269025125.18538344,0.0,846895083821.9408,1034702958813.3497,118701269765.98984,0.0,5759608922.909704,4097442292.733146,1153404228579.3396,0.0,118192.71370439492,-306509144757.3988,-312268753680.30853
india,2092,28153566940472.9,1098938302.8403542,0.0,1639357751007.8086,1391770457382.6523,332370357876.4921,0.0,30161648883.34182,6976976307.03879,1724140815259.1445,0.0,79739.71564335284,-84783064251.33594,-114944713134.67776
latam,2092,14057090394761.312,290074501.7501203,0.0,676908114946.2212,664984841950.9111,98968473211.97615,0.0,7777860849.641862,2732927534.193605,763953315162.8873,0.0,98389.7360427273,-87045200216.66614,-94823061066.308
seasia,2092,16137098751106.812,367538246.27591103,0.0,775293798754.1074,759377129025.0013,111180972805.1064,0.0,3970183784.7075453,4800301410.101892,870558101830.1078,0.0,94652.82970891536,-95264303076.00037,-99234486860.70792
russia,2092,13053523835571.547,162346582.32916677,6755238.9102781955,613317390592.5444,591690397372.6667,73727900613.85576,22777945785.751194,0.0,3337670551.0636907,638650195042.8735,26768102943.648758,112021.37639158453,-25332804450.3291,-29322961608.226665
mena,2092,25587398281791.906,376921700.3320747,0.0,1623051389775.014,1309964060962.812,358859516283.94836,0.0,12244249711.899858,4878765687.647778,1668823577246.7603,0.0,112418.8119040481,-45772187471.74634,-58016437183.646194
ssa,2092,25228619489155.83,2020983998.385391,0.0,1293132652100.1653,1075321493145.7158,148741917381.6697,0.0,12144547961.921934,12257934091.186426,1224063410527.3855,0.0,59137.33997627435,69069241572.77979,56924693610.85785
us,2093,52378220158626.234,207899596.60908464,36022967.5210529,2286888489858.7466,2386291773972.781,286908141063.8455,448196113614.25616,0.0,8189830722.274626,2222870307687.542,450329607349.08453,169641.812065897,64018182171.20459,61884688436.37622
oecd-ex-us,2093,49159895404488.11,306858759.4039062,34767703.741763815,2162727634337.4883,2240668304474.2114,260253259825.69186,269277614700.58524,0.0,687604271914.1073,2218452972608.203,282468591691.70074,146790.89390634914,-55725338270.71484,-68916315261.83035
china,2093,20977997087150.63,270036199.97588617,0.0,829858436481.8228,1019155464738.3599,116693879976.99239,0.0,6005040221.092078,4005869953.010031,1135849344715.3523,0.0,120600.3571311524,-305990908233.52954,-311995948454.62164
india,2093,28043366142783.152,1094097896.0353272,0.0,1630713868046.3867,1386872446128.2737,330562182961.5769,0.0,30216333748.025528,6736297101.75435,1717434629089.8506,0.0,81845.78390237053,-86720761043.46387,-116937094791.4894
latam,2093,13964455970659.475,287924430.7255747,0.0,671817102023.298,660650440648.4425,98223479883.08076,0.0,8295824625.272677,2718219031.6561975,758873920531.5233,0.0,100670.51696143298,-87056818508.22534,-95352643133.49802
seasia,2093,16041978887344.057,365295677.8454977,0.0,769420290336.2717,754844306408.093,110378163876.58336,0.0,4031362093.9803705,4713678279.633457,865222470284.6764,0.0,96903.2511890274,-95802179948.40466,-99833542042.38504
russia,2093,13029392923019.984,162115108.917947,6742773.732992384,610301058649.9199,590561576748.0929,73470695330.61562,26347713383.801445,0.0,3252587493.4234557,637493208602.8262,26539063475.882355,114395.28936244626,-27192149952.90625,-27383500044.98716
mena,2093,25531716584030.027,376341697.15593547,0.0,1616974965944.3179,1307372741927.1558,357772137689.0178,0.0,12214617464.195171,4702833374.170837,1665144879616.1736,0.0,114795.0486802117,-48169913671.85571,-60384531136.05089
ssa,2093,25292885351158.29,2027571037.5622306,0.0,1292398037744.411,1079259866140.8339,148933254072.5481,0.0,12133354192.52044,12194298663.959534,1228193120213.3818,0.0,60972.02364178916,64204917531.02905,52071563338.50861
us,2094,52453771802164.07,208041059.32877254,36084028.25686481,2287704623170.3105,2389272179264.205,286923008309.94226,455992853007.4901,0.0,8049354934.2000475,2225589456341.3604,450605731232.78656,172200.19946941396,62115166828.950195,67502288603.65375
oecd-ex-us,2094,49090188780317.664,306080281.14314604,34664146.414013684,2156595820300.9966,2237183533755.1562,259573938671.98685,264232675552.06058,0.0,6222352403.634043,2215121844934.4766,281635627492.6671,149328.385406277,-58526024633.47998,-75928976574.08652
china,2094,20670296549677.754,266169327.3210721,0.0,812569934020.787,1003413036341.7799,114669841528.56555,0.0,6152145862.424511,3964552239.109426,1118082877870.3455,0.0,123047.30491720603,-305512943849.5585,-311665089711.983
india,2094,27931990320365.41,1089220761.1540174,0.0,1622078538699.744,1381870257118.5505,328751846616.8127,0.0,29461432534.554367,6629175152.427375,1710622103735.3633,0.0,83993.38980255922,-88543565035.61938,-118004997570.17375
latam,2094,13872117630845.26,285785902.10695547,0.0,666740842771.627,656284457599.7036,97478891052.45818,0.0,7883137436.981143,2567303503.308443,753763348652.1617,0.0,102991.76603890731,-87022505880.53479,-94905643317.51593
seasia,2094,15946649664942.771,363035318.64563876,0.0,763626620496.1105,750274939897.7429,109568178812.89069,0.0,3988296719.485153,4875572532.721152,859843118710.6335,0.0,99194.36781772005,-96216498214.52307,-100204794934.00822
russia,2094,13162728585709.035,161881619.82098296,6750720.851356473,607192554525.1094,588069617693.5975,74952221837.42555,28322736239.031876,0.0,160842211455.92294,636402590544.4983,26619248986.525116,116808.85315073546,-29210036019.388916,-27506548766.882156
mena,2094,25469949063748.945,375663698.2813184,0.0,1610773134130.5254,1304665360645.2476,356643671243.8652,0.0,16005883857.762926,4774261335.265828,1661309031889.1128,0.0,117210.91334242317,-50535897758.5874,-66541781616.35033
ssa,2094,25352644483012.992,2033781937.7454183,0.0,1291502325560.0137,1082969688357.7012,149091661807.66476,0.0,11962726339.638966,12280882799.697641,1232061350165.366,0.0,62848.8580589418,59440975394.647705,47478249055.00874
us,2095,52521321869012.695,211147303.36917308,36750146.37397605,2288687175179.583,2392323706657.294,287017614756.933,450280752945.3293,0.0,7923460137.902976,2228225571899.801,451115749514.42535,174796.96067908395,60461603279.78223,59626606710.68616
oecd-ex-us,2095,49012975953272.3,305271461.89767957,34547289.892348446,2149999537927.0762,2233310394359.732,258921308293.39212,259029091025.17075,0.0,5990246655.482078,2211578916827.2236,280652785825.9009,151904.61396633636,-61579378900.14746,-83203073700.8776
china,2095,20363666164726.387,262286646.89774385,0.0,795280873098.5133,987520242601.3444,112645150324.24919,0.0,5397910014.048411,3652044889.7651925,1100165392925.5935,0.0,125534.11228812842,-304884519827.0802,-310282429841.1286
india,2095,27818290907374.992,1084278374.490141,0.0,1613438524235.8862,1376805180754.0278,326950197435.4795,0.0,29773480339.098427,6390921302.306983,1703755378189.5073,0.0,86183.11035635007,-90316853953.6211,-120090334292.71951
latam,2095,13949293558888.713,283650880.87776303,0.0,661683788185.9655,651074201961.9303,98555133148.48737,0.0,8014822415.308939,173136297383.21216,749629335110.4177,0.0,105354.04123117104,-87945546924.45227,-95960369339.76122
seasia,2095,16038995231335.135,360755564.9268256,0.0,757930526587.0226,744614344800.1252,110874121356.35828,0.0,4144563069.5227227,194048069031.3352,855488466156.4835,0.0,101526.73975543592,-97557939569.46094,-101702502638.98366
russia,2095,13135531279388.633,161616714.53113914,6752448.112348627,604016792478.0217,586956266132.0414,74700087829.10442,27166870859.97287,0.0,3275384302.7619534,635019952705.9088,26636401255.23675,119262.62254772204,-31003160227.887085,-30472690623.150967
mena,2095,25410625271446.04,374998386.5854952,0.0,1604559199551.7314,1301662074257.5908,355430710374.8816,0.0,11507077176.411743,4716869954.244975,1657092784632.4724,0.0,119666.9606816866,-52533585080.74097,-64040662257.15271
ssa,2095,25407422578665.555,2057112219.263994,0.0,1290445433205.9797,1086467629345.5432,149225801785.49002,0.0,12012451189.364708,12038544766.994614,1235693431131.0332,0.0,64768.47354701784,54752002074.94653,42739550885.581825
us,2096,52573824013179.055,211241985.26974127,36771220.11024309,2289679065183.562,2395147295395.6294,287128173008.5026,437799565156.0728,0.0,7298982230.883239,2230820351878.7354,451455116525.39734,177432.6712859258,58858713304.82666,45203161935.50214
oecd-ex-us,2096,48933274273475.32,304447774.4472025,34433269.538091525,2143118446120.7732,2229080050899.0054,258229410013.56174,258452995658.21985,0.0,6036339336.576626,2207832063269.5967,279477397642.96985,154520.15071064697,-64713617148.82349,-85738019133.57349
china,2096,20057179403446.383,258355653.2942637,0.0,778191279282.7073,971572873338.4138,110626417255.55052,0.0,6305552687.347674,3826802718.609132,1082199290593.9644,0.0,128061.3428901945,-304008011311.2571,-310313563998.60474
india,2096,27703274699067.938,1079293782.1373968,0.0,1604780114739.744,1371623770320.454,325139919243.426,0.0,29624723436.4315,6592089953.507472,1696763689563.8801,0.0,88415.52976846676,-91983574824.13623,-121608298260.56773
latam,2096,13856138325740.326,281520727.7446752,0.0,656646141995.6072,646735570958.9185,97803873988.15468,0.0,8021846179.478104,2759915982.5558043,744539444947.0731,0.0,107757.90847516365,-87893302951.46594,-95915149130.94405
seasia,2096,15941289004740.617,358447350.3222994,0.0,752339162699.4779,740030255319.7788,110051838482.64053,0.0,4813771028.814088,4850475537.243923,850082093802.4193,0.0,103900.93501527626,-97742931102.9414,-102556702131.7555
russia,2096,13104616687869.398,161310687.0576709,6739776.360171724,600788681871.4512,585679925116.9,74431203929.55464,25043357191.47017,0.0,3364498464.292859,633510258700.9841,26600870345.469833,121757.1606687399,-32721576829.53296,-34279089983.532623
mena,2096,25346348230747.777,374254588.20978624,0.0,1598372304236.3452,1298796531482.3794,354246654637.0924,0.0,14115611863.994995,4509453048.855298,1653043186119.4717,0.0,122163.7538203148,-54670881883.126465,-68786493747.12146
ssa,2096,25459386950433.637,2062933481.471499,0.0,1289240473583.3677,1089738813347.7882,149328588159.44473,0.0,10373579335.146034,12164879027.068808,1239067401507.233,0.0,66731.5064450685,50173072076.134766,39799492740.98873
us,2097,52631331661651.69,211338568.3201706,36800695.73923563,2290868086216.0586,2397697547068.5947,287114707025.72925,443758167080.897,0.0,7693649269.994895,2233364535843.4854,451447718250.8404,180107.91551507643,57503550372.57324,49813999202.62982
oecd-ex-us,2097,48855579177262.445,303625508.63720167,34338104.2886565,2136216799588.791,2224663051058.381,257493314177.1156,262165865748.5599,0.0,6078603685.356039,2203905557435.027,278250807800.4701,157175.5754356251,-67688757846.23584,-83773699898.14603
china,2097,19751715472792.68,254386784.35363224,0.0,761551744558.1813,955546170780.908,108626091799.36015,0.0,6295171807.37665,3451759175.7486186,1064172262580.2681,0.0,130629.56892479447,-302620518022.0868,-308915689829.46344
india,2097,27586483238317.25,1074270137.3856316,0.0,1596117196235.5269,1366354134464.5022,323336062494.72375,0.0,29510352340.004658,6291892313.037353,1689690196959.226,0.0,90691.23959048404,-93573000723.69922,-123083353063.70387
latam,2097,13763266441622.508,279401794.29694766,0.0,651655404830.9587,642398033172.8893,97056586085.83437,0.0,7716313933.102001,2643644243.053515,739454619258.7236,0.0,110203.94183410333,-87799214427.7649,-95515528360.8669
seasia,2097,15844023727713.19,356139671.0747947,0.0,746879579837.5164,735412459850.0032,109230094022.44318,0.0,4183860695.0430627,4681557702.536469,844642553872.4463,0.0,106317.52961062205,-97762974034.92993,-101946834729.97299
russia,2097,13073665260635.725,160986117.69541872,6736451.435453186,597568355916.0734,584270891571.38,74138555939.88383,26578790861.576263,0.0,3310873499.940442,631891028532.6135,26518418978.650448,124293.03909059986,-34322672616.54016,-34262300733.614346
mena,2097,25279598950837.664,373461933.711096,0.0,1592146998549.291,1295714420735.6028,353000448213.9744,0.0,14661085756.163677,4479676246.327773,1648714868949.5771,0.0,124701.86434913432,-56567870400.28613,-71228956156.44981
ssa,2097,25505791417383.594,2068329652.4814136,0.0,1287883208132.1726,1092865248014.9037,149417779920.59027,0.0,11107446198.94426,11911732952.23535,1242283027935.494,0.0,68738.59925593257,45600180196.67871,34492733997.73445
us,2098,52674249644214.56,211391219.01722956,36791411.89987956,2292198993590.4434,2400352219178.354,287130373776.3884,430635261518.171,0.0,7566320408.995992,2235900784156.3926,451581808798.34845,182823.28635529845,56298209434.05078,35351662153.87335
oecd-ex-us,2098,48776713753274.46,302780876.63154763,34236994.84373372,2129434347915.447,2220356259867.6772,256783971972.17114,262962857009.13718,0.0,5877602927.2174015,2199839054290.064,277301177549.7852,159871.4767396942,-70404706374.61694,-84743026915.26498
china,2098,19449067297024.855,250396097.89707068,0.0,745563563676.3043,939548569317.0681,106654646433.96358,0.0,5378633727.650493,3370110034.556943,1046203215751.0317,0.0,133239.37128458417,-300639652074.7274,-306018285802.3779
india,2098,27758812109263.695,1069202337.5129547,0.0,1587440621617.5916,1358329804939.4404,324663915634.3725,0.0,30002375109.620487,297884345012.2676,1682993720573.813,0.0,93010.83887746603,-95553098956.22144,-125555474065.84192
latam,2098,13670522995865.197,277289620.82699287,0.0,646727430360.5466,638078772854.9514,96313767516.25876,0.0,7707383658.647721,2629047911.999653,734392540371.2102,0.0,112692.72364453526,-87665110010.66357,-95372493669.3113
seasia,2098,15746572735154.176,353817099.64072466,0.0,741575645977.8207,730829202410.8325,108415928311.8591,0.0,4467574857.177865,4686067043.04324,839245130722.6917,0.0,108777.10770447258,-97669484744.87097,-102137059602.04884
russia,2098,13038870191228.922,160612150.76753247,6711856.711018018,594402473571.7007,582835281264.5277,73855903473.5932,24156844179.10972,0.0,3336797580.5056324,630174944606.6135,26516240131.50763,126870.83799070204,-35772471034.91284,-38131866987.31075
mena,2098,25212601011814.43,372648301.9273602,0.0,1586011550848.599,1292530947993.1863,351723049317.2126,0.0,13244023195.538872,4488530634.11912,1644253997310.399,0.0,127281.87246639207,-58242446461.799805,-71486469657.33868
ssa,2098,25548017159342.242,2073385939.2496102,0.0,1286372790633.9548,1095747812404.0109,149478276892.25555,0.0,10603720252.870993,11682760873.82992,1245226089296.2664,0.0,70790.40079389472,41146701337.68848,30542981084.817482
us,2099,52722411605857.79,211445714.63603157,36787872.43217839,2293729433761.5684,2402417992122.7217,287113732637.5111,437008256996.31836,0.0,6955995645.597418,2238465382597.643,451066342162.5912,185579.38569043114,55264051163.92529,41205965997.652466
oecd-ex-us,2099,48688844823795.02,301897579.52986795,34112344.65634143,2122712404074.9404,2215971314193.536,256064954017.36478,255641245728.4771,0.0,5813688928.067231,2195664789813.814,276371478397.08716,162608.45215491657,-72952385738.87354,-93682618407.48358
china,2099,19419477961051.457,246378443.75501722,0.0,730406196498.4484,925562124332.8359,107843007914.05206,0.0,5581674644.595902,278991274419.6346,1033405132246.888,0.0,135891.3396914031,-302998935748.4396,-308580610393.03546
india,2099,27640132443642.312,1064153883.1291827,0.0,1578791498586.468,1352902648479.5305,322853678170.3127,0.0,28362263845.574295,6647426287.569944,1675756326649.8433,0.0,95374.93434667916,-96964828063.37524,-125327091908.94954
latam,2099,13578235041841.945,275191228.70889926,0.0,641863023249.4143,633767905296.1248,95574904997.27579,0.0,7373704013.611998,2565537034.3487124,729342810293.4005,0.0,115224.84466508975,-87479787043.9862,-94853491057.5982
seasia,2099,15649243970417.627,351490346.80476284,0.0,736413139827.6791,726248453074.9777,107608839983.71414,0.0,4369201872.976301,4484590367.433773,833857293058.6918,0.0,111280.26176051899,-97444153231.0127,-101813355103.989
russia,2099,13003663817706.494,160218961.59446377,6695579.245102286,591324856686.9205,581254790769.6749,73547601490.69563,25103298913.727585,0.0,3167863137.295618,628383677444.0782,26418714816.292183,129491.14628787698,-37058820757.157715,-38374236659.72231
mena,2099,25413317112727.215,371779734.68590283,0.0,1579953423074.3813,1286706125522.2634,353396843411.48596,0.0,14725643876.124067,275591290648.27826,1640102968933.7495,0.0,129904.36711839252,-60149545859.368164,-74875189735.49223
ssa,2099,25585732430123.86,2078045049.1435542,0.0,1284714504582.224,1098432170324.5084,149505153169.48364,0.0,11100098677.61267,12038188370.988277,1247937323493.9922,0.0,72887.56633592842,36777181088.23193,25677082410.619263
us,2100,52753777138456.875,211453741.47041914,36739955.06405861,2295466717938.8574,2404512291550.5337,287078917569.9561,419504740723.2899,0.0,7985283057.374189,2241027500140.2803,450563708980.21124,188376.82443281286,54439217798.57715,23380249541.655823
oecd-ex-us,2100,48594242004552.42,305681958.4070067,34627197.387205414,2116061406943.5774,2211222178529.6147,255331472636.7368,250203005368.35767,0.0,5686419611.869992,2191418389639.4375,275135261526.9142,165387.10828057534,-75356982695.8601,-100289238854.41663
china,2100,19118379070297.46,242350719.28370064,0.0,716198598310.3037,909864493445.1257,105896105723.4728,0.0,5103972833.7376585,3567082938.031726,1015760599168.5985,0.0,138586.07283599087,-299562000858.2948,-304665973692.0325
india,2100,27519050714351.652,1059056159.9400558,0.0,1570091394035.242,1347460678137.9587,321065237092.7441,0.0,28876625388.486908,6229417293.275154,1668525915230.703,0.0,97784.1405383757,-98434521195.46094,-127311146583.94785
latam,2100,13485980369763.91,273099882.63855124,0.0,637068693308.742,629483634985.8046,94843291109.19894,0.0,7470348121.582471,2473908829.79257,724326926095.0035,0.0,117800.90422697247,-87258232786.2616,-94728580907.84407
seasia,2100,15551958431985.846,349155325.04670316,0.0,731372189335.1028,721694635730.7496,106808884458.7422,0.0,4637531768.241645,4483324190.85071,828503520189.4918,0.0,113827.59269597149,-97131330854.38904,-101768862622.63068
russia,2100,12967896621543.27,161928285.667385,6795041.59270788,588382783868.0527,579611936430.5559,73232596674.9487,25418884713.817604,0.0,3275668360.4198074,626524961093.0227,26319572012.481834,132154.56178498504,-38142177224.96997,-39042864523.6342
mena,2100,25341111692357.598,370870692.56390435,0.0,1573948090422.359,1283424600734.2869,352079686041.3245,0.0,15170784203.11379,4521560186.754873,1635504286775.6113,0.0,132569.94614189598,-61556196353.25244,-76726980556.36623
ssa,2100,25620220273361.07,2082430717.198496,0.0,1282916669216.2334,1100890365536.1548,149507099106.7613,0.0,9780403868.126574,11749042532.028082,1250397464642.916,0.0,75030.75777647289,32519204573.317383,22738800705.19081
