region,year,stock,head,imm_head,investment,depreciation,writeoff,mig_in,mig_out,revaluation,charge_own,charge_imm,gdppc,net_own,net_total
us,2025,42597767144857.26,163468667.3197481,0.0,0.0,0.0,0.0,0.0,0.0,0.0,0.0,0.0,61050.561392568336,0.0,0.0
oecd-ex-us,2025,57584978608061.44,382715206.5144276,0.0,0.0,0.0,0.0,0.0,0.0,0.0,0.0,0.0,40746.2474376583,0.0,0.0
china,2025,57839764999751.484,754690317.0381244,0.0,0.0,0.0,0.0,0.0,0.0,0.0,0.0,0.0,23526.530999766437,0.0,0.0
india,2025,14432921146914.07,758253586.7746348,0.0,0.0,0.0,0.0,0.0,0.0,0.0,0.0,0.0,7962.740251283043,0.0,0.0
latam,2025,12756720765758.104,304226941.7672932,0.0,0.0,0.0,0.0,0.0,0.0,0.0,0.0,0.0,14201.148310712375,0.0,0.0
seasia,2025,12553011591910.963,338611634.74681383,0.0,0.0,0.0,0.0,0.0,0.0,0.0,0.0,0.0,12765.330691481528,0.0,0.0
russia,2025,11576313599487.303,139645266.8252507,0.0,0.0,0.0,0.0,0.0,0.0,0.0,0.0,0.0,20297.66333329072,0.0,0.0
mena,2025,11787095388255.021,222635280.40974152,0.0,0.0,0.0,0.0,0.0,0.0,0.0,0.0,0.0,20496.517103421746,0.0,0.0
ssa,2025,3711249022559.1807,444568199.96648616,0.0,0.0,0.0,0.0,0.0,0.0,0.0,0.0,0.0,3497.158670690358,0.0,0.0
us,2026,42650624259697.04,166961118.04950717,942258.3709978287,2026362714361.3816,2135863256170.7847,237672757765.1322,388539339518.8388,0.0,11491074895.47347,2373536013935.917,0.0,61980.16024673619,-347173299574.5354,41366039944.303406
oecd-ex-us,2026,57155771707682.5,388303852.52893054,1321888.7014311934,2400934703920.2725,2891116564007.126,312363797850.11694,360690282030.65546,0.0,12648475527.405304,3203480361857.243,0.0,41618.333088470004,-802545657936.9707,-441855375906.31525
china,2026,57367281460015.43,762018325.6697094,0.0,2709877323056.3174,2921057713237.975,314195159133.6152,0.0,20191405929.708416,73083415508.89754,3235252872371.5903,0.0,24228.855750619772,-525375549315.27295,-545566955244.9814
india,2026,15218549835933.812,778632281.0523635,0.0,1911124422271.8472,875115914978.6515,202958314835.0167,0.0,57569036196.553505,10147532758.122417,1078074229813.6682,0.0,8334.796268499304,833050192458.179,775481156261.6255
latam,2026,12970443597189.64,309987266.3670202,0.0,1010286765935.1719,683485139778.035,99626046286.11684,0.0,18772703400.049774,5319954960.567571,783111186064.1519,0.0,14736.250277982586,227175579871.02002,208402876470.97025
seasia,2026,12879211709463.262,345663904.28693175,0.0,1096459523389.5436,674018192009.6808,96665983904.65321,0.0,5750118343.761791,6174888420.862362,770684175914.334,0.0,13267.526588403778,325775347475.2096,320025229131.4478
russia,2026,11626777810291.363,142404087.57118854,203659.67093260528,669374252752.0508,583071538063.8567,68274617357.62827,26963450160.39313,0.0,5472663313.102625,651346155421.485,0.0,20949.93751363234,18028097330.565796,44991547490.95892
mena,2026,12574962275041.184,229929105.96034974,279603.656638372,1655047345670.8438,723244579527.987,186132303644.17688,33962885324.22148,0.0,8233538963.271418,909376883172.164,0.0,21152.088069819238,745670462498.6798,779633347822.9012
ssa,2026,4229422243324.101,471247839.454015,0.0,748793615042.3073,204375774676.6714,27681072261.42833,0.0,3501157251.6770983,4937609912.390349,232056846938.09973,0.0,3706.02193117199,516736768104.2075,513235610852.5304
us,2027,42682589894233.18,169281677.2820198,1876385.109771606,2010596397263.2659,2139410007635.6812,238951397630.584,387527476518.43945,0.0,12203166020.713427,2362312173257.807,16049232008.458244,62923.70303705832,-351715775994.54126,19762468515.43995
oecd-ex-us,2027,56712498016285.78,389403797.7864868,2618449.356145378,2379138422983.3394,2880311981629.9316,310027253060.8498,355695272940.41766,0.0,12231847370.271244,3175847287979.6675,14491946711.114044,42505.07432557021,-796708864996.3281,-455505538767.02454
china,2027,57700521532371.805,758499221.5795585,0.0,2632129732951.591,2896248697606.133,318448451811.74164,0.0,17041053275.853596,932848542098.564,3214697149417.8745,0.0,24946.710040432743,-582567416466.2837,-599608469742.1373
india,2027,15975562583781.678,788621669.0954226,0.0,1908901821908.1152,894642184918.2579,216837251954.4612,0.0,50752388727.8779,10342751540.337908,1111479436872.7192,0.0,8720.209769160245,797422385035.396,746669996307.5181
latam,2027,13172353519470.941,311665452.1304685,0.0,1002607683742.6797,687402738245.4805,101082717290.88564,0.0,17438614434.285793,5226308509.27474,788485455536.3661,0.0,15286.446916063733,214122228206.3136,196683613772.0278
seasia,2027,13190023397024.639,348283360.36957,0.0,1088933995391.0168,681199690854.5154,98449040430.76369,0.0,4604516035.26434,6130939490.900689,779648731285.279,0.0,13784.578329939995,309285264105.7378,304680748070.47345
russia,2027,11673407356984.451,144188781.39048785,395955.13777443947,668521245007.1726,584162612159.4512,68566513709.335976,25617167623.294376,0.0,5220259931.404243,651607489520.4601,1121636348.3271716,21617.743494906772,16913755486.712524,41409286761.679726
mena,2027,13312016855009.965,234321397.66148683,418506.8576567477,1660273353592.5403,745584467063.9021,199732120522.69998,17482209991.940792,0.0,4615603970.894318,943306414651.4935,2010172935.1085548,21823.19412143207,716966938941.0468,732438975997.879
ssa,2027,4744394728336.264,492858647.675165,0.0,764778945462.1182,217711457496.57855,30343569653.119205,0.0,6532350572.262598,4780917272.007385,248055027149.69775,0.0,3924.81990741194,516723918312.4204,510191567740.15784
us,2028,42708843682170.52,170493584.6018153,2842353.551362298,1994612102542.7708,2142500591882.9287,240070104530.01114,403021849114.0199,0.0,11190532693.457464,2350643339591.949,31927356820.990875,63881.398876560765,-356031237049.17847,15063255243.850555
oecd-ex-us,2028,56250270672432.36,388727139.2022067,3879883.990130945,2354008451187.821,2868871035812.7666,307545613306.0307,348022034884.50195,0.0,12158819193.074715,3147739771810.792,28676877308.004566,43406.67576409311,-793731320622.9712,-474386163046.4738
china,2028,57061504089889.3,752378273.2815979,0.0,2549024533593.091,2876618977449.5054,313611592541.8192,0.0,20645564107.53639,22834158023.250954,3190230569991.3247,0.0,25680.32047045773,-641206036398.2339,-661851600505.7703
india,2028,16701263752972.834,797653692.357224,0.0,1906137492088.044,914203853660.4624,229956603909.679,0.0,45329343541.91319,9053478215.172104,1144160457570.1414,0.0,9119.297570303788,761977034517.9026,716647690975.9894
latam,2028,13360481328012.543,312420293.13275295,0.0,994586846500.0759,691192616814.1675,102404098618.34987,0.0,17999558405.527695,5137235879.553696,793596715432.5173,0.0,15852.009111984375,200990131067.5586,182990572662.03088
seasia,2028,13484182644873.863,350001711.1219835,0.0,1080570694493.2389,688214654807.3602,100113630173.08577,0.0,4193897360.530041,6110735696.971686,788328284980.446,0.0,14316.766516730313,292242409512.79285,288048512152.2628
russia,2028,11716345448555.537,144890854.97563934,594167.5793854184,665385661020.1367,585189654743.8203,68830821282.95921,26553066875.76316,0.0,5019839701.959848,651842973877.8373,2177502148.9423227,22301.31967664412,13542687142.299438,37918251869.12028
mena,2028,14001363080566.885,237896718.3990168,419827.5743583469,1663173752555.5935,766949479138.351,212477487124.88794,1050848836.0532565,0.0,4548590428.512534,976438071073.5747,2988895189.6641717,22510.072830855686,686735681482.0188,684797635128.4078
ssa,2028,5257009120685.378,514610815.5241032,0.0,780420602088.5841,231272296977.71704,33002026932.14281,0.0,8073976810.251088,4542090980.63848,264274323909.85986,0.0,4153.888135378867,516146278178.72424,508072301368.47314
us,2029,42703692649888.766,171616300.50803915,3774077.234911434,1978327712058.0964,2145702603569.0967,241070350532.50452,391376071504.281,0.0,11918138257.47946,2338462351957.1753,48310602144.4257,64853.46001565609,-360134639899.07886,-17069170539.223549
oecd-ex-us,2029,55760333208104.61,387875912.35712636,5087325.642125245,2324436597851.8267,2856615082250.546,304900325589.74725,335180422101.77014,0.0,11960923558.941376,3119069504001.62,42445903838.67267,44323.34507815357,-794632906149.7935,-501898387886.696
china,2029,56360560762277.26,745812932.8055573,0.0,2457760581788.8296,2854945181420.5913,308472804716.82025,0.0,17549740524.91212,22263817261.47023,3163417986137.4116,0.0,26429.915961202536,-705657404348.582,-723207144873.4941
india,2029,17588107341048.57,806425255.9328974,0.0,1900561807800.8386,931435419920.2695,244549185161.96036,0.0,43578060328.17747,205844445685.3065,1175984605082.23,0.0,9532.379329332112,724577202718.6086,680999142390.4312
latam,2029,13534905037091.178,313070713.94185376,0.0,985125405090.6592,694749201667.3389,103580163955.00526,0.0,17436012583.358917,5063682193.679134,798329365622.3441,0.0,16433.209741931896,186796039468.31506,169360026884.95615
seasia,2029,13758869283402.703,351579290.6749452,0.0,1070613530140.1248,695005816026.6897,101665365100.9834,0.0,4860481191.641835,5604770708.013104,796671181127.6731,0.0,14864.373793171797,273942349012.45166,269081867820.8098
russia,2029,11752648333436.877,145545209.9303847,788946.8675991105,660134298587.5074,586170204761.939,69059767502.96576,26257985274.32219,0.0,5140573284.413504,651967300203.8198,3262672061.084688,23000.90659669084,8166998383.687622,31162311596.925125
mena,2029,14816045068353.764,241310964.298393,412196.5792007169,1662699519690.9983,785142248802.5281,226299264482.41632,0.0,6107748229.375871,169531729610.20078,1008499661231.4553,2941852053.488899,23212.963919281494,654199858459.543,645150258176.6782
ssa,2029,5812321350083.662,536767214.1591013,0.0,795290208604.7593,244165649060.67307,36297816845.90928,0.0,8258393366.197395,48743880066.30777,280463465906.58234,0.0,4393.567717593679,514826742698.17694,506568349331.97955
us,2030,42682349803877.445,171987219.42168447,4706906.769764632,1962506231633.6973,2148042357377.4653,241909945963.71835,394359923061.24994,0.0,11743302634.921291,2325806276311.111,64146027030.07251,65840.10188919432,-363300044677.4136,-33086148646.236145
oecd-ex-us,2030,55249170345894.195,386074486.7101965,6272177.250344265,2291559021816.3647,2843249088510.3066,302130914578.6496,330950984702.4928,0.0,11707134359.65076,3089711214549.6665,55668788539.289474,45255.29305182552,-798152192733.3018,-522869996570.09845
china,2030,55593313505055.914,738518861.2978208,0.0,2361549223201.839,2831347647604.0107,303034198462.7941,0.0,16509112988.257269,22094478631.843594,3134381846066.8047,0.0,27195.727807779884,-772832622864.9658,-789341735853.2231
india,2030,18242177564568.605,814745630.2850547,0.0,1892539999403.0625,950228678871.1226,256071982106.24277,0.0,41644200665.220825,9475085759.551996,1206300660977.3652,0.0,9959.777508732528,686239338425.6973,644595137760.4764
latam,2030,13882252232566.05,313509127.16511106,0.0,974299539298.0205,696399229098.2915,106568416286.45245,0.0,17384667730.84969,193399969292.45862,802967645384.7439,0.0,17030.323695723804,171331893913.2766,153947226182.4269
seasia,2030,14195087357542.238,352951320.89669037,0.0,1059276157738.0521,699569805422.8013,105072361025.81525,0.0,3423283112.778798,185007365962.87265,804642166448.6165,0.0,15427.68486150673,254633991289.43567,251210708176.65686
russia,2030,11947789812249.6,145831574.27724466,972241.676410399,653753589149.02,585276618106.4467,71053078258.71785,25044480652.247456,0.0,172673105376.6294,652052226368.536,4277469996.6286135,23716.746981368073,1701362780.4840088,22468373436.10285
mena,2030,15421520094416.02,244417811.50634402,404198.1758224306,1658970842945.561,804427352185.8676,237464797185.03458,0.0,16158311123.789757,4554643611.381654,1039024908899.2355,2867240471.6666303,23932.10930710392,619945934046.3256,600920382450.8691
ssa,2030,6320245029185.272,559234138.4702271,0.0,809373323004.4896,258150444916.29123,38962484633.97411,0.0,8787548277.554855,4450833924.94094,297112929550.2653,0.0,4644.205249223411,512260393454.2243,503472845176.66943
us,2031,43325423399513.25,172323557.15199986,5640791.780904092,1949056495309.4912,2144152886806.2268,248983650090.3967,399869297801.89435,0.0,687284339421.0654,2314174189761.531,78962347135.09276,66841.54316421963,-365117694452.03955,-44210743785.23796
oecd-ex-us,2031,55643217267061.2,384115828.0533834,7412558.005597989,2258748506422.4795,2823192652361.929,307596538169.23193,322774826823.3023,0.0,943312778452.4034,3063047943638.052,67741246893.10831,46202.73363074432,-804299437215.5723,-549265857285.3783
china,2031,54758968641652.38,743166438.2771546,0.0,2265183066442.0757,2805608838002.4185,297287882705.4913,0.0,18237461119.62845,21606251981.91064,3102896720707.9097,0.0,27977.989736417916,-837713654265.834,-855951115385.4624
india,2031,18858248962157.22,822704283.1380153,0.0,1884300372528.5073,968592039857.2498,266784877450.35513,0.0,41665325957.790665,8813268325.51231,1235376917307.605,0.0,10401.817343343451,648923455220.9023,607258129263.1117
latam,2031,14026680141866.473,313829286.96397877,0.0,963121438067.6287,699406149961.0414,107444838054.26805,0.0,17023502896.390215,5180962144.484395,806850988015.3094,0.0,17643.627903711116,156270450052.3192,139246947155.929
seasia,2031,14432216075948.777,354169450.1598237,0.0,1046995683473.5508,705669133423.7513,106350448637.47423,0.0,3768580650.2350945,5921197644.4561615,812019582061.2256,0.0,16006.98649853841,234976101412.3252,231207520762.0901
russia,2031,11964465603085.193,146045297.60242605,1130876.4369583668,646652090980.4648,585888200953.6311,71194811610.7073,21929422988.116386,0.0,5177289431.343507,651807778810.8208,5275233753.517748,24449.08579715517,-5155687830.355957,11498501404.242682
mena,2031,15991946269883.203,247415163.40974742,396179.05859609024,1653543483379.4941,822760410493.0885,247839966999.83353,0.0,17091602553.977377,4574672134.602846,1067804255512.9836,2796121979.938322,24667.753166027112,585739227866.5105,565851503332.5947
ssa,2031,6825537657055.883,582074564.0302209,0.0,823164799461.1193,272407982821.5101,41625357352.470955,0.0,8192991183.925901,4354159767.397193,314033340173.9811,0.0,4906.152742525057,509131459287.1382,500938468103.2123
us,2032,43283716319759.43,172634267.4084294,6581196.314260685,1936860882950.4963,2145874655282.0737,248284922363.2621,403519916884.6677,0.0,12071698056.312952,2300885572524.6533,93274005120.68208,67858.00578844365,-364024689574.157,-53778777810.17134
oecd-ex-us,2032,55093119806879.74,382046674.6299358,8550942.832670452,2226461021231.206,2808088358830.0938,303410018624.318,322736591827.7654,0.0,12203304213.960703,3032558185230.117,78940192224.29489,47165.883974343735,-806097163998.9111,-562300764395.4407
china,2032,53854939335489.71,734856626.1470909,0.0,2161533205418.9229,2777600887902.0337,291241238861.10077,0.0,17679851555.36193,20959466736.89122,3068842126763.1343,0.0,28776.937962116455,-907308921344.2114,-924988772899.5734
india,2032,19437356958450.586,830283421.3787848,0.0,1875804592209.1157,986418036580.0106,276684974245.0307,0.0,42546201651.58171,8952616560.869354,1263103010825.0413,0.0,10858.826810265658,612701581384.0745,570155379732.4928
latam,2032,14156252905641.918,314029020.87772965,0.0,951673786948.3094,702147253120.7377,108179854267.42685,0.0,16742577636.36605,4968661851.667963,810327107388.1646,0.0,18273.401366102265,141346679560.1449,124604101923.77884
seasia,2032,14648408214091.953,355223118.3253304,0.0,1032939066703.4805,711403641665.3002,107482592523.02824,0.0,3789605680.3681607,5928911308.395091,818886234188.3284,0.0,16602.567574975026,214052832515.1521,210263226834.78394
russia,2032,11976428843280.635,146233444.15270963,1318888.7393063882,638290601242.1578,586207783248.2928,71182947426.34718,25887592237.563965,0.0,5175777390.351843,651338220521.8517,6052510152.788154,25198.170303876817,-13047619279.693848,6787462805.081964
mena,2032,16525938054085.545,250286822.85362023,392245.768178264,1646400989679.7305,840563704215.5348,257190350199.28787,0.0,19114054368.483276,4458903305.910432,1095383612561.1278,2370441853.694657,25420.141972649904,551017377118.6027,529532880896.42474
ssa,2032,7326269502013.35,605189711.1462386,0.0,836701911838.252,286962455945.2911,44290943115.55307,0.0,9145095007.286213,4428427187.345412,331253399060.8441,0.0,5179.767549924288,505448512777.40784,496303417770.12164
us,2033,43231215192493.516,172916293.51755312,7522467.99088372,1925659339217.874,2147446317136.0603,247617374600.1894,404998551094.1363,0.0,11904674158.34538,2287281492290.219,107782199446.0306,68889.71503944589,-361622153072.3452,-64405801424.23952
oecd-ex-us,2033,54527766168153.91,379859188.6923804,9673663.338279989,2195299598385.1208,2792322696324.7085,299244388689.13074,319096024650.83417,0.0,11817823252.08632,3001351027473.113,90216057540.72568,48144.96450873834,-806051429087.992,-577171461977.8834
china,2033,52880408893091.01,726012722.5942488,0.0,2055066691602.464,2747257366133.15,284889887766.7633,0.0,17752989289.866444,20303109188.691822,3032147253899.913,0.0,29592.811247434103,-977080562297.449,-994833551587.3154
india,2033,19982201820172.746,848344346.9311522,0.0,1867395953890.506,1003676340155.7372,285807515959.04083,0.0,41656042372.768265,8588806319.195872,1289483856114.778,0.0,11331.136601512213,577912097775.728,536256055402.9598
latam,2033,14271473225451.008,314110229.0825564,0.0,940059901424.4171,704610584969.2697,108773143223.9257,0.0,16379410303.224463,4923556881.095396,813383728193.1953,0.0,18919.925184693802,126676173231.2218,110296762927.99734
seasia,2033,14843719497665.592,356105460.7623135,0.0,1018729015722.9475,716741854966.2493,108459813326.40424,0.0,4272895179.2973022,6056831322.644081,825201668292.6536,0.0,17214.719077399044,193527347430.29395,189254452250.99664
russia,2033,11978756857364.22,146359949.4357927,1504478.2765827163,629112861543.6825,586457642541.8167,71149208694.04558,25648171785.360844,0.0,5173831990.4158945,650606854715.388,6999996520.474416,25964.250109372333,-21493993171.705444,-2845817906.8190165
mena,2033,17023729754528.848,253031911.2192372,390307.5442300705,1637563263614.4917,857764967607.3665,266050459405.84866,0.0,20299766469.52772,4343630311.552833,1121651158785.1213,2164268228.093649,26189.52456350803,515912104829.37036,493448070131.749
ssa,2033,7822359416229.179,628586636.240598,0.0,849985927900.9585,301746144999.5868,46946449110.76605,0.0,9632511671.711805,4429092096.93665,348692594110.35284,0.0,5465.412286013566,501293333790.60565,491660822118.89386
us,2034,43175087064324.71,173187199.15104616,8483965.774203686,1913210272539.3958,2148811628307.7107,246936836879.4947,414653836453.6856,0.0,11756228025.314682,2273399221767.17,122349243420.03513,69936.8995746124,-360188949227.7742,-67884356194.12369
oecd-ex-us,2034,53949562600779.42,377562512.0114596,10790113.456630249,2163402414539.691,2775799410480.1587,295131877386.75037,318227101820.0323,0.0,11098204132.69738,2969484321230.4404,101446966636.46819,49140.198980262394,-806081906690.7495,-589301771507.1854
china,2034,51841114120725.97,716661260.1271071,0.0,1948464807522.8435,2714479752501.67,278206772705.5086,0.0,15796774683.826202,20723720003.064777,2992686525207.1787,0.0,30425.850962392054,-1044221717684.3352,-1060018492368.1614
india,2034,20489384056290.227,855162648.5030874,0.0,1858813789362.0332,1020453358297.823,294202351561.2345,0.0,45676943041.16774,8701099655.675287,1314655709859.0576,0.0,11819.080099483755,544158079502.9756,498481136461.80786
latam,2034,14372089066835.602,314071779.56239176,0.0,927493596192.8712,706797731675.2699,109232714942.08421,0.0,15641815335.95731,4794507145.038448,816030446617.3541,0.0,19583.48259699224,111463149575.51709,95821334239.55978
seasia,2034,15019555408979.248,356838594.8636923,0.0,1004926412662.6154,721668771479.8944,109297134482.7803,0.0,3787983859.713808,5663388473.423635,830965905962.6747,0.0,17843.734132856633,173960506699.94067,170172522840.22687
russia,2034,11970948099834.66,146421035.7470804,1688257.7627315621,619097826222.3584,586467972008.84,71063166564.82014,25499579447.641357,0.0,5124975374.092999,649593007494.8455,7938131078.814834,26747.577225625948,-30495181272.48706,-12933732903.660538
mena,2034,17483959681990.607,258928090.0374474,388267.6206962386,1626719955612.9646,874353392144.6167,274412822771.4356,0.0,22031989990.48671,4308176755.324181,1146612936941.4463,2153277974.6059546,26976.152191552625,480107018671.5183,455921750706.42566
ssa,2034,8314134675351.616,657605702.0842816,0.0,862611911087.0349,316768096282.4168,49595557825.21948,0.0,8870440543.322758,4397442686.358786,366363654107.6363,0.0,5763.4547487528625,496248256979.3986,487377816436.07587
us,2035,43099484678119.09,173409813.79045215,9430674.735636676,1899319156256.957,2150220355177.5637,246380980821.45917,410091963403.6568,0.0,11587830132.764742,2259206641384.392,137394694614.63133,70999.79148182356,-359887485127.43506,-87190216338.40959
oecd-ex-us,2035,53350992917508.94,375125370.8506392,11871140.504245924,2129947649130.734,2758583579822.305,291065428764.49646,309584651914.7445,0.0,11547024270.82759,2936910384773.3394,112738623813.46378,50151.81450967642,-806962735642.6055,-610116707541.3247
china,2035,51592062373240.51,706770864.2069765,0.0,1843053536777.6455,2675920644701.3306,279773558702.8173,0.0,18070771226.628162,881659690367.661,2955694203404.148,0.0,31276.301145481142,-1112640666626.5024,-1130711437853.1306
india,2035,20961981530625.793,861620170.0311339,0.0,1849339803652.0925,1036545414012.2646,301864367581.17865,0.0,46350437951.62999,8017890228.545199,1338409781593.4434,0.0,12322.993355349145,510930022058.6492,464579584107.01917
latam,2035,14457575134679.35,318609796.1463291,0.0,914131921235.6945,708700029817.082,109555728335.21387,0.0,15203107614.33213,4813012374.6763935,818255758152.2959,0.0,20264.359012709418,95876163083.39856,80673055469.06644
seasia,2035,15175907468766.443,357411949.705736,0.0,990866766960.8683,726236286744.4438,110000845038.81335,0.0,3880702794.463121,5603127404.041896,836237131783.2572,0.0,18489.90803605888,154629635177.61108,150748932383.14795
russia,2035,11953088240901.965,148637268.8420682,1873270.6412598155,608458521272.5802,586220973376.2202,70926455522.05795,25771991769.11271,0.0,5057056923.892169,648274408589.1636,8873020309.11428,27548.40612633718,-39815887316.583374,-22916915856.584946
mena,2035,17908084296769.95,261396158.17261845,386028.6253205005,1614534774124.7441,890246834919.5796,282088504355.8365,0.0,22259698511.97612,4184878441.994529,1170183230210.6865,2152109064.7298517,27780.278584044616,444351543914.0576,419939736337.3516
ssa,2035,8800947129954.332,681607842.5961499,0.0,874556917555.635,332052113965.9653,52239463815.7162,0.0,7832318790.603876,4379433619.368911,384291577781.68146,0.0,6074.267840154052,490265339773.95355,482433020983.3497
us,2036,43009754139000.15,176410807.90281135,10370688.642176915,1886639215207.3582,2151128034404.1848,245753157091.13467,409074337693.97015,0.0,11437099475.070011,2244614804615.3945,152266386879.92456,72078.62633090236,-357975589408.0364,-101167638593.99078
oecd-ex-us,2036,52735380934390.555,379183982.1840947,12927425.007462893,2096492311830.1519,2740370659243.77,286953189180.72955,304041212912.988,0.0,11178340563.010654,2903584959330.094,123738889094.40533,51180.04164705318,-807092647499.9424,-626790323681.3597
china,2036,50423230899638.88,696387483.132665,0.0,1739395445099.8525,2638912347984.066,272512974542.0353,0.0,17087905188.48505,20286309013.13227,2911425322526.101,0.0,32144.40856575911,-1172029877426.2485,-1189117782614.7336
india,2036,21403059306040.766,867763131.297461,0.0,1838877816729.686,1052078272492.2875,308840556251.6183,0.0,44943700083.030304,8062487512.236532,1360918828743.9058,0.0,12843.215070404938,477958987985.7803,433015287902.75
latam,2036,14528225849273.576,318313742.25866187,0.0,901165889373.2682,710285806054.71,109747167169.92033,0.0,15128982623.130033,4646781068.722642,820032973224.6302,0.0,20962.8420526122,81132916148.63794,66003933525.507904
seasia,2036,15313268514604.373,362871893.37579024,0.0,977170288599.8347,730413240510.9128,110573215050.37538,0.0,4438147021.235158,5615359820.623484,840986455561.2882,0.0,19153.538279183922,136183833038.54651,131745686017.31136
russia,2036,11925678958828.875,148569948.78175175,2055378.3975599152,598309811041.6333,585713423664.3456,70734839043.02287,25515730563.464005,0.0,5213439029.187633,646623729431.8662,9824533275.50215,28366.993805910806,-48313918390.23291,-32622721102.271057
mena,2036,18299305446772.492,263749043.33911985,383586.5487285431,1602922255589.891,905483753420.0284,289096942264.8501,0.0,21342322452.989326,4221912550.5240645,1192432071888.8164,2148623796.062081,28602.160001844866,410490183701.0747,386999237452.0233
ssa,2036,9280238509527.248,705778941.6186643,0.0,886204907599.931,347585382835.62555,54875361757.55394,0.0,8811885827.162209,4359102393.324094,402460744593.1795,0.0,6398.229486727132,483744163006.7515,474932277179.5893
us,2037,42913935148794.695,176578767.31781793,11316243.104387036,1876197723082.199,2151685090178.696,245067614913.99234,413343037826.1323,0.0,11392953978.87946,2229666238748.5996,167086466344.08896,73173.64322583453,-353468515666.40063,-107211944184.35727
oecd-ex-us,2037,52109331070197.586,376516057.8548329,13971070.621257585,2064971436436.4834,2721265530494.485,282816167718.89844,302020269986.6874,0.0,11040127597.242136,2869512488136.6187,134569210076.76422,52225.114427354754,-804541051700.1353,-637089991790.2122
china,2037,49194934523759.51,685504728.736606,0.0,1632411084493.6248,2599665950930.6445,265027616505.08475,0.0,15407833420.606556,19393940483.359337,2864693567435.7295,0.0,33030.42278602598,-1232282482942.1047,-1247690316362.7112
india,2037,22011389220622.19,873511941.8913906,0.0,1828348540074.203,1062688792892.0237,317528553844.01575,0.0,47115963542.14044,207314684785.39337,1380217346736.0396,0.0,13380.086580480644,448131193338.1633,401015229796.0229
latam,2037,14584920833916.885,317894483.1960104,0.0,888554246295.8923,711550359226.9215,109814420267.91653,0.0,14989426456.51181,4494944298.766703,821364779494.838,0.0,21679.22158970571,67189466801.05432,52200040344.54251
seasia,2037,15434255854056.914,363160409.1402428,0.0,964270161349.0226,734191231343.7593,111020411152.28072,0.0,3724222248.1528234,5653042847.711631,845211642496.04,0.0,19834.92458426673,119058518852.98254,115334296604.82973
russia,2037,11889068653791.457,148438473.5361628,2226267.46634094,589794820764.7692,584945916996.6754,70508918322.65367,24179062570.43764,0.0,4870646946.699064,644679089576.637,10775745742.692303,29203.599839846298,-54884268811.8678,-41480951984.12246
mena,2037,18659296631122.21,265990822.72329155,380902.3459834464,1592254629199.507,920147122857.6213,295494799263.25757,0.0,20839562454.451527,4218039725.544785,1213499725443.6958,2142196677.183105,29442.055300080377,378754903755.8113,355773144624.17664
ssa,2037,9752520566288.436,730143877.4471164,0.0,897473596651.1499,363279614043.1942,57488015634.72719,0.0,8868168097.443548,4444257885.401286,420767629677.9214,0.0,6735.7225599628055,476705966973.2285,467837798875.785
us,2038,42814398066434.59,176731057.68838027,12266581.546985127,1868280642067.6785,2152132419786.344,244474417389.75876,417529862363.4459,0.0,11259250384.914331,2214560570025.7974,182046267150.3053,74285.08485777202,-346279927958.1189,-110796332744.97827
oecd-ex-us,2038,51479534187496.5,373760488.3170803,15011488.132657114,2037144675540.108,2701438681965.112,279025105152.82684,302756719247.52606,0.0,10765509629.196068,2835150605924.6235,145313181193.31433,53287.270426712654,-798005930384.5156,-640562392330.304
china,2038,47922482393331.63,674177675.7718384,0.0,1539455318066.3823,2558136484241.9272,258169644781.33255,0.0,14829069435.415379,19227749964.404392,2816306129023.26,0.0,33934.596227066046,-1276850810956.8774,-1291679880392.2927
india,2038,22387322827071.246,878773996.4756963,0.0,1817421660949.233,1076875372176.0518,325693813845.73083,0.0,47116347358.49056,8197478880.092796,1402569186021.7827,0.0,13933.95184345038,414852474927.4502,367736127568.95966
latam,2038,14627940255353.367,317340760.9553945,0.0,875913236253.7583,712506695596.4379,110606742508.9656,0.0,14260124389.36984,4479747677.487877,823113438105.4034,0.0,22413.789792727977,52799798148.35486,38539673758.985016
seasia,2038,15538661284956.48,363294713.7460176,0.0,952283882951.8439,737650945955.8927,112219908737.91402,0.0,3605846640.258197,5598249281.788989,849870854693.8068,0.0,20534.368938161053,102413028258.03711,98807181617.77892
russia,2038,11848327288451.52,148273091.80814564,2406441.832039797,582974233664.2991,583918363156.3137,70261327133.3171,25567737729.382977,0.0,4896353556.004589,642523523340.864,11656166948.766647,30058.486446507162,-59549289676.56494,-45637718895.94861
mena,2038,18986542938405.42,268063966.96711665,377908.1038034949,1583331000966.0952,934258309230.3948,303379198161.029,0.0,22592322153.508553,4145135862.0453506,1235505570206.4053,2131937185.018271,30300.225990167473,347825430759.68994,323101171421.16315
ssa,2038,10270830788089.068,754606338.6956897,0.0,908305938449.2311,376506891611.20935,61086532277.26849,0.0,9766219025.103903,57363926264.9843,437593423888.47784,0.0,7087.134797121599,470712514560.75323,460946295535.64935
us,2039,42697899364412.2,176836539.55245304,13186873.054004567,1862128112031.0771,2152529429141.3708,243890854662.65393,407481054719.1223,0.0,10312415031.417881,2199287405503.8813,197132878300.14352,75413.19755883177,-337159293472.8042,-126811117053.82541
oecd-ex-us,2039,50839102520570.53,370890129.05247843,16011056.718189325,2012174033853.086,2681062120336.2437,275232462097.8815,293351202644.59595,0.0,10337679010.481894,2800223588221.602,156070994212.52255,54366.75081942342,-788049554368.5161,-650769345936.4427
china,2039,46624300048216.72,674678429.4060639,0.0,1463565703625.5728,2514596362492.942,251135586207.96533,0.0,13672582204.528187,17656482164.931488,2765731948700.907,0.0,34857.18423294564,-1302166245075.3345,-1315838827279.8625
india,2039,22732401710741.344,883590426.6852876,0.0,1805782325578.4702,1090376927618.4958,333060467896.12866,0.0,45451100030.90441,8185053637.156071,1423437395514.6245,0.0,14505.157429905297,382344930063.8457,336893830032.9413
latam,2039,14839650152419.818,316645524.94225955,0.0,863544243916.6226,711051373174.2472,113136763239.55421,0.0,14417787556.557648,186771577120.1926,824188136413.8014,0.0,23166.841171932578,39356107502.82117,24938319946.26352
seasia,2039,15626689728447.037,363267609.663962,0.0,941006992422.63,740750711844.8152,113269619890.77168,0.0,4466167085.588211,5507949889.103347,854020331735.5869,0.0,21252.175630055888,86986660687.04309,82520493601.45488
russia,2039,11801756007193.93,148059891.57703087,2576238.918832546,577079687318.9954,582772231517.2323,69989561363.53366,24357681600.330593,0.0,4753142703.859771,640171636707.2246,12590156173.541044,30931.918550251008,-63091949388.22925,-51324423961.4397
mena,2039,19463474052458.047,270035341.15629363,374731.1642394668,1576816048551.488,943003461194.612,312633317060.2712,0.0,19916427289.194206,175668271045.2175,1253543398108.1836,2093380146.6996868,31176.93630317324,323272650443.30444,301262843007.4105
ssa,2039,10727962837199.082,779175469.9743601,0.0,918719410902.3438,392301580370.0224,63966868620.3247,0.0,9988557032.81536,4669644230.828367,456268448990.3471,0.0,7452.858722594691,462450961911.99664,452462404879.1813
us,2040,42577755846097.26,176916998.29044345,14103875.179793544,1858261004618.559,2152403250614.6187,245640385067.88852,408669198580.27026,0.0,10969914168.704144,2186335815177.6235,211707820504.88312,76558.2313567015,-328074810559.06445,-131113432483.6773
oecd-ex-us,2040,50199750313938.086,367926525.2301766,17016094.232301008,1990338738645.7969,2659854191278.192,277372272603.981,296800166427.07196,0.0,10735352176.837267,2770815579254.1562,166410884628.01672,55463.80043567204,-780476840608.3594,-650087558809.3042
china,2040,45309822959530.43,662664941.1839439,0.0,1404115418752.9353,2469500472517.1367,251171543787.12424,0.0,15159667752.183315,17239176617.222004,2720672016304.2607,0.0,35798.4451373568,-1316556597551.3254,-1331716265303.5088
india,2040,23040212243009.977,887721740.8846409,0.0,1794527930575.973,1103255158618.5508,345066514524.5705,0.0,46621117533.32887,8225392369.108433,1448321673143.1213,0.0,15094.052517035112,346206257432.85156,299585139899.5227
latam,2040,14855386254108.773,315788146.72903234,0.0,852025566797.333,711318429620.7396,115888507681.09856,0.0,13841600514.555696,4759072708.01254,827206937301.8381,0.0,23938.672627134798,24818629495.494873,10977028980.939177
seasia,2040,15698540017624.496,363061977.60233706,0.0,930744086804.6654,743468480287.707,116191808390.0608,0.0,4725268464.460131,5491759515.019807,859660288677.7678,0.0,21988.651291527007,71083798126.89758,66358529662.437454
russia,2040,11918960007721.863,147828293.8425031,2768867.068037824,571885505389.079,579792020099.1948,72123811965.29742,27734697141.978928,0.0,169499630061.3589,638610417659.4111,13305414405.080925,31824.163845901876,-66724912270.33215,-52295629533.43415
mena,2040,19739993754609.527,271823298.11886895,371280.4704646695,1571620698949.5435,955727066940.8232,323323033034.5441,0.0,20458069884.095043,4407173061.401602,1276974095202.3042,2076004773.063243,32072.453254497323,294646603747.23926,272112529090.081
ssa,2040,11176055731087.62,803817619.7579336,0.0,928735574781.0994,408225978763.9182,67120657425.90149,0.0,10047991827.08568,4751947124.343565,475346636189.8197,0.0,7833.2915700960575,453388938591.27966,443340946764.194
us,2041,43142345998096.016,176972416.55410707,15015096.887687888,1855292512252.5256,2146068774040.9578,253542682654.15503,411402412383.7067,0.0,697506684057.6786,2176367554330.8606,223243902364.25073,77720.4400300647,-321075042078.33496,-132916532058.87897
oecd-ex-us,2041,49564837189022.35,364883174.1750712,18033786.34090854,1969903900379.9375,2638088412469.8706,279147519726.5487,302449143758.0541,0.0,9969763142.690771,2740383981034.239,176851951162.18082,56578.66781999596,-770480080654.3013,-644882888058.428
china,2041,44001055908018.72,650410363.6165134,0.0,1364081661846.7522,2422844706381.0913,250913298994.48773,0.0,15801784723.527315,16711076740.667324,2673758005375.579,0.0,36758.64033099737,-1309676343528.827,-1325478128252.3542
india,2041,23314196471663.434,901673675.9489295,0.0,1783127430576.4468,1115129687185.2344,355969424893.84186,0.0,45433069002.11583,7388979158.21779,1471099112079.0762,0.0,15700.988885761122,312028318497.3706,266595249495.25476
latam,2041,14857497093189.441,314764118.09552884,0.0,841100523302.6428,711194261036.4015,118412544632.8655,0.0,14032235050.186142,4649356497.47277,829606805669.267,0.0,24729.583497995896,11493717633.375854,-2538517416.8102875
seasia,2041,15935674472637.79,362699189.79568696,0.0,921625797980.8633,743075084240.4573,120967741206.51317,0.0,4505858004.363734,184057340483.7559,864042825446.9705,0.0,22744.10493910228,57582972533.89282,53077114529.52909
russia,2041,11866990652722.031,147548812.48704904,2951388.8010893646,567153290936.7002,578436017580.0049,72429289019.06306,26595814505.291862,0.0,5146846157.247721,636568746753.059,14296559846.009,32735.492864546854,-69415455816.35876,-57116201157.075905
mena,2041,19988364444132.375,273422300.5769407,367525.10627271485,1567213422706.5605,967661912680.32,333167511942.0532,0.0,22392216814.16558,4378908252.821603,1298774864637.8442,2054559984.5289755,32987.046709856564,268438558068.7163,243991781270.02176
ssa,2041,11614252662639.533,828497081.7415615,0.0,938241518561.1013,424261574589.4279,70237999191.77602,0.0,10336420902.212006,4791407674.236301,494499573781.2039,0.0,8228.835205939338,443741944779.8974,433405523877.6854
us,2042,43033256009785.43,177049026.10971853,15957055.450333267,1850408480278.6616,2145611685583.9634,252319063284.89404,427308011082.83923,0.0,11124269196.732807,2160386676824.5728,237544072044.28442,78900.0811648572,-309978196545.91113,-120214257507.35632
oecd-ex-us,2042,49827525794501.17,361794320.6868893,19059503.993176755,1951215674337.794,2613320772104.0444,284167392133.38324,308781968787.45624,0.0,900179126591.024,2712570683634.042,184917480603.38403,57711.60529050268,-761355009296.248,-637490521112.1758
china,2042,42717699545828.984,638047719.504521,0.0,1335251907673.2505,2375159445880.51,244322214420.824,0.0,15682553860.738588,16555944299.044298,2619481660301.334,0.0,37738.03432997924,-1284229752628.0835,-1299912306488.822
india,2042,23565395227876.27,904962157.5364898,0.0,1770666487502.142,1126092064444.5742,353031467129.8255,0.0,47875776475.38936,7531576760.468751,1479123531574.3997,0.0,16326.320921157347,291542955927.74243,243667179452.3531
latam,2042,14851222101868.25,313658073.06357956,0.0,830239717009.1027,710661853608.2754,116876787182.16777,0.0,13552440299.904968,4576372760.06455,827538640790.4431,0.0,25539.87561651919,2701076218.659546,-10851364081.245422
seasia,2042,15985880943758.545,362270410.2312775,0.0,912859258341.4792,744967523714.3379,119833175168.49011,0.0,3617386102.2465963,5765297764.362864,864800698882.828,0.0,23518.848019317935,48058559458.651245,44441173356.40465
russia,2042,11814884915798.58,147259481.15006423,3142665.7940292335,563597596518.8379,576902234475.9496,71761082892.35611,27997713365.484737,0.0,4962270560.532319,633428595424.1357,15234721944.169828,33666.17904063973,-69830998905.29785,-57068007483.98294
mena,2042,20223052316147.83,275004887.52051324,363517.1841342437,1563353480487.9683,978781216748.837,331808454293.59827,0.0,22448285770.87954,4372348340.79328,1308560782670.2673,2028888372.168117,33920.9894525558,254792697817.70093,230315523674.65326
ssa,2042,12043642692867.053,853328572.9031919,0.0,947206441727.3508,440375632670.5666,71414202083.09903,0.0,11018644013.491798,4992067267.3227825,511789834753.66565,0.0,8639.896053646182,435416606973.6852,424397962960.19336
us,2043,42911408885470.125,177087366.77973545,16869555.86294383,1845096796025.3281,2145566916183.2542,250893966608.75146,418327429927.9633,0.0,11189532523.428303,2144131871692.9387,252329011099.06622,80097.41621136758,-299035075667.6106,-133036656838.7135
oecd-ex-us,2043,49203413579798.08,358630756.9882565,20048281.577064622,1936076384976.6445,2591236595278.4233,280458796775.7626,301166539205.8675,0.0,10340253168.57674,2676228839027.6685,195466553026.5169,58862.86899885407,-740152454051.0239,-634452467871.6733
china,2043,42246146844997.57,625658242.2765756,0.0,1313846997912.9612,2328485786063.5864,245463889170.49762,0.0,12721773448.892286,801271749938.5956,2573949675234.084,0.0,38736.89484525687,-1260102677321.1228,-1272824450770.0151
india,2043,23797476853932.992,908115979.7134134,0.0,1757152882172.5488,1136708080082.4797,349832922411.98425,0.0,45991895868.498055,7461642247.146734,1486541002494.4639,0.0,16970.405616190892,270611879678.08496,224619983809.5869
latam,2043,14835971535512.35,312462104.59225297,0.0,819335521389.7792,709932087127.4185,115198147660.82211,0.0,13884021925.571188,4428168968.1319475,825130234788.2406,0.0,26369.85336173106,-5794713398.461426,-19678735324.032616
seasia,2043,16026331151333.396,361759726.2388987,0.0,904045839370.1797,746709069816.2136,118585669015.7597,0.0,3976391426.9758563,5675498463.61774,865294738831.9734,0.0,24313.194456241592,38751100538.2063,34774709111.230446
russia,2043,11760728603328.404,146943285.78531274,3317559.929377779,561229871345.2438,575346036062.5348,71033516121.95685,26054855037.251083,0.0,4938513331.824324,630157242472.4032,16222309712.088093,34616.498780395115,-68927371127.15942,-59094825801.99643
mena,2043,20440884731039.727,276542832.7518979,359195.3707045801,1559036255955.1226,989833897592.2673,330384482507.2926,0.0,25312379821.07367,4326918857.418692,1318219023193.9316,1999356905.628399,34874.557252028826,240817232761.19092,213505496034.48886
ssa,2043,12464625540723.188,883504013.3967309,0.0,955655102669.0533,456634676618.0062,72524658656.56888,0.0,10502802322.038713,4989882783.696375,529159335274.5751,0.0,9066.885020125652,426495767394.4783,415992965072.4396
us,2044,42787586286889.305,177110545.82090545,17767371.93082704,1843962825080.074,2145082787119.6016,249396391655.7886,415665623865.288,0.0,11028131249.231194,2127884531260.9497,266594647514.4404,81312.71054219437,-283921706180.87573,-134850729830.0281
oecd-ex-us,2044,48596331771997.914,355439394.2040259,21024470.48259732,1927590447115.853,2568621025037.2666,276561054475.7307,300396231033.66034,0.0,10113593563.276808,2639584004578.8984,205598074934.09894,60032.718991030866,-711993557463.0454,-617195401363.484
china,2044,41033144215276.19,613276605.5178459,0.0,1300830580362.5217,2280967373193.2617,238453976046.33612,0.0,10777320841.398676,16365459997.097881,2519421349239.5977,0.0,39755.4928530693,-1218590768877.076,-1229368089718.4746
india,2044,24010805023277.21,911127395.3626114,0.0,1745776841464.0674,1147142769823.854,346699649433.18884,0.0,46192921599.06724,7586668736.246349,1493842419257.043,0.0,17633.602578807277,251934422207.0244,205741500607.95718
latam,2044,14814419571724.035,315777109.8046061,0.0,810062558044.9082,708975321009.1261,113521731781.25525,0.0,13497238122.694622,4379769079.849683,822497052790.3813,0.0,27219.823716519313,-12434494745.473145,-25931732868.167767
seasia,2044,16058722732718.625,361183746.74604094,0.0,896831926137.6196,748251221674.0007,117366423035.22101,0.0,4485272528.304322,5662572485.1342325,865617644709.2217,0.0,25127.46070143643,31214281428.39795,26729008900.093628
russia,2044,11710052461507.242,146638605.19297215,3505302.692647535,560397346773.507,573685871985.0319,70302768321.74158,28033435713.886345,0.0,4881715998.213903,626872441034.5436,17116199272.23006,35586.731531457146,-66475094261.03662,-55557857819.38034
mena,2044,20648645042735.65,278099153.9544805,354685.26643057726,1556078414712.926,1000683916621.3684,329002713921.4281,0.0,23046857691.43016,4415385217.21716,1327721007139.618,1965623403.1788077,35848.02893363414,228357407573.3081,203344926478.69913
ssa,2044,12875711180406.543,908688251.2467642,0.0,964223148415.6228,473071789804.7523,73692160819.7027,0.0,11340617354.339592,4967059246.527381,546763950624.455,0.0,9510.217423656746,417459197791.1678,406118580436.8282
us,2045,42667500095333.59,177128824.6850091,18654459.17573463,1845981982025.076,2144474447444.9019,247958407389.6945,414898380709.4684,0.0,11466300544.332952,2111813889300.064,280618965534.53204,82546.23351107248,-265831907274.98804,-131552492100.0517
oecd-ex-us,2045,48011756331726.016,352236842.48459834,21986831.31304419,1924393651582.3071,2545880714344.075,272665707148.6441,299473686163.6875,0.0,10103643474.825668,2602951380628.2314,215595040864.4864,61221.419268890946,-678557729045.9243,-594679083746.7231
china,2045,39863655617535.664,600884262.6446732,0.0,1293528391974.7134,2233512779914.214,231638858761.5504,0.0,13540887161.269241,15675536121.79322,2465151638675.764,0.0,40794.10266638937,-1171623246701.0508,-1185164133862.32
india,2045,24425332712386.773,914088848.682935,0.0,1736674049002.0845,1151528107494.4934,346311689209.5422,0.0,44544222518.36382,220237659329.88,1497839796704.0356,0.0,18316.274042381192,238834252298.04883,194290029779.685
latam,2045,14787660652687.3,314471452.9383751,0.0,802414274579.7068,707869351925.3796,111902328618.29175,0.0,13708700031.579206,4307186958.8012905,819771680543.6714,0.0,28090.096326601,-17357405963.9646,-31066105995.543808
seasia,2045,16085883835187.256,360580848.3415289,0.0,891180571443.3164,749632358794.8783,116221487555.73407,0.0,3745854249.054392,5580231624.979294,865853846350.6123,0.0,25961.96578634,25326725092.7041,21580870843.64971
russia,2045,11663654383129.688,148530776.1406248,3700482.6986708976,561181031446.6105,572096308170.1548,69622507748.6655,29317702257.369003,0.0,4822003837.296608,623639391424.9636,18079424493.85685,36577.15985382762,-62458359978.35315,-51220082214.840996
mena,2045,20846648530746.508,282871365.3636459,349966.16900290566,1554861965609.367,1011613245297.5865,327810921523.5693,0.0,21779806939.4588,4345496162.111091,1337495635356.1523,1928531465.0036426,36841.68644969097,217366330253.2146,193657991848.75217
ssa,2045,13277232423323.469,934017356.4374775,0.0,972955759231.237,489621773724.4733,74922969104.809,0.0,12161116765.051456,5271343280.02129,564544742829.2823,0.0,9970.312923898071,408411016401.9547,396249899636.90326
us,2046,42547548945010.21,179902912.73772022,19525319.718256384,1847195299147.364,2143886692763.4172,246575049211.30664,412027755763.5815,0.0,11287536740.420544,2096041296738.3901,294420445236.3341,83798.25851258238,-248845997591.02612,-131238687063.77875
oecd-ex-us,2046,47452928039528.36,349038259.15581024,22949106.240286723,1921315961940.4912,2523149003145.5156,268829004921.4637,302483668086.3182,0.0,9350085842.486765,2566581986362.2417,225396021704.73602,62429.23785253541,-645266024421.7505,-568178378040.1683
china,2046,38738520245021.195,588493523.0943102,0.0,1285859550154.5757,2186037601744.8987,225015476573.1978,0.0,15397126113.417194,15455281762.480717,2411053078318.0967,0.0,41853.00200737502,-1125193528163.521,-1140590654276.9382
india,2046,24612447232812.8,916987477.4862286,0.0,1726936482554.4036,1161535233600.6987,343608660337.8465,0.0,42573688364.03444,7895620174.214744,1505143893938.5452,0.0,19018.784879548366,221792588615.8584,179218900251.82397
latam,2046,14756123541715.707,313120473.0453007,0.0,794604703631.4062,706630540418.853,110397488819.52473,0.0,13349856245.04975,4236070880.4363613,817028029238.3778,0.0,28980.983561591496,-22423325606.971558,-35773181852.02131
seasia,2046,16106428787415.104,364854698.79997027,0.0,885286887815.4714,750947135959.4615,115207642962.19084,0.0,4076064714.5317087,5488908048.559888,866154778921.6523,0.0,26817.031377029933,19132108893.81909,15056044179.287384
russia,2046,11620975560910.662,148257533.5343583,3897327.8027819144,562470880666.5431,570594470169.821,68995663493.6303,29834620111.123985,0.0,4605810666.758685,620522359820.9178,19067773842.53358,37588.069492039314,-58051479154.374756,-47284632885.78435
mena,2046,21030880227749.543,284428858.2458222,344969.173547303,1553265194897.2085,1022618561124.9209,326877321452.22345,0.0,23949103987.578625,4411488670.548872,1347607881738.7817,1888000838.3625681,37855.814951741886,205657313158.42676,179820208332.48557
ssa,2046,13668720641111.305,959486115.1094222,0.0,981201414287.9684,506304869125.52216,76330442431.05298,0.0,12308383062.626556,5230498119.068873,582635311556.5752,0.0,10447.5954541405,398566102731.3932,386257719668.7666
us,2047,42440519378693.58,179932094.23095757,20413315.783768874,1847540841444.6536,2143225790389.566,245227263094.0279,423304149516.58527,0.0,10578496205.711884,2080550246789.287,307902806694.3068,85069.06304275487,-233009405344.63354,-117608062522.3551
oecd-ex-us,2047,46910784258869.61,352314028.46343315,23875248.84309054,1918059933911.6787,2500559440027.515,265038193684.16943,295661334055.5503,0.0,9732585085.746868,2530477476282.6973,235120157428.98987,63656.44684349634,-612417542371.0186,-551876365744.4581
china,2047,37659388984352.51,588054832.2734025,0.0,1277418060934.159,2138587547714.2812,218584661647.49826,0.0,14389512515.926285,15012400274.88489,2357172209361.7793,0.0,42932.47208081798,-1079754148427.6204,-1094143660943.5466
india,2047,24777882217481.14,919681233.6298014,0.0,1716442657619.0452,1171474374598.3872,341186296400.9388,0.0,45739700914.364746,7392698962.987086,1512660670999.326,0.0,19741.502619429262,203781986619.71924,158042285705.3545
latam,2047,14719806738385.414,311725153.68019587,0.0,786577948723.9105,705277309718.6793,109012209241.33734,0.0,12809883712.600975,4204650618.4132075,814289518960.0166,0.0,29892.800578146176,-27711570236.10608,-40521453948.707054
seasia,2047,16120102517171.746,364163371.35207206,0.0,879056312853.6099,752139066384.746,114317969719.48975,0.0,4352325557.325873,5426778564.595239,866457036104.2357,0.0,27692.981831348305,12599276749.374146,8246951192.048272
russia,2047,11581108714585.22,147990126.66484106,4088748.3631395935,564018057013.1012,569165487314.8243,68436695730.04586,29422197022.81623,0.0,4295082683.498649,617537699345.291,20064483699.57936,38619.74944856086,-53519642332.18982,-44161929008.95295
mena,2047,21205331781899.94,286008525.0015699,339797.07867566834,1551228237718.6853,1033501995853.481,326141303485.2247,0.0,21614310827.597385,4480926598.008225,1357815621872.344,1827677466.3616002,38890.70286402895,193412615846.3413,169970627552.38232
ssa,2047,14129255522594.047,985112557.7388246,0.0,988970085026.7725,518733962645.57806,78692218745.85051,0.0,11369281161.024529,80360259008.42937,597426181391.4286,0.0,10942.493156010009,391543903635.3439,380174622474.31934
us,2048,42328104544872.2,179938770.2939617,21277932.635978118,1846942693739.5317,2142945944414.9688,243916791567.59088,417818940484.70306,0.0,9686267936.904243,2065315148193.0986,321547587789.46265,86358.92876058511,-218372454453.5669,-122101101758.32648
oecd-ex-us,2048,46397229662300.92,349105120.0144642,24811449.21846106,1914444889431.1882,2477783524053.545,261265978131.06226,301694124754.9782,0.0,9355891429.805002,2494664019298.2314,244385482886.3769,64903.32248876088,-580219129867.0432,-522910487998.4419
china,2048,36624751503892.23,575750248.0008802,0.0,1267844179534.466,2091292686142.236,212382211253.75888,0.0,12777377290.67064,13970614691.893078,2303674897395.995,0.0,44032.797648586326,-1035830717861.529,-1048608095152.1997
india,2048,24924689947482.547,922231388.9781035,0.0,1705177697689.9978,1181081909871.1733,338942954753.0608,0.0,45811351153.29214,7466248088.93073,1520024864624.2341,0.0,20484.797468250978,185152833065.76367,139341481912.47153
latam,2048,14677895994977.797,310275458.5445102,0.0,778296865476.8483,703809899428.7183,107741499252.49051,0.0,12759603697.41837,4103393494.159798,811551398681.2087,0.0,30825.865385146346,-33254533204.360474,-46014136901.77884
seasia,2048,16126962003321.127,363424201.44861704,0.0,872446841708.0621,753197199958.8823,113545726354.40215,0.0,4298086201.488412,5453656956.09067,866742926313.2844,0.0,28590.144258355347,5703915394.77771,1405829193.289298
russia,2048,11544319062679.643,147726797.30137435,4273153.405551725,565534445946.6718,567775580932.3501,67916824195.15069,28801744213.27899,0.0,4566563061.973488,614671044971.4248,21021360156.07623,39672.49205842056,-49136599024.75305,-41356214967.55029
mena,2048,21369417292051.156,287608342.4374648,334459.1528176193,1548720558220.2183,1044415218260.2288,325649457037.02106,0.0,18968352662.17817,4397979890.429901,1368354028930.8347,1710646366.4151587,39946.64195817134,180366529289.38354,159687530260.79022
ssa,2048,14503303881519.543,1010767322.5423915,0.0,996228713221.2322,535450067830.09955,80453096999.08871,0.0,12254757666.612534,5977568200.05534,615903164829.1882,0.0,11455.438316819087,380325548392.04395,368070790725.4314
us,2049,42225068983783.65,179952030.16524053,22145278.143197577,1847560759916.924,2142427329113.3574,242574491846.99582,423453784332.7472,0.0,10951715622.143053,2050257404516.4133,334744416443.9403,87668.14155046945,-202696644599.48926,-113987276710.68237
oecd-ex-us,2049,45898472002539.48,345861754.5109151,25699011.4021185,1913233815478.4834,2455247668066.53,257606230823.266,291694223775.7648,0.0,9168199874.082144,2459140356857.503,253713542032.2945,66170.14524564594,-545906541379.01953,-507925859635.54926
china,2049,35633036686000.79,563459225.6515921,0.0,1259769998046.2815,2044162836285.4087,206399479359.89,0.0,14294970922.407862,13372470630.027464,2250562315645.299,0.0,45154.26710505791,-990792317599.0173,-1005087288521.4252
india,2049,25057965493259.773,924750104.605656,0.0,1695107340107.9385,1190457239075.4944,336882093436.3004,0.0,42021869996.527725,7529408177.60496,1527339332511.795,0.0,21249.04233336922,167768007596.14355,125746137599.61583
latam,2049,14809043097707.666,308764804.90724844,0.0,770808378177.2731,700145670111.3508,108385540579.79314,0.0,13739753834.002478,182609689077.74277,808531210691.1439,0.0,31780.498910900722,-37722832513.87085,-51462586347.87333
seasia,2049,16127067997480.748,362636190.43047017,0.0,866453468517.9514,754125591094.6582,112886021914.47115,0.0,4653677272.894825,5317815923.7016,867011613009.1294,0.0,29508.848580083053,-558144491.1779785,-5211821764.0728035
russia,2049,11509526030475.912,147462370.13169646,4443548.639039559,567460432052.6205,566420611642.7937,67455923629.77592,27261940475.545418,0.0,4361130540.678426,611934321483.8416,21942213788.728092,40746.5930650372,-44473889431.22107,-39154162744.40375
mena,2049,21522187293984.668,289214760.2600069,328928.13694054267,1547024509885.4404,1055300260590.7555,325383923299.4316,0.0,17882486451.09733,4312162389.349581,1379191508303.0635,1492675587.1234703,41023.92742903323,167833001582.37695,148457839544.15616
ssa,2049,14865508544482.68,1036449120.7685803,0.0,1003434552547.8436,552216313921.601,82350701773.13582,0.0,12733140806.962421,6070266916.998781,634567015694.7368,0.0,11986.867309756126,368867536853.1068,356134396046.1444
us,2050,42127729810901.17,179968590.47804222,23009865.11598874,1849474308003.749,2142101761946.7085,241304923435.26346,427038746368.6499,0.0,9554458127.10194,2035488819467.8796,347917865914.0934,88996.99158557889,-186014511464.1306,-106893631009.5741
oecd-ex-us,2050,45438296319665.51,342669078.7491208,26615035.696835157,1914255396648.6736,2432476102699.9634,253976319561.48303,303105357024.4031,0.0,8915985714.366388,2424001270245.882,262451152015.56326,67457.1998475385,-509745873597.20825,-469091668588.3684
china,2050,34689320811033.62,551241408.2344062,0.0,1252802341610.385,1997086413740.5586,200625709598.62894,0.0,11525522255.702984,12719429017.315018,2197712123339.1875,0.0,46297.17255354267,-944909781728.8025,-956435303984.5055
india,2050,25171816247074.926,937239428.2741073,0.0,1686158764993.801,1199793756398.7183,335053092305.2622,0.0,44810984945.35238,7349822470.681518,1534846848703.9805,0.0,22034.612850688347,151311916289.82056,106500931344.46817
latam,2050,14759344654608.553,307235797.2233953,0.0,764111951322.4126,698377556955.7704,107302626672.91968,0.0,12359067208.901428,4228856416.065611,805680183628.6901,0.0,32757.025072334047,-41568232306.277466,-53927299515.178894
seasia,2050,16122141613974.016,361822434.9165818,0.0,861005683735.607,754917264098.9293,112326787067.77927,0.0,3985662789.794517,5297646714.160339,867244051166.7086,0.0,30449.427595558445,-6238367431.1015625,-10224030220.89608
russia,2050,11639905016754.701,147210046.15917766,4611984.135568593,569648056032.504,563661580430.2327,68779597587.68004,27475540201.8207,0.0,165696568062.3682,609907113885.5277,22534064132.38499,41842.35169724694,-40259057853.02368,-35317581783.58797
mena,2050,21868401880866.504,290812722.04505277,323179.3901121669,1546010839051.596,1059845953959.4015,327645330638.9941,0.0,18612494144.326546,206307526572.97647,1386111305101.585,1379979496.810431,42122.857971771475,159899533950.011,139907060308.87402
ssa,2050,15215703316635.451,1062137256.0364004,0.0,1010616625026.0469,569031648298.037,84366871894.14645,0.0,13237776247.309359,6214443566.217635,653398520192.1835,0.0,12537.220537092928,357218104833.8634,343980328586.554
us,2051,42729759159219.16,179989022.19927284,23873801.930458818,1850312614766.9292,2136039860849.2202,246625368303.3429,434030749675.9835,0.0,700351213027.618,2025967958267.294,356697270885.269,90345.77339218327,-175655343500.36475,-98321864709.6502
oecd-ex-us,2051,45003708353011.516,339483200.4873492,27516825.244476162,1914314992568.2017,2410248495754.3403,250488725041.47504,302894026244.7776,0.0,8940235328.857883,2389333724033.7314,271403496762.08386,68764.77537051654,-475018731465.5298,-443528201982.83606
china,2051,33786133788857.24,539037532.5292011,0.0,1243392236001.098,1950316356862.9272,195087964133.16095,0.0,13107827849.138628,11932890667.739122,2145404320996.0881,0.0,47461.80988369256,-902012084994.9902,-915119912844.1289
india,2051,25266633470745.875,939426262.903102,0.0,1676448046804.9749,1208825608689.8086,333375659900.4937,0.0,46915951119.03427,7486396575.319702,1542201268590.3022,0.0,22841.88741547334,134246778214.6726,87330827095.63834
latam,2051,14704783793379.883,305654821.8414888,0.0,757113737171.8275,696561418013.9513,106335783798.73106,0.0,12932329067.785717,4154932479.9665976,802897201812.6824,0.0,33755.77084613456,-45783464640.85486,-58715793708.64058
seasia,2051,16292233233769.281,360949277.13540417,0.0,854960060790.0016,752735031771.3495,113760742697.86354,0.0,4968725982.29106,186596059456.76837,866495774469.213,0.0,31412.217047066246,-11535713679.211426,-16504439661.502487
russia,2051,11612801539664.826,146968420.7828334,4780022.256118784,571369509452.1902,562409114742.3744,68395498879.93093,27771826464.99562,0.0,4559800615.248965,607464976063.0767,23339637559.228638,42960.07074751609,-36095466610.886475,-31663277705.11949
mena,2051,21998514072286.855,292383435.6630468,317201.9234308702,1544169841584.8386,1070617383837.6239,327777700605.8691,0.0,20268149964.95893,4605584243.958028,1397113711473.317,1281372970.1762135,43243.73586005359,147056130111.52173,125506607176.3866
ssa,2051,15556208859485.607,1087930570.5269535,0.0,1017331461300.0698,585876794858.942,86478480521.4161,0.0,10938871420.918499,6468228351.359889,672355275380.3582,0.0,13106.942376581273,344976185919.7117,334037314498.79315
us,2052,42637248494712.945,179984736.0418447,24710469.006319717,1849867820863.6128,2135989814059.8584,245403156879.00598,427739747810.3346,0.0,11274737758.734833,2011905591966.0188,369487378972.8462,91714.78591494045,-162037771102.406,-103785402264.9176
oecd-ex-us,2052,44593132091816.22,336302750.95913535,28405423.24763673,1913065144475.1316,2388153755800.8,247085141146.0656,303081804339.1843,0.0,8515686937.249902,2355137675943.7334,280101221003.1311,70093.1653008658,-442072531468.6018,-419091948132.5486
china,2052,33571194882450.855,526842912.3307644,0.0,1231188255634.514,1910685742556.7236,197094006621.092,0.0,14535801669.969492,676188388806.8906,2107779749177.8157,0.0,48648.478849898616,-876591493543.3018,-891127295213.2712
india,2052,25348203950648.074,941586139.3459135,0.0,1666141429713.1882,1217557309188.0154,331837516551.78406,0.0,42548249075.8615,7372125004.669399,1549394825739.7993,0.0,23671.247216544125,116746603973.38892,74198354897.5274
latam,2052,14646205049948.748,304035785.6519658,0.0,749794517680.1512,694599125779.0312,105458395077.43443,0.0,12468948798.524532,4153208543.703592,800057520856.4657,0.0,34777.06634183235,-50263003176.31445,-62731951974.83899
seasia,2052,16274199322238.2,360024441.8691131,0.0,848274103264.648,753259239148.3976,113380643481.41844,0.0,5093860457.817341,5425728291.895332,866639882629.816,0.0,32397.555688620294,-18365779365.16809,-23459639822.98543
russia,2052,11590554371820.645,146747922.73131344,4961456.20563405,572548030992.9991,561220358396.2771,68051155171.40147,29943890306.51782,0.0,4532424423.9826565,605138023097.0516,24133490470.62725,44100.05665133066,-32589992104.05249,-26779592268.161922
mena,2052,22113781962003.305,293919308.0809048,311006.9637821798,1541376759197.0806,1080911657577.7966,328038090839.3328,0.0,21930091889.25381,4770970825.756177,1408085497063.591,864251353.5386561,44386.86702543747,133291262133.4895,110496918890.69704
ssa,2052,15882506376524.986,1118630292.926869,0.0,1023585156594.5327,602838476396.8634,88682366463.79915,0.0,12346683809.488644,6579887114.998772,691520842860.6626,0.0,13696.481131199938,332064313733.8701,319717629924.3815
us,2053,42547756652843.64,179977768.43469262,25544412.34392736,1848042968083.354,2135686642363.036,244088927386.3794,431871669801.2627,0.0,10369089995.484503,1998095217170.0486,381680352579.367,93104.33258316491,-150052249086.69458,-99860931864.79889
oecd-ex-us,2053,45001648692472.55,333086224.5216169,29242405.38130812,1910223844357.5583,2367189442455.1997,251739596128.88245,294351927325.6674,0.0,822869867557.1522,2333662148009.002,285266890575.08154,71442.66760350799,-423438303651.4436,-414353266900.8577
china,2053,32730834004142.64,514693729.5232856,0.0,1216198975507.6128,1864649041588.4937,191814899103.8154,0.0,11868448028.19173,11772534904.674276,2056463940692.309,0.0,49857.483150675725,-840264965184.6963,-852133413212.8881
india,2053,25412291425836.77,943617641.205734,0.0,1655307436296.433,1226238498539.3477,330479108100.975,0.0,41769758065.6678,7267403598.242326,1556717606640.3228,0.0,24523.07627383923,98589829656.11035,56820071590.44255
latam,2053,14582203268115.77,302361363.17476743,0.0,742147076551.7078,692528795783.2179,104670557721.2313,0.0,12913832904.880842,3964328024.6452017,797199353504.4492,0.0,35821.244876781,-55052276952.741455,-67966109857.6223
seasia,2053,16249647524931.332,359058668.2444863,0.0,840950600121.8156,753632355532.793,113067331463.6066,0.0,4245146427.698892,5442435995.416793,866699686996.3995,0.0,33405.785356613196,-25749086874.583984,-29994233302.282875
russia,2053,11566108828974.564,146498737.28964224,5110546.768282228,573056089907.2107,560143853769.348,67749996838.810616,25965411807.855534,0.0,4426806047.008898,602903987270.9619,24989863337.19663,45262.61956775428,-29847897363.75122,-28872348893.092316
mena,2053,22219843733754.156,295483978.9827881,304719.9274496286,1537622169013.1145,1090813850435.1859,328395416745.1907,0.0,16862177411.653238,4511047329.76981,1418964403578.7578,244863601.61859423,45552.56113790504,118657765434.35669,101550724421.08485
ssa,2053,16194756765616.43,1144209746.9720376,0.0,1029338123665.6387,619752984989.9215,90933489176.06876,0.0,13164938022.296524,6763677614.094796,710686474165.9902,0.0,14306.28898240429,318651649499.64844,305486711477.3519
us,2054,42441960166605.39,179920273.3474542,26327032.418095876,1846428081288.7148,2135434016912.654,242764186036.8124,415767598424.18884,0.0,10206036998.290848,1984478721794.6575,393719481154.80945,94514.72137809041,-138050640505.94263,-116002523236.56323
oecd-ex-us,2054,44621860309706.12,329884335.3556094,30075576.291509822,1907665945963.1907,2345297708649.2676,248391207156.08655,297330801822.91205,0.0,8903785252.856678,2300668935810.862,293019979994.492,72813.58479135598,-393002989847.67114,-388692168019.2511
china,2054,31926393915211.84,502572753.8240881,0.0,1200356759721.7805,1818765132522.097,186714996186.2881,0.0,10782955971.13796,11466236026.924309,2005480128708.385,0.0,51089.130509036084,-805123368986.6045,-815906324957.7424
india,2054,25700646206562.465,945501286.8589919,0.0,1645142128555.2744,1227713170080.8926,331673424063.3934,0.0,42400827961.617355,245000074276.33133,1559386594144.286,0.0,25397.76147933236,85755534410.98853,43354706449.37117
latam,2054,14514049708454.105,305103226.68609965,0.0,734899714057.5037,690298289663.5663,103954739610.12477,0.0,12658154242.883568,3857909797.404855,794253029273.691,0.0,36888.643053015316,-59353315216.18738,-72011469459.07095
seasia,2054,16217032503614.438,358025375.27895534,0.0,833725722574.7018,753880509078.6791,112814552575.65935,0.0,5001836422.012366,5356154184.761056,866695061654.3384,0.0,34437.25104261359,-32969339079.636597,-37971175501.648964
russia,2054,11543857325145.006,146253300.08269873,5261672.131705018,573252442827.2637,558955053724.6627,67451402943.82847,26624075018.88556,0.0,4278434992.7917585,600736388730.5907,25670067937.900406,46448.073461147105,-27483945903.327026,-26529938822.341873
mena,2054,22306760683665.863,297012741.58587134,298245.86431408685,1533880257649.4033,1105188387240.675,328784838256.9489,0.0,17692542891.992035,4702460651.916307,1433959751708.3345,13473789.289689291,46741.13168754314,99920505941.06885,82214489259.78712
ssa,2054,16494767088581.799,1169736072.8932602,0.0,1034967876038.5005,636615918624.4857,93209903841.08263,0.0,12105842395.344381,6974111787.781581,729825822465.5684,0.0,14936.821947020975,305142053572.9321,293036211177.58777
us,2055,42331026290981.41,179835439.59555268,27080712.77338368,1844917371226.3613,2134518476363.1196,241256091968.68387,409120002550.69147,0.0,10803318930.773438,1971053272011.3105,404721296320.4935,95946.26490114183,-126135900784.94922,-121737194554.75128
oecd-ex-us,2055,44257540669612.22,326663258.3645883,30868660.85516367,1905298277013.0771,2323596728055.2915,245161245486.205,290386587367.934,0.0,8753469066.58867,2268102615896.8906,300655357644.6049,74206.22399561237,-362804338883.8135,-373073109160.4844
china,2055,31154603137686.61,490459519.8580507,0.0,1183542784681.2708,1772946712179.676,181766269412.49326,0.0,11539183306.249456,10918602691.913301,1954712981592.1692,0.0,52343.732753853445,-771170196910.8984,-782709380217.148
india,2055,25737467683696.812,947307037.4754853,0.0,1635682159651.742,1235742646156.9321,330521203888.6118,0.0,40359188407.41925,7762355935.568867,1566263850045.544,0.0,26295.69264128282,69418309606.198,29059121198.778748
latam,2055,14442323620495.838,303357403.6714881,0.0,728087189687.5894,687946527259.0088,103307921826.11562,0.0,12436777567.419014,3877949006.6918817,791254449085.1244,0.0,37979.6008359586,-63167259397.535034,-75604036964.95404
seasia,2055,16177415934768.61,356940081.39046127,0.0,826644216055.2219,753932888807.8639,112605065631.9557,0.0,4966081579.569025,5243251118.332201,866537954439.8196,0.0,35492.30096828057,-39893738384.59766,-44859819964.16668
russia,2055,11522048189975.51,148146747.7309785,5402710.151269268,573142161972.2157,557794389610.3109,67170829914.533745,25667723369.233418,0.0,4346199013.895407,598614861049.0868,26350358475.75809,47656.73618403935,-25472699076.871094,-26155334183.395767
mena,2055,22372320890456.824,301600828.06312436,291576.1095856195,1530064079938.0408,1120475776615.0806,329061505447.8979,0.0,19697276751.448036,4730685667.34204,1449537282062.9785,0.0,47952.896067365655,80526797875.06226,60829521123.61422
ssa,2055,16782029127236.861,1195174800.811254,0.0,1040518950042.1652,653490558972.7,95504161876.87122,0.0,11302875354.250568,7040684816.709536,748994720849.5712,0.0,15588.539837920822,291524229192.594,280221353838.34344
us,2056,42224974538662.04,179748355.48011744,27832851.094190937,1842065546176.1309,2132500851676.4702,239662678064.54944,414119197493.28394,0.0,9927033752.248413,1957858103250.448,414305426490.5707,97399.28044323107,-115792557074.31714,-115978786071.60388
oecd-ex-us,2056,43910332446689.73,323432109.38552976,31634662.601707265,1900964052366.5518,2301672973183.4834,241940729094.30692,287078562626.5467,0.0,8362864362.198668,2235992359225.8286,307621343051.9601,75620.897037027,-335028306859.27686,-355571087284.69025
china,2056,30413777264341.074,478351175.9579255,0.0,1163916201222.9841,1727109738864.8545,176926267334.57425,0.0,11979015131.179293,11272946762.106234,1904036006199.4287,0.0,53621.60590222103,-740119804976.4446,-752098820107.6239
india,2056,25753401979835.367,948993748.9290767,0.0,1625795705271.2136,1248741666664.6184,329348070612.5392,0.0,39562142084.2217,7790470228.707871,1578089737277.1577,0.0,27217.262531797656,47705967994.05591,8143825909.834206
latam,2056,14366463574357.123,301568546.05954635,0.0,720987558969.9502,685482093958.4187,102724039623.40332,0.0,12503763544.011248,3862292017.171842,788206133581.822,0.0,39094.46163495332,-67218574611.871826,-79722338155.88307
seasia,2056,16130841998923.74,355801301.6726342,0.0,819041697208.9089,753822957117.5748,112428388351.49796,0.0,4762160695.3118,5397873110.611474,866251345469.0728,0.0,36571.286662365186,-47209648260.16382,-51971808955.47562
russia,2056,11502666032543.764,147902172.33162397,5554575.01712805,572294194309.4319,556477485018.1339,66899091534.41072,27543622583.428307,0.0,4156602227.9365673,596535758938.7015,26840817613.84312,48888.929561153695,-24241564629.269653,-23538759659.684467
mena,2056,22418287689188.984,303050073.16287136,284758.8517550139,1525200674558.1956,1135399641183.3577,329174049395.1715,0.0,19421518296.46076,4761333048.959877,1464573690578.5293,0.0,49188.17565727204,60626983979.66626,41205465683.205505
ssa,2056,17055149005120.914,1220431295.8128474,0.0,1045608530905.2185,670343306954.0251,97785022668.67242,0.0,11661585884.626244,7301262486.165056,768128329622.6975,0.0,16261.906228593742,277480201282.521,265818615397.89474
us,2057,42141269135533.41,182410602.50595385,28609471.619941637,1838237126304.4382,2123267781234.018,238162730571.14484,430241908834.391,0.0,9246073537.73074,1944855287487.9832,416575224317.18,98874.09005509256,-106618161183.54492,-92951476666.33392
oecd-ex-us,2057,43587797466389.24,320205276.71652687,32391378.285816394,1894778858831.0144,2275304910677.204,238859132773.0511,288801814221.63257,0.0,8048390097.136823,2204305586639.037,309858456811.2175,77057.92049813074,-309526727808.0227,-330583370397.60767
china,2057,29702175824069.527,477964698.7509028,0.0,1141629797058.456,1681208329324.277,172199906839.95197,0.0,10068505917.090302,10245504751.31491,1853408236164.229,0.0,54923.070242806665,-711778439105.773,-721846945022.8633
india,2057,25747489545052.387,950544612.6337229,0.0,1615516267126.3381,1262347867584.2922,328073986620.5804,0.0,39093996169.329735,8087148464.891575,1590421854204.8726,0.0,28162.86693768108,25094412921.465576,-13999583247.864159
latam,2057,14286119750122.512,299733815.04762745,0.0,713598402959.2938,682884469842.3357,102192898184.94362,0.0,12612836984.141045,3747977817.5131745,785077368027.2793,0.0,40233.572385589876,-71478965067.98547,-84091802052.12653
seasia,2057,16077236569704.568,359435049.76320577,0.0,810943418244.6918,753545797109.1611,112271912617.83578,0.0,4177199788.0550413,5446062051.190149,865817709726.997,0.0,37674.56303976907,-54874291482.305176,-59051491270.360214
russia,2057,11483975485262.025,147648504.75557667,5705434.243471606,570738387528.7598,554735946759.146,66650126846.914116,27839904257.24836,0.0,4117234538.312872,594470711359.2877,26915362246.772324,50144.97947457216,-23732323830.527954,-22807781820.051918
mena,2057,22440141304477.473,304446022.6460752,277785.2781308778,1519345649569.4124,1152866403583.007,329066530334.75165,0.0,20357208376.565945,4798108013.388577,1481932933917.7588,0.0,50447.295909138105,37412715651.653564,17055507275.08762
ssa,2057,17430948019928.709,1245427096.0880177,0.0,1050240443249.6482,680908817272.6766,101146031468.47067,0.0,12895762015.352844,120509182314.6435,782054848741.1473,0.0,16957.388421739994,268185594508.50085,255289832493.148
us,2058,42075664954434.33,182356698.49359372,29397096.15013473,1833575906051.464,2112807364228.516,236870720667.75876,440949191454.2468,0.0,9548806291.461327,1932013337967.0244,417664746929.24963,100371.02061867379,-98437431915.5603,-75152987390.56311
oecd-ex-us,2058,43298043080164.48,316999749.7017688,33158543.124052323,1886916376709.3308,2244563227232.431,236032876832.43515,296114816585.99854,0.0,7810524544.780437,2173014373912.0269,307581730152.8402,78517.6157964613,-286097997202.69604,-297564910769.5377
china,2058,29014434151016.145,465877817.31221944,0.0,1116833322422.2856,1635324470398.4607,167595507041.2089,0.0,11290634090.574007,9635616054.575054,1802919977439.6697,0.0,56248.450420209425,-686086655017.384,-697377289107.958
india,2058,25717892843976.33,951908362.5189728,0.0,1604832756591.4045,1275532641478.0012,326671200596.23505,0.0,40248749863.77767,8023134270.557368,1602203842074.2363,0.0,29132.904714544275,2628914517.168213,-37619835346.60946
latam,2058,14202092776225.027,297865646.2328749,0.0,705941589462.3973,680142271133.0663,101703449069.58688,0.0,11855926909.358772,3733083752.132475,781845720202.6532,0.0,41397.28363380884,-75904130740.25586,-87760057649.61462
seasia,2058,16015466247156.633,358188695.9141651,0.0,802411702049.2489,753109011372.1649,112132097528.18932,0.0,4191698216.6252155,5250782519.792071,865241108900.3542,0.0,38802.488482630935,-62829406851.10535,-67021105067.73056
russia,2058,11463341313625.438,147367293.77750283,5840728.744702073,568453870695.1716,552961182470.9487,66403188613.38685,26169852763.35789,0.0,4106475989.2150397,592395724234.9557,26968646849.379936,51425.215950043705,-23941853539.784058,-24740647625.806103
mena,2058,22435654453550.395,305802131.04768014,270693.0855357375,1512544267506.5325,1173742762058.5781,328641787624.56256,0.0,19492636157.96741,4846067407.506018,1502384549683.1406,0.0,51730.586433036086,10159717823.391846,-9332918334.575565
ssa,2058,17679957209091.13,1270189826.235427,0.0,1054427413349.9517,697309921509.1451,103383041314.02151,0.0,12870239185.26807,8144977820.913524,800692962823.1666,0.0,17675.45742198309,253734450526.78503,240864211341.51697
us,2059,42004197877649.98,182257233.79748696,30143974.39576865,1827863892236.566,2102465727417.052,235751214865.61108,430053288829.61945,0.0,8832684432.09415,1919342914127.511,418874028155.1527,101890.40391959701,-91479021890.94507,-80299761216.47833
oecd-ex-us,2059,43022930824257.76,313756527.9974205,33879971.46586975,1877339151936.3735,2214385810981.6377,233528731888.03036,287963454374.22864,0.0,7499680652.329369,2142095745281.9148,305818797587.7528,80000.30925879869,-264756593345.54126,-282611936559.0654
china,2059,28350065739585.926,453790129.6507088,0.0,1089902355892.3721,1589257595354.349,163117934454.34766,0.0,10741039612.21931,8845802098.320429,1752375529808.6968,0.0,57598.07552032315,-662473173916.3247,-673214213528.5441
india,2059,25662420275556.242,962912332.7108773,0.0,1593740219122.7412,1289066452324.7817,325078075871.4693,0.0,43027694949.49309,7959435602.902385,1614144528196.251,0.0,30127.777844146694,-20404309073.509766,-63432004023.00285
latam,2059,14289756620327.293,295940526.33656424,0.0,698064353759.2825,675429523905.9565,102965346442.79204,0.0,12570485247.084862,180564845938.81366,778394870348.7485,0.0,42585.949621752676,-80330516589.46606,-92901001836.55093
seasia,2059,15945469102668.867,356869704.2592858,0.0,793531523373.1323,752467785170.9905,111988071263.54173,0.0,4451133600.603115,5378322174.232252,864455856434.5322,0.0,39955.42492341192,-70924333061.3999,-75375466662.00302
russia,2059,11442652570461.375,147074175.80786473,5979990.860115262,565458358809.4203,551082196426.5149,66168092923.09987,27157719094.196262,0.0,3945468281.9445267,590292575923.7976,26957713425.817535,52729.97324442975,-24834217114.37732,-24634211445.998592
mena,2059,22410428282455.207,307117169.6462068,263498.4106127052,1504861040599.0225,1189063392434.5034,327946465929.34,0.0,18218198179.452217,5140844849.086509,1517009858363.8435,0.0,53038.38108458171,-12148817764.821045,-30367015944.273262
ssa,2059,17917097622706.8,1294821265.0841634,0.0,1058185511756.5892,713596822850.8965,105542425036.20612,0.0,10219496303.482534,8313646049.654687,819139247887.1025,0.0,18416.58791280044,239046263869.4867,228826767566.00415
us,2060,41927957681607.34,182110733.31403875,30849480.94219164,1821132825975.1958,2091907485775.7493,234702684777.80676,419001153324.53284,0.0,10235995211.211008,1906773503041.6387,419836667511.91785,103432.57672070769,-85640677066.44287,-86476191253.82788
oecd-ex-us,2060,42770054463960.34,316910575.2048148,34589385.53156465,1866150672666.7363,2184325629334.4067,231217746473.06265,289221445200.20636,0.0,7294897643.177176,2111516349881.914,304027025925.55475,81506.33219642733,-245365677215.17773,-260171257940.52612
china,2060,27707199724311.41,441691145.3777219,0.0,1061253696435.3594,1543085125606.3757,158784127764.04828,0.0,10988553483.107765,8738095143.673346,1701869253370.424,0.0,58972.279156712764,-640615556935.0647,-651604110418.1725
india,2060,25577898865473.887,963949304.4376514,0.0,1582240280146.2944,1311415214888.8462,323104340324.9346,0.0,40341855015.05708,8099720000.196886,1634519555213.7808,0.0,31147.89149493792,-52279275067.48633,-92621130082.54341
latam,2060,14194733525756.287,293967990.1439641,0.0,690012989373.9691,673791646503.3936,102487557180.22685,0.0,12527535828.756727,3770655567.4039216,776279203683.6204,0.0,43799.92837534408,-86266214309.65125,-98793750138.40797
seasia,2060,15864476949123.213,355479084.5984682,0.0,784378952932.763,754294649033.1134,111747163062.10529,0.0,4529799769.583084,5200505386.385053,866041812095.2188,0.0,41133.737929951545,-81662859162.45581,-86192658932.0389
russia,2060,11577196075676.113,146780779.20229965,6138026.39335364,561839704879.3683,548376937968.26685,67608702259.24746,30301840367.353855,0.0,158387600195.5243,588880189769.2405,27105450458.273983,54059.58993428599,-27040484889.872192,-23844094980.79232
mena,2060,22374561474336.074,308392238.49200773,256217.48380871778,1496412729977.5059,1193714984385.6501,327082871220.8198,0.0,16374864446.3278,4893181956.159995,1520797855606.47,0.0,54371.018053407126,-24385125628.96411,-40759990075.291916
ssa,2060,18138364650609.863,1319083636.0111003,0.0,1061502217708.5453,729837033881.7324,107603046136.00624,0.0,11511225670.447062,8716115882.703568,837440080017.7386,0.0,19181.258237758997,224062137690.80664,212550912020.3596
us,2061,41867238498331.86,181971862.05162367,31569106.760921624,1813881130974.6409,2081167333115.458,233748320813.80978,431440313557.25684,0.0,8875026121.903698,1894530981582.228,420384672347.04016,104997.88083672643,-80649850607.58716,-69594209397.37048
oecd-ex-us,2061,42540271671159.984,313668252.8406162,35296625.594538145,1853662314999.2732,2154632106963.1716,229180057136.96887,293322251249.56995,0.0,7044805050.8524475,2081253620844.8904,302558543255.2499,83036.0209814421,-227591305845.6172,-236827597851.29712
china,2061,27085895863682.586,429599854.5748372,0.0,1031254419246.6523,1496751906052.401,154620640111.6513,0.0,9749838301.598244,8564104590.185561,1651372546164.0522,0.0,60371.39955800997,-620118126917.3999,-629867965218.9982
india,2061,25462294253478.098,964753256.8828471,0.0,1570354555254.062,1331509339664.9246,320775116023.77057,0.0,42195230884.13718,8520519322.977535,1652284455688.695,0.0,32193.654085767605,-81929900434.63306,-124125131318.77023
latam,2061,14092776610285.02,291956383.14492166,0.0,681843879217.2495,673546698430.7456,101932702501.40701,0.0,11949327118.615843,3627933362.2515907,775479400932.1526,0.0,45039.58179356868,-93635521714.90308,-105584848833.51892
seasia,2061,15772411667813.629,354015896.12273604,0.0,775025447689.8141,756444350837.6205,111367432134.35706,0.0,4609597238.883214,5330651211.468835,867811782971.9775,0.0,42337.796792466674,-92786335282.16345,-97395932521.04666
russia,2061,11552300098414.506,146440275.02206504,6271233.746599256,557594343404.9199,546585601896.30145,67375804167.43108,27423560837.542664,0.0,4047524559.6653705,586694131876.4341,27267274187.29825,55414.4090055795,-29099788471.51416,-28943501821.269745
mena,2061,22581873988055.242,309556795.3706706,248782.04107611004,1487265430115.111,1191912299483.9807,328906897785.9482,0.0,20528665612.8459,261394946486.83426,1520819197269.929,0.0,55728.83995275932,-33553767154.81787,-54082432767.66377
ssa,2061,18344196711214.86,1343079131.1579108,0.0,1064386144449.9778,747610520530.0773,109461347727.59082,0.0,10215951890.823977,8733736303.511423,857071868257.6681,0.0,19969.95038613435,207314276192.3097,197098324301.48572
us,2062,41810704177125.055,181642590.6201217,32104651.388722215,1806436453961.7515,2071044711555.9817,232940574013.18393,432345573723.4029,0.0,8668936677.1927,1882687526559.4075,421297759009.7595,106586.66321002076,-76251072597.656,-65203257884.012634
oecd-ex-us,2062,42324578092681.445,310203001.7209599,35777604.51558913,1840027701313.5107,2126948920789.898,227384681146.38724,291807231106.25,0.0,6805091037.984457,2052881839291.3032,301451762644.9817,84589.71712411611,-212854137977.79248,-222498669516.52417
china,2062,26964958465327.12,417508258.6380406,0.0,1000282844531.5612,1463014854695.592,156211840577.2349,0.0,9457641283.14797,507464093668.9358,1619226695272.827,0.0,61795.77965633607,-618943850741.2657,-628401492024.4137
india,2062,25346532206539.746,965496568.7411427,0.0,1558267249678.9905,1326559320004.824,318386436898.21765,0.0,37345880244.134476,8262340529.843237,1644945756903.0415,0.0,33265.47735272943,-86678507224.05103,-124024387468.1855
latam,2062,13983670360016.107,289894032.13829243,0.0,673608321707.2709,673073355631.8103,101289964666.67438,0.0,12107408827.821526,3756157150.118517,774363320298.4846,0.0,46305.27573944089,-100754998591.21375,-112862407419.03528
seasia,2062,15864224573333.984,352472628.15567255,0.0,765545243218.358,753906089838.6871,112885240219.73463,0.0,5140206733.930143,198199199094.348,866791330058.4218,0.0,43567.9746124665,-101246086840.06372,-106386293573.99387
russia,2062,11526618302064.078,146067163.2531634,6396804.967694272,552794798983.9818,544846312671.30206,67104434823.12531,29494482038.68213,0.0,3979670121.3261256,584591301563.9341,27359445930.493412,56794.77794454128,-31796502579.95227,-29661466471.763554
mena,2062,22521919314732.836,310650074.1475851,226652.50022848806,1477546886041.8076,1195741235815.0217,327625062961.66864,0.0,19501141084.848316,5365880497.315493,1523366298776.6904,0.0,57112.193910224676,-45819412734.88281,-65320553819.731125
ssa,2062,18530845118287.383,1371506672.6389608,0.0,1066835657431.8597,765341361181.6516,111103504528.29848,0.0,12528968004.43401,8786583355.05513,876444865709.9501,0.0,20783.149982983297,190390791721.90967,177861823717.47565
us,2063,42401796863050.086,181292919.1821306,32625863.880517732,1798853299149.8528,2062418912611.0835,238304200977.52887,433707491558.8423,0.0,659255008804.9381,1876750451339.672,423972662248.939,108199.27598751363,-77897152189.81934,-68162322879.91608
oecd-ex-us,2063,42128403225453.766,306748340.46409965,36266120.052551225,1825471865415.5393,2099534707078.366,225796049003.76065,297012352267.48285,0.0,6671671171.474047,2024893131025.4,300437625056.7256,86167.76735134819,-199421265609.8606,-202846538399.10333
china,2063,26360892346635.418,405425862.1129089,0.0,968588961018.3108,1420050994784.1775,152175840843.16818,0.0,8447873223.826208,8019629141.153195,1572226835627.3457,0.0,63245.7671767599,-603637874609.0349,-612085747832.8611
india,2063,25224596279889.535,966019572.9027473,0.0,1546034450507.0986,1321946383527.215,316000527686.1943,0.0,38335597094.411316,8312131150.509523,1637946911213.4094,0.0,34363.77641910372,-91912460706.31079,-130248057800.7221
latam,2063,13867572677377.643,287782285.3914286,0.0,665338950552.4413,672339244877.5591,100554184087.11105,0.0,12208201556.249947,3664997330.0181375,772893428964.6702,0.0,47597.380132632774,-107554478412.22888,-119762679968.47882
seasia,2063,15753655037524.977,350868932.23793054,0.0,756043617608.066,755339990916.4948,112260391787.41296,0.0,4561737637.214726,5548966924.048151,867600382703.9077,0.0,44824.64839355761,-111556765095.84167,-116118502733.0564
russia,2063,11495758625148.418,145650062.33745262,6505272.493399514,547556378457.95593,543071691533.19794,66822719350.4875,27475721038.32501,0.0,4002634471.74689,582371237643.7573,27523173239.928017,58201.04882965528,-34814859185.80139,-34862311387.4044
mena,2063,22457540567029.477,311702666.2626919,211906.04372334728,1467440463763.6738,1193335387296.0962,326234419559.83014,0.0,17529236696.24326,5279832085.139964,1519569806855.9263,0.0,58521.43165958126,-52129343092.25244,-69658579788.4957
ssa,2063,18701037403370.074,1394633517.3382783,0.0,1068831089299.1218,782700283241.4589,112480589944.7843,0.0,12473771118.334528,9015840088.151016,895180873186.2432,0.0,21621.346283731466,173650216112.87866,161176444994.54413
us,2064,42336268938583.67,180645086.4577616,32854608.431855068,1791206325570.0732,2052289961272.37,237528554027.68484,424249581255.67615,0.0,8834684007.883453,1865177746230.594,424640769069.4613,109836.07659874536,-73971420660.52075,-74362608474.30591
oecd-ex-us,2064,41937780846752.64,302865872.48088884,36323529.56248447,1810215231781.0938,2072327789398.7659,224450717392.24866,289487422128.953,0.0,6453474179.813967,1997128643331.3816,299649863459.63226,87770.52368620806,-186913411550.28784,-197075852880.9671
china,2064,25767208359816.156,393318802.3215437,0.0,936528258285.8912,1378330466610.2378,148302807008.92377,0.0,10554799874.72975,6975828388.739287,1526633273619.1616,0.0,64721.71472780017,-590105015333.2704,-600659815208.0001
india,2064,25391483515677.79,966401203.393972,0.0,1533607885780.9653,1313105998489.4036,316674345627.99164,0.0,36572137550.523994,299631831675.1958,1629780344117.3953,0.0,35488.96986836225,-96172458336.42993,-132744595886.95392
latam,2064,13742271986891.953,285628321.9185605,0.0,657065838149.4554,674380799937.9097,99673804438.41417,0.0,11920145502.932972,3608221244.111669,774054604376.3239,0.0,48916.26904374654,-116988766226.86841,-128908911729.80138
seasia,2064,15631454643651.44,349198701.28327775,0.0,746614676721.8994,758548192244.1963,111450512564.02022,0.0,4379221849.400173,5562856062.183236,869998704808.2166,0.0,46108.19913411375,-123384028086.31714,-127763249935.71732
russia,2064,11460837369664.0,145133039.73747158,6542302.400304357,541975822591.7103,541072762605.0718,66525149770.778534,26895729848.79607,0.0,3805104450.9398575,580032399261.6715,27565513114.178745,59633.57842478583,-38056576669.96118,-38726359935.34386
mena,2064,22388039247142.53,312603379.6564835,116596.96144651511,1457088545600.845,1189719875206.3877,324767254899.326,0.0,17423619221.233494,5320883839.151317,1514487130105.7136,0.0,59956.90963378121,-57398584504.86865,-74822203726.10214
ssa,2064,18855974341785.98,1417366702.4590962,0.0,1070427250666.8691,799737629580.0833,113572744966.98178,0.0,11832063733.122051,9652126029.22054,913310374547.0651,0.0,22485.03217332957,157116876119.80408,145284812386.68204
us,2065,42281181485129.66,179831724.2778661,32922838.15451851,1783660269485.8083,2041746422501.7554,236871067696.6951,431237169347.8396,0.0,8632597910.835283,1853707578806.039,424909911392.4116,111497.4278351071,-70047309320.23071,-63720051364.802734
oecd-ex-us,2065,41756710405945.73,298739409.08238715,36132810.53687069,1794470091962.8486,2046583325014.1082,223328639286.46976,288138430300.9735,0.0,6233001229.831622,1971224875329.7944,298687088970.78345,89398.34352859801,-176754783366.9458,-187303442036.75574
china,2065,25189637127565.074,381247691.86992854,0.0,904628996620.8396,1336221995659.1077,144591287958.47302,0.0,8360818473.705986,6973873219.374884,1480813283617.5806,0.0,66223.97989298165,-576184286996.741,-584545105470.4469
india,2065,25263497010096.344,966587074.0857998,0.0,1521054305066.679,1306701844235.8064,314261597037.0557,0.0,36275228042.43149,8197858667.176595,1620963441272.862,0.0,36641.479820197834,-99909136206.1831,-136184364248.6146
latam,2065,13604637663653.223,287773388.3285792,0.0,648811138876.9281,679272056774.0131,98593338423.07436,0.0,12211384752.811243,3631317834.2343516,777865395197.0874,0.0,50262.32079021263,-129054256320.1593,-141265641072.97055
seasia,2065,15493157230715.982,347440395.10237503,0.0,737319183337.8113,765463757221.6733,110370755190.54785,0.0,5439724853.350448,5657640992.297945,875834512412.2212,0.0,47419.01192178601,-138515329074.4099,-143955053927.76035
russia,2065,11421791178454.9,146779710.63167635,6653691.246164699,536227194042.7423,538924626964.84064,66203401379.034584,25933644961.711563,0.0,3920998130.3121357,577542712135.1934,27585316208.68154,61092.72827344632,-41315518092.45105,-42967189339.42103
mena,2065,22313441525856.195,313435984.89220756,26230.34010186733,1446633322943.2224,1185907716120.81,323198000302.07166,0.0,17421778874.931175,5296451068.251491,1509105716422.8818,0.0,61418.98905906667,-62472393479.659424,-79894172354.5906
ssa,2065,18996496554791.86,1439653730.3974836,0.0,1071673004677.0778,814845510174.8534,114454222229.39453,0.0,11651942787.42468,9800883520.467968,929299732404.2479,0.0,23374.704170024008,142373272272.82983,130721329485.40515
us,2066,42228123944645.78,179023023.43157825,32999320.49747262,1776628827447.415,2041674168558.8684,236233594757.90823,439822593362.2804,0.0,8398802023.191117,1852584449964.2144,425323313352.56305,113183.69793026232,-75955622516.79932,-61456342507.08197
oecd-ex-us,2066,42216273569555.31,294648624.4047656,35971727.85079771,1778618150391.576,2039823979035.315,228149694852.39246,292980194218.98303,0.0,655938492886.7454,1968389418921.5554,299584254966.1528,91051.58973704923,-189771268529.9795,-196375329277.14923
china,2066,24625892802055.88,369187981.4702242,0.0,873412809850.9565,1293969417938.975,141103792173.07767,0.0,8976954270.940847,6893029022.827734,1435073210112.0527,0.0,67752.92532345594,-561660400261.0962,-570637354532.037
india,2066,25131328670113.277,966540668.1849581,0.0,1508365177884.0427,1300124132755.3345,311807382662.36316,0.0,37264650099.42258,8662647650.026546,1611931515417.6978,0.0,37821.73200954054,-103566337533.65503,-140830987633.0776
latam,2066,13460577606877.729,285535156.6101589,0.0,640602689433.2002,679064718629.024,97382504083.10268,0.0,11797814580.040733,3582291083.474716,776447222712.1267,0.0,51635.91803379614,-135844533278.92651,-147642347858.96725
seasia,2066,15345636156419.783,345632730.21520233,0.0,728217207038.0284,767652543415.2123,109089912565.49303,0.0,4574497111.696096,5578671758.172964,876742455980.7053,0.0,48757.47602983019,-148525248942.67688,-153099746054.373
russia,2066,11378259644801.56,146181429.8497692,6662526.612763774,530465755664.9679,539553099229.1688,65800735987.227615,27628596253.49173,0.0,3727949644.59008,577796615995.5482,27557219220.84833,62578.86479421303,-47330860330.58032,-47259483297.93692
mena,2066,22235511847780.074,314280287.15167576,1328.8197157229347,1436212308156.5588,1181935658107.0198,321528347246.37,0.0,15830424815.91363,5152443936.622077,1503464005353.3896,0.0,62908.03605022361,-67251697196.83081,-83082122012.74445
ssa,2066,19122249501628.6,1461427276.1388295,0.0,1072575878136.9336,829256708606.4968,115128723019.04134,0.0,12195071176.12004,9757571501.46827,944385431625.5382,0.0,24290.862433779952,128190446511.39539,115995375335.27534
us,2067,42172747074992.03,178228310.81953812,33091493.98695125,1770401495223.4854,2045662689035.6355,235473839130.19565,447225370240.852,0.0,8132793047.680372,1855041275240.903,426095252924.9282,114895.26064177512,-84639780017.41772,-63509662701.49396
oecd-ex-us,2067,42013992063147.55,290606625.42890954,35850779.78549787,1762979612807.1804,2041298025223.8125,226645408038.9231,296347088530.4043,0.0,6335225517.366764,1969048059075.6191,298895374187.117,92730.63071167233,-206068446268.43872,-208616731925.15143
china,2067,24060956841146.984,357146346.41153175,0.0,843341975925.7612,1266960746539.23,137580379088.89157,0.0,9994288346.309137,6257477139.767591,1404541125628.1216,0.0,69308.91883169785,-561199149702.3604,-571193438048.6694
india,2067,24995118862800.863,966289930.8943192,0.0,1495605384352.1802,1293346408504.9512,309324174004.57434,0.0,37085406060.78344,7940796905.696925,1602670582509.5254,0.0,39030.15586852175,-107065198157.34521,-144150604218.12866
latam,2067,13317331494298.285,283258506.6933562,0.0,632484795171.806,671696062957.7532,96172626476.49097,0.0,11512765479.66056,3650547162.652104,767868689434.2441,0.0,53037.44787969574,-135383894262.43811,-146896659742.09866
seasia,2067,15198170624820.455,343763620.4140596,0.0,719342874821.0938,760099523060.4021,107813271437.27518,0.0,4490741133.674455,5595129210.933217,867912794497.6772,0.0,50123.98501522879,-148569919676.5835,-153060660810.25797
russia,2067,11329196611555.648,145562122.2753565,6677577.847536983,524843551557.0284,540657289563.47375,65336334536.03037,28414060431.138847,0.0,3672978865.4366083,578392300402.5004,27601323697.003777,64092.359377288594,-53548748845.471985,-52736012111.336914
mena,2067,22148402008533.832,318053868.2998814,1280.965950825328,1425833482072.3037,1177921137902.776,319790392968.17523,0.0,20292134474.273743,5060344026.698257,1497711530870.9512,0.0,64424.42170697852,-71878048798.64746,-92170183272.9212
ssa,2067,19238932319551.01,1482740419.2550342,0.0,1073160666092.5397,839701835131.8562,115658664173.6917,0.0,11414237119.512726,10296888254.92318,955360499305.5479,0.0,25234.010779387794,117800166786.99182,106385929667.4791
us,2068,42111076117701.4,177427231.8089716,33177570.37875147,1764856846696.3152,2043339478615.9216,234755993157.40698,444318638902.8408,0.0,7249028883.590274,1850957786505.2798,427137685268.0494,116632.49533396293,-86100939808.9646,-68919986174.17316
oecd-ex-us,2068,41790486079304.07,286562778.3836639,35716323.177139595,1747664611174.377,2040709049472.1619,224957745256.95303,288099760395.4887,0.0,6396439315.761507,1967172974207.385,298493820521.7304,94435.84047828078,-219508363033.00806,-229902423159.24976
china,2068,23479508988878.5,356652146.2035498,0.0,814940312615.9962,1260940143289.5088,133610289912.76323,0.0,8173350962.540296,6335619280.350455,1394550433202.272,0.0,70892.33348628934,-579610120586.2758,-587783471548.816
india,2068,24859260023588.18,965929683.6015322,0.0,1482875570843.0103,1286425335008.8003,306814677012.79895,0.0,33512891419.755695,8018493385.675471,1593240012021.599,0.0,40267.18461134687,-110364441178.58887,-143877332598.34457
latam,2068,13174771153964.96,280945836.9758298,0.0,624478709271.0553,664327276604.3275,94972852525.47647,0.0,11173375668.467201,3434455193.8948956,759300129129.804,0.0,54467.301977220064,-134821419858.74866,-145994795527.21585
seasia,2068,15051084293469.637,346564095.3977265,0.0,710714495190.6788,752529228160.6724,106541062004.76021,0.0,4361099973.006127,5630563596.946136,859070290165.4326,0.0,51518.936818586604,-148355794974.75378,-152716894947.75992
russia,2068,11277653719850.3,144916438.81662706,6691514.858435969,519462323819.29767,537982142942.1368,64859665424.23596,28052653271.9384,0.0,3783939569.786074,575160996959.9044,27680811406.468365,65633.58848222111,-55698673140.60675,-55326831275.13672
mena,2068,22059163813324.03,318750743.82239705,0.0,1415542147489.7678,1173571861066.2766,317918569827.96027,0.0,18318596593.074867,5028684787.735892,1491490430894.2368,0.0,65968.5222115444,-75948283404.469,-94266879997.54385
ssa,2068,19516557076077.832,1503436154.2494276,0.0,1073442491403.9487,841999471535.8895,118212576347.53033,0.0,13088339324.31772,177482652330.61957,960212047883.4199,0.0,26204.65669427675,113230443520.52881,100142104196.21109
us,2069,42060214261924.1,179951267.05654868,33897244.5698083,1760050676500.0586,2039334000233.6829,234012034469.2599,453875459866.1425,0.0,8558042559.4656515,1845386641334.7778,427959393368.1654,118395.7870619919,-85335964834.71924,-59419898336.74213
oecd-ex-us,2069,41567253153160.83,282551630.70385724,35599323.65650325,1732896268037.3484,2027228150195.699,223234143757.676,287850515853.0203,0.0,6482583919.778752,1952617869948.52,297844424004.8556,96167.59877370705,-219721601911.17163,-229715510063.0069
china,2069,22897191620371.207,344751979.367141,0.0,788519010681.8513,1239577761877.4995,129521625819.83159,0.0,8006530431.046289,6269538939.227964,1369099387697.331,0.0,72503.5477078036,-580580377015.4797,-588586907446.526
india,2069,24719321624559.66,974971532.5318426,0.0,1470141751199.5476,1279529835176.6748,304323487277.48065,0.0,34236039487.420464,8009211713.503949,1583853322454.1555,0.0,41533.25532203722,-113711571254.60791,-147947610742.02838
latam,2069,13033018784924.82,278597822.2856958,0.0,616597512785.5403,656976542683.8759,93785517002.29219,0.0,10890455217.112343,3302633077.5976815,750762059686.1681,0.0,55925.87662202794,-134164546900.6278,-145055002117.74014
seasia,2069,14904519305230.715,344597914.1955433,0.0,702396712615.3365,744971457691.9076,105289304817.30983,0.0,3902200671.174628,5201262326.129787,850260762509.2174,0.0,52942.733865779526,-147864049893.88086,-151766250565.05548
russia,2069,11222697398762.992,144236539.98706114,6694456.964212738,514377954879.4624,535088965163.217,64390363991.821434,26490721324.422775,0.0,3654331863.8398695,571720953953.7867,27758375201.25178,67202.93373678495,-57342999074.32434,-58610652951.15335
mena,2069,21963909461048.117,319353629.4562794,0.0,1405433918933.5732,1169253456440.757,316012888020.2176,0.0,20256117372.411068,4834190623.88748,1485266344460.9746,0.0,67540.71892732262,-79832425527.40137,-100088542899.81244
ssa,2069,19621439064131.402,1523628846.861945,0.0,1073436359565.1149,848250658334.3857,118687617241.8039,0.0,12298365922.018522,10682269986.664053,966938275576.1897,0.0,27203.31136105278,106498083988.92517,94199718066.90665
us,2070,41994786941954.02,179142278.15351966,33967298.2252549,1755885273492.832,2035804373420.744,233390012950.3948,439894828689.52795,0.0,7986964218.689606,1840059399780.7842,429134986590.3542,120185.52665723414,-84174126287.95215,-73414284188.77838
oecd-ex-us,2070,41340946759360.266,278555912.0575534,35478551.37553429,1718928072384.2693,2013938985200.9814,221574951313.8512,284173486446.9405,0.0,6105983883.109665,1938287447553.4905,297226488961.34296,97926.29113233121,-219359375169.2212,-232412377683.62366
china,2070,22331785984464.62,332935445.30914587,0.0,764250424160.3584,1202820103947.8406,125628771082.46312,0.0,7319318344.173333,6112133307.531,1328448875030.3037,0.0,74142.94536580284,-564198450869.9453,-571517769214.1187
india,2070,24577535869012.25,974234287.9058585,0.0,1457436252825.0364,1272463672305.7197,301809327566.4739,0.0,32481404785.683956,7532396285.431556,1574272999872.1936,0.0,42828.80904500152,-116836747047.15723,-149318151832.8412
latam,2070,13069230569083.828,276211926.8032776,0.0,608864534895.0099,649531729624.7676,94498834929.688,0.0,11006057993.858963,182383871812.3204,744030564554.4556,0.0,57413.57285991986,-135166029659.44568,-146172087653.30463
seasia,2070,14758459604421.492,342567654.97842336,0.0,694417772339.253,737472590690.5038,104047245779.83153,0.0,4435676677.818968,5478039999.670803,841519836470.3353,0.0,54395.78317133767,-147102064131.08228,-151537740808.90125
russia,2070,11165535343821.918,143538371.6594981,6699900.197351599,509656727616.60156,532105518862.79456,63920726436.88439,25634031229.719772,0.0,3573431512.289783,568260404598.9873,27765840700.69136,68800.78203703089,-58603676982.38574,-60735486453.35733
mena,2070,21865733713774.08,319892376.66067094,0.0,1395535277572.4424,1164774021521.5093,314026800632.42316,0.0,19809032024.727837,4898829332.182462,1478800822153.9324,0.0,69141.39849876885,-83265544581.48999,-103074576606.21783
ssa,2070,19719923323393.855,1543275271.9273043,0.0,1073181547090.8262,854229580099.8699,119125815968.56035,0.0,11941744315.44152,10599852555.490534,973355396068.4302,0.0,28230.489684771463,99826151022.396,87884406706.95447
us,2071,41947379537073.42,178371563.14069197,34070983.94634974,1752357025832.833,2032229429825.233,232704366435.5057,457873009396.45575,0.0,7296356150.845651,1834994243240.1245,429939553020.6135,122002.11081390503,-82637217407.2915,-54703761031.44928
oecd-ex-us,2071,41116811587683.695,274844547.60838073,35369122.189012215,1705906979175.4658,2000964091344.8145,219926418148.10388,284360102435.7193,0.0,6488256205.130145,1924253516046.105,296636993446.8132,99712.30897384175,-218346536870.63916,-230623427881.73303
china,2071,21783365873957.508,321209925.3425343,0.0,742434003510.2886,1167266754341.9966,121951473464.33896,0.0,7347539226.48763,5711653015.416638,1289218227806.3354,0.0,75810.91587696323,-546784224296.0469,-554131763522.5345
india,2071,24429351477520.234,973183380.6706302,0.0,1444791603073.0059,1265345862954.5674,299285775890.0509,0.0,35929411238.403946,7585055517.989951,1564631638844.6182,0.0,44154.29087839742,-119840035771.6123,-155769447010.01624
latam,2071,12927980382799.209,273800747.9933421,0.0,601291616815.7205,642279481623.3458,93313611217.30095,0.0,10378399007.59197,3429688747.899473,735593092840.6467,0.0,58930.79659216935,-134301476024.92627,-144679875032.51825
seasia,2071,14614419741576.365,340509313.34345233,0.0,686787080705.5139,730014823866.653,102818544390.4727,0.0,3346757506.413974,5353182212.904115,832833368257.1256,0.0,55878.49644354476,-146046287551.6117,-149393045058.02567
russia,2071,11251991490452.307,142800772.17725164,6683925.254359468,505347674529.5376,528468661487.39386,65059165441.528175,23558651493.393246,0.0,151077647536.38556,565684609977.8229,27843216951.09939,70427.52564851407,-60336935448.28528,-64621500905.99142
mena,2071,21767505894330.004,320401241.4663839,0.0,1385952613161.0557,1160272619200.9548,311999250118.44775,0.0,16788992666.40629,4880429380.675648,1472271869319.4026,0.0,70770.95295243149,-86319256158.34692,-103108248824.75322
ssa,2071,19812505338244.63,1562363475.5846522,0.0,1072686400269.3567,859915162485.2961,119516828069.50185,0.0,11535580677.860834,10863185814.081997,979431990554.798,0.0,29286.71032495047,93254409714.55872,81718829036.69788
us,2072,41884159164471.45,177610776.58960024,34134947.83002754,1749457785219.971,2029431260003.3254,232105488531.5096,441682851459.80383,0.0,7175739253.087316,1830180091921.0645,431356656613.76953,123845.94217700062,-80722306701.0935,-70396111855.0592
oecd-ex-us,2072,40887552911252.6,277922805.6593348,35986303.7073047,1693915948803.3596,1988351238924.2502,218317916290.97568,277468656138.39923,0.0,6025873842.350714,1910628102423.3386,296041052791.8862,101526.0496922491,-216712153619.979,-235284550273.466
china,2072,21251861341126.715,309576853.6652996,0.0,723175203570.5424,1133044884447.446,118489950902.4717,0.0,8629841874.74739,5484940823.329431,1251534835349.9177,0.0,77507.8543043423,-528359631779.37537,-536989473654.12274
india,2072,24280387151904.105,971985272.757952,0.0,1432239298511.8535,1257946236836.1492,296713721733.93176,0.0,33650750173.665573,7107084615.781263,1554659958570.081,0.0,45510.1500702435,-122420660058.22754,-156071410231.89313
latam,2072,12787869219914.691,272344817.71359944,0.0,593898842886.1799,635108591838.6217,92142715547.50916,0.0,10188833945.111816,3430135560.5411983,727251307386.1309,0.0,60477.95868238401,-133352464499.95093,-143541298445.06274
seasia,2072,14470538386785.012,339567484.21307963,0.0,679474858636.8718,722704770627.7642,101621744606.88173,0.0,4065822869.593587,5036124676.01455,824326515234.6459,0.0,57391.29019123729,-144851656597.77405,-148917479467.36765
russia,2072,11194174143821.143,142120086.67479497,6688065.432709366,501519761777.2412,525377015414.63513,64580588729.08222,26988586964.283535,0.0,3631908771.0324535,562263178006.556,27694426137.16143,72083.56230870844,-60743416229.31482,-61449255402.19272
mena,2072,21667742580292.312,321718491.0653558,0.0,1376747200539.07,1155887310476.623,309977369783.14343,0.0,15420381171.211477,4774546854.224397,1465864680259.7666,0.0,72429.77979917241,-89117479720.69653,-104537860891.908
ssa,2072,19898465640061.27,1583315081.4479516,0.0,1071954302002.0824,865325078783.7246,119873171263.69368,0.0,11480275089.568136,10684524951.545431,985198250047.4183,0.0,30372.495732320363,86756051954.66406,75275776865.09593
us,2073,41832617790214.51,177137150.1359033,34215075.57367957,1747042762452.1616,2026224081489.753,231410984386.71646,451423611512.8164,0.0,7627317654.531817,1825580042050.1353,432055023826.3344,125717.4294315536,-78537279597.97363,-59168691911.49164
oecd-ex-us,2073,40654375331541.16,274516176.9197123,35837187.06441148,1682962535163.215,1975797406616.7578,216714315489.56622,270344270726.8026,0.0,6027336504.880799,1897448269492.3203,295063452614.00543,103367.91674617272,-214485734329.10522,-239204916216.30804
china,2073,20739097575183.21,299076115.70124,0.0,706413026680.4985,1100228565852.7573,115251322206.18655,0.0,8550336023.545234,4853431458.481003,1215479888058.9438,0.0,79234.16145780362,-509066861378.4453,-517617197401.99054
india,2073,24132201381906.23,973609551.1185905,0.0,1419853577560.579,1250541957455.0918,294143265818.2053,0.0,30939426329.58132,7585302044.413327,1544685223273.297,0.0,46896.84011724288,-124831645712.71802,-155771072042.29935
latam,2073,12648638189669.617,270755361.36355513,0.0,586690496429.124,628008103588.611,90987215208.88295,0.0,10280117662.902693,3353909786.1954556,718995318797.4939,0.0,62055.47506488737,-132304822368.36987,-142584940031.27255
seasia,2073,14517208991371.59,338394158.5559057,0.0,672439036285.9948,715101106636.0413,102579681183.11159,0.0,4556228156.73221,196468584276.471,817680787819.1528,0.0,58934.585832287856,-145241751533.15808,-149797979689.8903
russia,2073,11135066808792.02,141459545.24684858,6683849.729868604,498172800178.2318,522449854064.69385,64131986633.89423,25754509148.309574,0.0,3547196342.921912,558911713189.6158,27670127508.972385,73769.29533061812,-60738913011.38403,-62654531372.046844
mena,2073,21815023514091.246,322779515.5833858,0.0,1367872177316.822,1149042922307.4072,310705921595.7122,0.0,16212091135.753563,255369691520.9857,1459748843903.1194,0.0,74118.28213758035,-91876666586.29736,-108088757722.05093
ssa,2073,19977426615328.99,1605832132.1706195,0.0,1070995579093.9061,870442272262.6268,120195026405.15096,0.0,11968143533.403572,10570838374.986992,990637298667.7778,0.0,31488.37219030703,80358280426.1283,68390136892.724724
us,2074,41776555728047.87,177574838.59372967,34276018.28784184,1745181894602.881,2023231176328.5747,230806275027.35767,444932571125.1435,0.0,7860923461.262858,1821189241916.3853,432848209439.5465,127616.98739322874,-76007347313.50415,-63922985627.907166
oecd-ex-us,2074,40426428372567.55,274798257.8484793,35704775.65941284,1673189262068.3687,1963323471594.5027,215166625614.1321,271511601648.6065,0.0,5842274518.034108,1884737165364.9475,293752931843.687,105238.31975042193,-211547903296.57886,-233789233491.65936
china,2074,20588766074213.152,288608616.206493,0.0,692124585885.8231,1076141230224.1626,116139336684.46098,0.0,7265207059.977138,357089687112.7286,1192280566908.6235,0.0,80990.24399561516,-500155981022.8004,-507421188082.7775
india,2074,24248734310742.145,974701864.6699404,0.0,1407600772343.1746,1241079847675.8914,294461000407.2695,0.0,32911083711.80526,277384088287.70575,1535540848083.161,0.0,48314.81886627933,-127940075739.98633,-160851159451.7916
latam,2074,12511075746025.324,271585838.56244206,0.0,579674817194.2947,620973018280.1656,89849373069.01424,0.0,9593488584.25549,3178619094.856425,710822391349.1799,0.0,63663.76685461372,-131147574154.88525,-140741062739.14075
seasia,2074,14374642487406.346,339733288.62404716,0.0,665700218349.4275,707959475726.6853,101398243543.05125,0.0,4368193268.57314,5459190223.637704,809357719269.7366,0.0,60508.80980375839,-143657500920.30908,-148025694188.88223
russia,2074,11077556812196.951,141567391.0079617,6689380.169580498,495253025093.66394,519548322388.44507,63696967777.12761,27037584410.488037,0.0,3444684066.3499713,555660416621.459,27584873544.11362,75485.13370759635,-60407391527.795044,-60954680661.42062
mena,2074,21707279905381.684,325171657.45547557,0.0,1359231635976.282,1144592589760.565,308654030258.3172,0.0,18580779307.131477,4852154640.169952,1453246620018.882,0.0,75836.86875858804,-94014984042.6001,-112595763349.73157
ssa,2074,20051185150172.227,1625172904.1629322,0.0,1069850732910.3342,875248732845.5685,120477752872.45633,0.0,10814871546.777626,10449159197.706861,995726485718.0248,0.0,32634.869861233794,74124247192.30945,63309375645.53182
us,2075,42371278087138.99,178427288.74461216,34390571.1256736,1744057831044.4614,2017187040226.9543,236172409956.60696,469693084853.641,0.0,634330893376.6077,1817942073386.3892,435417376797.17175,129545.03710027701,-73884242341.92773,-39608534285.458496
oecd-ex-us,2075,40216919034418.74,275643634.8747541,35633175.3191825,1664804965555.1147,1951415486073.12,213685104314.45648,284960911870.5412,0.0,5825374813.122662,1872503501877.4785,292597088510.09863,107137.6745688923,-207698536322.36377,-215334712961.9212
china,2075,20106843266022.008,286379106.1072122,0.0,680057709709.0907,1046063691726.3646,113199584493.20273,0.0,7917910502.014098,5200668821.339961,1159263276219.5674,0.0,82776.51452723765,-479205566510.4767,-487123477012.4908
india,2075,24091422069592.043,981024430.7217965,0.0,1395425731601.122,1233570775339.4878,291897846453.65546,0.0,34618583189.97261,7349232231.896643,1525468621793.1433,0.0,49764.5486185481,-130042890192.02124,-164661473381.99384
latam,2075,12374772774751.004,271871817.92421734,0.0,572855665424.4034,614054506245.6836,88732853143.61514,0.0,9541696044.57812,3170418735.1493044,702787359389.2987,0.0,65303.260458509474,-129931693964.89526,-139473390009.4734
seasia,2075,14233648251524.346,339983547.55535644,0.0,659239355645.1858,700955715440.1682,100246939217.32729,0.0,4204733090.0428567,5173796220.341013,801202654657.4955,0.0,62114.39367371054,-141963299012.3097,-146168032102.35254
russia,2075,11020761256189.441,141780743.7581695,6694647.395458761,492731166157.0281,516814782582.181,63290114766.66887,27140491668.26658,0.0,3437683516.0398507,552531690516.5975,27573206832.25194,77231.49221938399,-59800524359.56946,-60233239523.554825
mena,2075,21596960997996.91,326589677.5176317,0.0,1350794410140.1794,1139957787493.9404,306575705940.2932,0.0,19252889576.18526,4673065485.473063,1446533493434.2336,0.0,77585.95425130561,-95739083294.0542,-114991972870.23946
ssa,2075,20118752774607.848,1645791139.0271769,0.0,1068525329490.9731,879809588033.4211,120724111526.51442,0.0,11084759571.379196,10660754075.976492,1000533699559.9355,0.0,33812.5228372265,67991629931.0376,56906870359.6584
us,2076,42329795820345.305,177841361.7334768,34480774.6214817,1743484582848.6753,2015227284884.9656,235758090265.11734,458820348278.50165,0.0,7198177229.217969,1813961082950.812,437024292199.2706,131502.00590686913,-70476500102.13672,-48680444022.9057
oecd-ex-us,2076,40009314111669.35,273191828.59240645,35562540.851436116,1657697476473.5066,1940458125337.2844,212344602577.96887,281884887142.96,0.0,5615441549.39447,1860783345546.6719,292019382368.5822,109066.40340879868,-203085869073.16528,-213220364298.78748
china,2076,19646429538584.973,283458919.84244806,0.0,669901609858.944,1017647965940.7408,110484908898.7112,0.0,6782360793.62452,4599898337.095097,1128132874839.4521,0.0,84593.39171732057,-458231264980.5082,-465013625774.1327
india,2076,23933881760049.465,986281727.2974317,0.0,1383332205967.4084,1225896750067.666,289312834980.8267,0.0,33174571826.631126,7511641365.133085,1515209585048.4927,0.0,51246.49623628344,-131877379081.08423,-165051950907.71536
latam,2076,12240036526390.943,273237033.5440964,0.0,566230169512.6561,607238408101.0629,87635994041.51407,0.0,9158600802.14504,3066585072.0080123,694874402142.5769,0.0,66974.38768843569,-128644232629.92078,-137802833432.06583
seasia,2076,14095484566666.77,336170871.30188435,0.0,653006658269.1538,694091938968.6163,99120946629.32446,0.0,3080928999.007628,5123471470.219474,793212885597.9408,0.0,63751.77425466119,-140206227328.787,-143287156327.79462
russia,2076,10966616662717.875,143163229.60760418,6823354.320268502,490568190663.19275,514190661778.6045,62903777021.26825,28935007026.257984,0.0,3446647638.862486,549545528298.20514,27548910501.66783,79008.79153937967,-58977337635.01239,-57591241110.42224
mena,2076,21486271355905.63,324972828.2943139,0.0,1342616652841.332,1135216128338.8337,304502936767.1408,0.0,18062444106.304577,4475214279.660589,1439719065105.9746,0.0,79365.95911008262,-97102412264.64258,-115164856370.94716
ssa,2076,20179386480343.34,1664777070.4485886,0.0,1067001593554.6322,884076024618.456,120931173324.3514,0.0,12072529763.412788,10711839887.073053,1005007197942.8075,0.0,35021.86919580021,61994395611.82471,49921865848.41192
us,2077,42284141309948.48,177267934.07340503,34549419.42320886,1743088716210.7893,2013182741102.2302,235241188155.02725,452041326130.03876,0.0,7639376519.566448,1810235314256.4968,438188615000.76135,133488.32757782933,-67146598045.70752,-53293886916.430115
oecd-ex-us,2077,39802177242018.77,270800064.5242024,35472733.51860046,1651530088438.999,1929918333422.1743,211047721660.94122,276704046032.3647,0.0,5595050961.158633,1849616604925.9915,291349450157.12384,111024.93491626681,-198086516486.99243,-212731920611.7516
china,2077,19206459190378.734,274833713.6176141,0.0,661368918270.2866,991057493796.3846,107980232604.98557,0.0,6883367797.981319,4581827722.841281,1099037726401.3702,0.0,86441.30039092338,-437668808131.0836,-444552175929.06494
india,2077,23774451940533.332,978138724.0756146,0.0,1371385946864.1885,1218212828077.3708,286749229635.56537,0.0,33232961645.832436,7379252978.443739,1504962057712.9363,0.0,52761.133252046384,-133576110848.7478,-166809072494.58023
latam,2077,12106475109042.83,269647472.2733762,0.0,559790345414.6967,600544313398.9653,86560960818.24242,0.0,9231790468.78147,2985301923.1691766,687105274217.2078,0.0,68677.58587556785,-127314928802.51111,-136546719271.29257
seasia,2077,13957307712153.604,332371671.47700185,0.0,646940283759.4746,687415497705.2759,98030205982.60664,0.0,4533281315.378888,4861846730.626151,785445703687.8826,0.0,65421.393718672996,-138505419928.40796,-143038701243.78683
russia,2077,10911440509377.832,142233833.87119764,6832086.250698007,488693666230.41455,511732692383.92633,62554021343.67793,27118458965.908337,0.0,3298435191.230241,546722321849.6673,27564391877.93709,80817.45834315551,-58028655619.25275,-58474588531.2815
mena,2077,21371798537495.26,323296471.4481119,0.0,1334644842115.1045,1130447992855.2664,302463626826.30554,0.0,20707047797.493504,4501006953.580339,1432911619681.5718,0.0,81177.30984281303,-98266777566.46729,-118973825363.96078
ssa,2077,20235769970347.98,1670934286.349547,0.0,1065311806850.8369,888037356088.8679,121108404823.70088,0.0,9998881932.096245,10216325998.46759,1009145760912.5688,0.0,36263.45106010196,56166045938.26807,46167164006.17182
us,2078,42241949354504.38,176732894.6194674,34622863.81341066,1743007499287.4397,2011193262429.3718,234763207973.2515,452479124848.18616,0.0,8277890822.948774,1806762261483.3408,439194208919.283,135504.44238479,-63754762195.90112,-50469846266.997986
oecd-ex-us,2078,39607506040819.266,268523800.590346,35412594.67332475,1646293423540.874,1919692200014.3188,209809255918.68713,283019875291.4392,0.0,5516955901.203421,1839027138971.7546,290474316961.2502,113013.70427330532,-192733715430.8806,-200188157100.6916
china,2078,18787012782988.973,266587510.12139967,0.0,654129664250.7878,966239111788.5831,105665956017.93816,0.0,5939380906.245897,4268377072.211323,1071905067806.5212,0.0,88320.67163998078,-417775403555.7334,-423714784461.9793
india,2078,23611028592823.73,969921926.9331295,0.0,1359545333791.4504,1210455620238.0215,284195525865.98,0.0,35372957306.81554,7055421909.766972,1494651146104.0015,0.0,54308.93598053645,-135105812312.55103,-170478769619.36658
latam,2078,11974214830998.424,266101480.19892484,0.0,553514246831.3145,593947884193.1318,85504530018.62138,0.0,9237841585.172735,2915730921.207571,679452414211.7532,0.0,70413.29798628995,-125938167380.43872,-135176008965.61145
seasia,2078,13821371563872.266,328630139.9151712,0.0,640993013981.0227,680791051115.9984,96947587384.45273,0.0,4205998933.5150814,5015475171.611347,777738638500.4512,0.0,67123.69971407067,-136745624519.42847,-140951623452.94354
russia,2078,10857282797560.543,141315046.8791435,6836629.5879566055,487026554145.9162,509343696504.3332,62199805087.03799,27093284430.282787,0.0,3265951197.8872285,544059281543.83673,27484220047.534378,82657.92541823213,-57032727397.92053,-57423663015.17212
mena,2078,21259731497896.785,321644930.03303236,0.0,1326852284384.5195,1125453106138.9854,300413139869.9411,0.0,17573168257.547123,4520090283.490077,1425866246008.9265,0.0,83020.43908049716,-99013961624.40698,-116587129881.9541
ssa,2078,20286602318533.562,1676609391.0675156,0.0,1063446780580.8887,891808799552.3936,121254791078.34319,0.0,10103345048.974129,10552503284.398518,1013063590630.7367,0.0,37537.814663780075,50383189950.15198,40279844901.17785
us,2079,42191303945719.56,176204225.27623877,34670436.67212064,1743046306953.0066,2009344534635.548,234314346701.36462,443083531694.84143,0.0,6883633904.234716,1803569592607.92,440089288728.9929,137550.79720378885,-60523285654.91333,-57529042689.06482
oecd-ex-us,2079,40013492033908.18,266320800.03583875,35333043.77894368,1641895340203.2327,1908583075981.5525,214384312349.84268,278774888713.55597,0.0,608283152503.552,1831482518445.572,291484869885.8234,115033.15329618064,-189587178242.33936,-202297159414.6068
china,2079,18385083515382.305,258711004.800791,0.0,647781146308.8043,943230298829.6481,103524803589.79514,0.0,6980307836.849489,4024996340.8214097,1046755102419.4432,0.0,90231.9429310311,-398973956110.6389,-405954263947.4884
india,2079,23450276931077.176,961826860.2364122,0.0,1347847131886.6465,1202536576150.1694,281628171755.5359,0.0,31502641921.907185,7068596194.419302,1484164747905.7053,0.0,55890.38563289244,-136317616019.05884,-167820257940.96603
latam,2079,11843312682011.732,262602780.95995632,0.0,547392283143.4676,587452987827.861,84467128123.69994,0.0,9206398018.189955,2832081839.598568,671920115951.5609,0.0,72181.97273958141,-124527832808.09332,-133734230826.28328
seasia,2079,13686640607736.809,330553012.9043504,0.0,635140398294.5682,674295295196.8844,95891290568.7465,0.0,4471493753.647972,4786725089.244452,770186585765.6309,0.0,68859.14548377527,-135046187471.06262,-139517681224.7106
russia,2079,10803026786347.688,140411525.01025462,6834576.718191604,485507384420.05426,507085018338.71985,61865380287.717674,25995694556.201805,0.0,3191308437.3196,541538539891.2654,27411858735.172054,84530.63177512835,-56031155471.21112,-57447319650.181366
mena,2079,21151983273413.797,324556364.06139714,0.0,1319331042477.044,1120520339183.1265,298431335023.55054,0.0,12550791660.954988,4423198907.603434,1418951674206.677,0.0,84895.7856880763,-99620631729.63306,-112171423390.58804
ssa,2079,20515376977051.008,1681707392.3384647,0.0,1061353497598.1261,891491258254.7222,123660913835.71292,0.0,11855341138.384474,194428674148.1431,1015152172090.435,0.0,38845.510420446924,46201325507.69104,34345984369.306564
us,2080,42140660570197.95,175700900.3567586,34713349.849591635,1742959370805.858,2007278563117.0806,233852320590.36777,440038559061.7715,0.0,7489578318.216012,1800558569919.164,440572313788.2857,139627.84561433026,-57599199113.30615,-58132953839.82037
oecd-ex-us,2080,39825909051985.734,264218727.34702998,35258801.20341983,1638124957803.3218,1899331506354.1692,213255332623.18152,281321881892.4632,0.0,5557017359.092385,1821798110810.6465,290788728166.70374,117083.73053521746,-183673153007.3247,-193139999281.56525
china,2080,18000592894163.625,258719018.93871868,0.0,641933057111.6471,921911563787.3235,101518873305.34172,0.0,6861490820.977977,3868249583.321478,1023430437092.6652,0.0,92175.55821422764,-381497379981.01807,-388358870801.99603
india,2080,23287367457193.3,967785718.291742,0.0,1336317521344.968,1194760259223.7122,279116616475.63727,0.0,32170851635.20091,6820732105.70955,1473876875699.3494,0.0,57505.96843344803,-137559354354.38135,-169730205989.58224
latam,2080,11713979547561.408,259161735.09659356,0.0,541404614630.1617,581061360178.5667,83448407310.88438,0.0,8976802037.631664,2748820446.5970674,664509767489.451,0.0,73984.06472589637,-123105152859.28937,-132081954896.92104
seasia,2080,13553528827975.088,326866100.52692944,0.0,629345852391.575,667886509667.366,94851661785.14827,0.0,4455166417.879144,4735705717.10301,762738171452.5143,0.0,70628.18998525,-133392319060.93933,-137847485478.81848
russia,2080,10751567485330.975,139541031.13875908,6838325.357907644,484099866790.08466,504906330874.0751,61534280153.75135,27733323350.194237,0.0,3148119870.845199,539131206374.84125,27309404652.985,86436.02275970095,-55031339584.75659,-54607420887.547356
mena,2080,21043585975042.375,322952057.38146675,0.0,1311978772926.4993,1115736273895.9675,296544037433.9277,0.0,12376928861.287846,4281168893.2531204,1412280311329.8953,0.0,86803.79487655582,-100301538403.396,-112678467264.68384
ssa,2080,20555172056410.934,1686363990.6873066,0.0,1059057762268.4895,894702617889.3234,123754681220.70076,0.0,11564464422.527088,10759080623.997843,1018457299110.0242,0.0,40187.09299769866,40600463158.46533,29035998735.938244
us,2081,42127210428397.65,175297794.16137573,34828506.26121262,1743159847053.1938,2005254875586.1238,233316621342.84595,474792795740.3589,0.0,7168712335.106805,1797708139576.2085,440863357352.7623,141736.04799993217,-54548292523.01465,-20618854135.41809
oecd-ex-us,2081,39653310686979.05,262232538.61084664,35206018.449572995,1634933666817.7288,1890529386409.9727,212137076591.28912,289475189275.4648,0.0,5659241901.381516,1812608390964.8862,290058072036.37537,119165.89137604754,-177674724147.15747,-178257606908.06805
china,2081,17632672460057.547,251337520.82358176,0.0,636340984429.4254,902316933728.3295,99622931481.03601,0.0,6167866317.83827,3846312991.700755,1001939865209.3655,0.0,94151.96803365333,-365598880779.94006,-371766747097.7783
india,2081,23120164720437.5,959535950.3506356,0.0,1324821118085.1467,1186891084077.0127,276607012642.1522,0.0,35553936065.59611,7028177943.798128,1463498096719.165,0.0,59156.17573890943,-138676978634.0183,-174230914699.6144
latam,2081,11586149713403.992,255782525.89649212,0.0,535542736783.2245,574775428502.3162,82449729349.31798,0.0,8776138683.792566,2628725594.779725,657225157851.6342,0.0,75820.03452753642,-121682421068.40967,-130458559752.20224
seasia,2081,13422245358293.355,323248587.6547784,0.0,623592966205.8666,661564379931.6318,93828180397.61765,0.0,4182253377.1540804,4698377818.80306,755392560329.2495,0.0,72431.29801205244,-131799594123.38293,-135981847500.53702
russia,2081,10701233104208.207,138701698.29692718,6843334.374856666,482764642344.0807,502893600966.09076,61222165255.588005,27950251712.494316,0.0,3066491042.3317647,536816608872.3076,27299157349.370834,88374.55016679152,-54051966528.22693,-53400872165.10345
mena,2081,20936091180360.453,321363173.3685651,0.0,1304661796642.066,1110851339869.7144,294684748056.8159,0.0,10924371702.043472,4303868304.592189,1405536087926.5303,0.0,88744.91831643395,-100874291284.46436,-111798662986.50783
ssa,2081,20588867693695.08,1690540664.7265673,0.0,1056586164253.859,897667337516.2826,123817269405.93144,0.0,12103029938.829315,10697109891.314943,1021484606922.214,0.0,41563.12139565246,35101557331.64502,22998527392.815704
us,2082,42093415483430.88,177753698.54937327,35523222.492179334,1743414500356.4136,2004323697507.8213,233020393088.06427,452880417283.8064,0.0,7254227988.914062,1794976662746.7607,442367427849.1256,143875.8716501817,-51562162390.34717,-41049172955.66638
oecd-ex-us,2082,39476738301908.055,260309390.33866116,35124567.40148893,1632030240563.063,1882549249018.7517,211115195279.51886,279624111944.02954,0.0,5437706720.155028,1803873217708.2244,289791226590.046,121280.09814233045,-171842977145.16138,-182010091791.17786
china,2082,17280584902772.578,244371268.30016473,0.0,630745973809.7727,884260541934.0352,97810117901.94177,0.0,4709625056.60988,3946753797.846029,982070659835.9769,0.0,96161.62963895967,-351324686026.2042,-356034311082.8141
india,2082,22953537923780.28,951382531.7157508,0.0,1313338001129.0845,1178787468001.1309,274082425212.1036,0.0,33713107453.959984,6618202880.906545,1452869893213.2344,0.0,60841.504159923,-139531892084.1499,-173244999538.1099
latam,2082,11613441149617.678,252471514.4094796,0.0,529809386517.3264,568382987832.3772,83112041982.81161,0.0,8413499377.460099,157390578889.00998,651495029815.1888,0.0,77690.34884051859,-121685643297.86243,-130099142675.32253
seasia,2082,13291908431139.525,319693587.89421123,0.0,617840272380.3788,655325089935.3229,92825871783.35078,0.0,4410571386.503695,4384333570.965162,748150961718.6737,0.0,74268.94031698917,-130310689338.29492,-134721260724.79861
russia,2082,10786463869744.852,137870484.9002886,6824631.039411632,481370265989.8684,499936369605.6862,62403931473.90638,25236689086.148655,0.0,140964111540.21237,534916532043.3117,27423769036.28097,90346.67235519736,-53546266053.4433,-55733346003.575615
mena,2082,20826338239133.465,319751972.4165459,0.0,1297301271650.2798,1105922895076.1062,292868180715.9542,0.0,12533929845.954702,4270792760.7411375,1398791075792.0605,0.0,90719.61425245351,-101489804141.78076,-114023733987.73546
ssa,2082,20618176025735.203,1694337962.492992,0.0,1053974402316.1873,900352900937.8174,123842689616.34184,0.0,11180175583.078018,10709695861.176208,1024195590554.1592,0.0,42974.15902995914,29778811762.028076,18598636178.950058
us,2083,42061533004063.32,177330942.5985301,35587004.58537411,1743287736132.2327,2002675619547.777,232670364199.8188,453730744405.80835,0.0,6445023841.948811,1792355666532.1829,442990317215.4115,146047.79086432143,-49067930399.950195,-38327503209.553345
oecd-ex-us,2083,39310895876392.42,258495139.76475835,35063395.59863541,1629255824184.6086,1874411179488.5803,210101047468.73502,283854941059.5939,0.0,5559036197.514233,1795527364819.522,288984862137.7928,123426.82019996938,-166271540634.91333,-171401461713.11224
china,2083,16940331672239.459,237793400.30982,0.0,624857334431.6963,867489923341.1514,96070774316.11688,0.0,5046338038.558381,3496470731.0092254,963560697657.2683,0.0,98205.00709835174,-338703363225.572,-343749701264.13043
india,2083,22784912958752.816,943234076.3735943,0.0,1301872473784.8445,1170704059778.2544,271593360877.01694,0.0,34687708401.72692,6487690244.678725,1442297420655.2712,0.0,62562.45568500258,-140424946870.42676,-175112655272.1537
latam,2083,11487801852844.133,249225433.28480148,0.0,524170642253.18085,562291396407.4703,82132597106.39824,0.0,8141851907.202752,2755906394.342668,644423993513.8685,0.0,79595.48059794241,-120253351260.68768,-128395203167.89044
seasia,2083,13163331462284.44,316218572.0843246,0.0,612038457544.5562,649130047275.005,91833343508.03493,0.0,4011959530.2709565,4359923913.6705475,740963390783.0399,0.0,76141.59373687058,-128924933238.48376,-132936892768.75471
russia,2083,10737596403712.068,137096060.55869278,6829062.873747823,479879971804.8065,497962343296.34656,62087399644.53002,28171158822.49314,0.0,3131146280.7949896,532719880323.5194,27329862617.357468,92352.85436398468,-52839908518.71289,-51998612313.57722
mena,2083,20713391145342.246,318109519.2923769,0.0,1289804442081.7246,1100783645893.994,291054568530.2196,0.0,15061804989.479671,4148483540.749922,1391838214424.2134,0.0,92728.34761969531,-102033772342.48877,-117095577331.96844
ssa,2083,20642762569350.305,1697730897.242503,0.0,1051244738344.4564,902826549151.5922,123838677004.28185,0.0,10765544942.606503,10772576369.131025,1026665226155.874,0.0,44420.773819246286,24579512188.582397,13813967245.975895
us,2084,42028732342705.02,176930198.65472177,35648730.79966963,1742902731344.5889,2001115739934.701,232304343367.17725,450204295820.2988,0.0,7512394778.699377,1789782979218.3186,443637104083.5594,148252.28705638958,-46880247873.72974,-40313056136.990295
oecd-ex-us,2084,39144324661980.17,256751069.27354172,34985129.29702489,1626489816407.425,1866730444846.8533,209119345484.78787,277325420308.88153,0.0,5463339203.070813,1787538670092.7864,288311120238.855,125606.53406284652,-161048853685.36133,-172034553615.33478
china,2084,16608963313242.154,231584584.96218026,0.0,618367123728.8752,851621862567.2167,94363112505.46028,0.0,7309682290.467017,3559174636.957845,945984975072.677,0.0,100282.57141294116,-327617851343.80176,-334927533634.2688
india,2084,22619099672732.14,935241732.6843065,0.0,1290451998601.4543,1162502920846.0574,269110714546.53278,0.0,30885998539.41194,6234349309.868444,1431613635392.59,0.0,64319.53780678687,-141161636791.13574,-172047635330.54767
latam,2084,11363424700387.703,246038178.29887933,0.0,518592981154.69556,556293780020.8816,81168973132.6405,0.0,8236722451.16304,2729341993.563484,637462753153.5221,0.0,81535.9090948599,-118869771998.82654,-127106494449.98958
seasia,2084,13203203889896.256,312812840.8499384,0.0,606158054458.093,642536262942.6372,92725464545.87758,0.0,4032651162.7820163,173008751805.0215,735261727488.5148,0.0,78049.74131886438,-129103673030.42175,-133136324193.20377
russia,2084,10687693904683.02,136342043.2954615,6819763.554586479,478260957835.0105,496119378826.4569,61785815289.662926,26611749992.824585,0.0,3129987259.236746,530570453483.6566,27334740632.46352,94393.56803016318,-52309495648.64612,-53032486288.28505
mena,2084,20601665528722.29,316496612.6611938,0.0,1282201168563.6455,1095384532193.4205,289228526191.7876,0.0,13303116063.68379,3989389265.277566,1384613058385.208,0.0,94771.59016103219,-102411889821.5625,-115715005885.24629
ssa,2084,20660840089467.92,1715671262.931127,0.0,1048361392766.6517,905081732985.8429,123814625750.50854,0.0,11697688129.78926,10310174217.093649,1028896358736.3514,0.0,45903.53827694531,19465034030.300293,7767345900.511032
us,2085,41975705495093.72,176499085.6252988,35656984.10729377,1741972937540.04,1999571841113.854,231965556610.38016,429131144369.92633,0.0,7406468203.0115185,1787302430333.4297,444234967390.8055,150489.84886193747,-45329492793.38965,-60433315814.2688
oecd-ex-us,2085,38976612311496.84,255064381.20172012,34879504.91152135,1623461495924.5994,1859164976775.9753,208163181549.6921,271090028917.15756,0.0,5064283000.584976,1779869829521.191,287458328804.4788,127819.72350010162,-156408333596.59155,-172776633483.9128
china,2085,16288412314265.32,225777337.80437642,0.0,611191943094.4575,836256366820.5276,92660255665.17685,0.0,6440478578.659046,3614158993.0771847,928916622485.7045,0.0,102394.80063249002,-317724679391.24695,-324165157969.906
india,2085,22450119197415.54,927216378.9406573,0.0,1279049583078.6948,1154424395061.265,266686355739.33527,0.0,32818247616.38828,5898940021.710357,1421110750800.6,0.0,66113.26365059931,-142061167721.90527,-174879415338.29355
latam,2085,11240054226716.404,242911966.4903649,0.0,513064340702.2551,550371285640.1179,80220779039.66843,0.0,8365414171.575812,2522664477.8123655,630592064679.7864,0.0,83512.12011465497,-117527723977.53125,-125893138149.10706
seasia,2085,13075823304860.564,309473487.9200883,0.0,600182798294.6631,636469297356.5284,91740590167.17122,0.0,3950354606.3843784,4596858799.731404,728209887523.6997,0.0,79993.87244844822,-128027089229.03662,-131977443835.421
russia,2085,10636383714606.793,135603351.31244805,6792534.7838318,476408463860.71826,494220754807.69305,61478140999.37097,24843226551.90824,0.0,3137015318.2206554,528443414831.7285,27255480975.335323,96469.29210774116,-52034950971.010254,-54447205394.43733
mena,2085,20492361224682.555,314929886.6256582,0.0,1274553756556.068,1089947107233.4277,287438303708.34534,0.0,10508771422.49622,4036121768.4789977,1377385410941.773,0.0,96849.82054596348,-102831654385.70483,-113340425808.20105
ssa,2085,20675463777146.195,1718520674.7708914,0.0,1045334387728.0049,907058066074.7645,123756726197.86482,0.0,10018145705.636202,10122237928.55064,1030814792272.6294,0.0,47423.0296074535,14519595455.375488,4501449749.739286
us,2086,41940755704068.88,176134014.1761681,35709736.67840568,1740712662559.5962,1997511524230.4321,231536350827.39542,446438597665.81134,0.0,6946823807.562865,1784881353449.4038,444166521608.42413,152760.97224634764,-44168690889.80762,-41896614832.42041
oecd-ex-us,2086,38814356717537.41,258007929.48036635,35471183.07997955,1620123098827.0996,1851825550237.5552,207178377647.1636,271366750712.4797,0.0,5258484385.725397,1772425575705.6619,286578352179.05634,130066.87964497885,-152302476878.56226,-167514078345.1389
china,2086,16232069775876.127,220358018.3373858,0.0,603316304744.7295,822641942606.2944,93870705217.46736,0.0,5633492999.061059,262487297688.8907,916512647823.7618,0.0,104542.17997256889,-313196343079.03235,-318829836078.0934
india,2086,22529850310274.06,919144037.8689562,0.0,1267571290291.296,1144599576868.9697,266948930299.0104,0.0,35502312712.69221,259210642447.8726,1411548507167.9802,0.0,67944.15210528357,-143977216876.68433,-179479529589.37653
latam,2086,11117970826008.953,239850617.19490016,0.0,507575324348.56433,544500176494.8475,79283872031.57991,0.0,8337007500.514834,2462330970.924491,623784048526.4274,0.0,85524.60605693856,-116208724177.86304,-124545731678.37787
seasia,2086,12949023764252.44,306191762.35131115,0.0,594104122492.0332,630428556137.3494,90763229923.90125,0.0,4151297252.39706,4439420213.493898,721191786061.2506,0.0,81974.48297896248,-127087663569.2174,-131238960821.61447
russia,2086,10585022665380.031,134892406.68561593,6762641.806831371,474322288714.7642,492338521573.76385,61150379891.932396,24754172082.708508,0.0,3051391441.460793,526313250841.1035,27175650624.59276,98580.5123881819,-51990962126.339294,-54412440668.22354
mena,2086,20617463229256.28,313334819.33812267,0.0,1266739506075.0215,1082722891768.8634,288300386890.1125,0.0,13369101185.663422,242754878343.33838,1371023278658.9758,0.0,98963.52449085074,-104283772583.95435,-117652873769.61777
ssa,2086,20686393139604.066,1721028123.004396,0.0,1042170819567.5493,908866495140.5077,123673797005.59912,0.0,8927873155.488218,10226708191.916653,1032540292146.1068,0.0,48979.82980658072,9630527421.442505,702654265.9542866
us,2087,41906814100937.22,175780983.82596558,35755783.553591184,1739306595203.7017,1996258458293.3564,231055654595.32913,447238078218.76154,0.0,6827836334.521636,1782436270985.801,444877841902.8833,155066.16061477683,-43129675782.099365,-40769439466.22113
oecd-ex-us,2087,38657129750864.23,256423531.47779533,35382373.972590305,1616454416837.126,1844580006739.609,206183028757.41257,272088958735.33044,0.0,4992693251.388167,1765100128027.5781,285662907469.44305,132348.50110526668,-148645711190.45215,-162219659924.56476
china,2087,15923692063024.887,215286584.05965397,0.0,594633446019.8175,808051527917.5685,92151937459.09644,0.0,6320432005.175268,3512738510.79186,900203465376.6649,0.0,106725.2019331531,-305570019356.8474,-311890451362.0227
india,2087,22360049259388.24,911241025.4701279,0.0,1256136772198.1912,1136218416035.356,264486890305.0419,0.0,31252413720.156067,6019896976.563333,1400705306340.398,0.0,69812.72795628989,-144568534142.2068,-175820947862.36285
latam,2087,10997559406788.846,236857182.0599051,0.0,502119841009.07806,538667532401.9803,78357204026.06241,0.0,7980902662.09846,2474378860.9509416,617024736428.0427,0.0,87573.86606696805,-114904895418.96466,-122885798081.06313
seasia,2087,12822950813658.975,302964729.1250014,0.0,587933735370.5513,624374140520.1014,89787659434.17242,0.0,4245307250.164566,4400421240.411706,714161799954.2739,0.0,83992.07536276645,-126228064583.72266,-130473371833.88722
russia,2087,10535932043115.928,134224636.53001943,6750783.0398180485,472040781346.1215,490420589942.5437,60811201645.57415,26985246176.42145,0.0,3115141801.4595885,524144081416.3353,27087710171.7825,100727.72182228231,-52103300070.213806,-52205764065.57486
mena,2087,20502543206939.38,311732226.48011845,0.0,1258656567296.3726,1077110185016.5098,286515672919.7743,0.0,14266808398.079626,4316076721.102412,1363625857936.2842,0.0,101113.19488057579,-104969290639.91162,-119236099037.99124
ssa,2087,20690668048387.465,1723001777.507832,0.0,1038811347652.3796,910472816013.907,123568150657.63612,0.0,10991620336.639277,10496148139.195871,1034040966671.5431,0.0,50574.525766229104,4770380980.836548,-6221239355.802729
us,2088,42496391066336.66,175474639.18778813,35833266.6464176,1737709532899.2854,1991315432746.8398,236492472120.94305,464283046489.95306,0.0,615392290878.0056,1780504232465.527,447303672402.2566,157405.9249237484,-42794699566.2417,-25815325478.545227
oecd-ex-us,2088,38513993704275.92,254936844.18510503,35321641.34708977,1612474949302.9712,1837516092171.5654,205224368681.0381,281984536901.3962,0.0,5144928059.952004,1757784890299.073,284955570553.53125,134665.09407535597,-145309940996.1018,-148280974648.23688
china,2088,15621838101119.443,210556611.91892415,0.0,585097736820.737,793610298343.2024,90420878833.83272,0.0,6291578472.452051,3371056923.3020973,884031177177.0352,0.0,108944.36641868131,-298933440356.2981,-305225018828.7501
india,2088,22188992817946.758,903361577.9078448,0.0,1244780592496.9724,1127973023006.5972,262080539366.52243,0.0,31630146140.64483,5846674575.312479,1390053562373.1196,0.0,71719.52202098836,-145272969876.14722,-176903116016.79205
latam,2088,10878678485800.73,238058535.11453167,0.0,496698448416.3742,532889800149.0543,77443099015.1668,0.0,7691914658.955911,2445444418.6906543,610332899164.2211,0.0,89660.40616660006,-113634450747.84686,-121326365406.80278
seasia,2088,12698458560261.277,299803927.00439876,0.0,581705285828.4475,618312976161.578,88812605110.43489,0.0,3493373577.503424,4421415623.370841,707125581272.013,0.0,86047.15878400164,-125420295443.56543,-128913669021.06885
russia,2088,10484546232950.502,135539788.53906193,6849266.858199379,469529060991.31885,488532470497.1618,60485110455.544334,25140536280.447853,0.0,2962173515.5218787,521912726837.8681,27104854114.83788,102911.42064349535,-52383665846.549255,-54347983680.939285
mena,2088,20388499588591.17,310150334.2944575,0.0,1250403693421.4402,1071330177145.6233,284717744641.46985,0.0,12712918726.154068,4313528743.594764,1356047921787.0933,0.0,103299.33189164315,-105644228365.65308,-118357147091.80714
ssa,2088,20689202530607.984,1724503992.3343675,0.0,1035240585782.4067,911744705086.9631,123417433158.12906,0.0,12177434293.288847,10633468976.497448,1035162138245.0922,0.0,52207.70938325272,78447537.3145752,-12098986755.974272
us,2089,42464955118199.59,175148476.43760926,35878956.484463215,1735862161713.995,1990468862777.8062,236154763058.89688,452324043063.76636,0.0,7001472921.873387,1778002959371.2007,448620666465.5036,159780.78379441838,-42140797657.20557,-38437421058.94281
oecd-ex-us,2089,38355575981277.09,253452483.15340883,35203031.10621246,1607878388585.8525,1830830802998.2014,204291915639.7636,263608062414.15424,0.0,5218544639.078626,1750460693958.8218,284662024679.1445,137017.17244994192,-142582305372.96924,-163636267637.95947
china,2089,15325562246798.416,206142897.35926062,0.0,574795174883.6682,779225580568.1871,88679153714.73964,0.0,6294364807.16996,3128069885.4033923,867904734282.9268,0.0,111200.18085960185,-293109559399.25854,-299403924206.4285
india,2089,22016376647406.164,895495338.9234393,0.0,1233442422395.0613,1119640812814.7756,259682298985.59116,0.0,32259815746.89191,5524334611.595323,1379323111800.3667,0.0,73665.07128618739,-145880689405.30542,-178140505152.19733
latam,2089,10760695018126.74,235118135.68793648,0.0,491299905978.5809,527166980205.298,76541095397.52802,0.0,7949373132.575341,2374075082.8327355,603708075602.8259,0.0,91784.73938678707,-112408169624.24506,-120357542756.8204
seasia,2089,12573745567632.701,296668253.14112675,0.0,575408934907.2843,612289423295.9977,87843666340.0791,0.0,4395616437.339234,4406778537.552055,700133089636.0768,0.0,88140.24929296771,-124724154728.79248,-129119771166.13171
russia,2089,10432698440280.021,134871601.82576784,6826893.7901475765,466754809856.9766,486482570511.41693,60130329493.85638,25177762910.134903,0.0,2832534567.6695824,519602551476.95917,27010348528.314182,105132.1164927191,-52847741619.982544,-54680327238.16182
mena,2089,20274394287793.883,308571946.5717345,0.0,1242046471451.0293,1065512196453.0548,282934714070.02673,0.0,11939310561.310705,4234448836.0785594,1348446910523.0815,0.0,105522.44311674972,-106400439072.05225,-118339749633.36295
ssa,2089,20685035251752.59,1725752866.7575955,0.0,1031525168658.3962,912733116375.4529,123234462660.81078,0.0,10112091338.787443,10387222861.25309,1035967579036.2637,0.0,53879.97767244337,-4442410377.867432,-14554501716.654875
us,2090,42423962683033.69,174806918.32678685,35899704.25869006,1733506155848.24,1988877090476.7969,235747597667.67477,442752913106.94763,0.0,7373184023.392715,1775444854884.415,449179833260.0575,162191.26362754081,-41938699036.17505,-48365619189.28491
oecd-ex-us,2090,38198825182959.26,252011401.77259067,35076559.050430045,1602517563820.4575,1823515721947.2485,203295869786.93927,262598766046.35364,0.0,4944463549.5688715,1743120770820.7964,283690820913.3909,139405.2579393962,-140603207000.33887,-161695261867.37616
china,2090,15035308562204.75,201997452.93143967,0.0,563867232635.6476,764833667122.8098,86920383072.97478,0.0,5499506725.838609,3132639692.2937818,851754050195.7845,0.0,113493.16033543216,-287886817560.13696,-293386324285.9756
india,2090,21846322530110.203,887754916.6296583,0.0,1222146940748.4368,1111210838799.2742,257280079883.222,0.0,29517634317.124012,5807494955.2183075,1368490918682.496,0.0,75649.91904783677,-146343977934.05933,-175861612251.18335
latam,2090,10643855602396.424,232234293.30667168,0.0,485907130882.4884,521475815381.7596,75646904499.80302,0.0,7908504736.39792,2284678005.1499286,597122719881.5626,0.0,93947.3859016295,-111215588999.07422,-119124093735.47214
seasia,2090,12449666689342.934,298340779.8654125,0.0,569047860074.3468,606228975940.5729,86876045485.0637,0.0,4025796239.202409,4004079300.730693,693105021425.6366,0.0,90271.86994211747,-124057161351.2898,-128082957590.4922
russia,2090,10379431180364.95,134211397.70547108,6802515.294388048,463729025802.6189,484345978947.9339,59769021096.19538,24321910856.98027,0.0,2796803469.472685,517200323896.21594,26914676147.912933,107390.32454457547,-53471298093.597046,-56064063384.52971
mena,2090,20154986691170.12,306921606.85784584,0.0,1233488466826.912,1059619337509.9976,281151749945.81384,0.0,16354687045.174908,4229711050.3061037,1340771087455.8115,0.0,107783.04369084485,-107282620628.89941,-123637307674.07433
ssa,2090,20870194731826.086,1726611842.4496264,0.0,1027674821787.6151,910270108993.1189,125465388113.49942,0.0,10320522762.689571,203540678155.1923,1035735497106.6183,0.0,55591.93288358827,-8060675319.003174,-18381198081.692745
us,2091,42393045855552.61,174490826.1391424,35938635.47928648,1730911432859.3442,1986676507589.0784,235375064244.29297,453456139429.46155,0.0,6767172063.487985,1772856814358.2185,449194757475.15295,164637.89872015742,-41945381498.87427,-37683999544.565674
oecd-ex-us,2091,38052476186801.99,250640540.6198296,34976832.31482437,1596700704682.2227,1816007876396.735,202307305704.5593,270290562170.7979,0.0,4974919091.001307,1735737128031.4668,282578054069.8276,141829.8801868349,-139036423349.24414,-151323915248.2738
china,2091,14749836450987.256,198051717.7292504,0.0,552359378492.1138,750471618958.1012,85148003112.54045,0.0,5443986864.535167,3232119225.583178,835619622070.6416,0.0,115823.82769935735,-283260243578.52783,-288704230443.063
india,2091,21674506550173.395,880023040.463721,0.0,1210830874311.4172,1102855967993.9468,254918177242.3283,0.0,30373588699.034046,5500879687.091908,1357774145236.2751,0.0,77674.61505289626,-146943270924.8579,-177316859623.89197
latam,2091,10528302350647.79,229405913.3776014,0.0,480525983758.138,515820985155.866,74760891574.8354,0.0,7749664754.93023,2252305978.8644676,590581876730.7014,0.0,96148.8731639963,-110055892972.56342,-117805557727.49365
seasia,2091,12326372227328.08,295235490.1413139,0.0,562658160637.4048,600182824864.8829,85909587053.0377,0.0,3920028307.2925205,4059817572.955267,686092411917.9207,0.0,92442.55092367926,-123434251280.51587,-127354279587.8084
russia,2091,10326795228612.926,133567044.0028819,6788434.8536340445,460480458594.3484,482129306290.15204,59397862794.79582,25682858343.9122,0.0,2727900394.6499224,514701813561.4105,26825355523.53746,109686.56763520247,-54221354967.06213,-55363852146.68739
mena,2091,20039944363206.39,305324224.28266007,0.0,1224825568948.0466,1053395792956.4567,279302357791.70013,0.0,11243034394.96256,4073288231.3452616,1332698150748.1567,0.0,110081.65641870507,-107872581800.1101,-119115616195.07266
ssa,2091,20856620633625.066,1726993350.769083,0.0,1023641151980.7876,910930683559.0555,125245847641.97325,0.0,11884716026.591913,10845997045.803741,1036176531201.0288,0.0,57344.182622544366,-12535379220.24121,-24420095246.833122
us,2092,42362088891927.86,174189331.98157847,35985861.87502505,1728283547486.4993,1984886042773.932,234971021476.98502,453487268034.6887,0.0,7129285104.961903,1770198379218.6836,449658685032.23206,167121.231384038,-41914831732.184326,-38086248729.72766
oecd-ex-us,2092,37903542582368.5,249289738.57404026,34860575.129496165,1590383107479.7092,1808820778162.4065,201342667290.74973,265784219090.58734,0.0,5062514449.371722,1728265051560.3384,281898393892.8182,144291.57688690972,-137881944080.62915,-153996118882.86
china,2092,14468266070544.96,194245627.20052826,0.0,540319645563.9033,736105344482.6693,83365209439.96751,0.0,5443330942.043135,3023858858.485598,819470553922.6368,0.0,118192.71370439492,-279150908358.7335,-284594239300.7767
india,2092,21503807165237.66,884979748.6159966,0.0,1199510787368.9924,1094391641400.3594,252549230599.59174,0.0,28914165009.037144,5644864704.255852,1346940871999.9512,0.0,79739.71564335284,-147430084630.95874,-176344249639.99588
latam,2092,10414133043622.129,226631708.0975911,0.0,475161878092.3812,510197649752.16437,73884516010.01392,0.0,7415651194.826113,2166631838.959531,584082165762.1782,0.0,98389.7360427273,-108920287669.797,-116335938864.62311
seasia,2092,12203660503032.645,292163303.7240982,0.0,556273161273.4686,594130829538.8408,84947212722.43542,0.0,3789592476.46663,3882749168.835157,679078042261.2762,0.0,94652.82970891536,-122804880987.80762,-126594473464.27425
russia,2092,10270512536670.135,132905672.19110993,6755314.442238837,457015727555.4441,479844734212.3989,59018971152.624214,22778465100.64882,0.0,2786820766.1482534,512094744548.85034,26768960816.172775,112021.37639158453,-55079016993.40625,-59069512708.93021
mena,2092,19923543530658.023,307858456.7964746,0.0,1216152082381.2446,1047347574289.3147,277503796352.8691,0.0,11715098807.313383,4013554519.8785186,1324851370642.1838,0.0,112418.8119040481,-108699288260.93921,-120414387068.2526
ssa,2092,20838635553516.395,1727011603.7870944,0.0,1019429655305.1503,911301805487.4496,124990371983.50217,0.0,11798360802.659441,10675802859.81541,1036292177470.9518,0.0,59137.33997627435,-16862522165.801514,-28660882968.460953
us,2093,42325035678183.805,173884156.28576195,36023222.47629851,1725532936153.3455,1983273109109.1018,234550038484.44827,448234311719.5749,0.0,7002685976.574724,1767465312634.5054,450357834959.04456,169641.812065897,-41932376481.15991,-44055899720.62958
oecd-ex-us,2093,38319469357254.56,247991436.53904447,34768161.70945706,1583519689026.951,1799348580249.244,205809581429.38208,269287420007.75546,0.0,568277827529.9608,1722675835160.3635,282482326518.2613,146790.89390634914,-139156146133.4126,-152351052643.91843
china,2093,14190101691447.826,194493403.767262,0.0,527853451297.31274,721725980296.2794,81572820332.16684,0.0,5662678734.362551,2943648968.3620706,803298800628.4463,0.0,120600.3571311524,-275445349331.13354,-281108028065.4961
india,2093,21332335098612.68,877271545.63513,0.0,1188209870647.4524,1085939786679.683,250203006727.1902,0.0,28965190431.363823,5426046565.7989025,1336142793406.873,0.0,81845.78390237053,-147932922759.42065,-176898113190.7845
latam,2093,10300535311711.234,223892411.92388108,0.0,469803212558.1445,504617807447.6812,73017423183.93564,0.0,7910902037.163766,2145188199.7472727,577635230631.6168,0.0,100670.51696143298,-107832018073.47235,-115742920110.63612
seasia,2093,12081464222084.295,289115350.5713443,0.0,549926514657.0807,588082301235.366,83988288321.17036,0.0,3848461132.750313,3796255083.855863,672070589556.5364,0.0,96903.2511890274,-122144074899.45569,-125992536032.206
russia,2093,10217043036541.502,132262844.02117577,6742849.293286284,453390090198.10876,477306252827.35535,58611145763.57145,26348312739.757694,0.0,2709495524.431879,509377491805.6672,26539906785.259666,114395.28936244626,-55987401607.55841,-56178995653.06038
mena,2093,19806221011956.62,306210362.760783,0.0,1207389053269.5835,1041192552502.7166,275684929357.99774,0.0,11687142186.363049,3853052076.1015596,1316877481860.7144,0.0,114795.0486802117,-109488428591.13086,-121175570777.49391
ssa,2093,20816345676953.98,1726670240.1804366,0.0,1015072649682.1929,911454167442.5044,124707472443.43365,0.0,11784458141.598318,10583571782.904945,1036161639885.938,0.0,60972.02364178916,-21088990203.745117,-32873448345.343437
us,2094,42295377363458.516,173607469.98463577,36084318.8875625,1722743367675.9053,1981266263066.8062,234034531363.10074,456032230057.0913,0.0,6866881971.648556,1764665952340.413,450634842089.49274,172200.19946941396,-41922584664.50781,-36525196696.90924
oecd-ex-us,2094,38168317142373.086,246701259.06779525,34664619.581333496,1576157609169.7754,1791932935905.6785,204750249186.3279,264242312863.39233,0.0,5131048177.381586,1715033820038.0151,281649365053.9926,149328.385406277,-138876210868.23975,-156283263058.84003
china,2094,13915245717585.812,190746919.4506686,0.0,515116798546.6374,707297255353.2795,79774401223.26964,0.0,5801767817.360228,2900651985.255987,787071656576.5492,0.0,123047.30491720603,-271954858029.9118,-277756625847.27203
india,2094,21161022269953.895,869619065.1843197,0.0,1176899483245.8218,1077427603604.5135,247860929419.92563,0.0,28239644600.632145,5315865720.47778,1325288533024.4392,0.0,83993.38980255922,-148389049778.61743,-176628694379.24957
latam,2094,10188286459275.537,221203692.91040275,0.0,464454847455.3135,499046376689.7823,72155739688.42473,0.0,7518374037.673028,2016790524.8662715,571202116378.207,0.0,102991.76603890731,-106747268922.89355,-114265642960.56659
seasia,2094,11960125849125.643,286092930.0132933,0.0,543626589061.7651,582038140916.8444,83028643167.46939,0.0,3807675924.251178,3909497988.156713,665066784084.3137,0.0,99194.36781772005,-121440195022.54865,-125247870946.79982
russia,2094,10294871944696.201,131633815.0704574,6750795.809873455,449691891242.42285,474105304412.1815,59674164673.25398,28323382419.732735,0.0,133593103577.9717,507159380374.1709,26620088711.264965,116808.85315073546,-57467489131.74805,-55764195423.28027
mena,2094,19684493170694.91,304492766.7375157,0.0,1198505400422.0576,1034966474169.413,273847141599.46146,0.0,15315022796.377151,3895396881.474833,1308813615768.8745,0.0,117210.91334242317,-110308215346.8169,-125623238143.19405
ssa,2094,20790163481665.758,1725989425.3861668,0.0,1010593710189.6665,911386577003.002,124394965900.15768,0.0,11615793340.15195,10621430765.43503,1035781542903.1597,0.0,62848.8580589418,-25187832713.493164,-36803626053.64511
us,2095,42259403431920.77,175992091.04572836,36750473.01691784,1719930278747.8074,1979367514573.8298,233601031944.817,450320602055.896,0.0,6743734177.211061,1761822813807.3699,451145732711.27655,174796.96067908395,-41892535059.5625,-42717665714.943054
oecd-ex-us,2095,38012620882553.125,245405634.7836121,34547776.365282856,1568271307394.1323,1784208200136.76,203724581248.54544,259038575051.07837,0.0,4926639120.130129,1707266295229.8994,280666486155.4053,151904.61396633636,-138994987835.7671,-160622898940.094
china,2095,13644292819143.527,187064222.92900637,0.0,502285011355.64716,692826555360.6503,77981105847.94394,0.0,5090191632.723648,2659943043.3829117,770807661208.5942,0.0,125534.11228812842,-268522649852.94708,-273612841485.67072
india,2095,20988751012750.633,861991388.2415824,0.0,1165589317761.9297,1068894575473.9843,245531350053.77676,0.0,28536277529.861572,5101628092.422507,1314425925527.761,0.0,86183.11035635007,-148836607765.8313,-177372885295.69287
latam,2095,10209155759096.865,218554073.19502226,0.0,459123177326.30066,493430796806.7843,72745470058.74449,0.0,7650621361.611242,135573010722.16827,566176266865.5288,0.0,105354.04123117104,-107053089539.22815,-114703710900.83939
seasia,2095,11988939502071.916,283090294.8900379,0.0,537390171694.57904,575790075067.2421,83788973351.24258,0.0,3960015514.044741,154962545184.218,659579048418.4846,0.0,101526.73975543592,-122188876723.90558,-126148892237.95032
russia,2095,10239765747703.953,130987701.9651902,6752523.034421019,445929182859.6448,471640824428.94653,59274521579.89882,27167495475.37286,0.0,2712470681.5788846,504278116557.7135,26637229451.1317,119262.62254772204,-58348933698.068726,-57818667673.82756
mena,2095,19566486839907.45,302814207.7045627,0.0,1189614940192.354,1028496496327.6857,271946472030.80856,0.0,11010631393.68638,3832328772.3634744,1300442968358.4941,0.0,119666.9606816866,-110828028166.14014,-121838659559.82652
ssa,2095,20759705644829.203,1741351763.580161,0.0,1005997151743.9255,911116651569.0405,124060566829.09593,0.0,11652894969.319178,10375124786.966743,1035177218398.1365,0.0,64768.47354701784,-29180066654.210938,-40832961623.53011
us,2096,42209916151799.9,175675373.13625044,36771585.05616567,1716933581584.437,1977275347983.0864,233181996844.24274,437838837571.1484,0.0,6197645550.839546,1758971378183.6553,451485966643.6748,177432.6712859258,-42037796599.21826,-55684925671.74469
oecd-ex-us,2096,37857171911630.64,244114458.903816,34433768.151385106,1560009942675.0981,1776206446006.021,202666282538.70203,258462505773.38104,0.0,4951309173.750636,1699381709974.4587,279491018570.26404,154520.15071064697,-139371767299.3606,-160400280096.2436
china,2096,13376009223414.152,183403457.233647,0.0,489487271570.80396,678400646186.8772,76199077274.94466,0.0,5945363237.126805,2774219398.7688518,754599723461.8219,0.0,128061.3428901945,-265112451891.01794,-271057815128.14474
india,2096,20816391052226.297,854406121.439115,0.0,1154288615512.2847,1060297509285.3866,243198281214.22513,0.0,28390941907.124153,5238156370.111864,1303495790499.6118,0.0,88415.52976846676,-149207174987.32715,-177598116894.4513
latam,2096,10097613420580.49,215936379.22186914,0.0,453808978139.4202,487961221772.4792,71882854543.08731,0.0,7658122669.784785,2150882329.5527735,559844076315.5665,0.0,107757.90847516365,-106035098176.1463,-113693220845.93109
seasia,2096,11866796711402.676,280089026.3035522,0.0,531226942988.37604,569804897906.062,82820486045.53433,0.0,4599701205.998268,3855351499.980817,652625383951.5963,0.0,103900.93501527626,-121398440963.22028,-125998142169.21854
russia,2096,10181786683038.947,130311891.97419885,6739850.93175153,442105319612.9077,469043143995.975,58861957807.03775,25043938957.88515,0.0,2776778567.2163534,501303421217.11505,26601680585.89794,121757.1606687399,-59198101604.20734,-60755843232.22012
mena,2096,19445089222362.375,301077758.73685044,0.0,1180759263792.662,1022210277699.944,270087916884.23813,0.0,13507065959.946712,3648379206.3937163,1292298194584.1821,0.0,122163.7538203148,-111538930791.52002,-125045996751.46674
ssa,2096,20727062014329.45,1740273351.3820736,0.0,1001302008317.0118,910634392530.2488,123698764617.3064,0.0,10060520555.046093,10448038885.835169,1034333157147.5552,0.0,66731.5064450685,-33031148830.543335,-43091669385.58943
us,2097,42166610414237.46,175367332.05345216,36801098.946203485,1713948362762.1118,1974929317839.81,232640622110.52347,443798512373.45325,0.0,6517327252.348094,1756090537815.7654,451479402134.5673,180107.91551507643,-42142175053.653564,-49823064814.76764
oecd-ex-us,2097,37706270742725.11,242842569.70360675,34338613.455197416,1551608124242.2007,1768088372614.8857,201568916588.55545,262175570015.32892,0.0,4972426040.3882065,1691392986488.5054,278264302714.9361,157175.5754356251,-139784862246.3047,-155873594945.91187
china,2097,13111041423737.021,179756893.90464348,0.0,476895509616.6936,663984263883.3202,74434407003.74217,0.0,5934861726.249553,2490223319.4916134,738418670887.0624,0.0,130629.56892479447,-261523161270.36877,-267458022996.61832
india,2097,20643583109063.457,846846372.8459454,0.0,1143035505290.2903,1051668672431.0719,240874105863.8891,0.0,28278669402.83142,4977999244.662329,1292542778294.961,0.0,90691.23959048404,-149507273004.67065,-177785942407.50208
latam,2097,9987286508143.182,213351511.7631217,0.0,448539267297.0307,482521482487.42914,71028100121.55754,0.0,7367235502.571535,2050638377.2175179,553549582608.9867,0.0,110203.94183410333,-105010315311.956,-112377550814.52753
seasia,2097,11746004332533.668,277112198.51400715,0.0,525169843873.8751,563812783576.4594,81855683533.23174,0.0,3998063288.752493,3704307655.5635896,645668467109.691,0.0,106317.52961062205,-120498623235.81592,-124496686524.5684
russia,2097,10124596122582.504,129627569.47633147,6736525.541090758,438275319035.7776,466339978987.55084,58428446157.642166,26579415484.212116,0.0,2723130168.756404,498249209302.6907,26519215842.5025,124293.03909059986,-59973890266.913086,-59913690625.20347
mena,2097,19322594441886.105,299309563.54589355,0.0,1171875562924.8765,1015765719850.971,268183794222.86465,0.0,14029679120.61893,3608849793.319163,1283949514073.8357,0.0,124701.86434913432,-112073951148.95923,-126103630269.57816
ssa,2097,20689649503288.586,1738802308.6611435,0.0,996508356667.7028,910020176357.7803,123326145269.26834,0.0,10769603395.105335,10195057313.59243,1033346321627.0486,0.0,68738.59925593257,-36837964959.345825,-47607568354.45116
us,2098,42109817181459.16,175021138.66864935,36791853.066743195,1710944810512.621,1972679887700.5828,232127523827.41016,430674929588.5635,0.0,6394438648.478797,1753193077362.7227,451614334165.27075,182823.28635529845,-42248266850.10156,-63187671426.80884
oecd-ex-us,2098,37556602289116.7,241564649.99195755,34237512.33195349,1543183325718.9648,1760117964396.145,200501349514.35278,262972655774.0105,0.0,4794878809.109268,1683304755248.0654,277314558662.43164,159871.4767396942,-140121429529.1006,-154463332417.52173
china,2098,12850699464586.877,176129140.9962501,0.0,464667365786.2894,649662027661.9951,72696229707.46544,0.0,5070282623.041818,2419215056.0698504,722358257369.4606,0.0,133239.37128458417,-257690891583.17114,-262761174206.21295
india,2098,20698716198355.62,839292303.7916245,0.0,1131851281364.3625,1041904578400.4418,241024341477.44547,0.0,28763040135.751156,234973767941.44025,1282928919877.8872,0.0,93010.83887746603,-151077638513.52466,-179840678649.27582
latam,2098,9877981981835.986,210794702.5417478,0.0,443331923673.5632,477124445630.49164,70182121883.19693,0.0,7359522361.623307,2029639894.5591292,547306567513.6886,0.0,112692.72364453526,-103974643840.12543,-111334166201.74873
seasia,2098,11625896069045.723,274143678.33932346,0.0,519248232573.3379,557875867810.1431,80902045714.83057,0.0,4269481183.351879,3690898647.0345235,638777913524.9736,0.0,108777.10770447258,-119529680951.63574,-123799162134.98763
russia,2098,10064327428449.375,128903532.7188519,6711929.775020875,434478272223.5602,463631454231.82654,58007870682.27671,24157418509.583595,0.0,2734940047.8340387,495122296657.54517,26517028256.55815,126870.83799070204,-60644024433.984985,-63003634180.95954
mena,2098,19201072264206.984,297537433.3445642,0.0,1163093353675.6436,1009279612684.7734,266262024580.90015,0.0,12674418738.569698,3600524649.466547,1275541637265.6736,0.0,127281.87246639207,-112448283590.03003,-125122702328.59973
ssa,2098,20648848821649.82,1737018969.2876935,0.0,991619242187.8584,909175681996.6333,122928510189.99657,0.0,10278792631.047789,9963060991.054445,1032104192186.6299,0.0,70790.40079389472,-40484949998.771484,-50763742629.819275
us,2099,42059323500807.99,174681658.72529173,36788351.32810544,1707999396472.649,1969827234214.4128,231579254775.19907,437049017560.5976,0.0,5864394305.222722,1750306873482.2908,451099615507.3218,185579.38569043114,-42307477009.641846,-56358074956.36603
oecd-ex-us,2099,37400141749244.266,240262021.98674065,34112867.40243931,1534672326810.734,1752085640898.9268,199427521862.33752,255650838708.23416,0.0,4729457369.846753,1675128444179.0884,276384718582.17535,162608.45215491657,-140456117368.3545,-161189997242.2957
china,2099,12786916176306.57,172511665.95900473,0.0,452939357653.8096,637796626385.3488,73280428483.05624,0.0,5267068406.842543,199621477341.1233,711077054868.405,0.0,135891.3396914031,-258137697214.59546,-263404765621.438
india,2099,20525604244512.957,831808605.5255793,0.0,1120797180279.3809,1033250393737.0284,238692916080.92734,0.0,27188481176.375782,5222656872.285901,1271943309817.9558,0.0,95374.93434667916,-151146129538.57495,-178334610714.95074
latam,2099,9769997256415.91,208272781.24822554,0.0,438192748516.0989,471762638442.19586,69344227835.95622,0.0,7041692974.222717,1971085316.1965237,541106866278.1521,0.0,115224.84466508975,-102914117762.05322,-109955810736.27594
seasia,2099,11506771121457.613,271193746.7662734,0.0,513457123036.10583,551963813296.3894,79958252670.73384,0.0,4175788373.093457,3515783716.0083385,631922065967.1233,0.0,111280.26176051899,-118464942931.01746,-122640731304.11092
russia,2099,10004404560046.605,128169592.38307221,6695651.024232506,430743160639.1868,460793701873.5522,57563531021.17295,25103903046.035248,0.0,2587300806.727486,491937741986.0783,26419490908.646637,129491.14628787698,-61194581346.89148,-62510169209.50287
mena,2099,19293131055745.344,295727412.8189791,0.0,1154409411748.3723,1001647666215.3712,266693849179.93582,0.0,14100671912.073345,220091567097.36105,1268341515395.3071,0.0,129904.36711839252,-113932103646.93481,-128032775559.00816
ssa,2099,20604311681320.555,1734870480.4786444,0.0,986645943889.7355,908150688453.3235,122503712638.24315,0.0,10757567388.28628,10228884260.852295,1030654401091.5667,0.0,72887.56633592842,-44008457201.83118,-54766024590.117455
us,2100,41992707187217.19,174299404.83409348,36740470.69415489,1705140870599.1863,1966999468515.0308,231017518226.45975,419544339880.25903,0.0,6715462671.214529,1747419312524.7466,450597674216.74567,188376.82443281286,-42278441925.5603,-73331776262.04694
oecd-ex-us,2100,37239004833777.805,242951570.22895375,34627759.83804844,1526087226059.909,1743707292686.0989,198342168542.7987,250212788545.37573,0.0,4612531157.147889,1666901166346.3318,275148294882.5664,165387.10828057534,-140813940286.42285,-165749446623.61353
china,2100,12531074666537.172,168917646.9210732,0.0,441807494679.5089,623807389042.0494,71563068573.98474,0.0,4815990558.3797455,2537443725.511279,695370457616.0342,0.0,138586.07283599087,-253562962936.52527,-258378953494.90503
india,2100,20351580506931.516,824328871.5092388,0.0,1109827450691.237,1024655447545.677,236387958463.74942,0.0,27679525250.788277,4871742987.535509,1261043406009.4265,0.0,97784.1405383757,-151215955318.18945,-178895480568.97772
latam,2100,9662912179113.64,205777402.80414364,0.0,433132329860.93066,466456478537.4553,68517529784.12046,0.0,7134869057.961507,1891470216.3389585,534974008321.5758,0.0,117800.90422697247,-101841678460.64514,-108976547518.60664
seasia,2100,11388497854460.607,268256331.91745365,0.0,507790641368.09973,546104163062.641,79025372955.77425,0.0,4432647158.808313,3498274812.1226263,625129536018.4153,0.0,113827.59269597149,-117338894650.31555,-121771541809.12387
russia,2100,9944580299124.447,129279150.62814204,6795117.968474742,427116456204.5224,457910387120.1866,57115549952.84352,25419548459.906456,0.0,2665671486.4435105,488705606778.50134,26320330294.529213,132154.56178498504,-61589150573.97894,-62489932408.6017
mena,2100,19168080579692.008,293893044.37885267,0.0,1145811369669.6023,995184731584.6483,264745849094.88626,0.0,14528172706.173195,3596907662.773674,1259930580679.5347,0.0,132569.94614189598,-114119211009.93237,-128647383716.10556
ssa,2100,20557407620699.746,1732485899.052688,0.0,981602299786.2906,906917900065.8566,122058493136.33098,0.0,9476584919.676245,9946617714.755592,1028976393202.1875,0.0,75030.75777647289,-47374093415.89685,-56850678335.5731
