region,year,stock,head,imm_head,investment,depreciation,writeoff,mig_in,mig_out,revaluation,charge_own,charge_imm,gdppc,net_own,net_total
us,2025,42593552055467.93,163452491.94034946,0.0,0.0,0.0,0.0,0.0,0.0,0.0,0.0,0.0,61050.561392568336,0.0,0.0
oecd-ex-us,2025,57564672464389.14,382580249.9657423,0.0,0.0,0.0,0.0,0.0,0.0,0.0,0.0,0.0,40746.2474376583,0.0,0.0
china,2025,57838811140022.55,754677871.1248118,0.0,0.0,0.0,0.0,0.0,0.0,0.0,0.0,0.0,23526.530999766437,0.0,0.0
india,2025,14432490060901.299,758230939.0713685,0.0,0.0,0.0,0.0,0.0,0.0,0.0,0.0,0.0,7962.740251283043,0.0,0.0
latam,2025,12755488392877.432,304197551.68817425,0.0,0.0,0.0,0.0,0.0,0.0,0.0,0.0,0.0,14201.148310712375,0.0,0.0
seasia,2025,12552388385440.74,338594824.0428543,0.0,0.0,0.0,0.0,0.0,0.0,0.0,0.0,0.0,12765.330691481528,0.0,0.0
russia,2025,11575083187763.234,139630424.34780416,0.0,0.0,0.0,0.0,0.0,0.0,0.0,0.0,0.0,20297.66333329072,0.0,0.0
mena,2025,11786144405483.094,222617318.19690472,0.0,0.0,0.0,0.0,0.0,0.0,0.0,0.0,0.0,20496.517103421746,0.0,0.0
ssa,2025,3711221522564.952,444564905.759372,0.0,0.0,0.0,0.0,0.0,0.0,0.0,0.0,0.0,3497.158670690358,0.0,0.0
us,2026,42627383399918.16,166906627.1209027,942258.3709978287,2007103487105.5715,2135651910479.4146,237649239820.72968,388539069802.05347,0.0,11489937842.73314,2373301150300.144,0.0,61980.16024673619,-366197663194.5725,22341406607.480957
oecd-ex-us,2026,57113413333458.6,388095831.36957633,1321888.7014311936,2377757286180.9023,2890097071949.6245,312253649260.8407,360690288793.1609,0.0,12644015305.876993,3202350721210.4653,0.0,41618.333088470004,-824593435029.563,-463903146236.4021
china,2026,57343022030489.89,761877999.03779,0.0,2686513881955.353,2921009540854.869,314189977609.98193,0.0,20185683282.98239,73082210259.7596,3235199518464.851,0.0,24228.855750619772,-548685636509.49805,-568871319792.4805
india,2026,15204893042477.889,778366498.3230298,0.0,1897840713804.6597,875089776802.8345,202952252826.51468,0.0,57542932267.87267,10147229669.136356,1078042029629.3491,0.0,8334.796268499304,819798684175.3105,762255751907.4379
latam,2026,12960995650048.941,309877404.1491093,0.0,1001989206441.2977,683419111167.2285,99616421834.82503,0.0,18765857289.94072,5319441022.202041,783035533002.0536,0.0,14736.250277982586,218953673439.24414,200187816149.3034
seasia,2026,12871464380873.732,345571535.86093205,0.0,1089295282063.8098,673984729720.9508,96661184827.85962,0.0,5747953944.510726,6174581862.520675,770645914548.8104,0.0,13267.526588403778,318649367514.9994,312901413570.48865
russia,2026,11620898990585.549,142361050.83809257,203659.67093260525,664657189130.3743,583009565135.2344,68267360652.89826,26963457839.965515,0.0,5472081640.099002,651276925788.1327,0.0,20949.93751363234,13380263342.241577,40343721182.20709
mena,2026,12561928225687.28,229831807.06058973,279603.65663837205,1642891765509.4922,723186228160.4648,186117286491.24533,33962694664.987473,0.0,8232874681.406544,909303514651.7102,0.0,21152.088069819238,733588250857.782,767550945522.7694
ssa,2026,4226330540882.608,471103705.4303695,0.0,745726152320.4843,204374260272.0627,27680867147.37568,0.0,3499579908.572836,4937573325.181234,232055127419.4384,0.0,3706.02193117199,513671024901.0459,510171444992.4731
us,2027,42631645505138.94,169170890.29659364,1876385.1092437417,1982049385011.8298,2138698259714.516,238817846546.18668,387526863696.677,0.0,12201962772.970533,2361466884278.5786,16049221982.124233,62923.70303705832,-379417499266.7488,-7939857552.196011
oecd-ex-us,2027,56637979894312.36,389090616.9233165,2618449.3561792686,2345157941843.271,2878720817317.022,309793400122.46295,355695291740.1095,0.0,12227544709.882736,3174022270541.683,14491946897.801535,42505.07432557021,-828864328698.4121,-487660983856.1041
china,2027,57643740097796.14,758178071.1281964,0.0,2598855436318.603,2895608802293.023,318331811115.1611,0.0,17029830048.60835,932833074444.4281,3213940613408.184,0.0,24946.710040432743,-615085177089.581,-632115007138.1895
india,2027,15942929803736.248,788001731.9806023,0.0,1889197852841.076,894210648446.408,216594357523.83682,0.0,50698512780.46008,10342427168.00496,1110805005970.2449,0.0,8720.209769160245,778392846870.831,727694334090.371
latam,2027,13150898412403.13,311436849.82961977,0.0,990215287209.5874,687112945221.1903,101002053863.4605,0.0,17423326188.85108,5225800418.109449,788114999084.6508,0.0,15286.446916063733,202100288124.93665,184676961936.08557
seasia,2027,13172375378635.725,348084561.4769037,0.0,1078743092289.7053,680972321028.8682,98389733843.68341,0.0,4600673716.744533,6130634061.580605,779362054872.5515,0.0,13784.578329939995,299381037417.1538,294780363700.4093
russia,2027,11662325130944.035,144113663.07301992,395955.1378534613,663101420520.095,583977315973.9125,68534852309.28096,25617182514.698425,0.0,5219705606.9010935,651390531662.3248,1121636620.8687747,21617.743494906772,11710888857.770142,36206434751.59979
mena,2027,13280930592612.967,234103799.6334508,418506.8566168609,1641538222940.3281,745148078266.3156,199484983566.77264,17481973722.361458,0.0,4615232096.098289,942622901676.7673,2010160156.3208852,21823.19412143207,698915321263.5608,714387134829.6013
ssa,2027,4736840447698.942,492506784.5796262,0.0,760208068740.3374,217626094970.61517,30326297111.06882,0.0,6526649976.772946,4780880134.455194,247952392081.684,0.0,3924.81990741194,512255676658.65344,505729026681.8805
us,2028,42621267569223.05,170307691.31901178,2842353.5490882676,1956236353008.017,2141047271110.5042,239777112052.61542,403020795647.7574,0.0,11189298591.437006,2348897058996.7354,31927324166.384453,63881.398876560765,-392660705988.71826,-21567234507.34533
oecd-ex-us,2028,56133646589429.07,388275724.4684188,3879883.990284286,2309053846563.2124,2866431062765.3105,307132587100.3962,348022071789.25525,0.0,12154426629.912453,3144886771823.727,28676878041.979614,43406.67576409311,-835832925260.5146,-516487731513.239
china,2028,56963061068830.15,751822417.0593958,0.0,2505588687439.753,2875138947036.4062,313340240381.1734,0.0,20622061864.583626,22833532876.43061,3188479187417.5796,0.0,25680.32047045773,-682890499977.8267,-703512561842.4103
india,2028,16643253880913.13,796554421.4289833,0.0,1879074134985.376,913179274577.8252,229376032072.74716,0.0,45247673520.730835,9052922362.801222,1142555306650.5723,0.0,9119.297570303788,736518828334.8037,691271154814.0729
latam,2028,13322989764744.523,312031340.20271283,0.0,977716818861.2343,690569876617.7323,102220052037.88582,0.0,17972177204.20791,5136639339.991948,792789928655.6182,0.0,15852.009111984375,184926890205.6161,166954713001.40817
seasia,2028,13453472284872.002,349660736.0451661,0.0,1066866195105.5034,687712778467.5063,99978665889.58492,0.0,4188176599.3110366,6110332087.168896,787691444357.0913,0.0,14316.766516730313,279174750748.4121,274986574149.1011
russia,2028,11699391264273.979,144779016.27829254,594167.5796984036,659128790927.7883,584863158144.4524,68771840107.61186,26553090610.2088,0.0,5019250044.000963,651457495304.7866,2177502947.2776403,22301.31967664412,7671295623.001709,32046883285.93287
mena,2028,13946412126907.432,237517720.5221259,419827.5709865505,1637704507328.7424,765937274698.9216,211884599038.17395,1050824268.1918093,0.0,4548076434.620841,974833006646.7601,2988867090.3357677,22510.072830855686,662871500681.9823,660933457859.8383
ssa,2028,5243336587868.162,513971612.1660306,0.0,774040552391.2277,231062741294.00015,32959858642.51945,0.0,8063764100.389175,4541951814.899514,264022599936.5196,0.0,4153.888135378867,510017952454.70807,501954188354.3189
us,2029,42569398476392.75,171333745.81509933,3774077.2287698826,1928661294215.0464,2143253894789.9302,240567560814.5459,391374594369.53235,0.0,11916474189.588196,2335510924771.151,48310530833.32576,64853.46001565609,-406849630556.1045,-63785567019.8979
oecd-ex-us,2029,55590334601925.41,387247896.69888836,5087325.642552899,2266851836991.7124,2853046375225.2993,304254238171.04205,335180483732.06195,0.0,11956305168.951826,3114854707707.5557,42445905688.78569,44323.34507815357,-848002870715.8433,-555268292672.567
china,2029,56209813756877.14,744959352.9589757,0.0,2402385035460.1206,2852371798837.608,308003906758.1926,0.0,17519267770.812984,22262625953.48774,3160375705595.801,0.0,26429.915961202536,-757990670135.6802,-775509937906.4932
india,2029,17497316326784.031,804701840.7258683,0.0,1864860815776.796,929631621533.1307,243518980256.5554,0.0,43463808396.74605,205816040280.54416,1173150601789.686,0.0,9532.379329332112,691710213987.1099,648246405590.3638
latam,2029,13476797709392.686,312473651.5466863,0.0,963074515482.3866,693675080972.9517,103258647311.97551,0.0,17395702451.45769,5062859902.149472,796933728284.9271,0.0,16433.209741931896,166140787197.45947,148745084746.00177
seasia,2029,13711289833879.824,351052818.69845515,0.0,1052631275313.8683,694136329229.1642,101430734268.05629,0.0,4850844686.52382,5604181877.699518,795567063497.2205,0.0,14864.373793171797,257064211816.64783,252213367130.124
russia,2029,11728775135975.137,145389539.96137244,788946.8683946801,652637173453.7472,585681194098.7244,68969971053.60332,26258017826.901627,0.0,5139845572.838913,651388491458.3263,3262673694.001532,23000.90659669084,1248681995.4208984,24244026128.32099
mena,2029,14731100119519.668,240726635.54360572,412195.6674305284,1629910675071.986,783381586227.0048,225249605384.361,0.0,6089974215.126236,169498483366.74335,1005689367918.9984,2941823692.3672237,23212.963919281494,624221307152.9877,615189509245.4943
ssa,2029,5790553755205.175,535745809.3925316,0.0,786732470787.5808,243788273448.28384,36221458072.025894,0.0,8245034387.919325,48739462457.66068,280009731520.30975,0.0,4393.567717593679,506722739267.27106,498477704879.35175
us,2030,42490243332446.16,171584129.4871357,4706906.75672734,1900194361209.5618,2144307607988.3503,241140874960.7414,394357936218.88116,0.0,11741041574.110998,2321302581036.1523,64145901912.93866,65840.10188919432,-421108219826.5906,-90896185520.64807
oecd-ex-us,2030,55013206208806.38,385226997.9070196,6272177.251287603,2219640074221.602,2838230368362.4595,301191264718.8189,330951081577.1722,0.0,11702084163.44119,3083752840774.167,55668792307.111786,45255.29305182552,-864112766552.565,-588830477282.5045
china,2030,55378076911791.43,737294931.1796448,0.0,2292341527007.1323,2827384011180.257,302318291991.7234,0.0,16468346759.917246,22092277839.08491,3129702303171.9805,0.0,27195.727807779884,-837360776164.8481,-853829122924.7654
india,2030,18110410882680.105,812235127.493551,0.0,1846970700666.4019,947388306655.2548,254465971731.71378,0.0,41494557171.390915,9472690788.0263,1201854278386.9685,0.0,9959.777508732528,645116422279.4333,603621865108.0425
latam,2030,13798365471338.799,312650371.3996322,0.0,946377108872.8435,694762002346.428,106070305247.58029,0.0,17329477561.498657,193352438228.77798,800832307594.0083,0.0,17030.323695723804,145544801278.8352,128215323717.33655
seasia,2030,14126149600072.74,352188563.143444,0.0,1036246990258.8535,698239402358.934,104708830190.13438,0.0,3414251305.903256,184975259789.03708,802948232549.0684,0.0,15427.68486150673,233298757709.78516,229884506403.8819
russia,2030,11915535686370.607,145622608.33931154,972241.6780324238,644603877858.9774,584603057551.7856,70926707890.472,25044521665.778805,0.0,172641916312.97928,651252292733.6766,4277472708.581178,23716.746981368073,-6648414874.699219,14118634082.498407
mena,2030,15300229322598.697,243581099.02930757,404194.1700011784,1618212070369.058,801695166289.3654,235844259094.5608,0.0,16096560069.507261,4553118163.405339,1034672218926.2482,2867206457.677993,23932.10930710392,583539851442.8099,564576084915.6248
ssa,2030,6288088468649.388,557719483.8857504,0.0,798241394777.5063,257545542788.34808,38841004806.54062,0.0,8770138609.035486,4450004870.631895,296386547594.8887,0.0,4644.205249223411,501854847182.6177,493084708573.5822
us,2031,43064182209956.55,171775621.73728812,5640791.756824285,1873758399719.2756,2138893636387.8389,247884724644.298,399866749738.042,0.0,687092089085.2131,2307816206875.9307,78962154156.20653,66841.54316421963,-434057807156.655,-113153211574.81956
oecd-ex-us,2031,55328438322190.69,383005932.74127465,7412558.007413806,2172368225339.686,2816459628412.157,306292038662.0178,322774968530.99084,0.0,942840586587.7767,3055010413541.375,67741253532.79902,46202.73363074432,-882642188201.689,-627608473203.4972
china,2031,54467265622040.62,741498940.7157375,0.0,2181942116705.06,2799911717122.937,296268661998.8536,0.0,18175577092.646397,21602549758.50472,3096180379121.7905,0.0,27977.989736417916,-914238262416.7305,-932413839509.3768
india,2031,18677058463656.38,819236520.8639444,0.0,1828212714192.0837,964440277771.0685,264462932997.88272,0.0,41471273895.49394,8809351448.6416,1228903210768.9512,0.0,10401.817343343451,599309503423.1326,557838229527.6387
latam,2031,13911902943015.63,312653717.7900722,0.0,929076870529.8308,697038961211.0138,106727982256.11209,0.0,16951498799.195927,5179043413.3303585,803766943467.1259,0.0,17643.627903711116,125309927062.70496,108358428263.50903
seasia,2031,14337291272389.852,353116282.41149306,0.0,1018536994301.542,703734479578.8516,105824742017.27774,0.0,3755662359.3147874,5919561971.013982,809559221596.1293,0.0,16006.98649853841,208977772705.41272,205222110346.09793
russia,2031,11922328571883.002,145772700.21149448,1130876.4398422283,635693435630.9825,584981372829.2384,71024724115.03755,21929468590.799118,0.0,5176078234.879543,650730859092.8177,5275237851.458371,24449.08579715517,-15037423461.835205,1616807277.5055418
mena,2031,15827836493201.945,246277526.041965,396171.0499173314,1604406302467.5273,818832704478.7308,245528752312.95767,0.0,17009782277.104559,4572107204.518355,1061565390780.3228,2796066011.3656325,24667.753166027112,542840911687.2046,523035063398.7344
ssa,2031,6780345402339.587,579938412.7480628,0.0,809032329413.8594,271508272078.12558,41446010988.95368,0.0,8173777318.407191,4352664661.823021,312954283067.0793,0.0,4906.152742525057,496078046346.7801,487904269028.3729
us,2032,42942547849064.2,171916904.61890092,6581196.273759188,1848284327018.9084,2138706039474.3604,246796415806.44293,403516806852.6378,0.0,12066960516.88934,2292228730495.882,93273724784.92142,67858.00578844365,-443944403476.9734,-133701321409.25699
oecd-ex-us,2032,54687957726419.766,380631605.7918874,8550942.835850785,2125479488544.9836,2799213329466.6973,301679575005.2728,322736793574.94464,0.0,12196026581.127031,3021952701228.6626,78940203243.30678,47165.883974343735,-896473212683.679,-652676622352.0411
china,2032,53475045286512.08,732672726.1592875,0.0,2064115346471.7837,2769823954831.9204,289863754293.17163,0.0,17601665419.57206,20953692544.354736,3059687709125.092,0.0,28776.937962116455,-995572362653.3081,-1013174028072.8801
india,2032,19198218736257.957,825683633.4969624,0.0,1808685428583.7134,980666643457.0596,273504740533.46667,0.0,42299924755.52102,8946152763.904102,1254171383990.5264,0.0,10858.826810265658,554514044593.187,512214119837.666
latam,2032,14005429842292.145,312480501.3937072,0.0,911308187091.4165,698893642430.3104,107201537441.70627,0.0,16651998270.440693,4965890327.54742,806095179872.0167,0.0,18273.401366102265,105213007219.39978,88561008948.95909
seasia,2032,14522692103823.994,353822798.0038762,0.0,998732360877.1975,708724931313.6433,106759656163.9723,0.0,3773300291.088747,5926358325.647364,815484587477.6156,0.0,16602.567574975026,183247773399.5819,179474473108.49316
russia,2032,11922710458259.19,145885674.59364623,1318888.7439497567,625303250862.0865,585021980088.3789,70961214873.84584,25887658805.815636,0.0,5174171670.508338,649930679222.7902,6052515739.434574,25198.170303876817,-24627428360.703613,-4792285294.322552
mena,2032,16312367345316.867,248797481.39648694,392232.32918996445,1588355145823.7458,835208511042.972,254067666351.27896,0.0,19003082514.04751,4454966199.469104,1086905809893.3049,2370367500.946016,25420.141972649904,501449335930.4409,480075885915.4474
ssa,2032,7265076128463.237,602287454.7831013,0.0,819153997493.177,285689834370.1013,44039108521.5935,0.0,9120272308.090368,4425943830.262895,329728942891.6948,0.0,5179.767549924288,489425054601.4822,480304782293.3918
us,2033,42799265223468.44,172004703.84376127,7522467.927238008,1823540694193.2305,2138037078227.531,245679195249.09528,404994899428.7356,0.0,11898054258.870447,2275934458654.392,107781814822.23442,68889.71503944589,-452393764461.1616,-155180679854.66046
oecd-ex-us,2033,54020440181009.6,378096238.56510335,9673663.343495028,2079547852564.481,2780945471668.668,297025372941.9159,319096298240.2898,0.0,11809148395.674599,2987754769768.49,90216074842.09367,48144.96450873834,-908206917204.0093,-679326693805.8131
china,2033,52400891422810.37,723239449.1907665,0.0,1943358336789.3262,2737052511735.629,283100746205.6164,0.0,17653548216.342705,20294605666.585194,3020153257941.245,0.0,29592.811247434103,-1076794921151.919,-1094448469368.2616
india,2033,19676564580788.523,842433508.177232,0.0,1788782584635.218,996027669548.043,281626942404.6964,0.0,41361448140.11209,8579319988.207189,1277654611952.7393,0.0,11331.136601512213,511127972682.47876,469766524542.3667
latam,2033,14079498419944.242,312132045.4855143,0.0,893220059707.2546,700310408338.7108,107491017457.91704,0.0,16269590445.559343,4919534187.032968,807801425796.6278,0.0,18919.925184693802,85418633910.62683,69149043465.06749
seasia,2033,14682318322522.865,354299111.5829368,0.0,978499479239.1204,713172120755.7715,107503640099.09715,0.0,4250426162.540138,6052926477.166054,820675760854.8687,0.0,17214.719077399044,157823718384.2517,153573292221.71158
russia,2033,11911563850778.238,145924068.02594742,1504478.2836999376,613842244610.356,584941735595.0468,70867070800.20535,25648251726.782887,0.0,5171702577.173106,648808802125.0289,7000004270.223398,25964.250109372333,-34966557514.67297,-16318310058.113485
mena,2033,16753920246949.094,251138087.96739173,390287.24761675566,1570107178603.0667,850739136324.2842,261992912893.71124,0.0,20160133721.5877,4337905968.733336,1110567880402.0713,2164168815.924343,26189.52456350803,459539298200.99536,437214995663.48334
ssa,2033,7741913125478.242,624758701.9159298,0.0,828632374991.5326,300012132488.2151,46605770515.477394,0.0,9602730067.499538,4425255094.665202,346617903003.6925,0.0,5465.412286013566,482014471987.8401,472411741920.3406
us,2034,42640840615956.94,172054825.53229985,8483965.680929849,1796494499995.8782,2136825779193.2664,244490060419.15747,414649574584.42474,0.0,11747157520.639116,2258967100920.521,122348738691.90283,69936.8995746124,-462472600924.6428,-170171765032.1209
oecd-ex-us,2034,53327437512327.17,375405593.0542106,10790113.464625241,2031602890778.4727,2761557459136.822,292363603506.39954,318227465693.4777,0.0,11088037488.875294,2952474070119.6396,101446992523.58153,49140.198980262394,-920871179341.167,-704090706171.2708
china,2034,51249624261754.03,713219324.1762813,0.0,1821161213732.5354,2701498181648.8164,275954387249.498,0.0,15686914237.891161,20711108347.336193,2977452568898.3145,0.0,30425.850962392054,-1156291355165.779,-1171978269403.6702
india,2034,20108403091837.445,847753986.5789154,0.0,1767931680358.7954,1010602424638.6824,288880645980.76044,0.0,45297215302.73056,8687116612.286154,1299483070619.4429,0.0,11819.080099483755,468448609739.35254,423151394436.62195
latam,2034,14133643249378.834,311604160.91024023,0.0,873764266542.3281,701288346528.315,107605165123.22383,0.0,15514867411.675058,4788941955.487157,808893511651.5388,0.0,19583.48259699224,64870754890.78931,49355887479.11425
seasia,2034,14817231652942.504,354562601.14215213,0.0,958145349993.0094,717054945194.907,108071084189.1017,0.0,3764108859.671721,5658118670.302098,825126029384.0087,0.0,17843.734132856633,133019320609.00073,129255211749.32901
russia,2034,11888046884523.807,145881815.3636848,1688257.7730373305,601136583760.5925,584564534012.3605,70710885308.66711,25499674427.16182,0.0,5122194878.835242,647337277919.2418,7938141401.785759,26747.577225625948,-46200694158.64929,-28639161133.27323
mena,2034,17150749155427.953,256572971.29469958,388238.7710438501,1549080213127.2004,865403643164.4255,269295079567.7589,0.0,21852658223.679504,4300076307.531225,1132545585717.9448,2153137014.2397995,26976.152191552625,416534627409.2556,392528832171.3363
ssa,2034,8210875285231.341,652676333.7187703,0.0,837031950433.9951,314474527929.3737,49148120840.07808,0.0,8839049199.580338,4391907288.133252,363622648769.4518,0.0,5763.4547487528625,473409301664.54333,464570252464.963
us,2035,42450833944432.76,172028438.46921143,9430674.608681604,1766990548429.1104,2135296737086.8372,243363450294.14606,410087260173.9569,0.0,11575707253.783335,2241266136313.043,137394051067.94156,70999.79148182356,-474275587883.9326,-201582378777.91727
oecd-ex-us,2035,52600588724679.2,372524990.8782431,11871140.515659131,1980799815766.855,2741084093847.531,287683379707.3683,309585113733.096,0.0,11533756406.909748,2916028812333.4976,112738661221.40204,50151.81450967642,-935228996566.6426,-738382544054.9487
china,2035,50874377065206.625,702574292.179024,0.0,1698770245632.6426,2660032638168.736,276997534072.4917,0.0,17920917421.7219,880933647482.8666,2937030172241.2275,0.0,31276.301145481142,-1238259926608.585,-1256180844030.307
india,2035,20496522685954.69,852518108.2791587,0.0,1745452561878.7954,1024170083241.2112,295257033635.8718,0.0,45905714851.49885,7999863967.045949,1319427116877.083,0.0,12322.993355349145,426025445001.7124,380119730150.21356
latam,2035,14167160560391.672,315589526.07589525,0.0,853115123567.9237,701809386689.5178,107539710650.90869,0.0,15054019398.423002,4805304183.753885,809349097340.4265,0.0,20264.359012709418,43766026227.49719,28712006829.07419
seasia,2035,14927120947718.494,354598204.5733314,0.0,937023754496.172,720412638894.3125,108465850147.52701,0.0,3851819428.4859576,5595848750.14713,828878489041.8395,0.0,18489.90803605888,108145265454.33252,104293446025.84656
russia,2035,11851897990917.666,147976871.45933247,1873270.6553163256,587380446350.5763,583862342595.4172,70492578518.93329,25772105888.99975,0.0,5053475268.627227,645481887430.1466,8873033684.203943,27548.40612633718,-58101441079.57031,-41202368874.774506
mena,2035,17503923010593.955,258519934.69879767,385989.8956049254,1525931116583.0156,879101750847.3444,275778537618.479,0.0,22051034440.94789,4174061489.760919,1152728373638.9685,2151914826.85487,27780.278584044616,373202742944.0471,348999793676.2444
ssa,2035,8670999220121.497,675384893.2564521,0.0,844309664231.396,329090429042.6263,51665699375.17304,0.0,7801333225.162672,4371732301.721466,380756128417.7993,0.0,6074.267840154052,463553535813.5967,455752202588.434
us,2036,42234873489912.74,174751930.7199844,10370688.479650088,1738529716745.5964,2132881501196.4849,242099172329.21863,409069276494.9405,0.0,11421225765.059166,2222715081041.9043,152265592483.7984,72078.62633090236,-484185364296.30786,-227381680285.16577
oecd-ex-us,2036,51843548566528.22,376088444.86824226,12927425.022834644,1929833861712.9558,2719189691886.545,282888382057.70337,304041813844.60754,0.0,11162240235.74052,2878339132759.2583,123738941184.99004,51180.04164705318,-948505271046.3025,-768202398386.6849
china,2036,49567014609111.56,691350149.6712363,0.0,1577957881330.4888,2619510156623.5967,269157007249.20032,0.0,16916655689.216105,20263482136.473507,2888667163872.797,0.0,32144.40856575911,-1310709282542.308,-1327625938231.5242
india,2036,20844105355469.414,856770980.3236146,0.0,1721639378419.0195,1036841211814.1062,300799932945.5977,0.0,44453519049.338524,8037954904.743912,1337641144759.7039,0.0,12843.215070404938,383998233659.3157,339544714609.9772
latam,2036,14180501095946.764,314679050.96315366,0.0,832790445429.9305,701832982268.8295,107298375811.18684,0.0,14955329063.975248,4636777269.156986,809131358080.0164,0.0,20962.8420526122,23659087349.914185,8703758285.938936
seasia,2036,15012529039423.527,359451044.796337,0.0,916091653709.645,723202011896.3987,108688014676.75545,0.0,4398995698.483449,5605460267.025571,831890026573.1542,0.0,19153.538279183922,84201627136.49084,79802631438.0074
russia,2036,11803480539186.559,147769815.93286765,2055378.4159471844,573885446665.6941,582821343626.1334,70206087719.49571,25515862875.51667,0.0,5208670073.3246,643202881019.8224,9824550325.807009,28366.993805910806,-69317434354.1283,-53626121804.41863
mena,2036,17816556414591.723,260289774.24826843,383537.1237762728,1502849994018.0142,891853733736.139,281456004496.69666,0.0,21114219899.153557,4207368111.741168,1171161370260.6682,2148367972.1677275,28602.160001844866,331688623757.34595,308426035886.02466
ssa,2036,9119470485595.115,698055324.8392626,0.0,850885863688.8247,343836158405.3213,54153995870.57096,0.0,8773140531.204681,4348696591.894257,397990154275.8923,0.0,6398.229486727132,452895709412.93243,444122568881.7278
us,2037,42001242564463.58,174614361.7450756,11316242.904454542,1712100527928.577,2129728560194.3296,240713007136.3743,413337534072.0265,0.0,11372579880.987715,2203356054768.5376,167085512562.16614,73173.64322583453,-491255526839.9607,-245003505330.10034
oecd-ex-us,2037,51063217860680.65,372878352.41088986,13971070.641227819,1880607140563.4084,2695977480431.4077,278001663176.54224,302021019040.6891,0.0,11020278156.317026,2839409862158.97,134569281448.97926,52225.114427354754,-958802721595.5618,-791350984003.8519
china,2037,48187418498459.5,679540295.4948527,0.0,1453636016248.2754,2576340721034.7847,261033267009.5741,0.0,15223149598.103401,19365010742.10203,2837373988044.359,0.0,33030.42278602598,-1383737971796.0835,-1398961121394.187
india,2037,21349108325231.285,860433229.0164491,0.0,1697489679413.0938,1044505591920.9156,307890825505.20776,0.0,46548476355.03678,206458184129.93436,1352396417426.1235,0.0,13380.086580480644,345093261986.9702,298544785631.9334
latam,2037,14174726599252.627,313583527.6730729,0.0,812778359377.6901,701354240223.6005,106890101266.34854,0.0,14790741924.405195,4482227342.536962,808244341489.949,0.0,21679.22158970571,4534017887.741089,-10256724036.664106
seasia,2037,15076130183450.47,359062946.4283926,0.0,895803552830.8019,725411755432.9471,108744191604.91989,0.0,3686358133.312499,5639896367.319013,834155947037.8671,0.0,19834.92458426673,61647605792.934814,57961247659.622314
russia,2037,11743054706865.738,147478883.55363742,2226267.489837817,561837808896.8376,581436552157.0963,69871249936.66666,24179207962.242504,0.0,4864952913.852997,640532035028.0676,10775767065.695164,29203.599839846298,-78694226131.22998,-65290785234.68263
mena,2037,18090291674517.65,261885003.91796002,380841.2437292201,1480240078753.5234,903733124448.351,286383106475.11975,0.0,20587756420.283787,4199168516.1549053,1187974356609.4316,2141874314.0391731,29442.055300080377,292265722144.0918,269536091409.76883
ssa,2037,9556578038340.865,720699426.566242,0.0,856712531668.6777,358613812141.1254,56596395531.15571,0.0,8825031941.127531,4430260690.481221,415210207672.2811,0.0,6735.7225599628055,441502323996.3966,432677292055.2691
us,2038,41752552020123.125,174432722.84989586,12266581.30450009,1687984195166.5735,2126075899952.0154,239356366179.84433,417523980854.2593,0.0,11233545770.588823,2183387123328.167,182045142803.69272,74285.08485777202,-495402928161.5935,-259924090111.02695
oecd-ex-us,2038,50266560834231.8,369531199.85879236,15011488.158178065,1834854792881.039,2671615335737.7056,273395636833.6914,302757651754.52686,0.0,10741501486.898836,2799697695966.264,145313276605.1322,53287.270426712654,-964842903085.2251,-807398527935.8304
china,2038,46751216034947.914,667199703.0075563,0.0,1343182839955.4631,2530477280640.8916,253480096348.02255,0.0,14618430477.392948,19190503999.30783,2783957376988.914,0.0,33934.596227066046,-1440774537033.451,-1455392967510.844
india,2038,21614000723119.43,863413842.4633545,0.0,1672754470111.2363,1055197192281.8247,314334813182.2498,0.0,46485981797.05473,8155915038.033691,1369532005464.0745,0.0,13933.95184345038,303222464647.16187,256736482850.10712
latam,2038,14150307695376.05,312292383.42800564,0.0,792714819474.9364,700386940864.2025,107165846691.35657,0.0,14044357378.793968,4463421582.816719,807552787555.5591,0.0,22413.789792727977,-14837968080.62268,-28882325459.41665
seasia,2038,15117821961648.326,358450412.69937193,0.0,876306600119.8899,727119987079.8005,109512299664.72458,0.0,3564012621.075762,5581477443.567454,836632286744.5251,0.0,20534.368938161053,39674313375.364746,36110300754.28899
russia,2038,11675609134251.672,147133421.6861103,2406441.861839468,551301376178.6292,579703673318.1448,69500303084.32011,25567914579.671394,0.0,4889113030.096143,637547783539.5586,11656192862.906143,30058.486446507162,-86246407360.92944,-72334685644.16418
mena,2038,18323679879790.535,263246966.69311312,377832.9334588149,1458962377418.7285,914753076375.8715,292656727412.61926,0.0,22285940862.154827,4121572504.8042684,1205278261461.1504,2131542327.3401868,30300.225990167473,253684115957.57812,229266632768.08313
ssa,2038,10034867023927.807,743208171.7817327,0.0,861736767768.9818,370855822789.81476,59999035689.041824,0.0,9714537957.17064,57121614253.984474,430854858478.85657,0.0,7087.134797121599,430881909290.12524,421167371332.9546
us,2039,41475939662563.92,174176036.2302094,13186872.757588508,1665556603383.599,2121979337188.7244,237947530380.55096,407475083189.96075,0.0,10282823436.527319,2162795292913.5864,197131574655.68848,75413.19755883177,-497238689529.9873,-286895180995.715
oecd-ex-us,2039,49447030979194.9,366019962.316806,16011056.750854017,1791804990345.7957,2646271990934.893,268724468450.82306,293352314563.5755,0.0,10309299439.516808,2758925339796.22,156071119589.49643,54366.75081942342,-967120349450.4246,-829839154476.3456
china,2039,45277196866916.75,666600289.6123111,0.0,1249693641355.1655,2482189799676.394,245695289842.06583,0.0,13440554261.450417,17612834393.566853,2727885089518.46,0.0,34857.18423294564,-1478191448163.2944,-1491632002424.7449
india,2039,21839757309134.742,865755466.5785469,0.0,1647120109357.1965,1064867791842.8612,319846935605.66504,0.0,44781519284.48681,8132723391.136794,1384714727448.5264,0.0,14505.157429905297,262405381908.67017,217623862624.18335
latam,2039,14288804064262.146,310799432.9138068,0.0,772923516245.4552,697039007095.6088,109130900336.25356,0.0,14176433207.815235,185919193280.32822,806169907431.8623,0.0,23166.841171932578,-33246391186.407104,-47422824394.222336
seasia,2039,15137978848833.762,357606390.17668855,0.0,857452095843.0731,728283472155.8113,110091121580.48871,0.0,4407554784.31865,5486939862.971454,838374593736.3,0.0,21252.175630055888,19077502106.77307,14669947322.454422
russia,2039,11599363406295.75,146718592.49711254,2576238.9570354084,541502300889.09814,577759931166.4011,69090313045.39223,24357874012.875748,0.0,4744341353.9050455,634260056539.2823,12590187672.511103,30931.918550251008,-92757755650.1842,-80990069309.81956
mena,2039,18697570001909.133,264441289.62047067,374642.54067417583,1439660900531.3713,920421896366.6495,300131482299.9105,0.0,19620139109.797073,174402739363.5781,1218460474792.3796,2092903874.1803937,31176.93630317324,221200425738.9917,199487382755.01425
ssa,2039,10447432476115.63,765578106.248197,0.0,865974430391.0127,385464599310.3338,62659731523.5305,0.0,9930469186.377388,4645821817.053737,448124330833.8643,0.0,7452.858722594691,417850099557.1484,407919630370.771
us,2040,41185147124687.91,173866348.3506805,14103874.80861017,1645391531045.0247,2116967598330.9238,238810449913.08392,408663067574.2192,0.0,10930911748.67545,2144071708506.2502,211706339737.75693,76558.2313567015,-498680177461.2256,-301723449624.7633
oecd-ex-us,2040,48616688473737.65,362366325.89768714,17016094.274663795,1751742001250.0408,2619664859702.152,269920546026.53186,296801536097.30334,0.0,10699362924.04885,2723174360060.568,166411045668.1163,55463.80043567204,-971432358810.5271,-841041868381.3401
china,2040,43775267211701.33,653401303.5516983,0.0,1172602148161.1865,2431933527677.6333,244924182379.5981,0.0,14859699712.887262,17185606393.47795,2676857710057.2314,0.0,35798.4451373568,-1504255561896.045,-1519115261608.9321
india,2040,22020288507009.85,867220179.6517217,0.0,1621691402461.1587,1073580096720.371,329870081867.1508,0.0,45870260508.90957,8160234510.371661,1403450178587.5217,0.0,15094.052517035112,218241223873.63696,172370963364.7274
latam,2040,14227598799326.012,309084977.2072817,0.0,753990614978.1886,695060013691.2448,111286766887.18051,0.0,13581973778.464157,4732874442.567417,806346780578.4253,0.0,23938.672627134798,-52356165600.236694,-65938139378.70085
seasia,2040,15136980309231.168,356514224.67431694,0.0,839575231143.3306,728880249671.3461,112503373429.79611,0.0,4655659487.407102,5465511842.641872,841383623101.1422,0.0,21988.651291527007,-1808391957.8116455,-6464051445.218747
russia,2040,11683375082796.902,146262844.2660477,2768867.1175204613,532204538686.1919,573973758921.0208,71067703445.42699,27734946152.053043,0.0,169113654029.35382,631736011286.4843,13305451079.963444,31824.163845901876,-99531472600.29236,-85101977528.20276
mena,2040,18864709361125.37,265385404.34859374,371176.7522925591,1421291058549.3022,929475146420.9182,308925710157.4073,0.0,20120532955.07181,4369690200.33478,1236325409940.6086,2075446637.716775,32072.453254497323,184965648608.6936,162769669015.90503
ssa,2040,10846002380171.59,787763260.8579625,0.0,869449674857.8536,400050208109.2383,65567600114.82114,0.0,9983920470.257046,4721957892.419973,465617808224.05945,0.0,7833.2915700960575,403831866633.7942,393847946163.5372
us,2041,41565344339733.44,173503879.45200327,15015096.406605983,1626091652785.3042,2106012138348.2454,245743853417.9987,411396180815.4192,0.0,694465373211.0812,2128513709454.7358,223242282311.50894,77720.4400300647,-502422056669.43164,-314268158165.52136
oecd-ex-us,2041,47779198518554.14,358583772.1840604,18033786.397059493,1712884988289.7007,2592065523200.1636,270689526655.06427,302450827238.61206,0.0,9929279143.44455,2685902893591.441,176852156263.78693,56578.66781999596,-973017905301.7402,-847419234326.915
china,2041,42267899806243.49,639876303.0813175,0.0,1114935053164.087,2379705770300.923,243803312324.65482,0.0,15440004125.003866,16646628128.674124,2623509082625.5776,0.0,36758.64033099737,-1508574029461.4907,-1524014033586.4946
india,2041,22159355489178.715,878313913.5300055,0.0,1595995583163.564,1080953616870.6248,338667636581.868,0.0,44624863736.71403,7317516194.506182,1419621253452.4927,0.0,15700.988885761122,176374329711.0713,131749465974.35727
latam,2041,14148454228795.574,307145530.7162844,0.0,735672320103.931,692516954482.1519,113178303323.91876,0.0,13739545478.324774,4617912650.028244,805695257806.0706,0.0,24729.583497995896,-70022937702.13953,-83762483180.4643
seasia,2041,15295188910344.943,355195837.66784453,0.0,822815783508.406,726425463604.8008,116720941042.90422,0.0,4433286993.374668,182972509246.44138,843146404647.705,0.0,22744.10493910228,-20330621139.29895,-24763908132.67362
russia,2041,11595436945258.463,145735743.58337936,2951388.865726519,523172569623.2572,571637753679.0035,71201936512.388,26596083418.877842,0.0,5132899610.815454,628543086019.7393,14296604171.652348,32735.492864546854,-105370516396.48206,-93071037149.25656
mena,2041,18996344418603.883,266073646.0866028,367403.40493104886,1403441898144.3416,937419715722.0839,316736425603.91064,0.0,21984516868.896942,4333817529.057247,1252102230547.5085,2053910778.485952,32987.046709856564,151339667596.833,127301239949.45012
ssa,2041,11229567944987.805,809716760.1420103,0.0,872072625324.6283,414585789734.3131,68411599901.4186,0.0,10264282073.656431,4754611200.980328,482997389635.7317,0.0,8228.835205939338,389075235688.8966,378810953615.2402
us,2042,41264991640579.04,173134862.64310178,15957054.805821616,1604829170564.4014,2099982394793.1858,243567933417.0008,427301611473.19135,0.0,11066847018.190945,2106008046919.6125,237542281290.5744,78900.0811648572,-501178876355.2112,-311419546172.59424
oecd-ex-us,2042,47822870988804.59,354706211.5570715,19059504.069424707,1675604779199.5862,2561861678960.931,274680256591.71515,308784028279.3979,0.0,895825598324.0627,2651624201784.9995,184917733767.6466,57711.60529050268,-976019422585.4133,-852153128073.662
china,2042,40775219776705.48,626158675.304836,0.0,1068507206877.9777,2326039877927.0137,236354786757.94675,0.0,15270162541.164427,16477590810.127806,2562394664684.9604,0.0,37738.03432997924,-1493887457806.983,-1509157620348.1472
india,2042,22268360785748.195,878557773.6415169,0.0,1569203466296.3416,1087084820601.1158,333602230586.29095,0.0,46954933539.76572,7443815000.312486,1420687051187.4067,0.0,16326.320921157347,148516415108.9348,101561481569.1691
latam,2042,14056804601401.94,305066287.354867,0.0,717457330895.3169,689395255753.8207,111010309697.62115,0.0,13240201177.311739,4538808339.802658,800405565451.4419,0.0,25539.87561651919,-82948234556.125,-96188435733.43674
seasia,2042,15262863539278.564,353742561.72242856,0.0,806394725391.0255,725866263256.3359,115026079845.83578,0.0,3552838541.567547,5725085186.325965,840892343102.1718,0.0,23518.848019317935,-34497617711.14624,-38050456252.71379
russia,2042,11504164847533.092,145174491.40575463,3142665.879005169,515161817536.5222,569020077988.25,70357767646.20218,27998030084.913643,0.0,4945900287.653301,624143071170.5933,15234774463.858889,33666.17904063973,-108981253634.07104,-96217998013.0163
mena,2042,19107056457804.945,266677556.2526178,363376.0864265794,1385918195716.3137,944228031636.9443,313297160788.1416,0.0,21999447142.044224,4318483051.883025,1255497060720.8687,2028131704.2170155,33920.9894525558,130421134995.44507,106393556149.18384
ssa,2042,11599089617757.738,831542646.1301795,0.0,873835474787.3077,429031349283.6131,69293928485.5633,0.0,10934612449.242289,4946088201.041365,498325277769.1764,0.0,8639.896053646182,375510197018.13135,364575584568.88904
us,2043,40942446924354.05,172700062.13249838,16869554.977736074,1583152162086.1497,2093981852111.5784,241156827848.47415,418321359208.37366,0.0,11120442440.552471,2082811630627.908,252327049332.1433,80097.41621136758,-499659468541.7583,-333665158665.52795
oecd-ex-us,2043,46973003763815.05,350704580.69872016,20048281.682796735,1641793628043.587,2533176424575.2446,269935091349.46274,301168921313.1615,0.0,10281741578.478077,2607644645310.326,195466870614.3818,58862.86899885407,-965851017266.7393,-860148966567.9596
china,2043,40078875213622.52,612330416.6169529,0.0,1029552629825.925,2273811430188.8457,236582689052.6319,0.0,12350042295.024029,796846968627.6284,2510394119241.4775,0.0,38736.89484525687,-1480841489415.5525,-1493191531710.5764
india,2043,22351260965901.195,878480573.1215576,0.0,1541326956498.7742,1092539363446.0508,328206005423.4046,0.0,45039510457.04835,7358102980.733757,1420745368869.4553,0.0,16970.405616190892,120581587629.31885,75542077172.27051
latam,2043,13952311201132.762,302840245.7983547,0.0,699242757544.7618,685906707845.9973,108681226013.03894,0.0,13532764706.758194,4384540751.8515215,794587933859.0363,0.0,26369.85336173106,-95345176314.27441,-108877941021.03261
seasia,2043,15216367531851.855,352139239.2591312,0.0,789942138828.8236,724975902402.645,113191828920.97041,0.0,3898209764.047783,5627794832.142891,838167731323.6155,0.0,24313.194456241592,-48225592494.79187,-52123802258.83965
russia,2043,11407635127013.02,144561496.61442423,3317560.041689544,508206717891.50055,566272415933.3112,69438044500.64124,26055182712.90702,0.0,4918839309.464075,619488088479.7001,16222371954.25179,34616.498780395115,-111281370588.19952,-101448559829.5443
mena,2043,19194010796829.586,267168988.46773815,359030.7129901289,1367795441697.6077,950643507974.4055,309702429182.1847,0.0,24759017068.720573,4263851552.3541193,1258347451303.0073,1998485853.582933,34874.557252028826,109447990394.60034,82690487472.29683
ssa,2043,11954839610068.402,858421999.1453092,0.0,874759163818.2284,443445761543.0227,70084598472.55064,0.0,10414289858.583899,4935478366.593715,513530360015.57336,0.0,9066.885020125652,361228803802.655,350814513944.0711
us,2044,40612402388736.86,172229402.16554484,17767370.698241536,1569146901398.0063,2087160496633.2678,238638304645.28564,415659914329.9492,0.0,10947449933.400145,2059206269940.4226,266592531338.1316,81312.71054219437,-490059368542.41626,-340991985550.59863
oecd-ex-us,2044,46134262083548.03,346640124.6782205,21024470.631037433,1619303004552.9775,2503525562843.6226,264963991528.6558,300399022228.93115,0.0,10045847323.314486,2562891087554.5977,205598466817.68152,60032.718991030866,-943588083001.6201,-848787527590.3705
china,2044,38640554458874.016,598453556.0369356,0.0,1004089004672.6941,2219600836301.139,228644660306.29474,0.0,10421487082.848444,16257224269.078812,2448245496607.434,0.0,39755.4928530693,-1444156491934.74,-1454577979017.5884
india,2044,22411335797339.855,878119817.9229493,0.0,1518078755786.387,1097484886392.2432,322812321712.4158,0.0,45169384376.759926,7462668133.688938,1420297208104.659,0.0,17633.602578807277,97781547681.72803,52612163304.9681
latam,2044,13839415826438.996,305082311.7939256,0.0,684256033593.3038,682024091472.2048,106337428576.24767,0.0,13118426815.051216,4328538576.434835,788361520048.4525,0.0,27219.823716519313,-104105486455.14868,-117223913270.19989
seasia,2044,15159191723684.682,350419198.841284,0.0,776676107655.8711,723707822693.3949,111361093755.68365,0.0,4388808492.6201515,5605809118.649608,835068916449.0786,0.0,25127.46070143643,-58392808793.20752,-62781617285.82767
russia,2044,11312355424127.545,143940281.66348162,3505302.841123058,503637075126.57385,563310502046.2335,68498509325.19282,28033824538.236084,0.0,4858408821.146554,614692739973.9215,17116271397.504961,35586.731531457146,-111055664847.34766,-100138111706.61653
mena,2044,19266074816449.35,267623282.47691205,354498.00981818396,1352817443952.5725,956531313619.7802,306062884363.1815,0.0,22499206621.11045,4339980271.272,1260629582903.6665,1964615079.295308,35848.02893363414,92187861048.906,67724039348.50025
ssa,2044,12295841993453.418,880036337.5237312,0.0,876095796788.537,457854839270.76807,70905616235.21446,0.0,11236672101.184319,4903714203.640534,528760455505.98254,0.0,9510.217423656746,347335341282.55444,336098669181.3701
us,2045,40284328945229.6,171739809.3866069,18654457.45599136,1561756249205.1409,2079924684455.7812,236165918020.35156,414893133544.5101,0.0,11367776219.209837,2035473891699.0005,280616710777.13184,82546.23351107248,-473717642493.8596,-339441219726.4814
oecd-ex-us,2045,45317109586260.336,342543566.6519769,21986831.522159178,1606766014879.7236,2473434735054.8423,259984753514.79535,299476922018.55975,0.0,10024054383.69408,2517823968623.954,215595519945.6842,61221.419268890946,-911057953744.2305,-827176551671.3549
china,2045,37246508205782.88,584537012.3908454,0.0,989514225462.184,2165180965885.699,220890252900.48706,0.0,13041059430.854568,15551799663.727503,2386071218786.186,0.0,40794.10266638937,-1396556993324.002,-1409598052754.8564
india,2045,22666512242632.45,877611914.5602533,0.0,1499600612170.063,1096879990834.9264,320076311050.95264,0.0,43511505271.26137,216043640279.67465,1416956301885.879,0.0,18316.274042381192,82644310284.18408,39132805012.922714
latam,2045,13720937917489.025,302678026.3711328,0.0,672483914427.4277,677868087834.6448,104048803284.59862,0.0,13292774866.02397,4247842607.8699565,781916891119.2434,0.0,28090.096326601,-109432976691.81567,-122725751557.83965
seasia,2045,15095871038234.709,348637305.3749739,0.0,766560922444.8639,722143119777.9835,109594168403.21297,0.0,3658462822.768732,5514143109.123817,831737288181.1965,0.0,25961.96578634,-65176365736.33264,-68834828559.10138
russia,2045,11220066899453.182,145501006.53875595,3700482.8948662924,501528330630.5942,560331347053.7335,67598274782.17685,29318152644.454895,0.0,4794613886.489249,609850113363.5726,18079508472.337746,36577.15985382762,-108321782732.97845,-97083138560.8613
mena,2045,19325665574787.258,271248805.1140969,349756.73948007077,1341338770156.9766,962229403556.3887,302565577682.40894,0.0,21212388771.72482,4259358191.4400983,1262867586713.6206,1927394525.1770163,36841.68644969097,78471183443.35596,55331400146.45412
ssa,2045,12622964792358.467,901538706.8516644,0.0,877939406634.4055,472203315233.5754,71766443284.0438,0.0,12040384880.527916,5193535668.795615,543969758517.61914,0.0,9970.312923898071,333969648116.7864,321929263236.2585
us,2046,39954942456497.35,173992001.0686704,19525317.336031776,1553677505342.0833,2072507371295.4468,233754250761.3949,412023133006.3259,0.0,11174494976.212675,2011843550812.9248,294418071243.9183,83798.25851258238,-458166045470.84155,-340560983708.4339
oecd-ex-us,2046,44524938259661.445,338430018.84922177,22949106.533957984,1594309750382.312,2443154225984.1553,255078314501.59015,302487435633.7997,0.0,9264027870.724869,2472835938799.0757,225396601686.66925,62429.23785253541,-878526188416.7637,-801435354469.6333
china,2046,35897913551301.01,570594398.3069342,0.0,974800643806.0317,2110596974642.7612,213341602821.39236,0.0,14767419074.78454,15310698251.048887,2323938577464.154,0.0,41853.00200737502,-1349137933658.122,-1363905352732.9065
india,2046,22696948973809.055,876942958.041004,0.0,1480421218808.1526,1101050081278.5044,315130512462.7032,0.0,41530858042.316734,7726964151.981595,1416180593741.2075,0.0,19018.784879548366,64240625066.94507,22709767024.628334
latam,2046,13597390845810.867,300201915.8786375,0.0,660584139168.4833,673497011251.0469,101887110961.5314,0.0,12914981034.095978,4167892400.0356317,775384122212.5782,0.0,28980.983561591496,-114799983044.09497,-127714964078.19095
seasia,2046,15025190286616.773,351697471.90382177,0.0,756258125619.7632,720418563094.202,107961234541.74268,0.0,3971874797.0454745,5412795195.299642,828379797635.9447,0.0,26817.031377029933,-72121672016.18152,-76093546813.22699
russia,2046,11130182983757.2,144881393.57684094,3897328.0611971887,499825476385.3564,557374021388.8958,66745397360.50883,29835117634.565247,0.0,4574909033.501492,605051547285.653,19067871463.75172,37588.069492039314,-105226070900.29657,-94458824729.48305
mena,2046,19369010307281.81,271616830.85951936,344733.99311710673,1329421562137.6113,967791062214.0653,299318343203.4856,0.0,23279104941.198578,4311680715.689145,1265222664211.2666,1886741206.2840722,37855.814951741886,64198897926.34473,39033051778.862076
ssa,2046,12935685446096.385,922916779.5669702,0.0,879058336409.9015,486520702587.35565,72782565276.08888,0.0,12176418869.367685,5142004060.825081,559303267863.4446,0.0,10447.5954541405,319755068546.4569,307578649677.08923
us,2047,39637289346086.625,173485989.26863226,20413312.523126394,1544790444588.8037,2064817409499.8508,231382203885.54834,423300101651.8785,0.0,10455956733.945427,1988299275653.603,307900337731.7964,85069.06304275487,-443508831064.7993,-328109067144.7172
oecd-ex-us,2047,43748885955582.88,340767737.4801589,23875249.25266693,1581700871728.6294,2412818555686.1133,250228784946.9107,295665580354.6807,0.0,9628584471.119083,2427926485933.1494,235120854699.87357,63656.44684349634,-846225614204.52,-785680888549.7129
china,2047,34596767552497.074,568577046.9744782,0.0,959635987604.5354,2055900377676.887,205997061558.33786,0.0,13731640839.903778,14847093666.664337,2261897439235.2246,0.0,42932.47208081798,-1302261451630.6892,-1315993092470.593
india,2047,22704597680768.438,875970766.6107403,0.0,1460472760717.3247,1104973163086.159,310501784939.57385,0.0,44560796750.46285,7211691018.25345,1415474948025.733,0.0,19741.502619429262,44997812691.5918,437015941.1289444
latam,2047,13468856252087.254,297655229.7617193,0.0,648490451429.9136,668930201742.7521,99856692396.663,0.0,12364377562.39314,4126226548.283303,768786894139.415,0.0,29892.800578146176,-120296442709.50146,-132660820271.8946
seasia,2047,14947045199536.732,349759529.3864734,0.0,745684473563.9393,718479779474.3334,106456076580.14189,0.0,4233113387.7901893,5339408798.289779,824935856054.4752,0.0,27692.981831348305,-79251382490.53589,-83484495878.32608
russia,2047,11041810982663.467,144252220.71651053,4088748.701321517,498319241579.20374,554421308906.119,65953949816.998764,29422726074.40197,0.0,4261289975.779263,600310662269.9305,20064596453.1878,38619.74944856086,-101991420690.7268,-92633291069.51263
mena,2047,19400131117130.605,271963303.605286,339538.0536224353,1317006261548.434,973019275270.2914,296263884434.4408,0.0,20967875472.53817,4365583477.636496,1267456881841.2842,1826277863.4481566,38890.70286402895,49549379707.1499,26755226371.163574
ssa,2047,13311304988553.756,944180952.2822078,0.0,879449259044.9336,496680406336.73706,74722252425.63448,0.0,11239738832.984278,78812681007.79001,571402658762.3716,0.0,10942.493156010009,308046600282.562,296806861449.57776
us,2048,39313317975682.71,172944085.36073852,21277928.23578856,1535015218041.1064,2057310580669.907,229049191027.11548,417815761024.3685,0.0,9557422227.679626,1964814724309.6145,321545047387.4081,86358.92876058511,-429799506268.50806,-333528792631.5476
oecd-ex-us,2048,43001099268336.16,336602526.669501,24811449.784117635,1568777820188.089,2382099290991.188,245404777739.1051,301699039986.65784,0.0,9240521308.870344,2383117756922.8525,244386311807.4419,64903.32248876088,-814339936734.7634,-757027208555.5475
china,2048,33342047288371.695,554671144.6484048,0.0,943746330126.7352,2001228485367.2205,198889484630.58716,0.0,12139363057.86505,13790738803.535322,2200117969997.8076,0.0,44032.797648586326,-1256371639871.0723,-1268511002928.9373
india,2048,22692557330934.91,874756732.4078106,0.0,1439753737490.6218,1108388718130.9246,306090881382.2948,0.0,44572790332.485344,7258302521.561439,1414479599513.2192,0.0,20484.797468250978,25274137977.402588,-19298652355.082756
latam,2048,13334627015805.953,295028194.09693545,0.0,636163319700.9854,664168345293.6531,97951530373.65312,0.0,12288039404.029566,4015359089.044414,762119875667.3062,0.0,30825.865385146346,-125956555966.3208,-138244595370.35037
seasia,2048,14861624532090.098,347741100.9793881,0.0,734789816345.6403,716318119655.4817,105072362308.84993,0.0,4172517588.546166,5352515760.59475,821390481964.3317,0.0,28590.144258355347,-86600665618.6914,-90773183207.23758
russia,2048,10955249899876.37,143611634.4068725,4273153.844145448,496746520612.04565,551439066129.2905,65195559614.67082,28802299343.884865,0.0,4524723000.939353,595613136881.5758,21021488862.386086,39672.49205842056,-98866616269.53015,-91085805788.03137
mena,2048,19418550457846.297,272285932.6153673,334178.9550223918,1304025559483.4219,978063247615.4128,293448581822.7296,0.0,18364072170.26644,4269682840.6667776,1269802707481.3958,1709121956.7468216,39946.64195817134,34222852002.026123,14149657875.01286
ssa,2048,13597391100280.434,965195563.4245409,0.0,879108592770.6371,510721885807.5988,76047222986.77917,0.0,12104558624.729935,5851186375.153261,586769108794.3779,0.0,11455.438316819087,292339483976.25916,280234925351.52924
us,2049,39000057589359.4,172399405.1731493,22145272.297889948,1528560532261.271,2049373369625.8118,226686323085.62866,423451508341.39606,0.0,10787265785.47215,1941317858885.83,334741833825.61066,87668.14155046945,-412757326624.5591,-324047652108.7737
oecd-ex-us,2049,42270794539589.54,332390762.08948123,25699012.173832234,1561079440430.775,2351425009275.9033,240697229484.12936,291699578699.8069,0.0,9038490882.812675,2338407714838.921,253714523921.11188,66170.14524564594,-777328274408.146,-739343219629.4509
china,2049,32135734001331.996,540772539.3986392,0.0,932645568163.297,1946601603151.4004,192008621397.37827,0.0,13521007039.32839,13172376385.120445,2138610224548.7786,0.0,45154.26710505791,-1205964656385.4814,-1219485663424.8098
india,2049,22667413345468.75,873437829.4414386,0.0,1421692841891.2637,1111395358429.4392,301899732132.2346,0.0,40834349660.577194,7292612864.816164,1413295090561.6738,0.0,21249.04233336922,8397751329.589844,-32436598330.98735
latam,2049,13369465028013.816,292323001.13875884,0.0,625581769905.1805,657747685192.0623,97934627093.74045,0.0,13213475864.353233,178152030452.83942,755682312285.8027,0.0,31780.498910900722,-130100542380.6222,-143314018244.97543
seasia,2049,14770080441411.227,345651382.298083,0.0,725504232051.1161,713939034096.19,103804955049.27069,0.0,4509380874.257412,5205047289.7246,817743989145.4607,0.0,29508.848580083053,-92239757094.3446,-96749137968.60202
russia,2049,10870057642570.316,142957803.07114476,4443549.201971648,496142321988.7476,548422046309.7592,64489938535.2867,27262500375.091103,0.0,4314905175.146231,590969625540.4156,21942359304.6303,40746.5930650372,-94827303551.66803,-89507162481.20723
mena,2049,19424680580820.25,272578424.4634219,328627.68044643995,1292956393847.2092,982863287042.2771,290855602419.1031,0.0,17278025116.181797,4170643704.313477,1272227811384.9739,1491078076.4063778,41023.92742903323,20728582462.23535,1959479269.6471767
ssa,2049,13867560985098.736,985971361.8784212,0.0,878932705651.8461,524637315141.9488,77486551176.70538,0.0,12565616612.1217,5926662097.233081,602123866318.6542,0.0,11986.867309756126,276808839333.1919,264243222721.0702
us,2050,38696004762350.64,171852482.25139236,23009857.4749449,1525410884564.7827,2041486633535.5186,224406700350.1767,427037517135.6164,0.0,9392105176.525612,1917978063034.298,347915270851.3969,88996.99158557889,-392567178469.5154,-313444932185.2959
oecd-ex-us,2050,41584677647646.6,328225923.34175944,26615036.73564004,1558428666589.854,2320391480793.1157,236037698344.0863,303111585515.9399,0.0,8772035088.464573,2293976879417.219,262452299719.98218,67457.1998475385,-735548212827.3652,-694888927031.4075
china,2050,30986018709976.47,526958351.5982579,0.0,925987802051.3115,1891990597361.6829,185357896380.48453,0.0,10854017624.56821,12499417959.884584,2077348493742.1675,0.0,46297.17255354267,-1151360691690.856,-1162214709315.424
india,2050,22625034319511.62,882034280.0667996,0.0,1406229243664.092,1114225912427.93,298000964840.3825,0.0,43472035125.890236,7090642772.969132,1412226877268.3125,0.0,22034.612850688347,-5997633604.220459,-49469668730.110695
latam,2050,13229601024045.64,289590745.48287994,0.0,616725267729.0654,652601001001.7897,96240670821.49783,0.0,11861117645.841833,4113517771.883335,748841671823.2875,0.0,32757.025072334047,-132116404094.22205,-143977521740.06387
seasia,2050,14675134464273.744,343523491.0896368,0.0,717751267292.4023,711362377547.0403,102649744998.66428,0.0,3855181087.905594,5170059203.727751,814012122545.7046,0.0,30449.427595558445,-96260855253.30225,-100116036341.20784
russia,2050,10947805698462.682,142307309.49861798,4611984.85112187,496370893798.7097,544233599090.0396,65554525931.4447,27476139322.314503,0.0,163689147792.82187,587253902380.5093,22534222640.975426,41842.35169724694,-90883008581.79956,-85941091900.46048
mena,2050,19616264573914.383,272833055.12548333,322857.4584171408,1283713928671.6582,982239521724.1594,290681723532.6647,0.0,17958807959.785263,198750117639.08514,1271542922069.7554,1378323187.06859,42122.857971771475,12171006601.902832,-7166124544.951021
ssa,2050,14122068264884.53,1006500086.1999402,0.0,878964241039.0883,538432737843.30115,79024021291.34833,0.0,13051274599.105877,6051072480.464404,617456759134.6494,0.0,12537.220537092928,261507481904.43884,248456207305.33298
us,2051,39079975249902.93,171303775.29909718,23873792.09741037,1521112898279.0427,2029473063951.221,228664490854.1947,434030680136.60583,0.0,686964463942.0664,1901442780889.3584,356694773916.05774,90345.77339218327,-380329882610.3157,-302993976389.7676
oecd-ex-us,2051,40929786500755.52,324064160.71527225,27516826.626224436,1554834764824.3926,2289850226671.672,231553001470.8023,302900951793.02814,0.0,8776364633.969395,2249998390077.832,271404838064.64227,68764.77537051654,-695163625253.4395,-663667511525.0536
china,2051,29886175254204.234,513172214.72575986,0.0,917458747004.3198,1837728470493.0935,178977728456.73154,0.0,12291535764.737337,11695531937.988085,2016706198949.825,0.0,47461.80988369256,-1099247451945.5051,-1111538987710.2424
india,2051,22565725788587.38,880283513.7579259,0.0,1389962027621.3406,1116660393787.258,294341807852.72833,0.0,45460548083.76986,7192191178.191097,1411002201639.9863,0.0,22841.88741547334,-21040174018.645752,-66500722102.41561
latam,2051,13086742118063.303,286797676.9247221,0.0,607563215443.4071,647376053552.4348,94686503422.25273,0.0,12386629752.504993,4027065301.4516754,742062556974.6875,0.0,33755.77084613456,-134499341531.2804,-146885971283.7854
seasia,2051,14751423632869.818,341324266.5215118,0.0,709452739202.0244,706433866056.8988,103468917623.84425,0.0,4800982512.190079,181540195586.97824,809902783680.743,0.0,31412.217047066246,-100450044478.71863,-105251026990.9087
russia,2051,10870039856566.17,141658830.3741318,4780023.157756747,496137097437.8817,541250669749.7705,64922197902.61273,27772464698.605953,0.0,4497463619.3899145,582833054481.1572,23339813171.225937,42960.07074751609,-86695957043.27551,-82263305515.8955
mena,2051,19599610088850.863,273031202.09772927,316855.779571837,1273680829355.0376,986692004587.9142,288544953552.1833,0.0,19518593562.75833,4420237284.29498,1273957307632.9058,1279650507.1918087,43243.73586005359,-276478277.86816406,-21074722347.818306
ssa,2051,14363177007351.264,1026875442.1032797,0.0,878337679429.8176,552096620413.3627,80638630934.54565,0.0,10774140814.55498,6280455199.379799,632735251347.9083,0.0,13106.942376581273,245602428081.9093,234828287267.3543
us,2052,38785949427363.734,170724624.64338097,24710456.53553186,1515471875686.5835,2021810617642.5706,226467268890.71494,427740957888.0176,0.0,11039230419.48638,1878792944608.0225,369484941925.2633,91714.78591494045,-363321068921.43896,-305065052958.6847
oecd-ex-us,2052,40304633650417.37,319904295.3462216,28405425.066114888,1549989139314.8281,2259389978839.5605,227180823255.96564,303089473557.97015,0.0,8339338884.571334,2206468025199.092,280102776896.4342,70093.1653008658,-656478885884.2637,-633492189222.7278
china,2052,29468082935680.72,499412620.0758321,0.0,906742735073.686,1792407683955.3406,180102644378.37378,0.0,13598341823.966959,661273616560.4834,1972510328333.7144,0.0,48648.478849898616,-1065767593260.0283,-1079365935083.9952
india,2052,22494966635529.023,878451899.7703402,0.0,1372973502331.0032,1118698237201.643,290904710398.5357,0.0,41180823034.273155,7051115245.095158,1409602947600.1787,0.0,23671.247216544125,-36629445269.17554,-77810268303.4487
latam,2052,12941690080776.332,283957651.5098675,0.0,598077849983.9077,641975457056.5225,93244284464.33882,0.0,11919920570.721294,4009774820.7071733,735219741520.8613,0.0,34777.06634183235,-137141891536.95361,-149061812107.6749
seasia,2052,14646236367739.107,339061926.90296775,0.0,700560419569.7194,703570295385.469,102525806086.88643,0.0,4913755052.288698,5262171824.21325,806096101472.3555,0.0,32397.555688620294,-105535681902.63611,-110449436954.9248
russia,2052,10797179834109.42,141022834.7238578,4961457.33267626,495356262009.869,538292677769.1276,64330231276.14399,29944612300.54833,0.0,4462012278.115791,578489224760.3915,24133684284.880222,44100.05665133066,-83132962750.52246,-77322034734.85435
mena,2052,19568741629337.03,273165642.15933555,310633.8575825711,1262765315485.0183,990527757771.5449,286586255877.1345,0.0,21078568386.107357,4558807035.9364605,1276251034345.652,862979303.027482,44386.86702543747,-13485718860.63379,-35427266549.76863
ssa,2052,14586442641075.07,1051893281.4560964,0.0,877079651651.6405,565711309710.6486,82326466278.03387,0.0,12146480815.639843,6370238876.478612,648037775988.6824,0.0,13696.481131199938,229041875662.95813,216895394847.3183
us,2053,38498294138835.86,170136925.5374677,25544396.742482662,1508340901676.5955,2013804625949.8723,224193379035.81805,431874281642.55164,0.0,10127533138.671219,1856319991207.7644,381678013777.9276,93104.33258316491,-347979089531.16895,-297782821666.5449
oecd-ex-us,2053,40483717297977.75,315705133.48599327,29242407.750351503,1543641331722.457,2232154019921.4272,230792307965.68735,294360144147.3722,0.0,804028499577.6718,2177677683014.7666,285268644872.34863,71442.66760350799,-634036351292.3096,-624944852017.286
china,2053,28449123676725.15,485718655.64561963,0.0,893791396680.6132,1739121666740.134,174040243250.2117,0.0,11059610693.84282,11470865048.03027,1913161909990.3457,0.0,49857.483150675725,-1019370513309.7325,-1030430124003.5753
india,2053,22408490569311.84,876434346.9445362,0.0,1355288805491.6965,1120581489023.511,287721142865.2532,0.0,40381024783.93974,6918784963.818607,1408302631888.7642,0.0,24523.07627383923,-53013826397.06763,-93394851181.00737
latam,2053,12793087493353.71,281053271.97277814,0.0,588255994114.3265,636436098083.6416,91911677349.00256,0.0,12322295945.8002,3811489841.498932,728347775432.6442,0.0,35821.244876781,-140091781318.31763,-152414077264.11783
seasia,2053,14536262739193.336,336747415.5344634,0.0,691046385751.0554,700524270529.0786,101666740368.5636,0.0,4088423649.3109355,5259420250.137006,802191010897.6422,0.0,33405.785356613196,-111144625146.58679,-115233048795.89772
russia,2053,10722240582389.22,140349755.49277323,5110548.165393294,493935586565.1366,535408193494.7341,63781791870.56473,25966066033.0421,0.0,4349081046.914944,574199907204.5538,24990078160.745106,45262.61956775428,-80264320639.41724,-79288332767.12024
mena,2053,19529142113693.996,273299983.3944621,304327.57209158834,1250893223390.9595,993831231258.8021,284775215927.5499,0.0,16176378119.5277,4290086271.8921957,1278361979021.2766,244468165.07543853,45552.56113790504,-27468755630.31714,-43889601914.92028
ssa,2053,14792090918136.17,1071527711.8501755,0.0,875210373610.1289,579110722485.7554,84042369400.0749,0.0,12937377457.463737,6528372794.264029,663153091885.8303,0.0,14306.28898240429,212057281724.29858,199119904266.83484
us,2054,38199056066222.11,169495342.10349956,26327013.149457484,1502730188288.261,2005758790242.9202,221923145608.43143,415771537151.9369,0.0,9942137797.374847,1833964654841.9568,393717281009.39386,94514.72137809041,-331234466553.6958,-309180210411.1528
oecd-ex-us,2054,39900738502886.875,311522933.76154894,30075579.347027157,1539455420050.0356,2201936783919.872,226514523108.7108,297339897170.32227,0.0,8677194717.346827,2135429327353.3967,293021979675.1865,72813.58479135598,-595973907303.3611,-591655989808.2253
china,2054,27478293734871.438,472085147.5773074,0.0,882311588681.6251,1686074712448.6057,168188824409.17206,0.0,10010749525.83191,11132755848.268372,1854263536857.7778,0.0,51089.130509036084,-971951948176.1527,-981962697701.9846
india,2054,22535390577534.406,874226064.7534475,0.0,1339187132184.697,1116630511730.541,286990284215.72784,0.0,40967068635.956055,232300740620.09982,1403620795946.2688,0.0,25397.76147933236,-64433663761.57178,-105400732397.52783
latam,2054,12642790503777.62,282559044.2698884,0.0,579431994805.9252,630706414313.389,90669897396.5689,0.0,12045333349.09166,3692660677.028845,721376311709.9579,0.0,36888.643053015316,-141944316904.0327,-153989650253.1244
seasia,2054,14420682773270.031,334360715.8651351,0.0,682278918576.9114,697321769379.2278,100884094030.99115,0.0,4809637751.7830105,5156616661.77572,798205863410.219,0.0,34437.25104261359,-115926944833.30762,-120736582585.09062
russia,2054,10650087274930.908,139674602.87070736,5261673.849061502,492637808860.02203,532373632732.8234,63236209944.47736,26624773288.121548,0.0,4193953070.8492966,569939541265.6733,25670301411.627213,46448.073461147105,-77301732405.6513,-76347260529.15697
mena,2054,19471970842289.207,273374374.9834565,297832.96844585554,1239825250735.3086,1001463388235.9985,283042965588.2291,0.0,16940515538.709,4450347222.826924,1284492903353.9966,13450470.231197963,46741.13168754314,-44667652618.68799,-61621618627.62819
ssa,2054,14982256869612.826,1090854883.6096501,0.0,873392121182.8754,592289146181.7373,85764402171.19943,0.0,11883081530.918386,6710460177.638734,678053548352.9368,0.0,14936.821947020975,195338572829.9386,183455491299.0202
us,2055,37900756285796.62,168825619.88473016,27080689.263112795,1498566534945.3206,1996995800982.2112,219490463573.0906,409125354170.5423,0.0,10494595013.971579,1811767003269.2803,404719261286.0201,95946.26490114183,-313200468323.9597,-308794375439.4375
oecd-ex-us,2055,39342641409795.33,307329272.77065617,30868664.759270743,1537299588635.1055,2171912595150.4983,222385420557.9439,290396274417.6466,0.0,8505059564.186317,2093640385565.704,300657630142.73865,74206.22399561237,-556340796930.5986,-566602152655.6907
china,2055,26554567143044.35,458503511.33756626,0.0,872153182549.3575,1633236082730.7551,162527369682.5207,0.0,10675803666.21155,10559481703.055153,1795763452413.276,0.0,52343.732753853445,-923610269863.9183,-934286073530.1299
india,2055,22426520121942.793,871910957.2669024,0.0,1324676442661.938,1117766608905.592,284150285798.89905,0.0,38952627600.76606,7322624051.696,1401916894704.4912,0.0,26295.69264128282,-77240452042.55322,-116193079643.31927
latam,2055,12491933690721.39,279581482.89686865,0.0,571624429784.4353,624841799527.2921,89519364043.68658,0.0,11814314553.200596,3694235283.5100408,714361163570.9788,0.0,37979.6008359586,-142736733786.54346,-154551048339.74405
seasia,2055,14301169778757.404,331923878.9393471,0.0,674299351799.0756,693909121630.8435,100164335574.89922,0.0,4768123766.860016,5029234660.912969,794073457205.7427,0.0,35492.30096828057,-119774105406.66711,-124542229173.52713
russia,2055,10579400417388.96,141134723.7714048,5402712.246826942,491447028394.87036,529341203081.584,62711261945.4394,25668437614.953312,0.0,4250141475.2479033,565701852502.4236,26350612524.599415,47656.73618403935,-74254824107.55322,-74936999017.19933
mena,2055,19396026413717.137,276487289.24353015,291139.7425560813,1229563458166.9727,1009890603701.3923,281263398657.14996,0.0,18811319804.55865,4457435424.064497,1291154002358.5422,0.0,47952.896067365655,-61590544191.56958,-80401863996.12823
ssa,2055,15156786408552.709,1109850066.6743934,0.0,871659640720.0553,605314960153.8809,87486113890.49707,0.0,11081794557.28027,6752766821.493721,692801074044.3779,0.0,15588.539837920822,178858566675.67737,167776772118.3971
us,2056,37613216030689.23,168152473.20179778,27832822.734976575,1492821923995.6277,1987106638234.7039,216996489355.67715,414126179165.0824,0.0,9614769322.252144,1789799554738.5288,414303572851.8506,97399.28044323107,-296977630742.9011,-297155024429.6693
oecd-ex-us,2056,38810998503428.414,303133328.781001,31634667.5458719,1533185188495.8977,2141713553928.7227,218302698876.4577,287088959368.94104,0.0,8099198573.403971,2052392348085.5593,307623904719.6217,75620.897037027,-519207159589.6616,-539742104940.3423
china,2056,25676310274841.695,444972759.45209247,0.0,859540356479.9087,1580582000564.5142,157022668631.14603,0.0,11047506502.587324,10854951015.663942,1737604669195.6602,0.0,53621.60590222103,-878064312715.7515,-889111819218.3387
india,2056,22300040197046.9,869443605.6981131,0.0,1309542345110.5715,1123811852979.1814,281379034174.87665,0.0,38142738017.00905,7311355164.614442,1405190887154.058,0.0,27217.262531797656,-95648542043.48657,-133791280060.49562
latam,2056,12339909757876.348,276562339.109761,0.0,563496325962.947,618865321712.1196,88457083351.23323,0.0,11858632962.903292,3660779218.2630124,707322405063.3529,0.0,39094.46163495332,-143826079100.40588,-155684712063.30917
seasia,2056,14177702758518.291,329435254.7913474,0.0,665778139638.9329,690337440221.1364,99500873667.3899,0.0,4565792838.309907,5158946848.788262,789838313888.5262,0.0,36571.286662365186,-124060174249.59338,-128625967087.90329
russia,2056,10512192945735.957,140453790.70483163,5554577.557741077,489529783859.18,526136558313.437,62199341947.508255,27544415702.739235,0.0,4054229046.0199256,561494807103.4728,26841093157.472713,48888.929561153695,-71965023244.29279,-71261700699.02626
mena,2056,19303058709517.69,276445077.77155876,284299.70531594375,1218343766054.857,1017863821978.6002,279401597840.23,0.0,18512195425.89755,4466144990.427115,1297265419818.83,0.0,49188.17565727204,-78921653763.97314,-97433849189.8707
ssa,2056,15314376457002.91,1128417699.5727258,0.0,869369313282.1125,618161309679.3374,89178161728.73872,0.0,11419422370.086245,6979628946.246049,707339471408.0762,0.0,16261.906228593742,162029841874.03638,150610419503.95013
us,2057,37353480339873.59,170226524.18807328,28609437.77618144,1485679021687.8823,1969973568011.3457,214617962398.36255,430250595136.2487,0.0,8926222769.970993,1768017943947.7957,416573586461.9127,98874.09005509256,-282338922259.9133,-268661913585.57733
oecd-ex-us,2057,38313208515675.41,298949338.7318013,32391384.494934335,1527143390493.8906,2107119483804.709,214394454957.4196,288813121322.0679,0.0,7767439193.128394,2011652609240.8848,309861329521.2441,77057.92049813074,-484509218746.99414,-505557426946.17035
china,2057,24841634594117.7,443208541.93814546,0.0,844495668437.0321,1528070908137.1748,151675892072.04956,0.0,9243001725.56345,9818452773.782284,1679746800209.2244,0.0,54923.070242806665,-835251131772.1923,-844494133497.7557
india,2057,22154797445704.805,866803543.8102138,0.0,1293841274669.543,1130399798702.2627,278590235325.63525,0.0,37651062266.52136,7557070282.780677,1408990034027.898,0.0,28162.86693768108,-115148759358.35498,-152799821624.87634
latam,2057,12186318775056.69,273498553.55872554,0.0,555045752218.9897,612755426929.1124,87471136212.88762,0.0,11943631905.527773,3533460008.8921666,700226563142.0,0.0,40233.572385589876,-145180810923.01025,-157124442828.53802
seasia,2057,14050129309981.607,331719524.6195497,0.0,656719988852.513,686601184527.6716,98879760946.62852,0.0,3996313483.642484,5183821568.747219,785480945474.3002,0.0,37674.56303976907,-128760956621.78723,-132757270105.42972
russia,2057,10446728478286.016,139760529.62842393,5705437.30600374,486897187882.2039,522492285854.6792,61714593879.944145,27840731346.511696,0.0,4004493055.9649367,557291217923.2275,26915661811.396004,50144.97947457216,-70394030041.02362,-69468960505.90793
mena,2057,19188695245440.02,276331408.4132545,277302.1183892315,1206209860987.069,1028287862552.7131,277399105834.5732,0.0,19366322086.64209,4479965409.196252,1305686968387.2864,0.0,50447.295909138105,-99477107400.21729,-118843429486.85938
ssa,2057,15566015237183.37,1146480098.7111492,0.0,866561739178.673,625214451809.2761,91897218448.13132,0.0,12616135261.018349,114804846520.21419,717111670257.4075,0.0,16957.388421739994,149450068921.2655,136833933660.24716
us,2058,37116786828834.22,169582024.4190724,29397056.16658491,1477210258995.0466,1951579130701.5713,212469167171.14847,440959862769.15594,0.0,9184665069.11936,1746384924051.3242,417663373821.3942,100371.02061867379,-269174665056.2776,-245878176108.51587
oecd-ex-us,2058,37857108997156.836,294793867.64021677,33158550.86050746,1519243189607.486,2068200836138.7283,210776456546.696,296127300367.4849,0.0,7507284191.926321,1971392350946.4207,307584941739.00323,78517.6157964613,-452149161338.9346,-463606802710.4529
china,2058,24045242348680.887,429794333.28755856,0.0,827046344277.7094,1475791698388.3875,146495529570.57437,0.0,10336726642.61131,9185364887.034697,1622287227958.962,0.0,56248.450420209425,-795240883681.2526,-805577610323.8639
india,2058,21988904595263.21,863936881.7769351,0.0,1277608137983.3577,1136494085098.062,275748766991.4935,0.0,38720932478.24703,7462796142.840391,1412242852089.5557,0.0,29132.904714544275,-134634714106.198,-173355646584.44504
latam,2058,12031840203724.402,270402279.5254259,0.0,546282757250.9375,606500816621.3215,86549655653.55998,0.0,11210410666.802116,3499554358.4520645,693050472274.8815,0.0,41397.28363380884,-146767715023.94397,-157978125690.7461
seasia,2058,13917271361735.205,329125670.32192945,0.0,647173714983.2137,682706170787.9779,98295912970.87476,0.0,4004696485.8802133,4975117015.103373,781002083758.8527,0.0,38802.488482630935,-133828368775.63892,-137833065261.51913
russia,2058,10380391699880.479,139036627.70029593,5840732.4157340415,483547024359.98004,518800037160.9293,61236327587.228584,26170652744.05222,0.0,3981909238.585731,553067393710.093,26968971038.064453,51425.215950043705,-69520369350.11298,-70318687644.12521
mena,2058,19050689126662.145,276159944.91470057,270187.85554639855,1193197849627.0315,1042046877328.4861,275158686076.9849,0.0,18507002570.580708,4508597571.130968,1317205563405.471,0.0,51730.586433036086,-124007713778.43945,-142514716349.02017
ssa,2058,15693576517714.26,1164065820.4039333,0.0,863252164657.6248,637345379193.3326,93508450647.89066,0.0,12574617226.585775,7737562941.068021,730853829841.2233,0.0,17675.45742198309,132398334816.40149,119823717589.81572
us,2059,36878874588221.66,168888753.98379865,30143927.605434354,1467325650219.5122,1933255120326.0554,210510847437.4907,430065484130.1042,0.0,8462592801.366151,1724892984172.4324,418872983591.1151,101890.40391959701,-257567333952.92017,-246374833413.9311
oecd-ex-us,2059,37424298377834.984,290607511.40221053,33879981.0307893,1509443121691.976,2029892163772.9514,207514861687.42807,287976477729.41437,0.0,7176806717.148324,1931584638913.0652,305822386547.3135,80000.30925879869,-422141517221.0891,-439987426038.9882
china,2059,23286224694784.73,416427240.0758758,0.0,807443284091.2987,1423547891472.0508,141486884097.14496,0.0,9809602209.070381,8383439790.817056,1565034775569.1958,0.0,57598.07552032315,-757591491477.8971,-767401093686.9675
india,2059,21800192787253.63,870657886.1859086,0.0,1260893239287.8901,1142861102269.0676,272788874701.32416,0.0,41323953344.12044,7368883017.04359,1415649976970.3918,0.0,30127.777844146694,-154756737682.5017,-196080691026.62213
latam,2059,12039183254476.809,267249756.0073468,0.0,537255013017.1619,599346712265.8478,87312969157.09964,0.0,11882902331.239,168630621489.43063,686659681422.9474,0.0,42585.949621752676,-149404668405.78546,-161287570737.02448
seasia,2059,13778970602426.709,326459660.13563687,0.0,637211667895.9773,678608355194.3038,97728793889.6923,0.0,4246893410.948988,5071615290.478569,776337149083.9961,0.0,39955.42492341192,-139125481188.0188,-143372374598.96777
russia,2059,10315084542841.264,138297797.17177683,5979995.234524298,479484244336.1387,514988977177.8324,60774365804.59813,27158571195.094036,0.0,3813370411.980121,548805281445.13074,26958061537.300125,52729.97324442975,-69321037108.99207,-69120527451.19815
mena,2059,18894597652708.215,275929478.98316157,262973.88373894175,1179341273617.7422,1050210156923.9923,272724547134.9708,0.0,17261940820.722168,4763897308.014392,1322934704058.9631,0.0,53038.38108458171,-143593430441.22095,-160855371261.9431
ssa,2059,15806667136750.018,1181276316.4766924,0.0,859421436360.1083,649205746414.0886,95025863219.15273,0.0,9971020778.003645,7871813086.899379,744231609633.2413,0.0,18416.58791280044,115189826726.86694,105218805948.8633
us,2060,36640490296216.11,168144879.908145,30849426.675806582,1456138202837.1167,1914667297491.59,208636138681.17972,419014835162.40686,0.0,9766106167.723576,1703467439923.998,419835996248.77264,103432.57672070769,-247329237086.88135,-248150398173.24713
oecd-ex-us,2060,37022087564192.31,292822585.73382926,34589397.271099,1497818022280.172,1991743844814.5833,204467976193.48862,289235383072.9061,0.0,6947602012.270835,1892180814716.9968,304031006291.07587,81506.33219642733,-394362792436.8247,-409158415654.99445
china,2060,22562327655682.484,403096227.88482445,0.0,785964920494.1375,1371419308839.267,136656800710.14346,0.0,10014075987.81865,8228225940.831455,1508076109549.4106,0.0,58972.279156712764,-722111189055.2732,-732125265043.0918
india,2060,21585174006277.15,867381522.2810345,0.0,1243683421425.298,1157978946286.6753,269500706762.75943,0.0,38698211723.55795,7475662371.218573,1427479653049.4348,0.0,31147.89149493792,-183796231624.13672,-222494443347.69467
latam,2060,11878198035048.967,264050517.422848,0.0,528017276311.392,594242506688.1605,86431607558.64464,0.0,11826663796.728695,3498282304.306895,680674114246.8052,0.0,43799.92837534408,-152656837935.41315,-164483501732.14185
seasia,2060,13632377201745.107,323722084.91813254,0.0,626899402600.3604,676977234765.566,97078782048.90427,0.0,4316270724.986155,4879484257.504241,774056016814.4703,0.0,41133.737929951545,-147156614214.11,-151472884939.09613
russia,2060,10399998763502.473,137555517.09719068,6138031.5737472605,474751699792.61774,510876075728.2315,61954833510.591324,30302815862.626717,0.0,152690614244.8034,545725092958.68646,27105816280.136425,54059.58993428599,-70973393166.06873,-67776393583.57843
mena,2060,18730462764621.7,275641258.26637644,255677.54887336105,1164742188844.4756,1047720815661.3026,270181268699.27774,0.0,15483484622.879677,4508492052.470042,1317902084360.5803,0.0,54371.018053407126,-153159895516.10474,-168643380138.9844
ssa,2060,15901481680028.46,1197875269.727258,0.0,855098245817.7021,660863967700.4067,96428047472.33563,0.0,11215148680.314749,8223461313.803482,757292015172.7424,0.0,19181.258237758997,97806230644.95972,86591081964.64497
us,2061,36421662819467.28,167404463.15357268,31569044.355365705,1443973700687.4084,1895834590944.156,206852898173.349,431456313433.99774,0.0,8429998247.268282,1682303069671.223,420384419446.28156,104997.88083672643,-238329368983.81445,-227257474996.09827
oecd-ex-us,2061,36650960145675.23,288649348.3771211,35296639.907424204,1484566464788.703,1954002160710.6875,201703956678.22906,293337299931.80896,0.0,6674934151.340188,1853143174439.8682,302562942949.04865,83036.0209814421,-368576709651.1653,-377802352668.40497
china,2061,21872946421596.6,389819260.02308756,0.0,762849644809.6628,1319349363412.9658,132020704278.85252,0.0,8868646128.724373,8007834924.996904,1451370067691.8184,0.0,60371.39955800997,-688520422882.1555,-697389069010.8799
india,2061,21341936020252.93,863830144.4524893,0.0,1226021025635.6533,1170782583705.356,265887916006.15588,0.0,40425055255.43732,7836543307.070454,1436670499711.5117,0.0,32193.654085767605,-210649474075.8584,-251074529331.29572
latam,2061,11712895609163.95,260813041.97432035,0.0,518626197493.43384,590528044188.8248,85481206396.55957,0.0,11266328026.911366,3346955233.8380785,676009250585.3844,0.0,45039.58179356868,-157383053091.95056,-168649381118.86194
seasia,2061,13477306723772.615,320911671.36096406,0.0,616304229991.9056,675668099743.2095,96298999667.51628,0.0,4386572423.308937,4978963869.635195,771967099410.7257,0.0,42337.796792466674,-155662869418.82007,-160049441842.129
russia,2061,10332036607233.023,136762983.99268493,6271239.845335375,469369941426.5928,507152542992.01404,61493515172.63512,27424462933.846977,0.0,3889497534.7586093,541378389498.7109,27267668665.938232,55414.4090055795,-72008448072.1181,-71851653804.20935
mena,2061,18789420311293.85,275225390.551452,248220.36041671518,1149518883843.756,1040714937522.6404,270087908268.5462,0.0,19391875625.573692,239633384245.15967,1310802845791.1865,0.0,55728.83995275932,-161283961947.43042,-180675837573.00412
ssa,2061,15978576952821.553,1213968381.2872827,0.0,850331231616.1971,673898317330.3812,97609593013.53088,0.0,9938112234.085758,8210063754.883264,771507910343.9121,0.0,19969.95038613435,78823321272.28503,68885209038.19928
us,2062,36210546757281.48,166468757.86750534,32104580.200117316,1431094687776.2915,1877552702964.3066,205217269142.15604,432363579929.61224,0.0,8195642214.771961,1661471967472.523,421298004633.9409,106586.66321002076,-230377279696.23145,-219311704400.56012
oecd-ex-us,2062,36301508795631.195,284258306.3754369,35777621.857629426,1469812802885.7852,1918305205210.7693,199194076901.28055,291823116162.1417,0.0,6412013020.092806,1816042666181.7178,301456615930.3319,84589.71712411611,-346229863295.9326,-355863363064.1228
china,2062,21660271900111.273,376586692.3825085,0.0,738355685731.6616,1282650919183.47,132956239393.55469,0.0,8608903328.321856,473185854688.3595,1415607158577.0247,0.0,61795.77965633607,-677251472845.363,-685860376173.6849
india,2062,21100929956106.04,860176174.977646,0.0,1208081465002.669,1158657743507.1797,262245686583.20422,0.0,35732577242.5976,7548478183.429717,1420903430090.3838,0.0,33265.47735272943,-212821965087.71484,-248554542330.31244
latam,2062,11543048105822.584,257525893.88617465,0.0,509145635589.8607,586584461051.136,84452700840.22403,0.0,11401096885.609705,3445119845.74731,671037161891.36,0.0,46305.27573944089,-161891526301.49927,-173292623187.10898
seasia,2062,13494131416731.53,318020630.7043118,0.0,605502029674.2269,670813264126.5851,97320759349.21173,0.0,4890197841.582927,184346884602.05933,768134023475.7969,0.0,43567.9746124665,-162631993801.56995,-167522191643.15286
russia,2062,10264293597112.59,135934734.7469914,6396812.10777425,463412351032.74756,503466810961.2735,60994095201.77342,29495471372.34962,0.0,3810073637.5128527,537101039401.8014,27359866761.245777,56794.77794454128,-73688688369.05383,-71553083757.94998
mena,2062,18605097597901.715,274721933.01216084,226118.74096464206,1133804641546.2646,1037439073894.3816,267203893104.6999,0.0,18383350358.148422,4898962418.823192,1304642966999.0815,0.0,57112.193910224676,-170838325452.8169,-189221675810.96533
ssa,2062,16034509904131.049,1234257474.2010782,0.0,845159172180.7366,686734614665.1593,98557633457.4801,0.0,12166714117.559887,8232741368.964801,785292248122.6394,0.0,20783.149982983297,59866924058.09717,47700209940.53728
us,2063,36609244919510.484,165507216.56682903,32625783.296341777,1417639984025.5884,1863761738973.0298,209504709622.1446,433727611003.0703,0.0,620597015795.4812,1649292998012.2288,423973450582.944,108199.27598751363,-231653013986.64038,-221898853566.51404
oecd-ex-us,2063,35978715773410.7,279882202.1143604,36266140.93750053,1453741303639.9731,1882906965537.1414,196906200303.14774,297029451674.676,0.0,6249388305.159871,1779370210148.3894,300442955691.8995,86167.76735134819,-325628906508.41626,-329042410525.6397
china,2063,21009701624628.797,363405868.7164423,0.0,712619604332.8763,1234441720213.837,128475498199.92664,0.0,7679612105.86279,7406950704.267492,1362917218413.7637,0.0,63245.7671767599,-650297614080.8873,-657977226186.7501
india,2063,20856271428220.734,856260239.1103451,0.0,1189941447004.5098,1146880081803.0623,258632456647.90472,0.0,36630031049.84768,7542594610.996945,1405512538450.967,0.0,34363.77641910372,-215571091446.45728,-252201122496.30496
latam,2063,11368809515998.65,254190847.61130393,0.0,499623137960.68665,582379119479.6599,83342003976.64546,0.0,11481930047.423462,3341325719.108563,665721123456.3054,0.0,47597.380132632774,-166097985495.61877,-177579915543.04224
seasia,2063,13324386037397.838,315068330.107656,0.0,594591383945.1272,668832095654.7594,96304971321.36507,0.0,4334334930.024604,5134638627.327059,765137066976.1245,0.0,44824.64839355761,-170545683030.9973,-174880017961.0219
russia,2063,10192352595142.877,135059364.76845634,6505280.8059739275,456982946430.76245,499732040577.23444,60485629744.5756,27476658903.851303,0.0,3817063017.48432,532694046492.83875,27523623828.970932,58201.04882965528,-75711100062.0763,-75758064987.19592
mena,2063,18418856086087.426,274161782.93435705,211384.76003523965,1117722815036.2654,1028008994199.0203,264255480830.95337,0.0,16490924928.84001,4791073108.261014,1292264475029.9736,0.0,58521.43165958126,-174541659993.70825,-191032584922.54825
ssa,2063,16072169878427.926,1249021525.2904248,0.0,839607196872.1475,699048102628.7368,99225545505.50308,0.0,12092865327.129814,8419290886.103091,798273648134.2399,0.0,21621.346283731466,41333548737.90759,29240683410.77778
us,2064,36392225743306.32,164241666.3501237,32854517.88410336,1403752848157.3223,1845442380950.4482,207883578532.77185,424271307495.9615,0.0,8282627625.810262,1628683798247.044,424642161236.1758,109836.07659874536,-224930950089.72168,-225301803829.93597
oecd-ex-us,2064,35668177727334.84,275081872.59002703,36323554.56850596,1436569495878.842,1847738911388.6409,194880403605.91394,289504990522.3742,0.0,6006782517.448764,1742963608782.9834,299655706211.57166,87770.52368620806,-306394112904.14136,-316544828593.3388
china,2064,20380571876480.477,350240364.40621006,0.0,685913821747.8555,1187663888225.9226,124183478158.31032,0.0,9584657348.840471,6388453836.902491,1311847366384.233,0.0,64721.71472780017,-625933544636.3774,-635518201985.2179
india,2064,20873314859062.043,852163076.253724,0.0,1171630320999.9497,1133058528841.834,257796493338.53012,0.0,34924912104.107704,271193044125.84064,1390855022180.364,0.0,35488.96986836225,-219224701180.4143,-254149613284.522
latam,2064,11187927739133.041,250815612.3433713,0.0,490099562050.6366,580953594952.7599,82099559524.27055,0.0,11197353160.27837,3269168721.055416,663053154477.0304,0.0,48916.26904374654,-172953592426.3938,-184150945586.67218
seasia,2064,13145280709634.268,312048364.48951966,0.0,583666506157.5488,668623931538.0945,95114768763.1058,0.0,4155523715.277881,5122390095.363281,763738700301.2003,0.0,46108.19913411375,-180072194143.6515,-184227717858.92938
russia,2064,10117334621112.139,134081012.89706284,6542312.022825341,450192909412.6864,495758260432.85077,59962917485.81283,26896662207.63915,0.0,3613632267.6009336,528155186839.6809,27565991078.982525,59633.57842478583,-77962277426.9945,-78631606298.33789
mena,2064,18230012156031.3,273434429.478122,116377.31390142991,1101419119633.5735,1017421752923.5609,261273864000.01508,0.0,16360385244.520798,4792952478.39723,1278695616923.576,0.0,59956.90963378121,-177276497290.00244,-193636882534.52325
ssa,2064,16092920841833.283,1263171575.2357655,0.0,833711623639.7377,710895815584.2963,99596888801.6327,0.0,11450700748.530067,8982744900.08004,810492704385.929,0.0,22485.03217332957,23218919253.808716,11768218505.278648
us,2065,36188109969569.43,162804313.5326905,32922737.740580644,1389575208766.6895,1826620175914.6301,206381741268.21637,431261433526.2306,0.0,8049501153.027678,1608089950108.317,424911967074.5289,111497.4278351071,-218514741341.62744,-212165274889.92572
oecd-ex-us,2065,35373472911060.41,270040441.0222468,36132840.25645867,1418518572764.9214,1814049057853.4333,193093193387.25565,288156786296.13306,0.0,5762075905.2263365,1708448795316.4048,298693455924.28467,89398.34352859801,-289930222551.4834,-300466892179.635
china,2065,19777233599615.773,337147990.56789815,0.0,658684139959.3645,1140684443488.1628,120079057252.96753,0.0,7586136711.159078,6327220628.213808,1260763500741.1304,0.0,66223.97989298165,-602079360781.7659,-609665497492.9249
india,2065,20625520742464.766,847833254.6889856,0.0,1153263661122.8481,1119642002075.396,254182070293.48538,0.0,34593374659.83069,7359669308.569972,1373824072368.8813,0.0,36641.479820197834,-220560411246.0332,-255153785905.8639
latam,2065,10997325276819.992,251736795.44356638,0.0,480617658051.66693,582387364215.8522,80668100434.10445,0.0,11439732033.362011,3275076318.6040354,663055464649.9567,0.0,50262.32079021263,-182437806598.28973,-193877538631.65173
seasia,2065,12952347104416.94,308939286.09629196,0.0,572818211424.31,672124273689.734,93663348783.98666,0.0,5154923771.384087,5190729603.467252,765787622473.7207,0.0,47419.01192178601,-192969411049.41064,-198124334820.79474
russia,2065,10039135880641.896,135263047.5745294,6653702.321475208,443197869780.692,491622203707.563,59417760107.66497,25934589847.633644,0.0,3708763716.6531425,523454142503.222,27585821312.005627,61092.72827344632,-80256272722.52997,-81907504186.90195
mena,2065,18038560536379.652,272623900.2329395,26203.06800784361,1085053996154.4937,1006687111950.805,258226000084.57156,0.0,16327672802.032944,4735169031.266507,1264913112035.3767,0.0,61418.98905906667,-179859115880.88306,-196186788682.91602
ssa,2065,16097861751741.873,1276662154.9063656,0.0,827533602927.007,720681484396.5927,99744920067.0069,0.0,11255805973.074844,9089517418.246746,820426404463.5996,0.0,23374.704170024008,7107198463.407349,-4148607509.6674957
us,2066,35988122094787.9,161364820.8524277,32999210.57651094,1375450517276.751,1818175610181.9343,204899170701.8569,439849609014.5589,0.0,7786779810.917148,1597748643355.587,425326137528.2043,113183.69793026232,-222298126078.83594,-207774654592.48132
oecd-ex-us,2066,35670333618504.48,265036782.63944307,35971762.91287817,1399914032561.6467,1803014195031.52,196906114587.0385,292999747313.25665,0.0,603867237187.7046,1700329280016.8076,299591029601.75073,91051.58973704923,-300415247455.1609,-307006529743.65497
china,2066,19196716243372.523,324100935.00025886,0.0,631382352028.1404,1093728865572.6888,116219912958.84846,0.0,8140656399.395432,6189726659.540888,1209948778531.5374,0.0,67752.92532345594,-578566426503.397,-586707082902.7924
india,2066,20376017479755.402,843238946.6149184,0.0,1134926436773.5288,1106124957633.0178,250537585794.73807,0.0,35487059479.223625,7719903424.088196,1356662543427.7559,0.0,37821.73200954054,-221736106654.22705,-257223166133.45068
latam,2066,10802832380236.68,248283866.83319196,0.0,471223159960.7023,578778662939.2838,79115436248.33243,0.0,11038063923.702932,3216106567.306745,657894099187.6162,0.0,51635.91803379614,-186670939226.91394,-197709003150.61688
seasia,2066,12752291856896.424,305780201.06390655,0.0,562123385985.5471,670932079755.0795,92017070178.85982,0.0,4329101767.041866,5099618194.922644,762949149933.9393,0.0,48757.47602983019,-200825763948.3922,-205154865715.43408
russia,2066,9957368009438.062,134197171.055838,6662539.233060951,436133616821.68695,490249971873.6234,58792058743.99318,27629614023.49539,0.0,3510928568.6051574,521484279527.07196,27557751090.54479,62578.86479421303,-85350662705.38501,-85278799772.4344
mena,2066,17846125400900.71,271810680.79548925,1327.7692080838676,1068756936421.7344,995850182757.05,255104898950.35568,0.0,14808135572.829708,4571145379.564824,1250955081707.4058,0.0,62908.03605022361,-182198145285.6714,-197006280858.5011
ssa,2066,16086911901636.404,1289434435.056571,0.0,821112331626.3425,729644552030.335,99673565859.24971,0.0,11758269851.686947,9014206009.45837,829318117889.5847,0.0,24290.862433779952,-8205786263.2421875,-19964056114.929134
us,2067,35787563182766.305,159932080.02263632,33091375.25401399,1361714732759.0059,1813733218628.3623,203296795893.35208,447255191127.0957,0.0,7501178614.011741,1590931081463.9417,426098933057.7722,114895.26064177512,-229216348704.9358,-208060090635.6123
oecd-ex-us,2067,35362154620473.336,260083187.54988834,35850820.86220926,1381064644965.1826,1796690505396.4524,194730213221.55402,296367697943.9529,0.0,5809377677.756301,1692518002379.6157,298902716238.39185,92730.63071167233,-311453357414.4331,-313988375708.8721
china,2067,18623144356290.75,311102682.8558154,0.0,604448535916.8065,1062167549376.7576,112347952684.6706,0.0,9060106259.545021,5555185322.40894,1174515502061.4282,0.0,69308.91883169785,-570066966144.6217,-579127072404.1667
india,2067,20125153306999.156,838414002.4022125,0.0,1116746518701.6946,1092491458692.0232,246876814170.72583,0.0,35266277598.86537,7023859003.673496,1339368272862.749,0.0,39030.15586852175,-222621754161.05444,-257888031759.9198
latam,2067,10611587582903.564,244797347.95604345,0.0,461969609893.3155,568132859046.4686,77574222667.24312,0.0,10758392817.655516,3251067304.935728,645707081713.7118,0.0,53037.44787969574,-183737471820.3963,-194495864638.05182
seasia,2067,12554285775540.709,302559494.62121516,0.0,551632691960.0408,660092484208.9185,90382036070.53755,0.0,4244351900.563479,5080098864.259175,750474520279.456,0.0,50123.98501522879,-198841828319.41528,-203086180219.97876
russia,2067,9870897935505.428,133106900.64360322,6677592.115153318,429137584972.015,489361941813.225,58105751772.91629,28415116395.322186,0.0,3444918286.169454,519865809081.91895,27601884504.22265,64092.359377288594,-90728224109.90393,-89914992218.80438
mena,2067,17647284761571.363,273909253.0937033,1279.871095333992,1052610460566.3212,985037381471.0408,251941324751.59024,0.0,18926908540.330757,4454514867.286504,1236978706222.631,0.0,64424.42170697852,-184368245656.30994,-203295154196.6407
ssa,2067,16065893900514.309,1301550159.3612108,0.0,814480080106.7521,734537377854.1216,99449337020.21768,0.0,10984240585.872261,9472874231.376947,833986714874.3392,0.0,25234.010779387794,-19506634767.58716,-30490875353.45942
us,2068,35582074784141.086,158485591.4075178,33177443.628864244,1348396870640.6794,1803159054551.486,201735705130.6876,444350636345.8465,0.0,6658854070.48351,1577752452301.4688,427142307380.7055,116632.49533396293,-229355581660.7893,-212147252695.64832
oecd-ex-us,2068,35037349171528.78,255128393.0244225,35716370.9928092,1362147582695.6353,1788523449431.1804,192387424157.92508,288120557676.8058,0.0,5837284272.109282,1682409112992.433,298501760596.67236,94435.84047828078,-320261530296.79785,-330642733216.6644
china,2068,18039951214107.535,309673612.37927985,0.0,578395967632.857,1051738370250.3822,108058356146.57379,0.0,7384095713.221909,5591712294.107527,1159796726396.956,0.0,70892.33348628934,-581400758764.099,-588784854477.3209
india,2068,19877182709996.305,833459201.5080631,0.0,1098844132425.2952,1078820341209.6707,243209861204.81763,0.0,31823590240.606834,7039063226.954751,1322030202414.4883,0.0,40267.18461134687,-223186069989.1931,-255009660229.79996
latam,2068,10423468823199.19,241280840.42330077,0.0,452894832664.03186,557563081629.6423,76054369190.3872,0.0,10429566099.69378,3033424551.3210335,633617450820.0295,0.0,54467.301977220064,-180722618155.99768,-191152184255.69147
seasia,2068,12358600860851.605,304006978.05525285,0.0,541395190319.5107,649284576931.8347,88760391060.1913,0.0,4111808106.850937,5076671090.260914,738044967992.026,0.0,51518.936818586604,-196649777672.51532,-200761585779.36627
russia,2068,9782664805309.666,131986757.72968757,6691530.866175628,422321189977.2903,484735181374.59784,57408570133.29327,28053702410.56453,0.0,3535728924.2755575,514462348812.89905,27681402694.992226,65633.58848222111,-92141158835.60876,-91768859120.03647
mena,2068,17448654757931.898,272923949.0512543,0.0,1036689903469.1646,973979182212.2948,248677663218.2629,0.0,17054658630.106977,4391596952.037881,1222656845430.5576,0.0,65968.5222115444,-185966941961.39307,-203021600591.50003
ssa,2068,16189866731766.396,1312862301.7211738,0.0,807681539091.5027,732404114762.8756,101120016907.06825,0.0,12579202015.177713,162394625845.69342,833524131669.9438,0.0,26204.65669427675,-25842592578.441162,-38421794593.61887
us,2069,35388299254590.57,160356497.85555273,33897106.37687666,1335616905364.5146,1790964073099.2458,200158119639.70734,453909881194.6265,0.0,7819876629.27305,1563157145008.579,427965047730.37445,118395.7870619919,-227540239644.06445,-201595406179.81238
oecd-ex-us,2069,34716775376771.793,250206421.24926037,35599378.96587964,1343423709594.7808,1767723718247.549,190026435301.90472,287871995439.2582,0.0,5880653758.427582,1659897193136.5625,297852960412.89154,96167.59877370705,-316473483541.78174,-326454448515.4151
china,2069,17461765417598.93,296868595.2074757,0.0,553565655349.4128,1026338727979.2145,103677668282.06479,0.0,7231888537.139212,5496832940.395058,1130016396261.2793,0.0,72503.5477078036,-576450740911.8665,-583682629449.0056
india,2069,19628094301055.64,837873477.2514033,0.0,1081252046191.2014,1065292674725.8737,239584450571.42557,0.0,32440867722.7997,6977537888.232978,1304877125297.2993,0.0,41533.25532203722,-223625079106.0979,-256065946828.8976
latam,2069,10238576744783.469,237736341.8344442,0.0,444028520002.82544,547097614555.31665,74560344216.9712,0.0,10155068685.03347,2892429038.765195,621657958772.2878,0.0,55925.87662202794,-177629438769.4624,-187784507454.49588
seasia,2069,12165366065047.992,300691480.10823214,0.0,531497294805.1283,638545198335.6842,87168274839.28024,0.0,3674723413.209892,4656105979.435331,725713473174.9645,0.0,52942.733865779526,-194216178369.83618,-197890901783.04608
russia,2069,9691703664386.117,130828867.19156945,6694474.808764753,415754986218.98486,479885765361.8267,56720448533.40488,26491715807.902245,0.0,3398370944.7944903,508847216935.54407,27758996959.68769,67202.93373678495,-93092230716.5592,-94359511868.34465
mena,2069,17246655132406.896,271834429.09791344,0.0,1021090019544.0514,963044722450.451,245408548395.15375,0.0,18824661006.499207,4188286783.04813,1208453270845.6047,0.0,67540.71892732262,-187363251301.55334,-206187912308.05255
ssa,2069,16154764640371.666,1323495952.531271,0.0,800747947826.3414,732966838522.2438,100814535574.64972,0.0,11796909306.928549,9728244182.765696,833781374096.8936,0.0,27203.31136105278,-33033426270.552124,-44830335577.480675
us,2070,35180903283363.87,158887423.75751737,33967153.25185223,1323413441761.746,1779294977137.2185,198704479531.19058,439930550115.0373,0.0,7259493564.930003,1548857687468.5728,429141769199.8355,120185.52665723414,-225444245706.82666,-214655464791.62488
oecd-ex-us,2070,34396626193973.758,245299592.04809123,35478614.98285122,1325174319655.068,1747281254829.745,187743369013.80515,284195309055.78973,0.0,5505812334.636661,1637788983001.053,297235640842.4978,97926.29113233121,-312614663345.98486,-325654995132.69293
china,2070,16905246314287.578,284168719.29558265,0.0,530194192012.76154,985890125233.4924,99516259858.19867,0.0,6611844132.131222,5304933899.712362,1085406385091.6912,0.0,74142.94536580284,-555212193078.9297,-561824037211.0609
india,2070,19380244469442.33,832522712.9617535,0.0,1064062124227.3602,1051730391130.6254,235959635242.02808,0.0,30733898945.89343,6511969477.883163,1287690026372.6533,0.0,42828.80904500152,-223627902145.2931,-254361801091.18652
latam,2070,10209965965471.1,234162764.52653107,0.0,435407508334.89514,537920096886.2163,74774907540.95287,0.0,10266878900.09695,158943595680.00696,612695004427.1692,0.0,57413.57285991986,-177287496092.27405,-187554374992.371
seasia,2070,11974528569112.744,297314885.7451433,0.0,522001109205.2432,627937628544.925,85596757222.20036,0.0,4172426775.4965982,4868207402.131467,713534385767.1254,0.0,54395.78317133767,-191533276561.88214,-195705703337.37875
russia,2070,9599180372898.8,129649190.45565562,6699919.986180345,409512358524.19617,474943854195.7982,56033615270.40699,25634994708.088352,0.0,3306824746.6021266,503210977609.0729,27766491857.132057,68800.78203703089,-93698619084.87671,-95830116233.92041
mena,2070,17044216366014.94,270672263.0694922,0.0,1005877527407.6852,952062280201.7726,242088480623.41605,0.0,18377132670.95996,4211599696.514997,1194150760825.1887,0.0,69141.39849876885,-188273233417.50354,-206650366088.4635
ssa,2070,16112997410725.18,1333418154.7077076,0.0,793707897675.1425,733170584464.5673,100466828820.75291,0.0,11432286714.586597,9594572678.257458,833637413285.3202,0.0,28230.489684771463,-39929515610.177734,-51361802324.76433
us,2071,34992431666327.824,157449773.30328268,34070833.72803227,1311859430923.156,1767653276957.8518,197187324424.68472,457912665127.51917,0.0,6596888295.817622,1534893110221.1685,429947491161.36755,122002.11081390503,-223033679298.01245,-195068505331.86084
oecd-ex-us,2071,34081610360978.22,240676505.01278013,35369194.9156754,1307609283022.1616,1727333388177.1455,185484642572.6644,284377573307.54645,0.0,5815341424.564357,1616171261469.8955,296646769279.91437,99712.30897384175,-308561978447.7339,-320831174420.1018
china,2071,16369716299599.031,271579146.2523135,0.0,508682765517.4504,946892850786.0779,95589642561.22783,0.0,6640296873.566472,4910010014.871803,1042482493347.3057,0.0,75810.91587696323,-533799727829.8553,-540440024703.42175
india,2071,19129540856459.914,826861711.9470803,0.0,1047359331174.98,1038273319407.6416,232348926377.4459,0.0,33947976596.332005,6507278224.019919,1270622245785.0874,0.0,44154.29087839742,-223262914610.10742,-257210891206.43942
latam,2071,10029271345081.025,230574287.99749774,0.0,427054417385.173,527749816658.7054,73295325118.14043,0.0,9673376767.271635,2969480768.87401,601045141776.8458,0.0,58930.79659216935,-173990724391.67285,-183664101158.9445
seasia,2071,11787541889886.133,293914828.46835756,0.0,512938070665.2903,617454406967.0684,84047677683.63164,0.0,3144880665.4228635,4722215424.221547,701502084650.7,0.0,55878.49644354476,-188564013985.40967,-191708894650.83252
russia,2071,9638663769034.0,128426660.05344568,6683947.1249873005,403654681612.1308,470085642119.1847,56860653218.391045,23559537114.792233,0.0,139215472745.8539,499102408952.1337,27843886385.442062,70427.52564851407,-95447727340.00293,-99732076610.65276
mena,2071,16844017377924.57,269473201.93576974,0.0,991118902877.0796,941180732264.5931,238750026311.59534,0.0,15549149253.939259,4162016862.6750064,1179930758576.1885,0.0,70770.95295243149,-188811855699.1089,-204361004953.04816
ssa,2071,16065255752622.908,1342627764.7061856,0.0,786585377963.43,733007545963.2562,100069342499.07692,0.0,11021596235.770033,9771448632.40669,833076888462.3331,0.0,29286.71032495047,-46491510498.903076,-57513106734.67311
us,2072,34789029179814.14,156015779.68993506,34134794.13932393,1301070821846.085,1756886311366.9763,195762088373.19983,441720975362.1343,0.0,6454116018.274125,1521282535353.1702,431365864387.0054,123845.94217700062,-220211713507.0852,-209856602531.9563
oecd-ex-us,2072,33764148515995.31,242840439.94876844,35986387.613299035,1290906348855.095,1707944724309.9517,183278530472.85022,277486352183.1919,0.0,5368708761.615679,1595171953674.6643,296051301108.1379,101526.0496922491,-304265604819.56934,-322830553744.5153
china,2072,15854461532172.494,259099815.0730367,0.0,489276790138.3142,909482315583.5936,91901502237.70229,0.0,7805700325.014925,4657960581.459797,1001383817821.2959,0.0,77507.8543043423,-512107027682.9817,-519912728007.99664
india,2072,18881617840455.04,821066479.374917,0.0,1031211226213.6013,1024711513094.0277,228722564662.84634,0.0,31750547058.83732,6050382597.221817,1253434077756.874,0.0,45510.1500702435,-222222851543.2727,-253973398602.11002
latam,2072,9852109138069.533,227952112.35294035,0.0,418999209484.27954,517773272173.764,71844199961.71971,0.0,9488263732.748198,2944319372.4625554,589617472135.4836,0.0,60477.95868238401,-170618262651.2041,-180106526383.9523
seasia,2072,11602698437514.166,291637428.20736176,0.0,504310464840.45276,607207154721.9978,82540091648.09082,0.0,3816310518.1612067,4409639675.826248,689747246370.0886,0.0,57391.29019123729,-185436781529.63586,-189253092047.79706
russia,2072,9546001495743.588,127257628.76237948,6688089.407081955,398235644134.1854,465059879010.14526,56161111331.31143,26989402985.418694,0.0,3333669931.43418,493525870570.6805,27695119770.776695,72083.56230870844,-95290226436.49506,-95995943221.85306
mena,2072,16644696654088.416,269076040.72514325,0.0,976880605737.1586,930545524612.0177,235438810452.07446,0.0,14256128121.002998,4039133611.782325,1165984335064.0923,0.0,72429.77979917241,-189103729326.93372,-203359857447.9367
ssa,2072,16011120361477.01,1353556859.6922665,0.0,779399219252.3011,732503057668.9774,99634809495.8513,0.0,10946377269.838634,9549634036.470121,832137867164.8287,0.0,30372.495732320363,-52738647912.52759,-63685025182.36623
us,2073,34598283746841.93,154867298.0336472,34214920.33670997,1291040726223.558,1745821171738.3232,194252297692.3117,451462324557.8843,0.0,6824985676.959818,1508008020877.3496,432065448553.28516,125717.4294315536,-216967294653.7915,-197570418649.19238
oecd-ex-us,2073,33445123966650.277,238525735.33651677,35837282.16958725,1275197908425.2988,1688823592982.9294,181094064932.26495,270356895258.27216,0.0,5338304886.599692,1574843486613.6785,295074171301.51605,103367.91674617272,-299645578188.37964,-324362854231.62354
china,2073,15360640902010.477,247769645.8682528,0.0,472061357648.23584,873750296218.3667,88459462276.47014,0.0,7742338864.342348,4070109548.931861,962209758494.8368,0.0,79234.16145780362,-490148400846.60095,-497890739710.9433
india,2073,18638055054942.6,818111251.459055,0.0,1015658133039.7764,1011341336744.2582,225137861712.5102,0.0,29149892366.404697,6408172270.980068,1236479198456.7683,0.0,46896.84011724288,-220821065416.99194,-249970957783.39664
latam,2073,9678247784129.465,225211448.2275325,0.0,411260718304.61926,507985297077.6087,70424074804.23586,0.0,9566678738.93454,2853978376.0947547,578409371881.8446,0.0,62055.47506488737,-167148653577.22534,-176715332316.15988
seasia,2073,11584954401115.59,289138807.1411238,0.0,496116699682.90546,597993136605.3613,82965448257.05191,0.0,4277362939.912622,171375211720.84784,680958584862.4132,0.0,58934.585832287856,-184841885179.50775,-189119248119.42038
russia,2073,9452558240688.19,126107156.76941375,6683875.8861511685,393265437134.8371,460208280509.65125,55494368302.97642,25755087532.247437,0.0,3238869090.151351,488031808144.40125,27670840668.226364,73769.29533061812,-94766371009.56415,-96682124145.54308
mena,2073,16653070440592.22,268421355.99614653,0.0,963177205939.6504,919645534722.8892,234430199050.4228,0.0,14980936581.127184,214253250918.58615,1154075733773.312,0.0,74118.28213758035,-190898527833.66162,-205879464414.78882
ssa,2073,15950488594903.75,1365918300.1153264,0.0,772182089983.0828,731652164161.7151,99165381181.19365,0.0,11386519179.764637,9390207966.346039,830817545342.9087,0.0,31488.37219030703,-58635455359.82593,-70021974539.59056
us,2074,34404170422109.215,154627316.5225512,34275863.80371526,1281854046261.0444,1735091271667.0967,192846807215.11093,444972551913.39,0.0,6998155975.0714245,1495078181055.736,432859897826.47156,127616.98739322874,-213224134794.69165,-201111480707.7732
oecd-ex-us,2074,33133506300044.24,237901132.9637525,35704882.92306027,1260687638346.9565,1669990264709.35,178984216889.5199,271524977077.40613,0.0,5144199568.434022,1555210539590.5056,293763942008.3639,105238.31975042193,-294522901243.5491,-316761866174.50684
china,2074,15170118871524.504,236492591.37323362,0.0,457181527706.4564,849358167323.1024,88629375414.44835,0.0,6601092495.936881,296885077041.0478,937987542737.5508,0.0,80990.24399561516,-480806015031.09436,-487407107527.03125
india,2074,18618607272295.562,814657757.7954276,0.0,1000709415385.4347,998104234089.2908,224013806876.9981,0.0,30991792098.223217,232952635032.01938,1222118040966.2888,0.0,48314.81886627933,-221408625580.85413,-252400417679.07733
latam,2074,9508439936664.81,224904123.5201185,0.0,403853429713.36523,498385864547.5761,69038385922.51596,0.0,8918369517.665472,2681342809.730022,567424250470.092,0.0,63663.76685461372,-163570820756.7268,-172489190274.39227
seasia,2074,11404381387069.69,289163378.8896337,0.0,488384306211.92615,588106618278.5211,81488512121.13397,0.0,4095839712.0615635,4733649853.887023,669595130399.655,0.0,60508.80980375839,-181210824187.72888,-185306663899.79044
russia,2074,9361207157672.984,125722141.40694019,6689408.572087576,388721407949.1842,455394673245.50397,54844660889.54412,27038255977.69838,0.0,3128587192.9619894,482653735831.75916,27585598303.289055,75485.13370759635,-93932327882.57495,-94479670208.16562
mena,2074,16449598841088.402,269095532.1118745,0.0,949982429625.5059,909228252846.1637,231127223732.2533,0.0,17139658509.56558,4041105958.6655774,1140355476578.417,0.0,75836.86875858804,-190373046952.91113,-207512705462.4767
ssa,2074,15885298099687.46,1374989441.4442713,0.0,764966305734.854,730449204600.7666,98658654111.23401,0.0,10268926191.18644,9219983952.024553,829107858712.0006,0.0,32634.869861233794,-64141552977.14661,-74410479168.33304
us,2075,34788877916070.785,154805854.148245,34390419.508339904,1273666736901.3289,1724699503415.4712,196830224811.79614,469737313805.9215,0.0,562833171481.5828,1486099794107.817,435429934119.4502,129545.03710027701,-212433057206.48804,-178125677520.01672
oecd-ex-us,2075,32842275417452.37,237851279.98433587,35633295.76462615,1247590465506.57,1651934563053.2688,176962413269.1975,284975703925.0115,0.0,5099924299.043537,1536288565595.154,292608410727.31384,107137.6745688923,-288698100088.584,-296330806890.88635
china,2075,14709419770628.91,233469304.43388844,0.0,444552319615.5063,816815965780.361,85514916242.33629,0.0,7195481610.042613,4274943121.645856,902330882022.6973,0.0,82776.51452723765,-457778562407.191,-464974044017.2336
india,2075,18373026736069.03,816468262.2034113,0.0,986364987308.7278,985025632684.3192,220512873389.35803,0.0,32552301246.078266,6145283784.492309,1205538506073.6772,0.0,49764.5486185481,-219173518764.94946,-251725820011.02774
latam,2075,9342281448305.887,224081340.93060523,0.0,396784465489.37115,489034063815.7832,67692508523.988556,0.0,8867643159.606121,2651261651.085744,556726572339.7717,0.0,65303.260458509474,-159942106850.40057,-168809750010.00668
seasia,2075,11227469539933.865,288125270.7113904,0.0,481103970411.46204,578469661918.649,80057476134.64326,0.0,3941860077.379568,4453180583.386505,658527138053.2924,0.0,62114.39367371054,-177423167641.83032,-181365027719.2099
russia,2075,9271048047171.18,125445832.98237078,6694678.0799918,384587892661.90466,450766108284.8457,54227628834.12052,27141233373.25305,0.0,3105500582.0023103,477419789798.8271,27573947320.138885,77231.49221938399,-92831897136.92242,-93264611083.80826
mena,2075,16246370091928.934,268812048.3648658,0.0,937287052663.527,898796656011.9385,227833133939.7087,0.0,17747525899.95157,3861514028.6005516,1126629789951.6472,0.0,77585.95425130561,-189342737288.12024,-207090263188.0718
ssa,2075,15814804430713.176,1385231135.8600912,0.0,757761297734.4548,728972768050.6448,98120667191.58502,0.0,10504038778.929743,9342507312.427649,827093435242.2297,0.0,33812.5228372265,-69332137507.7749,-79836176286.70465
us,2076,34609630908105.867,153561260.17353293,34480628.0269142,1266385325790.9766,1715240212175.765,195616329345.73886,458864096573.68274,0.0,6360111191.911997,1473818288903.7957,437038252617.7072,131502.00590686913,-207432963112.8191,-185607119156.84357
oecd-ex-us,2076,32554804032745.26,234543846.29651207,35562675.47287345,1235898281087.1335,1635053457821.9019,175104422596.13998,281899425894.8264,0.0,4888788728.9775915,1518126817151.7856,292031063266.2562,109066.40340879868,-282228536064.6521,-292360173436.0819
china,2076,14272137954776.232,229798355.22400522,0.0,434019194720.6605,786204240123.9055,82657172603.5574,0.0,6171780202.985382,3732182357.1137495,868861412727.4629,0.0,84593.39171732057,-434842218006.80237,-441013998209.7877
india,2076,18131621176610.527,817282154.7047447,0.0,972593780104.9963,972020283090.2043,217050387025.0656,0.0,31162588795.76023,6233919347.534501,1189070670115.27,0.0,51246.49623628344,-216476890010.27368,-247639478806.0339
latam,2076,9180078636704.096,224336815.23058972,0.0,390055387180.6906,479923654386.3358,66385480049.83229,0.0,8491433518.048805,2542369171.7304893,546309134436.1681,0.0,66974.38768843569,-156253747255.47748,-164745180773.52628
seasia,2076,11055422221419.43,283072148.4055468,0.0,474231596956.1801,569096884746.2623,78669893397.79579,0.0,2889859113.270357,4377721786.712164,647766778144.0581,0.0,63751.77425466119,-173535181187.878,-176425040301.14835
russia,2076,9184014515827.684,126327785.21150436,6823388.279476566,380840227828.2145,446270148041.24945,53636425396.94076,28935876589.04516,0.0,3096937677.4355054,472356903383.67236,27549670054.517826,79008.79153937967,-91516675555.45789,-90130469020.93056
mena,2076,16045482925370.14,265528336.7797416,0.0,925110047461.1094,888436479130.0634,224581123110.82916,0.0,16649086373.017056,3669474594.005634,1113017602240.8926,0.0,79365.95911008262,-187907554779.7832,-204556641152.80026
ssa,2076,15738548574754.703,1393758336.342012,0.0,750578189288.8069,727184858905.9597,97549641591.8214,0.0,11421540641.450792,9321995891.953894,824734500497.7811,0.0,35021.86919580021,-74156311208.97424,-85577851850.42503
us,2077,34428083670542.94,152338689.75154915,34549280.437925585,1259838252284.4656,1705864701899.4053,194323468571.90393,452084955153.9469,0.0,6717725470.000407,1461984233543.1492,438203936928.1601,133488.32757782933,-202145981258.6836,-188264963032.8968
oecd-ex-us,2077,32269646047862.87,231319729.2789875,35472883.3493457,1225431952252.6821,1618837738082.485,173315201161.30737,276718185263.02826,0.0,4844816845.675502,1500791439819.1064,291361499424.68756,111024.93491626681,-275359487566.4243,-290002801728.0836
china,2077,13857231750812.486,220505424.565938,0.0,425445028111.99066,757693183638.0864,80046346407.56111,0.0,6281368850.000298,3669666819.9086275,837739530045.6476,0.0,86441.30039092338,-412294501933.6569,-418575870783.6572
india,2077,17892992548655.906,804869234.254192,0.0,959416485387.392,959249677397.8866,213670737018.16907,0.0,31203398886.737705,6078699960.788659,1172920414416.0557,0.0,52761.133252046384,-213503929028.6637,-244707327915.4014
latam,2077,9021431625422.684,219716322.00469744,0.0,383663113781.73157,471079647408.58136,65120217663.36059,0.0,8564250345.003962,2453990353.8070498,536199865071.94196,0.0,68677.58587556785,-152536751290.2104,-161101001635.21436
seasia,2077,10885643803987.27,278066423.8492017,0.0,467728267659.5699,560040614022.0292,77335610883.3445,0.0,4254899275.8398056,4124439089.4816256,637376224905.3737,0.0,65421.393718672996,-169647957245.80377,-173902856521.6436
russia,2077,9096456379837.26,124912890.14029588,6832122.696629556,377431659818.4409,441969937801.4357,53087099996.382996,27119281066.271515,0.0,2947960922.6721916,467491865917.8944,27565171879.924324,80817.45834315551,-90060206099.45349,-90506096913.1063
mena,2077,15843848039264.152,262207661.42056784,0.0,913423305059.2826,878233952220.8658,221399733986.62778,0.0,19087136844.82196,3662631887.0476427,1099633686207.4937,0.0,81177.30984281303,-186210381148.21106,-205297517993.03302
ssa,2077,15659312347334.562,1389435873.9645607,0.0,743420140546.6226,725082465164.1234,96954073533.53192,0.0,9447659723.71143,8827830454.600351,822036538697.6553,0.0,36263.45106010196,-78616398151.03271,-88064057874.74414
us,2078,34252121772404.625,151165679.57658872,34622735.1288541,1254102290119.4365,1696736015266.8176,193096998259.81793,452523316203.3657,0.0,7245509065.504533,1450622121992.441,439210891534.1936,135504.44238479,-196519831873.0044,-183207407203.83228
oecd-ex-us,2078,31998830349376.344,228235850.96578804,35412760.71326112,1216206709613.4912,1603198280469.2556,171610800617.44528,283034160372.73944,0.0,4752512613.966936,1484322370505.312,290486710581.388,113013.70427330532,-268115660891.8208,-275568211100.46936
china,2078,13464875601656.176,211644923.8715766,0.0,418621816346.7319,731252131578.7615,77664303313.47495,0.0,5436924248.209914,3375393637.405346,808916434892.2365,0.0,88320.67163998078,-390294618545.5046,-395731542793.7145
india,2078,17655335363420.715,792495864.4648566,0.0,946803322736.0881,946660896394.8433,210366362363.752,0.0,33202783458.49004,5769534245.797676,1157027258758.5952,0.0,54308.93598053645,-210223936022.50708,-243426719480.99713
latam,2078,8866448620271.129,215180534.4025235,0.0,377590423998.9836,462480168025.78766,63893988654.73931,0.0,8576081234.45602,2376808764.449644,526374156680.527,0.0,70413.29798628995,-148783732681.5434,-157359813915.99942
seasia,2078,10720267938453.523,273157324.98737127,0.0,461558533866.7618,551177378386.8947,76031164257.29771,0.0,3950686882.127282,4224830125.816358,627208542644.1924,0.0,67123.69971407067,-165650008777.4306,-169600695659.5579
russia,2078,9010447496088.135,123509598.98077972,6836668.596645347,374307760827.5787,437774832620.846,52539458488.68057,27094109136.254944,0.0,2903537396.573379,462829275538.2216,27485015571.304947,82657.92541823213,-88521514710.64294,-88912421145.69295
mena,2078,15647231095914.506,258936736.12861446,0.0,902184138895.4626,868000283706.8999,218251419963.3085,0.0,16200032422.542946,3650653847.6431537,1086251703670.2084,0.0,83020.43908049716,-184067564774.74573,-200267597197.28867
ssa,2078,15575968362425.05,1384587214.330607,0.0,736272775538.8885,722797035447.4032,96337854255.55424,0.0,9534896738.482525,9053025993.03484,819134889702.9574,0.0,37537.814663780075,-82862114164.06885,-92397010902.55138
us,2079,34070419734472.58,150012532.58424303,34670320.51027801,1249035327519.0938,1687942178890.8088,191920761497.8828,443127319800.9098,0.0,5998255136.627885,1439755589953.4731,440107350435.2187,137550.79720378885,-190720262434.3794,-187700293068.6883
oecd-ex-us,2079,32243064438051.59,225253476.76058325,35333227.17355831,1208183178785.4912,1589767388474.1572,174995821308.40372,278788775913.8497,0.0,522025343758.4576,1473265752966.831,291497456815.73035,115033.15329618064,-265082574181.33984,-277791255083.2205
china,2079,13092425367573.924,203211893.07143465,0.0,413254574985.40576,706941460854.3251,75495904149.45552,0.0,6411573768.948024,3144129705.0793247,782437365003.7806,0.0,90231.9429310311,-369182790018.3749,-375594363787.3229
india,2079,17424931903852.908,780369718.6318393,0.0,934721138376.3359,934178299457.4974,207119613425.681,0.0,29565442388.0674,5738757327.112014,1141297912883.1785,0.0,55890.38563289244,-206576774506.84253,-236142216894.90994
latam,2079,8715169333935.053,210736274.154302,0.0,371824043654.1629,454131552235.02356,62707302751.83726,0.0,8554228642.892209,2289753639.513164,516838854986.86084,0.0,72181.97273958141,-145014811332.69794,-153569039975.59015
seasia,2079,10558408088917.89,273846098.76774615,0.0,455685724955.3407,542585010592.4981,74773293480.00755,0.0,4191738202.5043426,4004467784.036451,617358304072.5056,0.0,68859.14548377527,-161672579117.16492,-165864317319.66925
russia,2079,8924913942775.535,122123945.1547959,6834618.230811357,371416264854.4341,433750756699.1246,52018044239.127266,25996485171.52813,0.0,2822497599.688837,458356132882.8935,27412668055.35843,84530.63177512835,-86939868028.45941,-88356050912.2897
mena,2079,15457416318511.984,260141253.80619693,0.0,891393712039.6858,858004316942.8431,215210852652.25458,0.0,11539539710.531755,3546219863.428082,1073215169595.0977,0.0,84895.7856880763,-181821457555.41187,-193360997265.94363
ssa,2079,15643890514380.848,1379135394.5944655,0.0,729132999240.9741,718076453196.1646,97717690877.21794,0.0,11185285901.413433,165768582689.62137,815794144073.3824,0.0,38845.510420446924,-86661144832.40833,-97846430733.82176
us,2080,33891522094853.773,148900075.8599792,34713248.86281248,1244433673278.6675,1679149878039.9636,190761881126.93,440082569823.14136,0.0,6497876446.279764,1429320024509.765,440591734657.12854,139627.84561433026,-184886351231.0974,-185395516065.0846
oecd-ex-us,2080,31981392452290.062,222403143.3501203,35259002.943545066,1201205215565.7666,1575533455108.255,173430486123.66803,281335665761.58716,0.0,4751074143.023605,1458162297242.866,290801643989.05695,117083.73053521746,-256957081677.09937,-266423059904.56915
china,2080,12739980563302.854,202527847.40372026,0.0,409021616939.71625,684660312260.2366,73506189373.5781,0.0,6286662017.583273,2986742440.608991,758166501633.8147,0.0,92175.55821422764,-349144884694.09845,-355431546711.6817
india,2080,17197324103181.79,782096738.6094522,0.0,923129872515.6302,922101639723.8093,203995559899.1643,0.0,30139235159.746063,5498761595.970238,1126097199622.9736,0.0,57505.96843344803,-202967327107.34338,-233106562267.08945
latam,2080,8567768166752.261,206397945.9055422,0.0,366340434779.18726,446037590816.13995,61559714454.902695,0.0,8349017777.11732,2204721086.173408,507597305271.04266,0.0,73984.06472589637,-141256870491.8554,-149605888268.97272
seasia,2080,10400451048161.326,269058314.5849725,0.0,450070389904.1405,534228791577.45264,73553837915.10803,0.0,4180139785.4048953,3935338617.256866,607782629492.5607,0.0,70628.18998525,-157712239588.42017,-161892379373.82507
russia,2080,8842772872517.303,120775452.01895575,6838369.428281378,368713459544.15753,429852137019.1615,51506781325.96764,27734162818.31912,0.0,2770225724.423459,454048694049.3433,27310224295.78588,86436.02275970095,-85335234505.18579,-84911295982.65256
mena,2080,15269801346898.842,256952288.78443453,0.0,880985177546.1765,848323745403.984,212302381449.5365,0.0,11381759751.543728,3407737445.7413535,1060626126853.5205,0.0,86803.79487655582,-179640949307.344,-191022709058.88773
ssa,2080,15551754767489.898,1373234614.802675,0.0,722015697720.5664,715302575460.4442,97051589940.15305,0.0,10899521001.053669,9102241790.143951,812354165400.5973,0.0,40187.09299769866,-90338467680.03088,-101237988681.08455
us,2081,33752799429284.72,147904022.70017773,34828423.11241717,1240427897931.338,1670627852534.0579,189557152941.9323,474840862089.5151,0.0,6193579886.088117,1419300903336.818,440884102139.1741,141736.04799993217,-178873005405.48022,-144916245455.13922
oecd-ex-us,2081,31736944890661.35,219700748.23757488,35206239.41412602,1195186215888.2185,1562032479338.9268,171906888433.50952,289489112871.72235,0.0,4816477383.787895,1443868071786.43,290071295986.0066,119165.89137604754,-248681855898.21143,-249264039012.49567
china,2081,12406831460997.137,194684855.63131028,0.0,405712402776.6075,664455269242.0408,71671759777.50607,0.0,5672490332.468023,2938014269.6793633,736127029019.5469,0.0,94151.96803365333,-330414626242.9394,-336087116575.4074
india,2081,16970427833810.145,770027615.2915174,0.0,911921149700.8167,910188254548.036,200946205084.52682,0.0,33310216069.886818,5627256629.985524,1111134459632.5627,0.0,59156.17573890943,-199213309931.7461,-232523526001.6329
latam,2081,8424158578347.64,202172987.33046153,0.0,361123341010.6617,438201919232.7268,60451931167.08858,0.0,8171164912.946468,2092085897.4773402,498653850399.81537,0.0,75820.03452753642,-137530509389.1537,-145701674302.10016
seasia,2081,10246597980567.076,264390621.36175117,0.0,444679215643.1289,526111280812.39374,72372228686.72897,0.0,3927854005.1171193,3879080266.8613105,598483509499.1227,0.0,72431.29801205244,-153804293855.99377,-157732147861.1109
russia,2081,8762374812542.676,119463648.9956147,6843380.773631768,366156088475.92957,426169074549.8357,51021311112.76008,27951090174.428715,0.0,2685147037.615307,449890397090.53424,27299988572.061436,88374.55016679152,-83734308614.60468,-83083207012.2374
mena,2081,15085832005593.602,253809668.1180864,0.0,870865303523.8273,838721241055.1252,209466586477.06192,0.0,10048444806.385181,3401627509.5072646,1048187827532.1871,0.0,88744.91831643395,-177322524008.35986,-187370968814.74506
ssa,2081,15455587052290.174,1366863946.9884555,0.0,714927748310.0742,712316117634.5624,96365809026.03549,0.0,11396125333.884129,8982588484.677118,808681926660.5979,0.0,41563.12139565246,-93754178350.52368,-105150303684.4078
us,2082,33596761142792.094,149665712.78510177,35523142.94455991,1236845840224.2505,1663433778641.6592,188620985796.74966,452928088452.74744,0.0,6242549268.808311,1409665130815.6438,442389633622.76465,143875.8716501817,-172819290591.3933,-162280835761.41052
oecd-ex-us,2082,31490925383458.992,217094582.63350648,35124808.37642194,1189887186801.7505,1549643410788.846,170508955575.12704,279637291973.3487,0.0,4608380386.536084,1430347606237.3577,289804760126.6164,121280.09814233045,-240460419435.60718,-250627887588.87488
china,2082,12092420776522.266,187331219.23515603,0.0,403068759776.0896,646149925083.8666,69966572903.77457,0.0,4348482988.219906,2985536724.9053845,716116497987.6411,0.0,96161.62963895967,-313047738211.5515,-317396221199.7714
india,2082,16748881633167.33,758207098.0402828,0.0,901009839871.544,898274650577.0474,197953446980.70804,0.0,31591183306.494797,5263240349.894453,1096228097557.7554,0.0,60841.504159923,-195218257686.21143,-226809440992.70624
latam,2082,8404967234282.128,198069205.0553976,0.0,356160811132.036,431291853874.5507,60700619262.7535,0.0,7850956683.464927,124491274623.22874,491992473137.3042,0.0,77690.34884051859,-135831662005.26819,-143682618688.73312
seasia,2082,10096048213197.117,259839103.90848872,0.0,439461083494.6323,518229753786.16235,71231813840.53732,0.0,4146518951.918324,3597235714.0252028,589461567626.6997,0.0,74268.94031698917,-150000484132.06738,-154147003083.98572
russia,2082,8800057269827.129,118166789.09981912,6824679.779167199,363647638124.9971,422279538056.8608,51863875759.97762,25237438069.61863,0.0,122940794906.67476,446718802844.25714,27424610972.581642,90346.67235519736,-83071164719.26007,-85258337622.22308
mena,2082,14902657630699.281,250678066.98089874,0.0,860965983850.0685,829241978011.5293,206718002124.77295,0.0,11532369938.28497,3351991330.1949835,1035959980136.3022,0.0,90719.61425245351,-174993996286.23376,-186526366224.51874
ssa,2082,15357126010543.791,1360140777.7199976,0.0,707882437706.4183,709095798268.8744,95655656309.7058,0.0,10517803278.96699,8925778404.742922,804751454578.5802,0.0,42974.15902995914,-96869016872.16187,-107386820151.12886
us,2083,33446054843772.2,148668698.69443852,35586948.71345929,1233405492335.8354,1655760181910.7595,187655572990.9368,453779062396.63306,0.0,5524901149.300336,1400401788419.7976,443013966481.8986,146047.79086432143,-166996296083.96216,-156231200169.22772
oecd-ex-us,2083,31258092817601.773,214631875.79769468,35063657.46414086,1185152493761.5115,1537396611557.5337,169148930521.78192,283868036277.9813,0.0,4692446182.595958,1417546874546.8235,288998667532.49255,123426.82019996938,-232394380785.312,-237525012039.82324
china,2083,11793269338775.879,180442601.30345035,0.0,400780965941.7568,629498957240.1116,68377288958.88174,0.0,4678278992.616377,2622121503.470623,697876246198.9933,0.0,98205.00709835174,-297095280257.2365,-301773559249.8529
india,2083,16530158105076.053,746549048.7017943,0.0,890334652080.2908,886605721302.5577,195063388898.66132,0.0,32514251842.89518,5125181872.546868,1081669110201.219,0.0,62562.45568500258,-191334458120.92822,-223848709963.8234
latam,2083,8267380879027.458,194084379.79467607,0.0,351409910346.5917,423912115873.75385,59643653031.168785,0.0,7606824726.202838,2166328029.8620176,483555768904.9226,0.0,79595.48059794241,-132145858558.33093,-139752683284.53378
seasia,2083,9949509113029.604,255423645.52189466,0.0,434352571305.49927,510549551493.68115,70122068420.056,0.0,3775804547.358127,3555752988.090136,580671619913.7372,0.0,76141.59373687058,-146319048608.2379,-150094853155.59604
russia,2083,8721974045106.145,116934881.36030631,6829113.755336129,361138184270.36774,418730363099.52924,51381614777.561874,28171982157.351776,0.0,2718586728.384542,442781261975.44574,27330715901.64511,92352.85436398468,-81643077705.078,-80801811449.37134
mena,2083,14719520734657.602,247551447.72917962,0.0,851229976837.6747,819715880712.4147,204021360455.999,0.0,13863019606.228815,3233387895.2990313,1023737241168.4137,0.0,92728.34761969531,-172507264330.739,-186370283936.96783
ssa,2083,15256153320397.414,1353055399.3679917,0.0,700883197840.8351,705717494753.7738,94929551606.6321,0.0,10119458620.718153,8910616993.91387,800647046360.4059,0.0,44420.773819246286,-99763848519.5708,-109883307140.28896
us,2084,33297662145738.72,147712300.73708302,35648700.943753496,1230075075934.4912,1648430522110.1047,186706245358.94284,450252807182.4179,0.0,6416186318.653245,1391474566073.1765,443662201395.8729,148252.28705638958,-161399490138.6853,-154808884352.14032
oecd-ex-us,2084,31027087535475.246,212276470.9828175,34985412.59383234,1180826713223.5432,1525915427138.015,167849176958.92657,277337934061.5688,0.0,4594674685.28309,1405439435171.7659,288325168925.1748,125606.53406284652,-224612721948.22266,-235599956811.82867
china,2084,11506618977530.547,174001869.24165714,0.0,398505279271.38684,614135699161.4268,66864523138.12511,0.0,6804267940.115264,2648849722.9405584,681000222299.5519,0.0,100282.57141294116,-282494943028.16504,-289299210968.2803
india,2084,16318666961026.885,735208165.4439551,0.0,879862952965.5192,875037642457.8124,192246237388.35495,0.0,28962850348.663536,4892633180.142099,1067283879846.1674,0.0,64319.53780678687,-187420926880.6482,-216383777229.31174
latam,2084,8133236071913.073,190213471.52733502,0.0,346828636595.2211,416777503142.7028,58620975737.43246,0.0,7705391595.353546,2130426765.882967,475398478880.13525,0.0,81535.9090948599,-128569842284.91412,-136275233880.26767
seasia,2084,9941353776199.47,251135776.2816018,0.0,429300452097.021,503429079799.46356,70584024645.41359,0.0,3802824859.468389,140360140377.17883,574013104444.8772,0.0,78049.74131886438,-144712652347.8562,-148515477207.3246
russia,2084,8643584118677.799,115732970.2960079,6819816.620020913,358587060407.72046,415373299489.5988,50921695134.09079,26612514530.138756,0.0,2705493257.4836698,438959393339.24426,27335601284.44547,94393.56803016318,-80372332931.5238,-81095419685.83052
mena,2084,14540535739591.926,244493280.59390634,0.0,841633339430.0354,810093172999.2887,201363916816.21906,0.0,12248998755.93222,3087754075.7132607,1011457089815.5078,0.0,94771.59016103219,-169823750385.4724,-182072749141.40463
ssa,2084,15151193728935.96,1360154393.7056065,0.0,693920651505.6543,702177566888.9115,94194351050.07274,0.0,10972059402.161661,8463734374.034228,796371917938.9843,0.0,45903.53827694531,-102451266433.32996,-113423325835.49162
us,2085,33132582345698.875,146745544.07486525,35656982.76700794,1226619779099.7188,1641371956595.5154,185809342383.24493,429177951936.6007,0.0,6303767902.639418,1382919802803.7827,444261496174.9774,150489.84886193747,-156300023704.06396,-171383567942.44067
oecd-ex-us,2085,30797627200993.77,210017571.09575316,34879810.0232896,1176655018184.6538,1514862741741.0652,166599274393.99658,271101996604.79865,0.0,4244666864.1383777,1393989422811.9019,287472593323.16046,127819.72350010162,-217334404627.24805,-233705001345.60986
china,2085,11234281541921.184,168044460.03329095,0.0,396081509733.94763,599671631751.7412,65399626114.08811,0.0,6019417800.242809,2671730322.764031,665071257865.8293,0.0,102394.80063249002,-268989748131.8817,-275009165932.1245
india,2085,16108671437924.484,723997869.1216185,0.0,869541231337.7948,863799181393.853,189546136233.7841,0.0,30790831605.501842,4599394792.940689,1053345317627.6371,0.0,66113.26365059931,-183804086289.8423,-214594917895.34412
latam,2085,8002254041822.142,186460528.12115386,0.0,342394036213.3714,409865635670.0608,57630168264.22287,0.0,7836156863.620755,1955894493.5994942,467495803934.2837,0.0,83512.12011465497,-125101767720.9123,-132937924584.53305
seasia,2085,9799953569667.459,246975410.64953426,0.0,424266831773.71063,496143296617.4074,69514142105.1057,0.0,3729344886.456522,3719745303.25089,565657438722.5131,0.0,79993.87244844822,-141390606948.80243,-145119951835.25894
russia,2085,8564557260919.92,114557746.1673127,6792589.714529139,355916957709.6548,412024920682.38525,50462755979.91125,24843926908.017403,0.0,2699934286.747411,435231332310.0442,27256344352.252323,96469.29210774116,-79314374600.3894,-81726792044.62433
mena,2085,14366740158042.055,241522534.3195022,0.0,832157858212.3943,800585644080.1921,198790056437.21384,0.0,9680036723.663954,3102297478.8065205,999375700517.406,0.0,96849.82054596348,-167217842305.01172,-176897879028.67566
ssa,2085,15045171735951.16,1352579279.8800156,0.0,686986708197.6254,698427004417.4343,93438417298.14133,0.0,9389693784.582966,8246414317.732606,791865421715.5757,0.0,47423.0296074535,-104878713517.95032,-114268407302.53328
us,2086,32989159738278.836,145865587.40935367,35709766.29946078,1223074493830.4285,1634034071089.2878,184843881588.4717,446487919998.87335,0.0,5892931428.368208,1374683557962.0508,444194394715.7093,152760.97224634764,-151609064131.6223,-149315538848.45825
oecd-ex-us,2086,30576223338172.35,212096035.63612294,35471522.00745551,1172518993693.1504,1504350877486.0698,165345309348.8963,271379261211.76968,0.0,4394069108.643093,1383103380661.4514,286592806173.5156,130066.87964497885,-210584386968.30103,-225797931930.04697
china,2086,11161528969713.443,162561087.60293058,0.0,393402464765.9769,587949999873.7897,66140118647.79876,0.0,5290983308.704394,193226064856.57904,654090118521.5884,0.0,104542.17997256889,-260687653755.61145,-265978637064.31586
india,2086,16094039672753.943,712909161.7786193,0.0,859296127685.6233,852548791416.281,188981092151.0452,0.0,33355871508.090786,200957862219.2519,1041529883567.3262,0.0,67944.15210528357,-182233755881.70288,-215589627389.79367
latam,2086,7874614043570.519,182830478.6187741,0.0,338083062799.8456,403132940245.6473,56666854355.109634,0.0,7820075140.990317,1896808690.2792299,459799794600.7569,0.0,85524.60605693856,-121716731800.91132,-129536806941.90163
seasia,2086,9661340458440.584,242935690.13774973,0.0,419222858461.8093,489016015699.78015,68469458648.088745,0.0,3923378114.1679897,3572882773.361569,557485474347.8689,0.0,81974.48297896248,-138262615886.05957,-142185994000.22757
russia,2086,8486291267998.294,113423047.67407043,6762698.277827751,353112956941.9683,408759375726.43243,49990060924.61312,24754856496.380157,0.0,2615630291.06963,431572920444.536,27176516206.509384,98580.5123881819,-78459963502.56769,-80881623212.69691
mena,2086,14373498933464.7,238566909.14219365,0.0,822717426012.8329,791110842220.5496,198277416825.05002,0.0,12333165031.263388,185762773486.6768,989388259045.5996,0.0,98963.52449085074,-166670833032.76672,-179003998064.03012
ssa,2086,14937887090281.238,1344741760.9845204,0.0,680063816934.4886,694582515021.4305,92672125951.24677,0.0,8362136564.212727,8268314932.481504,787254640972.6772,0.0,48979.82980658072,-107190824038.1886,-115552960602.40132
us,2087,32850139562827.273,145018327.12165117,35755846.33000522,1219452701325.8398,1627686548475.9778,183848485479.76108,447288161005.5913,0.0,5773996172.7773905,1366627948102.5364,444907085853.2015,155066.16061477683,-147175246776.69653,-144794171624.3067
oecd-ex-us,2087,30362522239291.484,209986189.04630744,35382736.26389631,1168320549625.4468,1494181981091.949,164101246235.3537,272101236042.6128,0.0,4160342778.370958,1372605680712.8455,285677546614.4565,132348.50110526668,-204285131087.39868,-217861441659.24237
china,2087,10908808986569.7,157514422.96869162,0.0,390266099234.2804,574872302535.6133,64729126969.92195,0.0,5958054285.291108,2573401412.79479,639601429505.5353,0.0,106725.2019331531,-249335330271.25488,-255293384556.546
india,2087,15890705494379.516,702160911.9441252,0.0,849148040438.0499,841380611766.8961,186351850513.10092,0.0,29383238014.721313,4633481482.23501,1027732462279.9971,0.0,69812.72795628989,-178584421841.94714,-207967659856.66846
latam,2087,7750606550310.168,179326128.36791855,0.0,333870383760.6404,396546198623.11066,55729538436.29243,0.0,7496243626.533908,1894103664.9446993,452275737059.4031,0.0,87573.86606696805,-118405353298.7627,-125901596925.2966
seasia,2087,9525573794981.525,239014098.5269597,0.0,414156431858.5659,481985352499.4436,67443967610.12133,0.0,4016622151.216182,3522846943.1503477,549429320109.56494,0.0,83992.07536276645,-135272888250.99902,-139289510402.2152
russia,2087,8411090137628.36,112345132.79494202,6750840.808052829,350181076098.0963,405515454650.716,49512594713.16011,26985978317.410625,0.0,2659864578.4369097,427939468113.9205,27088581249.95558,100727.72182228231,-77758392015.82416,-77860994948.36911
mena,2087,14199345038703.588,235649357.97744998,0.0,813240881614.0618,781718434492.4242,195794715700.0272,0.0,13167096560.251432,3285470377.534159,977513150192.4514,0.0,101113.19488057579,-164272268578.38965,-177439365138.64108
ssa,2087,14826668082666.469,1336465211.927671,0.0,673138428073.2084,690612265982.2168,91897606079.15047,0.0,10288785004.840677,8441221378.2346,782509872061.3673,0.0,50574.525766229104,-109371443988.15894,-119660228992.99962
us,2088,33241184333426.92,144238216.79525784,35833365.182239965,1215664761847.6318,1620177483041.5674,187930858116.68143,464335858522.7399,0.0,519152491387.54285,1360774625354.124,447333715804.1248,157405.9249237484,-145109863506.4922,-128107720787.87708
oecd-ex-us,2088,30165493551808.367,208013540.33534464,35322027.079418905,1163989333705.104,1484376233008.919,162914753923.0459,281997012867.8798,0.0,4275952875.8710384,1362320602076.9424,284970384855.02216,134665.09407535597,-198331268371.83838,-201304640358.9807
china,2088,10666201255782.395,152897977.21311682,0.0,386529242686.00916,562305913088.5579,63338255199.816345,0.0,5950991104.969337,2458185920.03391,625644168288.3743,0.0,108944.36641868131,-239114925602.3651,-245065916707.33444
india,2088,15690149960163.4,691606103.5882758,0.0,839084031907.9673,830524720273.7128,183825468390.17075,0.0,29760946145.990406,4471568685.7969,1014350188663.8835,0.0,71719.52202098836,-175266156755.91626,-205027102901.90668
latam,2088,7630053338128.448,179686998.42841247,0.0,329737704441.7527,390118788770.44696,54819265576.42165,0.0,7213264061.886977,1860401785.2862463,444938054346.8686,0.0,89660.40616660006,-115200349905.1159,-122413613967.00288
seasia,2088,9393362458388.574,235222068.16885188,0.0,409068205600.18414,475056643504.2788,66435436295.645706,0.0,3308753250.9889216,3521290857.776625,541492079799.9245,0.0,86047.15878400164,-132423874199.74036,-135732627450.72928
russia,2088,8334443859915.162,113165954.5574711,6849329.351514824,347092824476.49915,402346157203.742,49053791584.92147,25141278661.43608,0.0,2519567937.5308113,424294216740.8443,27105732047.81885,102911.42064349535,-77201392264.34515,-79165845650.72792
mena,2088,14028966830934.398,232799529.7210762,0.0,803757241950.2183,772309236534.4985,193348805062.22028,0.0,11738245409.908619,3260837287.213658,965658041596.7188,0.0,103299.33189164315,-161900799646.5005,-173639045056.40912
ssa,2088,14712496667636.156,1327827520.3128815,0.0,666214041750.5858,686387862226.3999,91094092599.75272,0.0,11392515298.435596,8489013343.678366,777481954826.1526,0.0,52207.70938325272,-111267913075.56677,-122660428374.00237
us,2089,33109509250400.215,143458555.5488019,35879092.572076604,1211652051698.4116,1614499563964.526,187100020420.56912,452376266437.7422,0.0,5896183222.220506,1352947444130.3945,448652140254.70074,159780.78379441838,-141295392431.9829,-137571266248.94147
oecd-ex-us,2089,29955787881047.96,206082710.71866825,35203439.64363242,1159244136923.4424,1475122885839.6848,161772786456.86716,263619519489.71384,0.0,4326345122.966438,1352218646124.3027,284677026172.2507,137017.17244994192,-192974509200.86035,-214032015883.3972
china,2089,10432635885227.375,148685948.7456808,0.0,382177805197.0054,550078592018.6499,61964304022.4146,0.0,5971903477.057251,2271623766.093198,612042896041.0645,0.0,111200.18085960185,-229865090844.05908,-235836994321.11633
india,2089,15491927894770.092,681233504.085505,0.0,829065200824.962,819755424367.3937,181351927736.51416,0.0,30378151796.46421,4198237682.097596,1001107352103.9078,0.0,73665.07128618739,-172042151278.9458,-202420303075.41
latam,2089,7512260633506.492,176314938.77792668,0.0,325662229089.7943,383850360882.5683,53934404791.267006,0.0,7465366008.174252,1795197970.260332,437784765673.8353,0.0,91784.73938678707,-112122536584.04102,-119587902592.21527
seasia,2089,9262902301151.957,231517991.29261816,0.0,403934336447.3808,468271048126.19727,65447558136.08173,0.0,4167679885.2609353,3491792463.541799,533718606262.279,0.0,88140.24929296771,-129784269814.8982,-133951949700.15913
russia,2089,8258216316948.55,112104924.15544817,6826957.461219959,343826503474.86847,399060906213.3199,48571739419.75822,25178494267.880894,0.0,2400104923.7170525,420621418267.7843,27011227365.293884,105132.1164927191,-76794914792.91583,-78627647890.32883
mena,2089,13861441152107.95,230001190.64087486,0.0,794288441880.1821,763000844612.232,190963266418.89987,0.0,11028954279.554268,3178944604.067142,953964111031.132,0.0,105522.44311674972,-159675669150.94983,-170704623430.5041
ssa,2089,14598331624001.285,1319059404.942215,0.0,659298149203.5238,681963810003.5107,90272749723.75473,0.0,9455684725.16554,8229051614.043926,772236559727.2655,0.0,53879.97767244337,-112938410523.7417,-122394095248.90724
us,2090,32971320284459.387,142683601.02846417,35899879.81135647,1207249704221.489,1608217561243.6326,186216614316.8706,442804830944.2915,0.0,6190674453.882672,1345221480092.7559,449212695467.7485,162191.26362754081,-137971775871.26685,-144379640394.72382
oecd-ex-us,2090,29750428770481.824,204234602.32815292,35076990.38569897,1153936755991.7031,1465413473336.3079,160581613066.87656,262610014348.4646,0.0,4089205496.9242597,1342289143306.0886,283705943097.09717,139405.2579393962,-188352387314.3855,-209448316063.01807
china,2090,10208241084698.736,144829092.99759167,0.0,377248905448.2903,538079512885.7757,60598140278.58279,0.0,5232155289.271984,2266102476.69966,598677653164.3585,0.0,113493.16033543216,-221428747716.06824,-226660903005.3402
india,2090,15299592566769.86,671153301.7151419,0.0,819074734224.9056,809058226400.1897,178917339920.87308,0.0,27819891005.014915,4385395100.951237,987975566321.0627,0.0,75649.91904783677,-168900832096.1571,-196720723101.17203
latam,2090,7397374292366.079,173055117.81310263,0.0,321618185066.21844,377714955777.79584,53069425924.25144,0.0,7437530105.051047,1717385600.4650943,430784381702.0473,0.0,93947.3859016295,-109166196635.82886,-116603726740.8799
seasia,2090,9134971396715.727,232233940.8428167,0.0,398748491676.0119,461551887908.862,64472564979.399574,0.0,3811761285.76462,3156818061.7890787,526024452888.2616,0.0,90271.86994211747,-127275961212.2497,-131087722498.01431
russia,2090,8181455970979.533,111067267.56252879,6802580.017126989,340382323583.1963,395737451406.2994,48088695121.72106,24322607292.799652,0.0,2360869683.005155,416910592537.0365,26915553990.98365,107390.32454457547,-76528268953.84021,-79121215652.0242
mena,2090,13691893036235.324,227180085.69533744,0.0,784787645233.0261,753752332063.0923,188622272260.22507,0.0,15114563100.692997,3153406318.35054,942374604323.3174,0.0,107783.04369084485,-157586959090.29126,-172701522190.98425
ssa,2090,14633938514117.986,1310035302.651462,0.0,652388382295.3376,675966417528.5994,91431782850.5787,0.0,9655610229.38439,160272318429.9158,767398200379.1781,0.0,55591.93288358827,-115009818083.84045,-124665428313.22484
us,2091,32846234401939.15,141953797.20992693,35938852.11390132,1202581543338.9255,1601463804525.688,185378527448.4429,453510177939.47144,0.0,5664728175.492916,1337613365653.1794,449228966320.95,164637.89872015742,-135031822314.2539,-130750610695.73248
oecd-ex-us,2091,29557959523442.04,202495629.69785318,34977284.9958225,1148219626097.5608,1455684036253.7598,159411557205.56006,270302003174.67535,0.0,4104717147.2822714,1332502342595.8416,282593250863.47974,141829.8801868349,-184282716498.28076,-196573964187.08514
china,2091,9991498131817.309,141256884.24918178,0.0,371696356483.6472,526338117925.9641,59238687988.90016,0.0,5192095078.495039,2329591628.2834797,585576805914.8643,0.0,115823.82769935735,-213880449431.21704,-219072544509.71207
india,2091,15108967796995.979,661245866.4815496,0.0,809048277748.8402,798593335950.4958,176555613587.90527,0.0,28652200137.09276,4128102152.764751,975148949538.4011,0.0,77674.61505289626,-166100671789.5609,-194752871926.6537
latam,2091,7285429576243.445,169905434.67455608,0.0,317598514995.3531,371704239434.6309,52223885086.625175,0.0,7298352723.71751,1683246126.9853618,423928124521.2561,0.0,96148.8731639963,-106329609525.90302,-113627962249.62053
seasia,2091,9009520060304.922,228644461.8318081,0.0,393527138705.3334,454937236284.01154,63510824641.80197,0.0,3715528628.8202596,3185114438.498396,518448060925.8135,0.0,92442.55092367926,-124920922220.4801,-128636450849.30037
russia,2091,8106223616478.883,110061496.57827553,6788500.641442948,336774292912.4055,392383603427.6212,47600781388.43648,25683585544.991264,0.0,2294151858.0151696,413158148033.1783,26826236782.879196,109686.56763520247,-76383855120.77277,-77526506358.6607
mena,2091,13529220157290.086,224461964.10116816,0.0,775287446249.7731,744317387114.1127,186263083067.91782,0.0,10395260081.395992,3015405068.4195013,930580470182.0305,0.0,110081.65641870507,-155293023932.25745,-165688284013.65344
ssa,2091,14514773580812.838,1300680299.8642333,0.0,645478677915.2618,671408625841.747,90588267039.87997,0.0,11114967423.908464,8468249085.1387205,761996892881.627,0.0,57344.182622544366,-116518214966.36511,-127633182390.27357
us,2092,32723733035639.344,141256780.00292373,35986120.97997074,1197761381528.6484,1595233215286.2231,184521756353.9996,453542223815.7447,0.0,5949999996.045169,1330060699375.8608,449694272264.3611,167121.231384038,-132299317847.2124,-128451366295.8288
oecd-ex-us,2092,29365262230125.87,200813722.5904135,34861048.135969356,1142020046599.236,1446406131616.5962,158276383024.29053,265795380216.53558,0.0,4169794508.915261,1322768851723.123,281913662917.7646,144291.57688690972,-180748805123.88696,-196867087825.11597
china,2092,9781271210466.854,137906953.38572106,0.0,365495940593.25323,514810019516.5186,57882087018.716194,0.0,5202909669.595684,2172154261.125832,572692106535.2349,0.0,118192.71370439492,-207196165941.98163,-212399075611.5773
india,2092,14922542765599.455,662839916.722473,0.0,799005627977.6519,788174080713.0776,174219482716.89368,0.0,27247202525.209923,4210106581.0085955,962393563429.9713,0.0,79739.71564335284,-163387935452.31946,-190635137977.5294
latam,2092,7176446638115.032,166863472.76237652,0.0,313598319396.2302,365799773430.015,51398043154.021774,0.0,6993371468.962733,1609930528.359656,417197816584.0368,0.0,98389.7360427273,-103599497187.80658,-110592868656.76932
seasia,2092,8886293318067.008,225147765.68152475,0.0,388290128798.08826,448389844156.50116,62562963778.61032,0.0,3595528147.1853023,3031465046.288057,510952807935.11145,0.0,94652.82970891536,-122662679137.0232,-126258207284.2085
russia,2092,8028234446203.191,109055362.81921771,6755381.099456901,333012244136.5928,389005407485.25824,47110293523.30752,22779105006.599133,0.0,2335181589.677783,409345859406.94556,26769841601.620384,112021.37639158453,-76333615270.35278,-80324351865.37402
mena,2092,13368020019650.57,225450770.57019487,0.0,765827940373.5135,735180632030.2316,183990305540.55038,0.0,10807616526.889956,2950476084.644797,919170937570.782,0.0,112418.8119040481,-153342997197.26843,-164150613724.1584
ssa,2092,14394200795428.225,1291121168.8424215,0.0,638569754691.2628,666657749160.0078,89724739428.89055,0.0,11030758162.16783,8270706675.188443,756382488588.8983,0.0,59137.33997627435,-117812733897.6355,-128843492059.80333
us,2093,32597694613958.406,140572890.67376074,36023525.02252752,1192755134530.6084,1589254123774.0156,183656276696.33783,448289597990.083,0.0,5827246268.721173,1322515595365.437,450394805104.91766,169641.812065897,-129760460834.82861,-131865667949.66327
oecd-ex-us,2093,29638769694898.67,199219318.0912032,34768653.76902281,1135286232920.3232,1436499809713.5881,161654059307.235,269298705343.66263,0.0,467076395529.65485,1315656189221.5103,282497679799.31274,146790.89390634914,-180369956301.187,-193568930756.83713
china,2093,9576674801687.082,137919929.9890965,0.0,358685826032.732,503455684386.66266,56524455844.61549,0.0,5410107046.947096,2108012465.7281833,559980140231.2782,0.0,120600.3571311524,-201294314198.5462,-206704421245.4933
india,2093,14738368114910.674,653175584.2979125,0.0,788970631471.0,777913491097.9385,171931998883.12088,0.0,27321344581.01134,4021552402.289606,949845489981.0593,0.0,81845.78390237053,-160874858510.05933,-188196203091.07068
latam,2093,7069563213553.922,163908454.82627207,0.0,309604292718.73883,360011220270.04736,50590989173.08771,0.0,7470408816.46279,1584900979.746326,410602209443.1351,0.0,100670.51696143298,-100997916724.39624,-108468325540.85902
seasia,2093,8765107188703.276,221733280.4806343,0.0,383062514307.5952,441915771721.0569,61627537722.14937,0.0,3654908603.0750947,2949574374.957076,503543309443.20624,0.0,96903.2511890274,-120480795135.61102,-124135703738.68611
russia,2093,7953977542823.923,108084477.86510873,6742916.593577908,329132973742.88135,385408577930.995,46594810771.71987,26349050105.903675,0.0,2264461474.663523,405462608283.36597,26540780419.348793,114395.28936244626,-76329634540.48462,-76521364853.92975
mena,2093,13208630037570.883,222744610.6577781,0.0,756384137267.5708,726063685724.3021,181735981986.97165,0.0,10787083429.169418,2812631793.1798377,907799667711.2738,0.0,114795.0486802117,-151415530443.703,-162202613872.87244
ssa,2093,14272356016632.857,1281371947.1449637,0.0,631671305835.0413,661786148301.6946,88850464243.40387,0.0,11014880293.79971,8135408208.483867,750636612545.0984,0.0,60972.02364178916,-118965306710.05713,-129980187003.85684
us,2094,32481441800576.87,139932413.96146503,36084665.75997416,1187608501542.8025,1582945575036.7542,182702897478.7301,456089520010.6972,0.0,5697637580.450011,1314975325260.2446,450673147255.2397,172200.19946941396,-127366823717.44214,-121950450961.98462
oecd-ex-us,2094,29447693245314.832,197664647.73472765,34665130.07058324,1128041080425.6377,1427145456399.2761,160435044892.81955,264253410075.14926,0.0,4209561207.455032,1305915743667.127,281664757624.97107,149328.385406277,-177874663241.48926,-195286010791.31107
china,2094,9377202487540.002,134734475.2186912,0.0,351358491947.35876,492182209455.971,55164983561.85184,0.0,5554629746.435578,2071016669.8149822,547347193017.8229,0.0,123047.30491720603,-195988701070.4641,-201543330816.8997
india,2094,14557152882293.898,643722717.6744797,0.0,778938212813.7579,767734112460.4701,169671848087.86703,0.0,26662701151.762943,3915216269.56474,937405960548.3372,0.0,83993.38980255922,-158467747734.57922,-185130448886.34216
latam,2094,6965452194222.711,161054526.061223,0.0,305616954288.9514,354302945029.2552,49797624750.82663,0.0,7108962567.342528,1481558727.2604284,404100569780.0818,0.0,102991.76603890731,-98483615491.13037,-105592578058.4729
seasia,2094,8646142698503.815,218400370.29716444,0.0,377846921438.6299,435514514674.41406,60700234663.25126,0.0,3619492750.203339,3022830449.7811794,496214749337.66534,0.0,99194.36781772005,-118367827899.03546,-121987320649.2388
russia,2094,7989723594905.611,107143859.73719333,6750863.230437124,325192284210.77966,381717151293.44434,47330451520.82154,28324176126.130066,0.0,111277194559.04083,402426639611.0089,26620963203.257057,116808.85315073546,-77234355400.22925,-75531142477.35623
mena,2094,13047769371710.049,220018327.327606,0.0,746957048160.308,716998874845.2054,179499875251.10382,0.0,14142443777.349709,2823479852.5171366,896498750096.3093,0.0,117210.91334242317,-149541701936.00134,-163684145713.35104
ssa,2094,14149636546410.387,1271462039.1261039,0.0,624796418943.1388,656797105556.2412,87964506495.92949,0.0,10854930656.57552,8100653543.13093,744761612052.1707,0.0,62848.8580589418,-119965193109.03186,-130820123765.60738
us,2095,32361089457055.984,141647920.52583805,36750864.268063396,1182334759169.7705,1576807987307.7654,181836577316.52924,450378626167.02783,0.0,5578835766.608992,1307459184480.9854,451185380143.30927,174796.96067908395,-125124425311.21484,-125931179287.49628
oecd-ex-us,2095,29254237378957.316,196128339.11308905,34548303.38061647,1120273573489.781,1417556993872.3877,159254398715.73187,259049508657.23044,0.0,4032444083.6278286,1296129517672.4685,280681874915.65173,151904.61396633636,-175855944182.6875,-197488310441.1088
china,2095,9183100531545.248,131684760.3335241,0.0,343651444459.7654,480954755677.97546,53809411885.55407,0.0,4882540569.564067,1893307678.5775008,534764167563.52954,0.0,125534.11228812842,-191112723103.76416,-195995263673.32822
india,2095,14377734601838.293,634447360.7588712,0.0,768930428308.1105,757669881068.3119,167443835850.4019,0.0,26968933500.991558,3733941655.9828005,925113716918.7137,0.0,86183.11035635007,-156183288610.60327,-183152222111.59482
latam,2095,6959820824091.83,158286597.06571633,0.0,301637680496.12115,349144084511.16724,50094010531.96004,0.0,7249343930.991066,99218388347.11642,399238095043.12726,0.0,105354.04123117104,-97600414547.0061,-104849758477.99716
seasia,2095,8643637296138.56,215139039.02117324,0.0,372656232353.40173,429547920124.1146,61126288045.16158,0.0,3770523842.235799,119283097292.85376,490674208169.2762,0.0,101526.73975543592,-118017975815.87445,-121788499658.11024
russia,2095,7915272153714.957,106201515.62077114,6752591.030725317,321215221314.7348,378259135903.18427,46827631984.060234,27168261620.147022,0.0,2251843761.7074723,398448667526.68414,26638100360.56042,119262.62254772204,-77233446211.94934,-76703284952.36275
mena,2095,12892899380947.928,217378898.82897517,0.0,737607279525.9446,707821567847.6235,177240867181.01685,0.0,10172699957.225521,2757864697.80164,885062435028.6404,0.0,119666.9606816866,-147455155502.6958,-157627855459.92133
ssa,2095,14025785830773.29,1276315829.2468333,0.0,617949558261.8954,651709956931.7358,87072973019.3323,0.0,10868083751.177568,7850739803.256172,738782929951.0681,0.0,64768.47354701784,-120833371689.17273,-131701455440.3503
us,2096,32229472305978.867,140978273.3496346,36772024.50025517,1176897922109.2856,1570536996564.8762,180986093616.52982,437896298490.6079,0.0,5111718504.392282,1299996135470.2678,451526954711.13873,177432.6712859258,-123098213360.98218,-136728869581.513
oecd-ex-us,2096,29063045890975.81,194615282.42427322,34434310.50856268,1112102060360.9697,1407764918934.3157,158045207676.8839,258473489114.23468,0.0,4043089154.474931,1286303769207.5547,279506357403.6453,154520.15071064697,-174201708846.58496,-195234577135.9956
china,2096,8992703985241.498,128719455.67043819,0.0,335652171003.2217,469842524347.40027,52461902553.92152,0.0,5712743428.480998,1968453022.8286011,522304426901.3218,0.0,128061.3428901945,-186652255898.1001,-192364999326.5811
india,2096,14200738256116.781,625361388.2435038,0.0,758966497810.4983,747682424851.0294,165232382687.3095,0.0,26857981382.033398,3809945388.36231,912914807538.3389,0.0,88415.52976846676,-153948309727.84058,-180806291109.87396
latam,2096,6858815767247.229,155589540.45553222,0.0,297664952091.313,343656274695.66425,49313074385.02664,0.0,7265690624.50738,1565030769.284446,392969349080.6909,0.0,107757.90847516365,-95304396989.37793,-102570087613.88531
seasia,2096,8526197081106.436,211922015.76077175,0.0,367507370704.55774,423316432504.5984,60200275133.980034,0.0,4383409976.099141,2952531877.9924297,483516707638.5784,0.0,103900.93501527626,-116009336934.02069,-120392746910.11983
russia,2096,7838815100368.137,105242524.22777948,6739919.235499866,317220502409.2659,374702620463.5174,46315897010.52051,25044651840.74301,0.0,2296309877.2157416,394415975850.0127,26602541624.02548,121757.1606687399,-77195473440.74677,-78753363224.02924
mena,2096,12737389182478.154,214724529.87868035,0.0,728362920985.7539,698941887352.441,175052338832.085,0.0,12485757510.590876,2606864239.5825796,873994226184.526,0.0,122163.7538203148,-145631305198.7721,-158117062709.36298
ssa,2096,13902688592220.176,1266251551.7240248,0.0,611133475994.3354,646522616663.7397,86172505707.21172,0.0,9381581505.158468,7845989328.675139,732695122370.9514,0.0,66731.5064450685,-121561646376.61597,-130943227881.77443
us,2097,32106042207014.85,140326568.97083315,36801586.98332319,1171433222777.9307,1564061288743.7937,180019027271.4255,443857821171.64923,0.0,5359173101.596972,1292558624464.582,451521691550.63837,180107.91551507643,-121125401686.65137,-128789272065.6405
oecd-ex-us,2097,28878273943518.87,193138889.624351,34339169.505924106,1103708477941.6067,1397918110078.7146,156799668350.2669,262186804954.01276,0.0,4050548076.4150176,1276438237422.9348,278279541006.0464,157175.5754356251,-172729759481.32812,-188822495533.36176
china,2097,8806339592999.045,125813528.963391,0.0,327503351643.342,458793898060.087,51122759412.73764,0.0,5712313808.522695,1761227395.5514166,509916657472.8246,0.0,130629.56892479447,-182413305829.4826,-188125619638.0053
india,2097,14025800786722.143,616429688.7906432,0.0,749089726857.6906,737802522732.3306,163045497297.57767,0.0,26778839813.039543,3599663590.6350713,900848020029.9082,0.0,90691.23959048404,-151758293172.21765,-178537132985.2572
latam,2097,6760221089631.559,152958872.79746738,0.0,293721239967.06415,338254596867.37476,48546355717.403366,0.0,6998742880.793616,1483777882.839659,386800952584.77814,0.0,110203.94183410333,-93079712617.71399,-100078455498.5076
seasia,2097,8411229124928.676,208766463.31993115,0.0,362433203891.76306,417127900192.88403,59282968443.69616,0.0,3813396408.730942,2823104975.7914276,476410868636.5802,0.0,106317.52961062205,-113977664744.81714,-117791061153.54808
russia,2097,7764023220064.885,104287044.55204044,6736594.0515770335,313244494519.98956,371073184518.0224,45786539583.205826,26580180479.20363,0.0,2243168798.7779293,390339653712.0952,26520070389.13297,124293.03909059986,-77095159192.10565,-77035049102.03499
mena,2097,12583300267342.459,212078783.78205377,0.0,719212220497.7217,690032088454.8018,172853053358.31522,0.0,12976170307.463692,2560176487.166146,862885141813.117,0.0,124701.86434913432,-143672921315.39526,-156649091622.85895
ssa,2097,13778008476772.676,1255982218.2972536,0.0,604353724592.548,641312010994.964,85277436391.2099,0.0,10041873959.79131,7597481305.906662,726589447386.1738,0.0,68738.59925593257,-122235722793.62585,-132277596753.41716
us,2098,31971162909013.02,139645189.9149778,36792389.81761882,1165936016531.8516,1557707033595.2798,179084187494.61407,430733510800.9452,0.0,5242395755.286259,1285133271250.0764,451657949839.8161,182823.28635529845,-119197254718.22485,-140121693757.09576
oecd-ex-us,2098,28696517361652.87,191672322.6401863,34238079.7246941,1095195342131.9167,1388247732745.4368,155584680081.32413,262984035161.52966,0.0,3896453667.3214064,1266502703046.3198,277329709780.4401,159871.4767396942,-171307360914.40308,-185653035533.31354
china,2098,8624863893539.894,122960377.74705206,0.0,319371447913.65234,447864939252.5457,49799290385.89147,0.0,4888295084.673428,1705377350.3046846,497664229638.4372,0.0,133239.37128458417,-178292781724.78485,-183181076809.45828
india,2098,14016327690003.232,607618425.5448849,0.0,739346541406.3162,728151474085.0048,162661342935.63843,0.0,27282317249.803005,169275496145.205,890812817020.6432,0.0,93010.83887746603,-151466275614.32703,-178748592864.13004
latam,2098,6663765042071.8125,150388784.316074,0.0,289824894084.8082,332946029277.5051,47794735519.21815,0.0,7000554850.92094,1460378003.0848837,380740764796.72327,0.0,112692.72364453526,-90915870711.91504,-97916425562.83598
seasia,2098,8297999312545.293,205654790.48305708,0.0,357465071159.627,411036350587.07526,58381819196.23844,0.0,4075857923.617309,2799144163.9213743,469418169783.3137,0.0,108777.10770447258,-111953098623.6867,-116028956547.30402
russia,2098,7687009003235.148,103303759.98856544,6711997.995554068,309322318834.38934,367465140284.32446,45273561243.256134,24158121971.91587,0.0,2244043891.535461,386220820633.4526,26517880894.12746,126870.83799070204,-76898501799.06323,-79258260721.27483
mena,2098,12432461802947.39,209469201.9627657,0.0,710229118240.8693,681206372610.9875,170667517464.4907,0.0,11729692342.807615,2535999782.352414,851873890075.4783,0.0,127281.87246639207,-141644771834.609,-153374464177.41663
ssa,2098,13653056099634.994,1245588335.6419194,0.0,597623231949.1558,635983131778.0742,84374674762.53908,0.0,9583851340.209389,7366048793.9832115,720357806540.6133,0.0,70790.40079389472,-122734574591.45752,-132318425931.6669
us,2099,31844676420245.31,138978321.35867932,36788937.02240079,1160496917832.1426,1550769515267.5806,178116297484.16602,437109483028.0302,0.0,4792923123.8802,1277741367119.487,451144445632.25916,185579.38569043114,-117244449287.34448,-131279411891.57343
oecd-ex-us,2099,28509678321191.863,190194771.12146837,34113442.87199051,1086551323958.596,1378521704192.9707,154364291766.33932,255662020442.6893,0.0,3833611097.01312,1256486243645.607,276399752313.7043,162608.45215491657,-169934919687.011,-190672651558.02597
china,2099,8582344143858.178,120147691.43077913,0.0,311401179534.519,439126506918.4055,50142606927.24936,0.0,5089594987.909337,140437779617.3305,489269113845.6549,0.0,135891.3396914031,-177867934311.13593,-182957529299.04526
india,2099,13845057673141.207,598991365.8088979,0.0,729796099644.1765,718501034319.5685,160491664352.3459,0.0,25815817993.80556,3742400159.5258718,878992698671.9143,0.0,95374.93434667916,-149196599027.7378,-175012417021.54337
latam,2099,6569671761484.5625,147885143.20088303,0.0,285983431537.2439,327722971302.7986,47057001632.85548,0.0,6707048197.656471,1410309008.8191092,374779972935.65405,0.0,115224.84466508975,-88796541398.41016,-95503589596.06662
seasia,2099,8186764946849.853,202596034.54584202,0.0,352607971643.8551,405011064476.10046,57494532969.12359,0.0,3989929106.116663,2653189212.046617,462505597445.22406,0.0,111280.26176051899,-109897625801.36896,-113887554907.48563
russia,2099,7611222423406.34,102322301.92676109,6695718.735711959,305483636873.6144,363749732410.3758,44739504451.55061,25104643574.470295,0.0,2114376585.0320635,382068899031.35455,26420337830.571705,129491.14628787698,-76585262157.74017,-77900956413.84158
mena,2099,12431800218384.354,206861571.73045623,0.0,701420802127.7484,672751756831.5282,170143464500.42795,0.0,13069440940.028103,153882275581.19217,842895221331.9562,0.0,129904.36711839252,-141474419204.20776,-154543860144.23587
ssa,2099,13527420836380.713,1235023976.4548154,0.0,590949261324.6666,630591331307.9001,83465662817.8813,0.0,10030404466.342306,7502874013.180571,714056994125.7815,0.0,72887.56633592842,-123107732801.11487,-133138137267.45717
us,2100,31703886402869.594,138275551.30414695,36741104.64528324,1155170029132.8462,1543889616184.9941,177144771341.3567,419603338902.35565,0.0,5471002115.394377,1270390727044.777,450643660481.57385,188376.82443281286,-115220697911.93091,-146261019491.1491
oecd-ex-us,2100,28319866884111.785,192095415.27960426,34628379.748446286,1077824275630.7866,1368455708589.8994,153133061292.4576,250224136127.86923,0.0,3728921043.632779,1246425632553.4485,275163137328.90894,165387.10828057534,-168601356922.66187,-193540358123.70157
china,2100,8405865504067.77,117384761.97597112,0.0,303709594836.8,428479616531.54016,48825501812.32625,0.0,4660954513.759528,1777838230.4214988,477305118343.8664,0.0,138586.07283599087,-173595523507.0664,-178256478020.82593
india,2100,13675227602288.7,590481513.6444507,0.0,720420727114.1816,709049078161.0267,158361565039.55847,0.0,26310155997.394413,3470001231.2876325,867410643200.5852,0.0,97784.1405383757,-146989916086.40356,-173300072083.79797
latam,2100,6477483207356.849,145437452.60151264,0.0,282211594310.1059,322605333311.5349,46335718361.59826,0.0,6804899695.9014845,1345802931.2109027,368941051673.1332,0.0,117800.90422697247,-86729457363.02728,-93534357058.92877
seasia,2100,8077316774662.348,199581490.299252,0.0,347866808079.5399,399079975985.85974,56622752131.99568,0.0,4239162931.6915097,2626910782.4974113,455702728117.8554,0.0,113827.59269597149,-107835920038.31549,-112075082970.007
russia,2100,7536352496365.373,102977164.48829119,6795190.270780802,301757763132.16754,360011902723.43335,44205578290.70035,25420362197.493645,0.0,2169428643.508464,377896315006.3281,26321166007.80551,132154.56178498504,-76138551874.16058,-77039355684.47244
mena,2100,12281468236771.23,204268564.73395082,0.0,692798965210.1274,664174897903.1501,167980097246.69202,0.0,13474470551.808819,2498518878.4032125,832154995149.8422,0.0,132569.94614189598,-139356029939.71472,-152830500491.52353
ssa,2100,13402494601152.898,1224425605.30813,0.0,584334833045.844,625108715749.0029,82553860198.34766,0.0,8836573933.129889,7238081606.81604,707662575947.3506,0.0,75030.75777647289,-123327742901.50659,-132164316834.63647
