region,year,stock,head,imm_head,investment,depreciation,writeoff,mig_in,mig_out,revaluation,charge_own,charge_imm,gdppc,net_own,net_total
us,2025,54270429538528.625,163468667.3197481,0.0,0.0,0.0,0.0,0.0,0.0,0.0,0.0,0.0,61050.561392568336,0.0,0.0
oecd-ex-us,2025,70249172224026.664,382715206.5144276,0.0,0.0,0.0,0.0,0.0,0.0,0.0,0.0,0.0,40746.2474376583,0.0,0.0
china,2025,67574039827332.52,754690317.0381244,0.0,0.0,0.0,0.0,0.0,0.0,0.0,0.0,0.0,23526.530999766437,0.0,0.0
india,2025,16298016184242.94,758253586.7746348,0.0,0.0,0.0,0.0,0.0,0.0,0.0,0.0,0.0,7962.740251283043,0.0,0.0
latam,2025,14758270836849.408,304226941.7672932,0.0,0.0,0.0,0.0,0.0,0.0,0.0,0.0,0.0,14201.148310712375,0.0,0.0
seasia,2025,14443854263890.363,338611634.74681383,0.0,0.0,0.0,0.0,0.0,0.0,0.0,0.0,0.0,12765.330691481528,0.0,0.0
russia,2025,14561573427876.713,139645266.8252507,0.0,0.0,0.0,0.0,0.0,0.0,0.0,0.0,0.0,20297.66333329072,0.0,0.0
mena,2025,13727595519780.936,222635280.40974152,0.0,0.0,0.0,0.0,0.0,0.0,0.0,0.0,0.0,20496.517103421746,0.0,0.0
ssa,2025,4038436962647.121,444568199.96648616,0.0,0.0,0.0,0.0,0.0,0.0,0.0,0.0,0.0,3497.158670690358,0.0,0.0
us,2026,54239514557158.125,166927858.18050712,942258.3709978287,2474538093222.583,2718007769891.999,300523339985.2496,498444148196.49646,0.0,14633887087.674913,3018531109877.2485,0.0,61980.16024673619,-543993016654.6655,-45548868458.16907
oecd-ex-us,2026,69679627805989.49,388233867.8746305,1321888.7014311934,2852627277095.6265,3520547155674.678,377844690338.71014,460783681575.00867,0.0,15436469305.582226,3898391846013.388,0.0,41618.333088470004,-1045764568917.7617,-584980887342.753
china,2026,67090454779127.92,761889093.3617086,0.0,3227300429698.0684,3405527914269.8003,365231511494.4407,0.0,25478329839.251694,85352277700.75316,3770759425764.241,0.0,24228.855750619772,-543458996066.17285,-568937325905.4246
india,2026,17202051984091.977,778397660.6508629,0.0,2175305667702.5283,982443926215.3263,227238649586.37094,0.0,72955841997.25949,11368549945.461542,1209682575801.6973,0.0,8334.796268499304,965623091900.831,892667249903.5715
latam,2026,15016476881968.248,309911307.48782,0.0,1177028502675.2644,787100448445.0304,114184304163.06604,0.0,23666355395.62685,6128650447.305355,901284752608.0964,0.0,14736.250277982586,275743750067.16797,252077394671.5411
seasia,2026,14857102590005.457,345582264.2807318,0.0,1295708197211.924,771992246312.8912,110278361180.94427,0.0,7250588087.873454,7061324484.892882,882270607493.8354,0.0,13267.526588403778,413437589718.0886,406187001630.21515
russia,2026,14604254898957.352,142376758.5560886,203659.67093260528,819479068912.8121,732463826126.901,85419610791.45218,34207372133.63545,0.0,6878466952.547133,817883436918.3531,0.0,20949.93751363234,1595631994.4589844,35803004128.09444
mena,2026,14691001860316.475,229863247.38124976,279603.65663837205,1959075514806.5234,834790678271.6991,213197233857.36636,42786830923.034966,0.0,9531906935.047949,1047987912129.0654,0.0,21152.088069819238,911087602677.458,953874433600.4929
ssa,2026,4619447387162.954,471103577.885815,0.0,831490662407.356,221460331819.95462,29932041564.6941,0.0,4411114275.307099,5323249768.436023,251392373384.6487,0.0,3706.02193117199,580098289022.7073,575687174747.4001
us,2027,54181106214054.195,169202027.075986,1876385.109310421,2450569661593.75,2720138145918.8228,301535240935.049,497152478393.68665,0.0,15542903762.48082,3001105222224.4424,20568164629.428944,62923.70303705832,-550535560630.6924,-73951246866.43468
oecd-ex-us,2027,69089640564467.89,389236706.9107023,2618449.35617851,2822124375645.261,3506621451216.3623,374824843469.692,454402639223.0283,0.0,14932038296.167244,3862949182743.2188,18497111942.835457,42505.07432557021,-1040824807097.9575,-604919279817.7646
china,2027,67534254320366.71,758191416.477752,0.0,3126841978285.8433,3378406858345.7725,370523592982.7683,0.0,21495815363.967102,1087383829645.4934,3748930451328.541,0.0,24946.710040432743,-622088473042.6978,-643584288406.6648
india,2027,18072767112054.387,788062357.0266844,0.0,2171520263403.8267,1004989378447.3026,243127200732.97324,0.0,64273787962.840904,11585231701.69826,1248116579180.276,0.0,8720.209769160245,923403684223.5508,859129896260.7098
latam,2027,15258878062157.72,311483914.8849567,0.0,1166279586833.1558,791997105409.6578,115929668619.94664,0.0,21973118356.80889,6021485742.72461,907926774029.6045,0.0,15286.446916063733,258352812803.55127,236379694446.74237
seasia,2027,15248654203156.684,348088049.0115688,0.0,1284296980466.2034,781392291851.3071,112560080868.23605,0.0,5805586813.230774,7012592217.787562,893952372719.5432,0.0,13784.578329939995,390344607746.66016,384539020933.4294
russia,2027,14641252149872.287,144123489.48086154,395955.13785177254,816927336361.3115,733330090820.113,85661195113.20686,32499177672.543144,0.0,6562022814.4003,817569523014.3165,1421762919.0033555,21617.743494906772,-642186653.0050049,30435228100.534782
mena,2027,15588390682229.904,234164379.23420942,418506.85678743233,1961951515667.062,862401296637.5118,229532425874.23056,22025087814.510605,0.0,5345940943.593644,1089419898331.903,2513824179.8394556,21823.19412143207,872531617335.159,892042880969.8302
ssa,2027,5196872301922.567,492510972.63810176,0.0,849847316315.7411,236449627350.26688,32898934543.275528,0.0,8230967528.76386,5157127866.181302,269348561893.54242,0.0,3924.81990741194,580498754422.1987,572267786893.4348
us,2028,54114481413140.35,170354467.2650064,2842353.5494088484,2426036598012.334,2721601248071.578,302350698693.97296,517036048146.6598,0.0,14254499692.699293,2983028445820.5586,40923500944.9924,63881.398876560765,-556991847808.2246,-80879300606.55722
oecd-ex-us,2028,68472854565409.18,388436174.8888486,3879883.9902781122,2787192397660.5854,3491810061895.2134,371615174278.25244,444600170385.1201,0.0,14846669069.106094,3826817834314.09,36607401859.37468,43406.67576409311,-1039625436653.5044,-631632668127.7589
china,2028,66832180444815.45,751843667.4032925,0.0,3019660027351.4604,3357206876123.1597,365170218192.94995,0.0,26038163532.057804,26681354945.4431,3722377094316.1094,0.0,25680.32047045773,-702717066964.6489,-728755230496.7068
india,2028,18906641546880.082,796680883.1263683,0.0,2166812495629.7412,1027591252224.5195,258110102299.60223,0.0,57377554289.46124,10140848009.529495,1285701354524.1218,0.0,9119.297570303788,881111141105.6194,823733586816.1582
latam,2028,15482912889666.785,312103868.30987054,0.0,1154990359116.1929,796703197610.711,117500251298.45708,0.0,22671956962.53133,5919874264.587093,914203448909.1681,0.0,15852.009111984375,240786910207.02478,218114953244.49344
seasia,2028,15616947717675.193,349660894.81288093,0.0,1271792731168.2512,790524752395.5659,114678367773.29836,0.0,5287859662.746512,6991763181.880345,905203120168.8643,0.0,14316.766516730313,366589610999.38696,361301751336.64044
russia,2028,14672841375164.225,144777111.9619711,594167.579708478,811535190170.5687,734079535996.1364,85865192441.00597,33686291176.29209,0.0,6312472382.223836,817184264673.0936,2760463764.048707,22301.31967664412,-5649074502.524902,25276752909.718483
mena,2028,16423470585587.406,237623537.87466073,419827.5715987916,1961943601690.516,888689739810.5823,244767573803.89944,1323965453.7668424,0.0,5269649827.706567,1129718038425.8604,3739275188.6215,22510.072830855686,832225563264.6558,829810253529.8011
ssa,2028,5771809253045.5205,513999374.0544561,0.0,867758859882.1951,251687604669.71103,35859918826.72727,0.0,10174760854.296967,4900375591.491728,287547523496.4383,0.0,4153.888135378867,580211336385.7568,570036575531.4598
us,2029,54003943867409.234,171400651.4481304,3774077.2297177645,2398317836508.31,2723118583139.9316,303020041312.8401,502101127285.2461,0.0,15182114928.082733,2964206546808.1377,61932077644.634605,64853.46001565609,-565888710299.8276,-125719660659.21616
oecd-ex-us,2029,67814967024024.99,387426511.0286184,5087325.642529353,2743381180784.023,3475880350106.394,368191953782.54254,428195095382.4521,0.0,14608486338.18206,3789880900671.586,54191403217.35035,44323.34507815357,-1046499719887.563,-672496027722.4612
china,2029,66042474338245.92,744989866.8142389,0.0,2899149812420.3257,3333336751535.6646,359411486243.9727,0.0,22127200805.855164,26019519595.63239,3692748237779.637,0.0,26429.915961202536,-793598425359.3115,-815725626165.1667
india,2029,19918330947460.2,804922509.6174788,0.0,2156732108879.92,1047475732164.5502,274696808090.61694,0.0,55132405800.3389,232262237755.70468,1322172540255.167,0.0,9532.379329332112,834559568624.7529,779427162824.4141
latam,2029,15687585202780.035,312581301.04755485,0.0,1140754104610.2695,801083008343.7936,118883032171.17653,0.0,21952065421.19617,5836314439.140219,919966040514.9701,0.0,16433.209741931896,220788064095.29944,198835998674.10327
seasia,2029,15957442088283.31,351051384.62470686,0.0,1256162329431.7039,799316775959.284,116639391145.69005,0.0,6127348630.239196,6415556911.621803,915956167104.9741,0.0,14864.373793171797,340206162326.72974,334078813696.49054
russia,2029,14694694474726.248,145369431.3047525,788946.8684586942,802832368199.204,734736120168.5391,86022340238.64911,33311746979.382854,0.0,6467444790.618569,816621885215.3633,4136575191.8246417,23000.90659669084,-13789517016.159302,15385654771.39891
mena,2029,17397303064320.871,240888687.5383607,412195.9140167369,1956287773636.5437,910970991803.9498,261145985438.28458,0.0,7730700408.317161,197392382747.46182,1168434896527.3232,3682080714.911108,23212.963919281494,787852877109.2205,776440095985.9922
ssa,2029,6393167032194.203,535810725.3552602,0.0,884249856022.2084,266184321796.26694,39512594962.773224,0.0,10406732595.898945,53211572481.414795,305696916759.04016,0.0,4393.567717593679,578552939263.1682,568146206667.2693
us,2030,53866313981991.51,171673992.0823647,4706906.758866999,2368319752427.74,2723366589929.3584,303476662371.4228,505934145891.3467,0.0,14959468563.979746,2944598582754.1387,82244669546.64282,65840.10188919432,-576278830326.3984,-152589353981.69458
oecd-ex-us,2030,67121104309823.23,385424359.7734961,6272177.251225639,2692006178731.5366,3458372076857.0156,364590574335.5168,422792153591.7632,0.0,14301604667.485228,3751879339794.8345,71083311397.69777,45255.29305182552,-1059873161063.2979,-708164318869.2324
china,2030,65156542001568.36,737332396.7192405,0.0,2769158951119.3857,3306871237585.342,353238089167.959,0.0,20808923526.74156,25826962483.10887,3660109326753.301,0.0,27195.727807779884,-890950375633.915,-911759299160.6566
india,2030,20661116213855.457,812569440.6706854,0.0,2141660764922.2444,1069097780114.3181,287738422796.3952,0.0,52662660213.147255,10623364596.881716,1356836202910.7134,0.0,9959.777508732528,784824562011.531,732161901798.3838
latam,2030,16087498515379.578,312799955.1427212,0.0,1123646528858.822,803113886997.223,122327151267.41794,0.0,21877944621.375816,223585766626.73566,925441038264.641,0.0,17030.323695723804,198205490594.18103,176327545972.8052
seasia,2030,16477662936094.205,352185041.93628347,0.0,1237644457187.8484,805328052431.6056,120693417337.13109,0.0,4314596708.034558,212912457099.80533,926021469768.7367,0.0,15427.68486150673,311622987419.1117,307308390711.07715
russia,2030,14914160689848.09,145577058.72535425,972241.6782324542,792020611461.0902,732995039967.4937,88392660689.21434,31772727303.065117,0.0,217060577014.3926,815964178697.4296,5423521959.278222,23716.746981368073,-23943567236.339355,2405638107.4475393
mena,2030,18118482611384.46,243805653.31474546,404195.2345990645,1945093300481.251,934427182841.372,274325733691.97168,0.0,20443941226.969204,5283104342.666515,1205161917783.2988,3590998750.0446043,23932.10930710392,739931382697.9521,715896442720.9384
ssa,2030,6961801348556.438,557830141.2240518,0.0,899277166742.0232,281898462473.34015,42478342664.047874,0.0,11073051988.970446,4807006746.568359,324376805137.388,0.0,4644.205249223411,574900361604.6353,563827309615.6648
us,2031,54569425420238.484,171891756.55106536,5640791.760934183,2340923115096.217,2715580655665.543,311837067787.90137,513021968160.8168,0.0,876584078443.3453,2926170499410.151,101247224043.2926,66841.54316421963,-585247384313.9341,-173472640196.4099
oecd-ex-us,2031,67521435081974.664,383223143.7930045,7412558.007282005,2640246828569.3887,3432363084131.654,370975797156.5024,412358641204.9331,0.0,1151064183665.317,3716835192325.969,86503688962.18695,46202.73363074432,-1076588363756.5806,-750733411513.8345
china,2031,64173431141410.47,741542873.8626046,0.0,2638684052838.673,3277454475215.0435,346625896082.3916,0.0,22976578965.13283,25262037265.98629,3624080371297.435,0.0,27977.989736417916,-985396318458.7622,-1008372897423.895
india,2031,21354533236777.727,819713433.1027505,0.0,2126006753004.9866,1090071023469.47,299745989567.31604,0.0,52662063145.412315,9889346099.47812,1389817013036.7861,0.0,10401.817343343451,736189739968.2004,683527676822.7881
latam,2031,16248092469575.75,312854124.4686533,0.0,1105979331910.9045,806650464342.8898,123297579057.76741,0.0,21411316224.184643,5973981910.117433,929948043400.6572,0.0,17643.627903711116,176031288510.2473,154619972286.06268
seasia,2031,16762285205423.762,353113781.3179586,0.0,1217882530376.4846,813044414013.9847,122260533849.86206,0.0,4748196049.9865265,6792882866.917719,935304947863.8468,0.0,16006.98649853841,282577582512.6378,277829386462.6513
russia,2031,14907250603110.566,145695400.7844581,1130876.4403066088,780255977549.4313,733076028702.429,88426879831.74973,27820673161.120525,0.0,6516171086.111846,814813380960.2268,6689527573.951844,24449.08579715517,-34557403410.79553,-13426257823.62685
mena,2031,18790928520031.293,246572763.92365572,396173.14328616235,1931698365046.825,956509056199.0288,286440219901.0333,0.0,21613778069.618996,5310597769.689821,1239445090940.7224,3504185159.3396244,24667.753166027112,692253274106.1025,667135310877.1439
ssa,2031,7526716915934.255,580118738.5945679,0.0,913867201964.025,297897989826.57477,45436770551.765755,0.0,10322538331.241756,4705664123.370493,343334760378.3405,0.0,4906.152742525057,570532441585.6846,560209903254.4429
us,2032,54392368452261.0,172062929.91921562,6581196.280842045,2314751466071.1187,2714604674067.3823,310304837550.479,517709963971.7231,0.0,15391113597.54732,2905262281160.2427,119647230457.61841,67858.00578844365,-590510815089.124,-192448081575.01935
oecd-ex-us,2032,66759658682476.945,380870004.34571177,8550942.835606849,2588664749226.4023,3412147364775.11,365520383264.8343,412310051409.13574,0.0,14916547906.665464,3676821637492.33,100846110547.61421,47165.883974343735,-1088156888265.9277,-776692947404.4062
china,2032,63090258979970.375,732723347.3102483,0.0,2499079847001.181,3244919608423.839,339583993454.1658,0.0,22260091802.85672,24511685239.556786,3584503601878.005,0.0,28776.937962116455,-1085423754876.8237,-1107683846679.6804
india,2032,21999608508595.133,826338919.2649544,0.0,2109736971969.5696,1110254291617.3674,310716323303.20984,0.0,53744376449.402626,10053291217.809267,1420970614920.5771,0.0,10858.826810265658,688766357048.9924,635021980599.5898
latam,2032,16386811399764.242,312742178.7282213,0.0,1087856979379.1696,809757659816.9668,124067491410.48183,0.0,21043698232.298912,5730800269.059452,933825151227.4486,0.0,18273.401366102265,154031828151.72095,132988129919.42203
seasia,2032,17016397757524.816,353827283.38584036,0.0,1195878189514.2747,820184330347.2375,123615756261.54184,0.0,4772488151.302971,6806937346.867903,943800086608.7794,0.0,16602.567574975026,252078102905.49524,247305614754.19226
russia,2032,14892486430099.88,145771527.16972598,1318888.7448440369,766859980611.7119,732718973785.9216,88260914823.74327,32842050042.80559,0.0,6513684944.448872,813301596441.1813,7678292168.483759,25198.170303876817,-46441615829.46936,-21277857955.14753
mena,2032,19413073806567.324,249174194.4614281,392235.7890137927,1916075119848.7112,977750187337.9269,297203498499.9133,0.0,24156812118.26471,5180664643.4148,1271976327120.4355,2977358717.4048157,25420.141972649904,644098792728.2756,616964621892.6062
ssa,2032,8085429913011.582,602575724.6019938,0.0,928055998316.9674,314213201835.411,48393012044.71904,0.0,11520014845.163235,4783227485.652778,362606213880.13007,0.0,5179.767549924288,565449784436.8374,553929769591.6742
us,2033,54194675203938.26,172184467.95959496,7522467.93853594,2289486726127.1895,2713182272342.701,308784601106.7975,519611094820.20966,0.0,15175804179.414248,2883666435102.6006,138300438346.8988,68889.71503944589,-594179708975.4111,-212869052502.10028
oecd-ex-us,2033,65968894649310.234,378357450.3197935,9673663.343083126,2538001005284.967,3390821088936.5493,360050562991.41394,407659357548.8446,0.0,14447255927.411407,3635584446197.3716,115287205730.59229,48144.96450873834,-1097583440912.4048,-805211289094.1525
china,2033,61906091322619.76,723297964.7416354,0.0,2355711518295.3877,3209185502008.6997,332109161128.5632,0.0,22334442507.469875,23749929998.744972,3541294663137.2627,0.0,29592.811247434103,-1185583144841.875,-1207917587349.345
india,2033,22599644570023.938,843309144.6227541,0.0,2093265761804.4587,1129602410980.9285,320691154842.02075,0.0,52584379802.56774,9648245249.867428,1450293565822.9492,0.0,11331.136601512213,642972195981.5095,590387816178.9418
latam,2033,16504275248781.678,312466572.67143697,0.0,1069410096991.8092,812418406409.3649,124637069727.24353,0.0,20571198131.4116,5680426293.648191,937055476136.6084,0.0,18919.925184693802,132354620855.2008,111783422723.78922
seasia,2033,17240093474933.041,354318916.4148584,0.0,1173572895515.6582,826709078875.6954,124749312416.44087,0.0,5378078343.824258,6959291528.516282,951458391292.1364,0.0,17214.719077399044,222114504223.52185,216736425879.6976
russia,2033,14863640906767.652,145769328.88014534,1504478.2852830556,752370850223.4575,732205483522.9034,88059391665.35008,32538188611.755302,0.0,6510313020.817322,811382125256.1466,8882749932.10712,25964.250109372333,-59011275032.68909,-35355836353.04091
mena,2033,19985385793387.883,251609400.35270226,390292.41200341843,1898241122704.5088,998060476281.551,307281912937.561,0.0,25637990374.552933,5051243709.709899,1302620272764.1318,2722116454.9803176,26189.52456350803,595620849940.377,567260743110.8436
ssa,2033,8637839427877.804,625206100.31962,0.0,941841886502.5791,330756750100.4846,51331618733.933586,0.0,12131384058.694334,4787381256.758783,382088368834.4182,0.0,5465.412286013566,559753517668.1609,547622133609.46655
us,2034,53983790576989.99,172271176.46334502,8483965.697725134,2260578556147.451,2711233002133.6694,307216168915.4164,532002665276.71277,0.0,14983322676.646261,2861422198423.539,157026972625.5482,69936.8995746124,-600843642276.0879,-225867949624.9233
oecd-ex-us,2034,65150055601629.34,375689571.5816182,10790113.463977408,2483893472583.4556,3368249023652.4136,354601940196.0101,406549594304.78534,0.0,13568849279.308956,3593184004952.5063,129666958895.91782,49140.198980262394,-1109290532369.0508,-832407896960.1832
china,2034,60625903203401.8,713284696.3667156,0.0,2209712236480.088,3170124172984.5664,324170298837.52826,0.0,19853746912.70468,24247863036.794125,3494294471822.0947,0.0,30425.850962392054,-1284582235342.0068,-1304435982254.7114
india,2034,23148878631805.99,848883057.588409,0.0,2075027186009.3413,1148218471635.722,329732412286.62866,0.0,57620457466.99886,9778217162.056797,1477950883922.3506,0.0,11819.080099483755,597076302086.9907,539455844619.9919
latam,2034,16599492656437.236,312020751.29281735,0.0,1048960339437.9696,814632476382.9906,125016339199.92674,0.0,19627258517.537556,5533142318.04266,939648815582.9174,0.0,19583.48259699224,109311523855.05225,89684265337.5147
seasia,2034,17434427473074.174,354604294.4841153,0.0,1150863376570.998,832597620815.8975,125679045550.75102,0.0,4764491805.7374325,6511779742.517929,958276666366.6484,0.0,17843.734132856633,192586710204.3496,187822218398.61218
russia,2034,14819624983331.668,145682734.08132687,1688257.7756402784,736289918952.4456,731318906620.1427,87784047663.83653,32349570308.41581,0.0,6447541587.13172,809027732748.4937,10075221535.485407,26747.577225625948,-72737813796.0481,-50463465023.11769
mena,2034,20505247338718.316,257150528.39203757,388246.03681806213,1876747979051.3755,1017427870013.3248,316669843714.67566,0.0,27803280554.185467,5014560561.254354,1331389292896.183,2708420831.817311,26976.152191552625,545358686155.1924,514846984769.1896
ssa,2034,9184013998928.031,653333126.0617926,0.0,954378084670.6542,347538011669.59674,54256710669.68397,0.0,11169091545.760288,4760300264.612772,401794722339.2807,0.0,5763.4547487528625,552583362331.3735,541414270785.6132
us,2035,53737668283345.734,172283115.77298224,9430674.631918637,2227749092939.73,2709026171893.2207,305763121773.5505,526153365076.9162,0.0,14764542005.88973,2838427786387.065,176361507279.70645,70999.79148182356,-610678693447.335,-260886835650.1252
oecd-ex-us,2035,64291377546259.87,372830017.2344366,11871140.51470949,2425301947706.6475,3344452414341.34,349154857398.4166,395508834785.1584,0.0,14118433878.504911,3549487991638.5522,144119280101.20563,50151.81450967642,-1124186043931.9048,-872796489247.9519
china,2035,60245868646272.71,702643519.9171418,0.0,2062663157683.3733,3123618415854.452,325772868599.0482,0.0,22686371060.179016,1029379940701.2198,3449391284453.5005,0.0,31276.301145481142,-1386728126770.1272,-1409414497830.3062
india,2035,23650042825631.066,853925486.1620992,0.0,2054185935956.2014,1165800589456.26,337809456185.917,0.0,58425532504.66315,9013836015.72623,1503610045642.177,0.0,12322.993355349145,550575890314.0244,492150357809.36127
latam,2035,16671121513182.916,316095401.2729213,0.0,1026693570022.2965,816368537419.8394,125196730753.61835,0.0,19055508453.726604,5556063350.568633,941565268173.4578,0.0,20264.359012709418,85128301848.83875,66072793395.11214
seasia,2035,17598649846469.227,354666407.2159187,0.0,1126952210347.51,837892026179.6505,126407790652.12383,0.0,4877162971.446261,6447142850.762966,964299816831.7743,0.0,18489.90803605888,162652393515.73572,157775230544.28946
russia,2035,14760087700226.832,147729965.96336016,1873270.6593172126,718864975609.4648,730023253066.2006,87434559756.22601,32695142327.40546,0.0,6360411780.722045,806194516038.0028,11263296784.42369,27548.40612633718,-87329540428.53796,-65897694885.5562
mena,2035,20973591505340.223,259213052.559949,385999.55364046793,1852369595992.3242,1035718046879.8257,325116758645.98553,0.0,28066034242.955223,4875410398.342549,1358128159013.7014,2706646512.1101003,27780.278584044616,494241436978.6228,463468756223.5575
ssa,2035,9722779212580.531,676300747.8297184,0.0,965621127880.5131,364576233522.0865,57168032937.382065,0.0,9859043924.533514,4747396155.98878,421744266459.46857,0.0,6074.267840154052,543876861421.0445,534017817496.511
us,2036,53463172967672.62,175046940.43381357,10370688.509699583,2196058257287.1367,2705811204862.7686,304160539082.1878,524850823242.9475,0.0,14567347741.710894,2814502604441.5645,195469139503.3923,72078.62633090236,-618444347154.4277,-289062663414.87256
oecd-ex-us,2036,63397132461337.69,376415250.10964245,12927425.0215454,2366215586946.9014,3318979690448.95,343576650725.8936,388427824539.2234,0.0,13667844766.526709,3504361341750.1416,158194999424.70343,51180.04164705318,-1138145754803.2402,-907912929688.7202
china,2036,58770028316877.305,691420942.6834455,0.0,1917335571659.515,3078500911478.6885,316984222734.14545,0.0,21421982956.520367,23731216114.434917,3395485134212.834,0.0,32144.40856575911,-1478149562553.319,-1499571545509.8394
india,2036,24106994258057.06,858485834.7397546,0.0,2031921716211.4902,1182468202607.903,344963404080.1298,0.0,56605966102.341576,9067289004.880142,1527431606688.033,0.0,12843.215070404938,504490109523.4573,447884143421.1157
latam,2036,16719588946271.803,315280981.97638476,0.0,1004787535987.0173,817566036497.17,125179117879.02733,0.0,18940513139.183525,5365564617.245168,942745154376.1974,0.0,20962.8420526122,62042381610.81995,43101868471.63642
seasia,2036,17733445785448.86,359551966.6429357,0.0,1103367139581.4485,842530957073.5585,126933914059.20381,0.0,5572239926.1937,6465910457.143288,969464871132.7623,0.0,19153.538279183922,133902268448.68616,128330028522.49246
russia,2036,14685640540972.627,147472145.07985482,2055378.4217118535,701931402308.8193,728300698562.5511,87002726769.80435,32369960373.601997,0.0,6554903395.73311,802831379690.8535,12472045641.502514,28366.993805910806,-100899977382.03418,-81002062649.9347
mena,2036,21394511877224.105,261110244.48507762,383549.3371608018,1828459672306.7256,1052947125285.5873,332631631004.42957,0.0,26883371044.935802,4922826912.108479,1382877135405.1003,2701620884.9167495,28602.160001844866,445582536901.62524,415997544971.7727
ssa,2036,10250896050528.62,699292325.982985,0.0,976379324436.647,381844370865.9701,60060524815.657524,0.0,11088479286.918522,4730888479.988858,441904895681.6276,0.0,6398.229486727132,534474428755.01935,523385949468.1008
us,2037,53170605525254.27,174951231.97431412,11316242.9413219,2166811187169.2212,2701773174572.3086,302425336163.2501,530330876899.4087,0.0,14489004248.619299,2789691842380.9434,214506668354.61404,73173.64322583453,-622880655211.7222,-307056446666.9275
oecd-ex-us,2037,62475636798073.95,373223189.3668031,13971070.63959166,2309007847470.862,3291954799591.6445,337893477971.7388,385846421839.5988,0.0,13498344989.189648,3457799293060.9873,172048984502.39725,52225.114427354754,-1148791445590.1255,-934994008252.9238
china,2037,57202979398988.77,679611051.1660588,0.0,1767561571846.1665,3030174662985.649,307843782847.4688,0.0,19283362001.010056,22691318099.406487,3338018445833.1177,0.0,33030.42278602598,-1570456873986.9512,-1589740235987.9612
india,2037,24744250310407.92,862487670.4564204,0.0,2009321351654.6392,1193251482267.2505,353906929793.6036,0.0,59296814516.32117,234389927273.39996,1547158412060.854,0.0,13380.086580480644,462162939593.78516,402866125077.464
latam,2037,16746052708326.424,314289023.1823021,0.0,983204029233.6371,818216680807.395,124973160986.656,0.0,18741825929.687756,5191400544.722758,943189841794.051,0.0,21679.22158970571,40014187439.58606,21272361509.898304
seasia,2037,17842155860144.793,359203449.6989977,0.0,1080638245903.8906,846501962412.0275,127265370797.82791,0.0,4670987800.270141,6510149802.181329,973767333209.8553,0.0,19834.92458426673,106870912694.03528,102199924893.76514
russia,2037,14596682429817.197,147128473.81768543,2226267.4976923596,686909283521.9513,726148875071.4849,86514061912.69193,30674158386.502872,0.0,6121383920.290342,798983012443.8224,13679924540.354311,29203.599839846298,-112073728921.8711,-95079495075.72253
mena,2037,21770177755933.656,262846560.40608788,380856.21892113343,1805468836337.3452,1069216218670.1927,339286516126.5387,0.0,26222576478.667408,4922353647.611846,1405809974135.1191,2692760661.612383,29442.055300080377,399658862202.2261,370743525061.9463
ssa,2037,10768979338558.621,722330222.8263158,0.0,986555174309.0903,399229961743.84576,62915558862.13445,0.0,11155421287.612488,4829055614.504916,462145520605.9802,0.0,6735.7225599628055,524409653703.1101,513254232415.4976
us,2038,52863090088336.73,174813373.9902753,12266581.348538605,2140397901650.8457,2697212531646.092,300717484021.6686,535705868604.4979,0.0,14310808494.868544,2764210316975.082,233719698692.68005,74285.08485777202,-623812415324.2363,-321826245412.41846
oecd-ex-us,2038,61535384486174.266,369892912.7637409,15011488.156194288,2255856769409.935,3263582885274.342,332475339641.676,386787820649.25104,0.0,13161322957.11375,3410269117472.251,185789107443.76825,53287.270426712654,-1154412348062.316,-953413634856.8333
china,2038,55563636223588.46,667269353.2573029,0.0,1634460578374.1694,2978578755164.8857,299202225612.61163,0.0,18522793677.83008,22500020680.886166,3277780980777.4976,0.0,33934.596227066046,-1643320402403.3281,-1661843196081.1582
india,2038,25110576039110.56,865841546.639587,0.0,1986014446393.8662,1207848226607.5056,361807463197.1691,0.0,59244799350.04664,9211771463.479366,1569655689804.6748,0.0,13933.95184345038,416358756589.1914,357113957239.1448
latam,2038,16751151612327.947,313109053.4327273,0.0,961494756161.8628,818334955757.2604,125430334160.4835,0.0,17805311231.43249,5174748988.841461,943765289917.7439,0.0,22413.789792727977,17729466244.118896,-75844987.31359482
seasia,2038,17924814129293.395,358638508.14197975,0.0,1058918833334.9366,849903994242.6212,128284924224.2439,0.0,4517329287.658836,6445683568.170909,978188918466.8651,0.0,20534.368938161053,80729914868.07153,76212585580.41269
russia,2038,14499609033723.111,146728997.58459932,2406441.8720839503,673877726972.094,723564342650.1876,85973217472.78972,32435806959.32283,0.0,6150630097.485557,794739423030.3947,14798137092.5826,30058.486446507162,-120861696058.30066,-103224026191.56042
mena,2038,22099248300523.562,264364850.12166613,377851.215012536,1784362909382.6807,1084548264221.9263,347188815631.4165,0.0,28396196191.099068,4840911251.666039,1429057924967.772,2679154885.570867,30300.225990167473,355304984414.9087,324229633338.2388
ssa,2038,11335275010988.53,745315566.3308086,0.0,996080678701.9309,413791279508.7999,66803732869.72424,0.0,12280614522.862005,63090620629.357796,480595012378.5242,0.0,7087.134797121599,515485666323.40674,503205051800.54474
us,2039,52523747498803.11,174602275.57962832,13186872.810240172,2115905304168.5186,2692198309760.703,298965089531.57214,522815931915.9637,0.0,13099573674.173714,2738071425946.9614,253091973345.31448,75413.19755883177,-622166121778.4429,-352442163207.7937
oecd-ex-us,2039,60567503915735.89,366397459.1805736,16011056.748484274,2205770960980.567,3234074027527.6523,326986171373.828,374772398240.9686,0.0,12636269241.61216,3361516732474.8394,199543466426.64142,54366.75081942342,-1155745771494.2725,-980516839679.9453
china,2039,53874737257406.18,666668210.0433369,0.0,1521794676023.4968,2924043408372.507,290276844060.83636,0.0,17036649693.36932,20663259920.897045,3214320252433.3433,0.0,34857.18423294564,-1692525576409.8464,-1709562226103.2158
india,2039,25434214562779.098,868591724.9018588,0.0,1961644797766.9016,1221407630499.5886,368700289213.3282,0.0,57098449846.36191,9200095460.923027,1590107919712.9167,0.0,14505.157429905297,371536878053.98486,314438428207.6229
latam,2039,16945995516564.822,311734790.9861361,0.0,940024983216.5095,815513354852.6748,127853895071.34082,0.0,17979549049.71256,216165719994.10135,943367249924.0156,0.0,23166.841171932578,-3342266707.5061035,-21321815757.218662
seasia,2039,17981760984436.68,357850464.4321391,0.0,1037974563849.1423,852693048581.7716,129092340607.9717,0.0,5588162525.475975,6345843009.370006,981785389189.7433,0.0,21252.175630055888,56189174659.39905,50601012133.92307
russia,2039,14392249799641.48,146259597.5144218,2576238.9701098367,661884652428.1488,720723580215.6183,85388180787.88457,30900657089.95255,0.0,5967217403.743695,790127747598.5244,15984013404.978357,30931.918550251008,-128243095170.37561,-113326451485.40143
mena,2039,22596310847511.418,265732366.19173184,374663.9751884488,1765949377032.331,1093252527064.0195,356577759042.7266,0.0,25006644789.063587,205950100851.32266,1447200298648.7732,2629987457.9729357,31176.93630317324,318749078383.55786,291112446136.5213
ssa,2039,11831717859221.55,768254832.7238202,0.0,1004970733648.1719,431162279776.1141,69899327048.63176,0.0,12555469625.237013,5089191034.8393955,501061606824.74585,0.0,7452.858722594691,503909126823.426,491353657198.189
us,2040,52170164902060.695,174339811.2629638,14103874.873126114,2094025013579.8232,2686118840823.6294,299757332385.13763,524343397959.03937,0.0,13925164927.485971,2714069945844.131,271806227364.6362,76558.2313567015,-620044932264.3076,-367507761669.9044
oecd-ex-us,2040,59587765004522.836,362758578.00920916,17016094.271791592,2159130940504.0579,3203056386676.5366,328112107747.4372,379179343567.468,0.0,13119299139.34958,3318406865785.425,212761628638.54803,55463.80043567204,-1159275925281.367,-992858210352.447
china,2040,52148550780596.086,653466439.6537544,0.0,1428878004902.782,2867117998395.6523,289281245416.21265,0.0,18840839789.802467,20175601888.80639,3156399243811.865,0.0,35798.4451373568,-1727521238909.0833,-1746362078698.8857
india,2040,25707704034804.844,870501791.1851395,0.0,1937509233218.8389,1234005797379.062,380748506015.93536,0.0,58512750008.61847,9247292210.527664,1614754303394.9973,0.0,15094.052517035112,322754929823.84155,264242179815.22308
latam,2040,16908771976824.127,310146327.4062713,0.0,919486700419.5581,814515767376.5237,130455931509.06715,0.0,17234396757.55036,5495855482.872774,944971698885.5908,0.0,23938.672627134798,-25484998466.032715,-42719395223.58308
seasia,2040,18013542711348.63,356822760.81000984,0.0,1018180394501.7207,854839683416.1375,131985505333.50728,0.0,5904454343.185514,6330975503.059032,986825188749.6448,0.0,21988.651291527007,31355205752.075928,25450751408.89041
russia,2040,14487098513368.672,145749490.52960804,2768867.1339835417,650651513298.0305,715637817466.036,87720364204.8069,35185440177.70711,0.0,212369941922.31052,786466588304.9309,16891593365.911903,31824.163845901876,-135815075006.90039,-117521228195.1052
mena,2040,22850874900761.348,266867849.51063785,371201.72778368474,1748928148187.3787,1106454997281.0706,367406473470.0604,0.0,25654952219.43577,5152328033.12208,1471253802871.2168,2607667879.9138374,32072.453254497323,277674345316.16187,249411725216.81226
ssa,2040,12315610554197.586,791111453.2882979,0.0,1013241463967.0143,448610644825.0382,73297580522.07944,0.0,12625230615.514612,5184686971.647238,521908225347.1177,0.0,7833.2915700960575,491333238619.8966,478708008004.382
us,2041,52675925776262.06,174026093.38933226,15015096.488970133,2073058465062.4429,2672640475251.362,308294215498.825,527867830437.8231,0.0,885769269451.3031,2694334297509.4688,286600393240.7189,77720.4400300647,-621275832447.0259,-380008395249.92163
oecd-ex-us,2041,58600540830599.484,358990002.31660044,18033786.393441655,2113845266712.4578,3170905329522.998,328741091494.1015,386397023262.8892,0.0,12179957118.395102,3273540564870.0474,226105856147.05164,56578.66781999596,-1159695298157.5896,-999404131041.7521
china,2041,50412248956151.25,639937615.411269,0.0,1359422955192.6272,2807813221639.8325,287886348235.3632,0.0,19582069094.164204,19556859331.88319,3095699569875.196,0.0,36758.64033099737,-1736276614682.5686,-1755858683776.733
india,2041,25935398258730.695,882078795.5039116,0.0,1912994268378.2595,1245195336514.3818,391455650531.3623,0.0,56957042075.532104,8307984668.871794,1636650987045.7441,0.0,15700.988885761122,276343281332.5154,219386239256.98328
latam,2041,16850596246277.658,308339781.4112914,0.0,899569655379.6399,812901813748.4121,132769396411.8977,0.0,17443213476.963192,5369037711.170379,945671210160.3098,0.0,24729.583497995896,-46101554780.66992,-63544768257.63312
seasia,2041,18230354563150.676,355577342.0775773,0.0,999700080188.2104,853166547185.1292,136978279719.98978,0.0,5623348597.395893,212879947116.35458,990144826905.1189,0.0,22744.10493910228,9555253283.091553,3931904685.6956596
russia,2041,14367089434733.508,145168984.6005991,2951388.8863851745,639882645298.8536,712339875821.772,87746460909.2497,33740571401.264244,0.0,6454041395.748324,781936890211.1246,18149446519.89716,32735.492864546854,-142054244912.271,-126463120030.9039
mena,2041,23064971283730.387,267766146.29567906,367432.615008826,1732664296936.2725,1118478050529.0422,377167947321.73444,0.0,28043820542.468544,5121904426.021025,1493065660257.4126,2580337593.364214,32987.046709856564,239598636678.85986,208974478543.0271
ssa,2041,12785853180154.768,813846433.0395124,0.0,1020751567210.5386,466112018795.42426,76647898805.87436,0.0,12982340559.443375,5233316907.384897,542759917601.2986,0.0,8228.835205939338,477991649609.24,465009309049.79663
us,2042,52316408283868.65,173707335.35427892,15957054.915528325,2049504257894.9165,2665476971334.788,305926081064.87683,548279381644.9222,0.0,14101920466.42998,2666447659456.4927,304955392943.1729,78900.0811648572,-616943401561.5762,-373619412859.8269
oecd-ex-us,2042,58694063104226.45,355125873.1698738,19059504.064634796,2070372304139.2642,3135295097517.309,333999278937.2386,394498782224.5851,0.0,1097945563717.735,3232895712212.7363,236398664241.81177,57711.60529050268,-1162523408073.4722,-1004423290090.6989
china,2042,48689696491137.46,626214907.3902372,0.0,1303494088959.5398,2746774862003.3267,279272838993.42413,0.0,19371916729.47816,19373063752.904453,3026047700996.751,0.0,37738.03432997924,-1722553612037.2112,-1741925528766.6895
india,2042,26129249713094.633,882841686.9524006,0.0,1887026261995.14,1255091131604.1191,386594843596.8765,0.0,59957516177.0595,8468683746.847035,1641685975200.9956,0.0,16326.320921157347,245340286794.1443,185382770617.08478
latam,2042,16777537079955.033,306399728.896964,0.0,879632042184.6313,810647929181.5144,130509747243.90918,0.0,16817719458.597836,5284187376.760495,941157676425.4236,0.0,25539.87561651919,-61525634240.79224,-78343353699.39008
seasia,2042,18224894297100.164,354205379.3237485,0.0,981582157037.3038,853992981888.4998,135200161375.35942,0.0,4507822432.800222,6658542608.838921,989193143263.8591,0.0,23518.848019317935,-7610986226.555298,-12118808659.35552
russia,2042,14243888118165.16,144555775.0571043,3142665.9050878324,630469057735.032,708708472624.2352,86698144025.2268,35519049573.44566,0.0,6217192772.62617,776066624777.9564,19339991871.50523,33666.17904063973,-145597567042.92444,-129418509340.98401
mena,2042,23255607578506.89,268599201.65738976,363409.8896867712,1716870118954.8884,1129283917713.447,373990662829.9717,0.0,28075560192.000973,5116316557.030249,1500726797852.6606,2547782690.7583804,33920.9894525558,216143321102.22778,185519978219.4684
ssa,2042,13243439156292.584,836570106.267474,0.0,1027450818607.2974,483624096149.9095,77865348481.06465,0.0,13833307003.665287,5457909165.163838,561489444630.9741,0.0,8639.896053646182,465961373976.32324,452128066972.65796
us,2043,51930889661160.805,173324191.29038247,16869555.12880486,2025245568440.895,2658431279519.4053,303263099792.39105,536759552118.47144,0.0,14170636044.567028,2637764497094.621,323929882217.17456,80097.41621136758,-612518928653.7261,-399689258752.4292
oecd-ex-us,2043,57691882263837.414,351137145.7939555,20048281.676151104,2030968999176.5237,3101916573843.6387,328615411203.5318,384770257856.60065,0.0,12611887624.968597,3180656106255.9463,249875878791.22284,58862.86899885407,-1149687107079.4226,-1014792728014.0449
china,2043,47899773979048.26,612380203.2203664,0.0,1256546780265.6602,2686735366943.4175,279681279213.2323,0.0,15668988462.264067,935616342264.0626,2966416646156.65,0.0,38736.89484525687,-1709869865890.9897,-1725538854353.254
india,2043,26294039304013.793,883318925.3396008,0.0,1859603469882.6787,1264298687182.7488,381367971693.4629,0.0,57536644611.05182,8389424523.729345,1645666658876.2117,0.0,16970.405616190892,213936811006.46704,156400166395.41522
latam,2043,16688918057351.186,304318447.00592136,0.0,859534836507.3247,807992531439.2758,128075525345.20244,0.0,17197847505.70582,5112045179.011198,936068056784.4781,0.0,26369.85336173106,-76533220277.15344,-93731067782.85925
seasia,2043,18202107686736.93,352691276.26551193,0.0,963346056338.0587,854454752147.754,133287739014.25262,0.0,4947391003.102234,6557215463.812007,987742491162.0066,0.0,24313.194456241592,-24396434823.947876,-29343825827.05011
russia,2043,14115052971267.04,143892583.92813185,3317560.075078693,622426206651.6357,704930809705.7185,85566088305.65056,33054235954.848854,0.0,6181308506.768711,769903972760.1038,20592925251.265266,34616.498780395115,-147477766108.46802,-135016455404.88443
mena,2043,23418985410518.51,269338766.08338255,359070.1349383403,1700335219715.764,1139735773081.8918,370674018073.1766,0.0,31612179624.13811,5064583075.077144,1507899309495.654,2510481659.4144917,34874.557252028826,192435910220.10986,158313248936.55725
ssa,2043,13688854310651.014,864469561.1155586,0.0,1033351731093.1067,501211912999.07,79005138304.93944,0.0,13179980407.397467,5460454976.728864,580217051304.0094,0.0,9066.885020125652,453134679789.0973,439954699381.6998
us,2044,51537832495282.04,172906531.018438,17767370.910287112,2010484974409.691,2650407005991.863,300432813503.6247,533347373598.6916,0.0,13950305608.332737,2608602008533.7935,342237810961.69543,81312.71054219437,-598117034124.1025,-407007471487.1064
oecd-ex-us,2044,56703017106761.35,347085035.7726276,21024470.62152626,2005327040277.8499,3067373270521.426,322934285388.66473,383787090650.8369,0.0,12328267905.387482,3127488202383.767,262819353526.32156,60032.718991030866,-1122161162105.9172,-1001193424981.4019
china,2044,46236090063185.05,598495297.6979837,0.0,1225932168859.8823,2624963366868.2363,270566234020.04398,0.0,13225436465.778942,19138952630.930305,2895529600888.2803,0.0,39755.4928530693,-1669597432028.398,-1682822868494.177
india,2044,26433309456612.97,883549784.5925611,0.0,1837639916874.3347,1273023026541.887,376147856580.8462,0.0,57727297337.7675,8528416185.364116,1649170883122.7332,0.0,17633.602578807277,188469033751.60156,130741736413.83406
latam,2044,16590014982620.877,306711395.80454874,0.0,843246041352.8752,804894926791.287,125627596294.4973,0.0,16682360636.330019,5055767638.941186,930522523085.7843,0.0,27219.823716519313,-87276481732.90906,-103958842369.23907
seasia,2044,18166080701312.375,351068048.75546175,0.0,948885115303.6489,854488389182.0669,131396164896.45166,0.0,5571530428.053092,6543983778.379763,985884554078.5186,0.0,25127.46070143643,-36999438774.86963,-42570969202.92272
russia,2044,13988778692890.744,143223029.04453233,3505302.884426544,617369089478.3259,700900155646.0581,84410890987.60825,35564319070.66159,0.0,6103359708.379206,763583915932.5824,21727130701.08343,35586.731531457146,-146214826454.25647,-132377638084.67831
mena,2044,23566126953891.586,270060810.8421053,354542.87177478423,1687705600051.1267,1149659023754.404,367332885183.41486,0.0,28740938215.891712,5168790475.637444,1514523937860.7964,2467971077.0225806,35848.02893363414,173181662190.33032,141972752897.41602
ssa,2044,14120854717355.371,887232303.890238,0.0,1039902269480.9545,518912423890.54266,80204406726.89735,0.0,14224928129.271961,5439895970.115526,599116830617.4401,0.0,9510.217423656746,440785438863.5144,426560510734.24243
us,2045,51149144948266.805,172471346.03777942,18654457.75482574,2004005269243.245,2641917990745.701,297626461803.6465,532366187408.10333,0.0,14485448882.753635,2579310072111.897,360234380437.4514,82546.23351107248,-575304802868.6519,-403172995897.99994
oecd-ex-us,2045,55740225278223.1,343000262.5027183,21986831.508386735,1991830142631.2334,3032318545288.7476,317220451208.08966,382609466552.79926,0.0,12307558774.553753,3073949269531.2036,275589726965.6321,61221.419268890946,-1082119126899.9702,-975099387312.803
china,2045,44621668302227.4,584568485.5277679,0.0,1208418500226.748,2562924803560.816,261686253113.95718,0.0,16553735300.751858,18324530791.13474,2824611056674.773,0.0,40794.10266638937,-1616192556448.025,-1632746291748.7769
india,2045,26798533779720.92,883672277.987911,0.0,1821327662789.7358,1274923966384.0776,373981350938.0951,0.0,55624538224.932686,248426515865.31274,1648905317322.1729,0.0,18316.274042381192,172422345467.563,116797807242.63031
latam,2045,16484098574089.77,304463036.5994938,0.0,830772034729.9205,801498967907.9381,123246792669.81128,0.0,16912390110.026104,4969707426.75074,924745760577.7494,0.0,28090.096326601,-93973725847.82886,-110886115957.85497
seasia,2045,18122272658286.91,349390277.55167794,0.0,938168564732.4877,854188024978.5984,129592736610.73288,0.0,4645581499.682905,6449735331.064934,983780761589.3313,0.0,25961.96578634,-45612196856.84363,-50257778356.526535
russia,2045,13867227350523.71,144737628.0246853,3700482.951773912,615403844960.7029,696865384594.3749,83304570537.9687,37193680377.74273,0.0,6021087426.855122,757220934211.2095,22949020921.134342,36577.15985382762,-141817089250.5066,-127572429793.8982
mena,2045,23699896373426.434,273974965.8243642,349807.0049342926,1679470929103.1367,1159475496767.196,364196500834.81396,0.0,27116398958.84239,5086886992.570858,1521250634087.0173,2421363514.9929466,36841.68644969097,158220295016.1194,128682532542.28404
ssa,2045,14540425942118.416,910016118.9405478,0.0,1047173527736.5524,536659705070.06104,81472406189.45314,0.0,15247358431.233896,5777166717.2359,618132111259.5142,0.0,9970.312923898071,429041416477.0382,413794058045.8043
us,2046,50760394627461.71,174779405.3166188,19525317.75397145,1996450612655.8872,2633259098799.472,294867213281.4236,528685399563.8441,0.0,14239979056.131207,2550181707955.63,377944604125.2666,83798.25851258238,-553731095299.7427,-402990299861.16516
oecd-ex-us,2046,54807707789790.28,338897807.8922362,22949106.51407557,1978269961629.563,2997057852436.995,311565986418.7516,386456112633.0214,0.0,11380276160.313744,3020513887949.4673,288109950906.281,62429.23785253541,-1042243926319.9043,-943897764593.1638
china,2046,43057746622089.82,570612561.8845528,0.0,1190491334685.9236,2500658094533.0884,253062831357.15765,0.0,18749224784.23114,18057135850.981647,2753720925890.246,0.0,41853.00200737502,-1563229591204.3225,-1581978815988.5537
india,2046,26906146043581.19,883671465.1406913,0.0,1804049521311.2295,1282913916737.666,369287893341.2108,0.0,53114681741.46937,8879234369.378536,1652201810078.877,0.0,19018.784879548366,151847711232.35254,98733029490.88318
latam,2046,16371659746013.14,302147653.420404,0.0,817996843610.0419,797870983410.1565,121009782461.1939,0.0,16439616253.009792,4884710437.683282,918880765871.3503,0.0,28980.983561591496,-100883922261.30847,-117323538514.31827
seasia,2046,18069008135643.48,352561292.86100906,0.0,927107958668.0757,853718573138.246,127952532676.47984,0.0,5045672929.148185,6344297432.349473,981671105814.7258,0.0,26817.031377029933,-54563147146.65015,-59608820075.79833
russia,2046,13749667330835.18,144073806.33734143,3897328.1365803946,613977591811.4138,692875206436.5416,82254855633.76598,37849439896.28386,0.0,5743010674.082741,750927131048.0195,24202931022.28794,37588.069492039314,-136949539236.60571,-123303030362.6098
mena,2046,23815276653668.46,274650984.06948215,344790.62438209425,1670622069128.7834,1169247842506.3462,361387050302.6225,0.0,29774498669.37311,5167602591.593091,1528264348697.202,2370544111.766846,37855.814951741886,142357720431.58154,110212677650.44159
ssa,2046,14947016215829.553,932811301.250954,0.0,1053696575376.8727,554490045590.7402,82926744791.05916,0.0,15425205113.223244,5735693829.28222,637416790381.7994,0.0,10447.5954541405,416279784995.07324,400854579881.85
us,2047,50388162214416.82,174330035.95972577,20413313.09968903,1987724885975.5337,2624309416001.855,292131013809.2432,543157880807.86975,0.0,13325249982.765903,2521194942385.5376,395245487425.5597,85069.06304275487,-533470056410.0039,-385557663027.69385
oecd-ex-us,2047,53893879647740.37,341247957.1419201,23875249.224299498,1964305635096.3647,2961758577689.624,305951342564.17474,377741576813.8884,0.0,11834566293.620644,2967177426325.076,300532493928.72595,63656.44684349634,-1002871791228.7114,-925662708343.549
china,2047,41546688034061.44,568578224.2005327,0.0,1171761701177.0293,2438219799474.885,244687977728.31372,0.0,17440022192.404415,17527510190.20747,2682907777203.198,0.0,42932.47208081798,-1511146076026.169,-1528586098218.5732
india,2047,26987377144924.695,883402589.1514548,0.0,1785609983615.4182,1290720791875.422,364953430280.24786,0.0,57013401177.224556,8308741060.988295,1655674222155.67,0.0,19741.502619429262,129935761459.74829,72922360282.52374
latam,2047,16252648897547.236,299765699.7422664,0.0,804839887241.2126,794031240930.8221,118918256214.68098,0.0,15746085309.9552,4844846748.345574,912949497145.5032,0.0,29892.800578146176,-108109609904.29053,-123855695214.24573
seasia,2047,18006006896694.887,350739382.08741486,0.0,915575868678.2822,853007682373.6857,126462289300.84216,0.0,5378881117.840486,6271745165.503477,979469971674.5278,0.0,27692.981831348305,-63894102996.245605,-69272984114.08609
russia,2047,13634944774862.324,143402566.21905735,4088748.8012806345,612791182993.7122,688908437880.5548,81278666688.25656,37326197221.1238,0.0,5347168381.130343,744719784770.8893,25467319797.922188,38619.74944856086,-131928601777.17712,-120069724353.9755
mena,2047,23917207303756.367,275324477.1663991,339600.67474058043,1661065748671.5686,1178727404307.7742,358823249824.46967,0.0,26833441628.712273,5248997177.281981,1535251625143.413,2299028988.8307676,38890.70286402895,125814123528.15552,96681652910.61247
ssa,2047,15428111693224.736,955631114.4991105,0.0,1059471700456.5247,567550798989.147,85414886770.26411,0.0,14242843739.400742,88832306437.4773,652965685759.4111,0.0,10942.493156010009,406506014697.1135,392263170957.71277
us,2048,50009096733514.76,173845649.25150758,21277929.01827026,1977702298140.1345,2615651723792.728,289420210090.159,536122995113.8817,0.0,12181159726.800049,2492316222208.357,412755711674.5294,86358.92876058511,-514613924068.2224,-391246640628.8701
oecd-ex-us,2048,53014104839402.664,337091677.1650183,24811449.74430789,1949744857477.283,2925995943245.393,300338166498.9601,385450336997.1372,0.0,11364106932.264063,2913963980572.715,312370129171.6393,64903.32248876088,-964219123095.4319,-891138915269.934
china,2048,40087080971253.375,554650401.7070957,0.0,1151887248224.513,2375775578631.1123,236595646767.24847,0.0,15420472587.729525,16297386953.506968,2612371225398.361,0.0,44032.797648586326,-1460483977173.848,-1475904449761.5774
india,2048,27045791588346.133,882923636.1881953,0.0,1765940414114.1152,1298009204281.4165,360849651604.9674,0.0,57052221276.19356,8385106469.909818,1658858855886.3838,0.0,20484.797468250978,107081558227.73145,50029336951.53789
latam,2048,16126019698195.123,297306536.05240196,0.0,791243024982.879,789976887467.2756,116963340503.71454,0.0,15655903498.14786,4723907134.138384,906940227970.9902,0.0,30825.865385146346,-115697202988.1112,-131353106486.25906
seasia,2048,17933359947743.062,348841364.8720177,0.0,903505754412.978,852040184986.6067,125110550132.64134,0.0,5303130480.733499,6301162235.18435,977150735119.248,0.0,28590.144258355347,-73644980706.27002,-78948111187.00352
russia,2048,13523387789708.576,142721937.15043578,4273153.976046528,611490819170.6096,684922053458.2952,80340112517.8644,36539041508.86865,0.0,5675320142.920072,738580884995.4812,26681280980.67844,39672.49205842056,-127090065824.87158,-117232305296.68137
mena,2048,24004919752678.348,275992575.9463377,334246.9884711924,1650744073878.5564,1188109793620.391,356556237819.28235,0.0,23514876165.42021,5149282648.529199,1542495904129.3223,2170127310.351445,39946.64195817134,108248169749.23413,82563166273.46248
ssa,2048,15811241081118.025,978341190.9026389,0.0,1064449254838.8435,585295371596.9404,87237313363.04324,0.0,15345286724.817356,6558104739.253587,672532684959.9836,0.0,11455.438316819087,391916569878.85986,376571283154.0425
us,2049,49644846887365.47,173359310.1571601,22145273.341037076,1971774767225.7722,2606495084191.3794,286648657205.7372,543356834250.6189,0.0,13762293771.44171,2463452446444.568,429691294952.54865,87668.14155046945,-491677679218.79565,-378012139920.7254
oecd-ex-us,2049,52154179812744.31,332887322.39291203,25699012.119025163,1941431890124.524,2890312678732.5137,294842063198.192,372675442555.4645,0.0,11122382592.362392,2860867206647.5063,324287535283.2006,66170.14524564594,-919435316522.9824,-871047409250.7185
china,2049,38680934968799.63,540723986.8357428,0.0,1137558072674.8525,2313342457580.515,228767490040.17746,0.0,17177995076.322964,15583867568.41803,2542109947620.6924,0.0,45154.26710505791,-1404551874945.8398,-1421729870022.1628
india,2049,27089398792643.59,882371352.4176309,0.0,1749319642605.135,1304896888753.0374,356975545491.6252,0.0,52288465847.222984,8448461784.18829,1661872434244.6626,0.0,21249.04233336922,87447208360.47241,35158742513.24943
latam,2049,16198150370285.75,294771946.98309535,0.0,779652732177.1672,783597833921.1674,117205179063.55013,0.0,16838689011.71681,210119641909.90332,900803012984.7175,0.0,31780.498910900722,-121150280807.5503,-137988969819.2671
seasia,2049,17852319609623.016,346875619.7002865,0.0,893257429701.7351,850819005447.4071,123887937578.63022,0.0,5732521141.921023,6141696346.171022,974706943026.0374,0.0,29508.848580083053,-81449513324.30225,-87182034466.22327
russia,2049,13414340614350.611,142029788.64910254,4443549.3744938765,611329455206.377,680908546368.7926,79463375655.07924,34585561251.38739,0.0,5409730208.141804,732522486936.5226,27849435087.349785,40746.5930650372,-121193031730.14563,-114456905566.10803
mena,2049,24078695396061.105,276648933.09025484,328700.9890599543,1642736961928.4944,1197310512632.0283,354558825907.34644,0.0,22137437801.375618,5045457795.005499,1549947972142.1152,1921366397.2592225,41023.92742903323,92788989786.37915,68730185587.74432
ssa,2049,16179420146660.193,1000953706.8747731,0.0,1069667382438.8619,603015560141.4589,89197007918.12503,0.0,15937176631.125893,6661427794.014011,692212568059.5839,0.0,11986.867309756126,377454814379.2781,361517637748.15216
us,2050,49293400625184.234,172871629.7156221,23009858.840856608,1970025455118.557,2597453606803.765,283964089574.7526,547960453297.39386,0.0,11985525781.326235,2434820547442.5415,446597148935.97565,88996.99158557889,-464795092323.9846,-363431787962.5664
oecd-ex-us,2050,51347845596178.99,328728052.11297476,26615036.66164789,1939167715429.6365,2854181177918.7,289377945027.65735,387255835721.21545,0.0,10801355230.168665,2808107163952.5293,335451958993.82874,67457.1998475385,-868939448522.8928,-817135571795.5061
china,2050,37338210608361.805,526874821.0882236,0.0,1128332550739.7095,2250868964913.1377,221201997480.2116,0.0,13791017651.099653,14805068866.937456,2472070962393.349,0.0,46297.17255354267,-1343738411653.6396,-1357529429304.7393
india,2050,27112484110609.18,891766250.0355557,0.0,1735641087753.9644,1311670171759.05,353423143598.77167,0.0,55700967767.01039,8238513336.475361,1665093315357.8218,0.0,22034.612850688347,70547772396.14258,14846804629.132187
latam,2050,16063397167231.66,292212730.80436516,0.0,770067910875.7133,779080231970.6501,115477053811.78705,0.0,15121394062.316784,4857565914.94479,894557285782.4373,0.0,32757.025072334047,-124489374906.724,-139610768969.04077
seasia,2050,17766121189447.203,344874419.86169213,0.0,884739218958.19,849362963405.4948,122787764766.09294,0.0,4901842722.120337,6114931759.713236,972150728171.5876,0.0,30449.427595558445,-87411509213.3977,-92313351935.51804
russia,2050,13509895587431.6,141342392.9393778,4611985.074626093,612135355002.9889,675536476148.4843,80805001740.57916,34857157954.60412,0.0,204903938012.47076,727742062101.8945,28599415787.168976,41842.35169724694,-115606707098.90564,-109348964931.47049
mena,2050,24378588722835.99,277285436.6073236,322936.4633942844,1636886771520.111,1199344169927.607,355491701058.3636,0.0,23019572671.47845,240861998912.2288,1553050291532.097,1785579453.8737922,42122.857971771475,83836479988.01416,59031327862.66191
ssa,2050,16532853417712.64,1023461593.1089178,0.0,1075171432054.3793,620720541398.3969,91276726965.16624,0.0,16561441982.688604,6820549344.308968,711997268363.5631,0.0,12537.220537092928,363174163690.81616,346612721708.12756
us,2051,49821364814003.17,172382949.53022864,23873793.85541988,1966710714056.1572,2583141353268.682,289592030958.3434,556950521924.4789,0.0,877036337065.3286,2414896066715.987,457837317511.0382,90345.77339218327,-448185352659.8296,-349072148246.3889
oecd-ex-us,2051,50578405610233.766,324569729.4606289,27516826.528104212,1935544677724.0728,2818679310669.3813,284106440306.5235,386987131447.7019,0.0,10813955858.873396,2755894733554.913,346891017420.9912,68764.77537051654,-820350055830.8403,-780253941804.1296
china,2051,36050234762186.52,513045307.8736214,0.0,1116477338802.7156,2188760864031.2795,213944379556.99783,0.0,15618188997.542288,13870247607.819973,2402705243588.2773,0.0,47461.80988369256,-1286227904785.5618,-1301846093783.104
india,2051,27115062949694.668,890838633.9295166,0.0,1720634208414.5557,1318039346579.0613,350124920123.347,0.0,58272763002.82821,8381660376.154021,1668164266702.4082,0.0,22841.88741547334,52469941712.14746,-5802821290.680748
latam,2051,15923945278264.06,289594232.4043929,0.0,759962877195.2439,774480815782.6986,113902629752.10953,0.0,15797343112.08342,4766022484.049363,888383445534.8081,0.0,33755.77084613456,-128420568339.56421,-144217911451.64764
seasia,2051,17881831242856.52,342803275.65263176,0.0,875381496600.6498,844690772420.3834,123994572969.69362,0.0,6104605053.138001,215118507251.87604,968685345390.077,0.0,31412.217047066246,-93303848789.42725,-99408453842.56525
russia,2051,13411467263761.123,140658250.23631647,4780023.444476077,612316746950.0356,671597134268.159,80011605840.14836,35233020474.81609,0.0,5630649012.973343,721987128482.766,29621611625.541027,42960.07074751609,-109670381532.73035,-104058972683.45528
mena,2051,24426421583915.875,277881862.507601,316941.3213605413,1629808541156.653,1208262553435.9507,354050906639.22675,0.0,25034352620.3489,5372132618.770288,1560646533730.626,1666926344.5514934,43243.73586005359,69162007426.0271,42460728461.12671
ssa,2051,16874358071925.598,1045958824.7178938,0.0,1079935427490.8387,638397293932.2216,93453506684.51645,0.0,13679237901.773632,7099265240.637823,731850800616.738,0.0,13106.942376581273,348084626874.1007,334405388972.3271
us,2052,49484374751061.0,171864374.83395624,24710458.76260383,1961503239390.7725,2574467340921.6426,286985702589.20483,548881503208.52814,0.0,14078237969.386316,2387201105100.1387,474251938410.7074,91714.78591494045,-425697865709.3662,-351068300911.5455
oecd-ex-us,2052,49843780129172.336,320410685.5029059,28405424.938079335,1930090427985.4136,2783277386930.2114,278949644251.7608,387228376575.3888,0.0,10282745559.760138,2704220593661.6387,358006437520.33405,70093.1653008658,-774130165676.2251,-744908226621.1704
china,2052,35565400035568.93,499232581.9082119,0.0,1101568215674.2485,2136267520826.289,215496668548.38422,0.0,17275368321.151783,782636615403.968,2351764189374.6733,0.0,48648.478849898616,-1250195973700.4248,-1267471342021.5767
india,2052,27103899973020.316,889852555.6897023,0.0,1704452590737.5308,1323995786334.7065,347054230692.4974,0.0,52808212169.9755,8242661785.306243,1671050017027.2039,0.0,23671.247216544125,33402573710.326904,-19405638459.648598
latam,2052,15780676908972.443,286929297.605913,0.0,749301656296.9672,769672786042.9231,112446319183.36797,0.0,15207473692.57304,4756553330.278014,882119105226.291,0.0,34777.06634183235,-132817448929.32385,-148024922621.89688
seasia,2052,17780955005335.44,340668998.9013894,0.0,865114060489.1538,842861813467.0695,123125477540.84007,0.0,6248907124.143656,6245900121.804719,965987291007.9095,0.0,32397.555688620294,-100873230518.75574,-107122137642.8994
russia,2052,13319853445910.715,139987723.366928,4961457.696855166,611780641670.3569,667701677254.9521,79264862322.3917,37988605911.01934,0.0,5583474145.565841,716337598603.308,30628940974.03556,44100.05665133066,-104556956932.95105,-97197291995.96727
mena,2052,24456973142516.766,278429139.92850935,310726.80534952856,1621331498053.7957,1216474052540.7617,352812434182.03064,0.0,27052118011.431896,5558665281.310246,1568165028429.0027,1121458293.7895193,44386.86702543747,53166469624.79297,24992893319.571552
ssa,2052,17198227640357.416,1073240746.7005199,0.0,1083957176870.9565,656151633508.0609,95724830789.2714,0.0,15432589101.047176,7221444959.241285,751876464297.3323,0.0,13696.481131199938,332080712573.62427,316648123472.5771
us,2053,49156026374322.72,171337565.65111297,25544399.522664007,1954214641249.3662,2565395415319.187,284272531912.8302,554187311731.4001,0.0,12917617512.980263,2359764147843.245,489903799388.7727,93104.33258316491,-405549506593.8789,-341265994251.25146
oecd-ex-us,2053,50099443896897.414,316209043.04050136,29242407.585746188,1922405908590.3242,2751191002030.2285,283585005260.8655,376085460281.42944,0.0,991948406144.4116,2670188357925.6743,364587649365.4179,71442.66760350799,-747782449335.3501,-736284638419.3386
china,2053,34364897895164.727,485474601.49230427,0.0,1083592337102.7572,2075121305611.08,208580936393.06247,0.0,14048873373.011885,13656637870.173077,2283702242004.1426,0.0,49857.483150675725,-1200109904901.3853,-1214158778274.3972
india,2053,27073260124239.168,888699613.3694351,0.0,1687138801459.656,1329839603112.0725,344249598863.46893,0.0,51803172112.391785,8113723847.145697,1674089201975.5415,0.0,24523.07627383923,13049599484.114502,-38753572628.27728
latam,2053,15631743555642.44,284199494.6339165,0.0,738063693605.3679,764698946093.077,111104503511.5407,0.0,15725877036.089947,4532279705.338431,875803449604.6177,0.0,35821.244876781,-137739755999.24976,-153465633035.3397
seasia,2053,17672795997160.266,338481310.8000581,0.0,853922540659.7667,840801560367.396,122338622132.67201,0.0,5199916805.076219,6258550470.214796,963140182500.068,0.0,33405.785356613196,-109217641840.30127,-114417558645.37749
russia,2053,13226119534539.205,139280942.69331473,5110548.623010065,610366130862.1494,663911390086.5083,78569249109.8275,32941248075.527042,0.0,5439348887.147699,710765239485.5621,31715399710.773552,45262.61956775428,-100399108623.41272,-99173260258.65924
mena,2053,24477044187702.63,278989409.9293412,304425.95367557165,1611426652636.9255,1224098236469.9646,351731180562.9849,0.0,20773860676.758713,5247670258.644711,1575512445413.2693,316971619.6805997,45552.56113790504,35914207223.65625,14823374927.216938
ssa,2053,17504571227751.207,1095277290.9968364,0.0,1087182773319.0428,673776510900.7444,98037069898.25969,0.0,16447599363.37918,7421994237.129322,771813580799.004,0.0,14306.28898240429,315369192520.0388,298921593156.65967
us,2054,48813035404287.88,170756971.4810212,26327016.57318292,1948666330265.1604,2556311487188.9507,281554968148.57697,533525745798.13995,0.0,12683409239.389439,2332506892122.461,505359563215.06476,94514.72137809041,-383840561857.30054,-355674379274.22534
oecd-ex-us,2054,49412601193023.01,312020394.19720554,30075579.13831396,1917055480056.0803,2716017265628.9126,278504230222.7204,379892864321.3022,0.0,10730447599.874403,2620022474837.1074,374499021014.5284,72813.58479135598,-702966994781.0271,-697573151474.2533
china,2054,33216468964443.14,471764922.8646147,0.0,1067070283581.5977,2014173732311.4543,201885430699.56293,0.0,12714268655.895746,13274217363.760105,2216059163011.017,0.0,51089.130509036084,-1148988879429.4194,-1161703148085.3152
india,2054,27292672809647.13,887372481.3294384,0.0,1671458397608.306,1328098726137.4932,344298483304.41254,0.0,52565761210.60737,272917258452.1523,1672397209441.9058,0.0,25397.76147933236,-938811833.5998535,-53504573044.20722
latam,2054,15479339670877.268,285879484.67186546,0.0,727918336772.4983,759489817113.7859,109852823212.2829,0.0,15381621033.26211,4402039821.662826,869342640326.0688,0.0,36888.643053015316,-141424303553.57056,-156805924586.83267
seasia,2054,17556158271071.424,336219187.5464514,0.0,843488746368.9935,838538891386.2523,121622952443.32016,0.0,6117700424.101403,6153071795.831355,960161843829.5725,0.0,34437.25104261359,-116673097460.57898,-122790797884.68039
russia,2054,13136320611921.945,138572478.69487438,5261674.417838404,608997020083.1763,659941097726.1259,77874210687.08125,33776843726.46979,0.0,5242521986.3015785,705236744421.446,32578563991.76087,46448.073461147105,-96239724338.26978,-95041444603.56085
mena,2054,24476120200388.2,279502133.0885864,297937.2526572672,1602358722576.665,1236236567007.6414,350738423060.6818,0.0,21769512061.716766,5461792238.938114,1586957558441.3906,17431626.932622112,46741.13168754314,15401164135.274414,-6385779553.374974
ssa,2054,17795923808413.676,1117143855.793362,0.0,1090448571341.7285,691264549652.9589,100365287361.82843,0.0,15117136503.259876,7650982838.79148,791629837014.7874,0.0,14936.821947020975,298818734326.94116,283701597823.6813
us,2055,48471145578705.734,170148014.24280536,27080693.42619591,1944695236653.3647,2546351177758.0845,278623535362.6231,524998824864.691,0.0,13390826020.473326,2305476797737.351,519497915383.35535,95946.26490114183,-360781561083.9863,-355280651602.6507
oecd-ex-us,2055,48753401344188.28,307815686.74872917,30868664.497950096,1913895777494.337,2681060445324.322,273583133247.7438,371021765508.08636,0.0,10526186734.864439,2570382797202.316,384260781369.7501,74206.22399561237,-656487019707.979,-669726035569.6428
china,2055,32118568265710.984,458093603.6706607,0.0,1051797361722.8972,1953374089114.7246,195379852143.3259,0.0,13555196733.54594,12611077536.521229,2148753941258.0505,0.0,52343.732753853445,-1096956579535.1533,-1110511776268.6992
india,2055,27233826166644.934,885952816.3855319,0.0,1657443487008.4917,1333093875743.609,341823472691.2211,0.0,49999627020.61027,8626845444.757496,1674917348434.83,0.0,26295.69264128282,-17473861426.33838,-67473488446.94865
latam,2055,15324767272531.273,283073699.4892062,0.0,718903854904.844,754110098945.3423,108690977637.71059,0.0,15090633306.984583,4415456639.191169,862801076583.0529,0.0,37979.6008359586,-143897221678.20886,-158987854985.19345
seasia,2055,17433012738002.986,333903636.643887,0.0,833859295415.7533,836000891973.1132,120959653243.42455,0.0,6065163467.225156,6020880199.583675,956960545216.5377,0.0,35492.30096828057,-123101249800.78442,-129166413268.00958
russia,2055,13048689719184.95,139999597.4710503,5402712.946688829,607680726580.6384,655983025532.7657,77202091604.95673,32563671933.643517,0.0,5309825886.432627,699742120627.5369,33442996510.18577,47656.73618403935,-92061394046.89844,-92940718623.44069
mena,2055,24452520313105.473,283065288.19931346,291250.8678614543,1594025984214.4646,1249227914653.5198,349677727926.74286,0.0,24198146258.15979,5477917341.242461,1598905642580.2627,0.0,47952.896067365655,-4879658365.798096,-29077804623.957886
ssa,2055,18071950127605.945,1138815390.7552452,0.0,1093817095188.0863,708701193423.0524,102703536016.75308,0.0,14107540463.876917,7721493907.865044,811404729439.8054,0.0,15588.539837920822,282412365748.2809,268304825284.40396
us,2056,48142880106944.67,169535225.1106888,27832827.737766955,1938563866202.359,2534909359610.249,275608514748.87213,531417484692.8643,0.0,12271051702.841484,2278761142146.464,531756732212.6557,97399.28044323107,-340197275944.105,-340536523463.89636
oecd-ex-us,2056,48123589713738.56,303603382.9363633,31634667.22243494,1907917606364.8901,2645867103690.8486,268691143320.74258,366796530974.0695,0.0,10032479222.90255,2521361353929.4517,393196893082.1391,75620.897037027,-613443747564.5615,-639844109672.6311
china,2056,31069077057654.836,444458780.0214498,0.0,1033239412420.8545,1892676406646.135,189018846011.37274,0.0,14021747317.772823,12986379498.298567,2081695252657.5078,0.0,53621.60590222103,-1048455840236.6533,-1062477587554.4261
india,2056,27153444752913.34,884391580.6990818,0.0,1642356883178.5715,1342996783081.4485,339406190622.5305,0.0,48978410578.709015,8643087372.513731,1682402973703.979,0.0,27217.262531797656,-40046090525.40747,-89024501104.11649
latam,2056,15167145997498.06,280223682.83611184,0.0,709341506807.0989,748584893475.0908,107614608756.03323,0.0,15150655770.515469,4387376161.33344,856199502231.124,0.0,39094.46163495332,-146857995424.02515,-162008651194.54062
seasia,2056,17303219980330.334,331531884.5985947,0.0,823412652351.3611,833246390530.1016,120338906342.54651,0.0,5807811366.513491,6187698215.139763,953585296872.6481,0.0,36571.286662365186,-130172644521.28699,-135980455887.80048
russia,2056,12965744179646.168,139285324.9029775,5554578.410970414,605396797517.9305,651804321590.7175,76543768234.76299,34943535413.52118,0.0,5062217355.2687435,694289579224.7961,34058510600.683792,48888.929561153695,-88892781706.8656,-88007756894.02821
mena,2056,24408094702538.152,283481863.1105354,284417.6031691165,1584152438369.6272,1261742437186.3005,348501433034.2028,0.0,23830588542.92352,5496409826.480507,1610243870220.5034,0.0,49188.17565727204,-26091431850.87622,-49922020393.79974
ssa,2056,18330784497908.848,1160192835.1908016,0.0,1096449859712.0415,726053382737.7495,105018211415.53697,0.0,14547967964.78558,8004072708.935732,831071594153.2865,0.0,16261.906228593742,265378265558.755,250830297593.96942
us,2057,47850218811910.055,171669579.86122975,28609443.722858913,1930684810815.1536,2514109702260.458,272737829748.96716,552109183197.4237,0.0,11392242962.207024,2252301228459.26,534546303550.1679,98874.09005509256,-321616417644.1062,-304053537996.8504
oecd-ex-us,2057,47532671748186.02,299397159.10352504,32391384.098804083,1899218983438.4053,2604774354184.94,263992654408.02267,368999700018.2599,0.0,9630359583.795696,2472906474520.6143,395860534072.34924,77057.92049813074,-573687491082.209,-600548325136.2983
china,2057,30065791113147.746,442575743.72942746,0.0,1011499358653.0471,1832024886888.045,182800518905.90762,0.0,11727984832.610899,11768087466.436369,2014825405793.9526,0.0,54923.070242806665,-1003326047140.9055,-1015054031973.5164
india,2057,27049910986961.39,882664366.5408419,0.0,1626238080222.0073,1353410156442.6553,336945586473.43274,0.0,48365310115.33088,8949206857.45889,1690355742916.088,0.0,28162.86693768108,-64117662694.08057,-112482972809.41144
latam,2057,15005863759248.988,277325359.77513635,0.0,699224496991.5192,742883174481.9701,106608289831.83194,0.0,15262003853.76887,4246732926.971552,849491464313.802,0.0,40233.572385589876,-150266967322.28284,-165528971176.0517
seasia,2057,17166527871324.945,333927899.4377878,0.0,812167553212.4248,830264494181.9559,119742429648.26855,0.0,5084607770.4177475,6231869382.833823,950006923830.2245,0.0,37674.56303976907,-137839370617.79968,-142923978388.21744
russia,2057,12885242360301.613,138558498.21985886,5705438.337334211,602173669390.4243,647074035033.6586,75917563382.3341,35319398345.63845,0.0,4996711335.359557,688844475289.128,34147123126.864403,50144.97947457216,-86670805898.70374,-85498530679.92969
mena,2057,24337260032635.934,283834410.4109486,277427.26948072284,1572797917495.5085,1277066924369.691,347138392347.09393,0.0,24948840290.882256,5521569609.93109,1624205316716.785,0.0,50447.295909138105,-51407399221.27637,-76356239512.15863
ssa,2057,18700799010808.633,1181193555.952438,0.0,1098352049430.1006,736497386921.3635,108515216356.64563,0.0,16081668936.489637,132756735684.18922,845012603278.0092,0.0,16957.388421739994,253339446152.09143,237257777215.6018
us,2058,47586994522407.76,171084941.45110923,29397063.16385306,1921195588288.5425,2491841596495.031,270155381310.6746,565852937110.9553,0.0,11724162903.925652,2226051669848.499,535945307957.2064,100371.02061867379,-304856081559.95654,-274948452406.20764
oecd-ex-us,2058,46990372908940.0,295213228.37386954,33158550.379984602,1887969825275.3262,2558297058640.1875,259630543600.58478,378344903524.8497,0.0,9314034194.616016,2424972795917.839,392954806322.9346,78517.6157964613,-537002970642.5127,-551612873440.5977
china,2058,29102128229021.676,429027326.95943403,0.0,986670519157.967,1771524989815.1501,176732037651.82843,0.0,13107526435.20168,11031150618.135546,1948257027466.9785,0.0,56248.450420209425,-961586508309.0115,-974694034744.2131
india,2058,26920415107462.12,880712876.7976357,0.0,1609092100877.5334,1363281512250.328,334398546127.86523,0.0,49758443360.34681,8850521361.742054,1697680058378.193,0.0,29132.904714544275,-88587957500.65967,-138346400861.00647
latam,2058,14841688435931.64,274389953.9968505,0.0,688576210382.2992,736986190666.1802,105656656906.55766,0.0,14326950993.880219,4218264866.971898,842642847572.7378,0.0,41397.28363380884,-154066637190.4386,-168393588184.31882
seasia,2058,17021395850771.268,331439113.26465416,0.0,800187957720.0958,827059377221.0367,119162954905.0119,0.0,5094887773.992408,5997241626.272336,946222332126.0486,0.0,38802.488482630935,-146034374405.95276,-151129262179.94516
russia,2058,12803793146209.072,137800548.25495985,5840733.65211397,597976763787.8676,642293735827.6605,75298200112.51152,33200653390.349266,0.0,4965304669.430596,683377059108.4148,34214876831.75706,51425.215950043705,-85400295320.54724,-86414518761.95503
mena,2058,24237029720605.832,284134816.3862938,270319.8182796811,1560010110618.7046,1296475571828.9197,345462283248.8885,0.0,23860536653.335674,5557969082.333998,1641937855077.808,0.0,51730.586433036086,-81927744459.10352,-105788281112.4392
ssa,2058,18929247627459.992,1201841199.6825185,0.0,1099540811315.1592,753213038668.7559,110759426071.36559,0.0,16041344937.414667,8921615013.723282,863972464740.1215,0.0,17675.45742198309,235568346575.03772,219527001637.62305
us,2059,47321944898637.91,170451205.9307546,30143935.76142508,1909774154612.958,2469687961370.34,267814446028.77966,551874128233.2782,0.0,10804500783.029491,2200007251381.396,537495156017.7227,101890.40391959701,-290233096768.438,-275854124552.8825
oecd-ex-us,2059,46473070376501.44,290991759.12759423,33879980.45309968,1874081159180.2656,2512537806636.6934,255687677972.1446,367931343191.5985,0.0,8910449798.371061,2377520295135.7764,390705189473.06104,80000.30925879869,-503439135955.51074,-526212982236.97327
china,2059,28177168379245.62,415510801.03651696,0.0,959120606880.0621,1710925094383.9724,170815337276.5016,0.0,12429551092.143663,10089526096.51051,1881740431660.474,0.0,57598.07552032315,-922619824780.412,-935049375872.5557
india,2059,26761827471138.4,888348856.9934579,0.0,1590939761848.144,1373456691956.7056,331684244346.10754,0.0,53138875823.0275,8752413953.973906,1705140936302.813,0.0,30127.777844146694,-114201174454.66895,-167340050277.69644
latam,2059,14870931021725.922,271392779.7641976,0.0,677454817871.1625,729448670780.589,106709623858.73381,0.0,15184069547.443645,203130132109.88364,836158294639.3228,0.0,42585.949621752676,-158703476768.16028,-173887546315.6039
seasia,2059,16867545335860.902,328870869.2182342,0.0,787566721420.5537,823571224345.4796,118574095153.77426,0.0,5402337244.631081,6130420412.956516,942145319499.2539,0.0,39955.42492341192,-154578598078.7002,-159980935323.33127
russia,2059,12723756618566.5,137026980.26978618,5979996.704626689,592821802266.8973,637365740553.6201,74698422164.60295,34453904567.082855,0.0,4751928241.6624,677863562134.3419,34200600583.88105,52729.97324442975,-85041759867.44458,-84788455884.24277
mena,2059,24113352329109.473,284380302.0668942,263111.9548385601,1545862521259.7996,1309630796199.8625,343516720372.29974,0.0,22273179495.53206,5880783311.54397,1653147516572.1624,0.0,53038.38108458171,-107284995312.3628,-129558174807.89485
ssa,2059,19143026359286.76,1222233964.7632217,0.0,1100041035996.2263,769723458953.2576,112905954140.88591,0.0,12730403093.272629,9097512017.959444,882629413094.1434,0.0,18416.58791280044,217411622902.0829,204681219808.81024
us,2060,47055729081921.68,169766188.548916,30849436.098735813,1896424100767.9326,2447226391884.067,265579777242.5572,537694644039.9336,0.0,12471607602.532608,2174070312399.0842,538735856727.54205,103432.57672070769,-277646211631.1516,-278687424318.7601
oecd-ex-us,2060,45989983294776.41,293166901.9550301,34589396.58227786,1857643926804.9248,2466918035399.2974,251986291244.73807,369540743203.6682,0.0,8632574910.437115,2330481334322.299,388422992321.7345,81506.33219642733,-472837407517.374,-491719656635.4403
china,2060,27288313293704.95,402015453.35897774,0.0,929272974022.8884,1650320527784.2212,165055971377.79263,0.0,12677003335.624376,9925442934.052122,1815376499162.014,0.0,58972.279156712764,-886103525139.1255,-898780528474.7499
india,2060,26570368204819.938,885978408.6134934,0.0,1571816448851.767,1393829146858.363,328548239820.78534,0.0,49782057083.12736,8883728592.053968,1722377386679.1484,0.0,31147.89149493792,-150560937827.38135,-200342994910.5087
latam,2060,14695621692488.062,268342442.51458135,0.0,665926198622.1228,724583950451.8921,105775610252.42169,0.0,15112717172.886963,4236750017.214207,830359560704.3137,0.0,43799.92837534408,-164433362082.19092,-179546079255.07788
seasia,2060,16702030078155.785,326222929.91241086,0.0,774394449388.6713,822462180318.7947,117872460090.5809,0.0,5489690969.969496,5914624285.553663,940334640409.3756,0.0,41133.737929951545,-165940191020.70435,-171429881990.67383
russia,2060,12830819625971.812,136249301.99346623,6138033.307672784,586813731876.1953,632184813581.0717,76153293738.60808,38443386431.296555,0.0,190143996417.50323,673949764355.8138,34388342963.865654,54059.58993428599,-87136032479.61853,-83080989012.18762
mena,2060,23977359387971.773,284570678.29932594,255820.67170810583,1530498433793.0837,1310691464676.9668,341390546110.2698,0.0,19994214337.79744,5584850194.245413,1652082010787.2366,0.0,54371.018053407126,-121583576994.15283,-141577791331.95026
ssa,2060,19337031250759.86,1242131073.5044355,0.0,1099849965554.7798,786114086842.7386,114931621232.43532,0.0,14331088820.675827,9531722814.17413,901045708075.174,0.0,19181.258237758997,198804257479.60583,184473168658.93
us,2061,46814053036818.086,169083897.0021882,31569055.15246765,1881764788634.1343,2424404981339.1514,263464861459.58667,553660971716.135,0.0,10768037344.87404,2148430239593.8086,539439603204.9284,104997.88083672643,-266665450959.67432,-252444082448.4677
oecd-ex-us,2061,45541737840331.68,288944250.0121559,35296639.092200294,1839021494326.086,2421737407889.238,248612101561.17383,374781809557.5423,0.0,8300751122.013678,2283801364379.188,386548145071.22394,83036.0209814421,-444779870053.10205,-456546205566.7837
china,2061,26435179584029.64,388559914.50077516,0.0,897504278837.338,1589638505781.4968,159469841723.81662,0.0,11214941737.634052,9685300730.336117,1749108347505.3135,0.0,60371.39955800997,-851604068667.9755,-862819010405.6095
india,2061,26342821937986.63,883322526.0390453,0.0,1551792281801.249,1411646866815.4358,324993832495.84357,0.0,52024257006.2207,9326407682.929333,1736640699311.2793,0.0,32193.654085767605,-184848417510.03027,-236872674516.25098
latam,2061,14513564807419.453,265246635.8131444,0.0,654078043341.3945,721044876989.3181,104752268841.9749,0.0,14396593510.71894,4058810932.0146093,825797145831.293,0.0,45039.58179356868,-171719102489.89844,-186115696000.61737
seasia,2061,16524671387378.836,323493303.76216376,0.0,760766101639.502,821582767536.309,117005413306.70354,0.0,5577982266.137382,6041370692.699315,938588180843.0125,0.0,42337.796792466674,-177822079203.5105,-183400061469.6479
russia,2061,12747483121148.467,135420591.9113777,6271241.874885319,579945761353.5615,627368728230.3195,75554084015.01665,34791753502.02651,0.0,4848792566.396864,668329222529.9446,34593589715.3914,55414.4090055795,-88383461176.38306,-88185297389.74796
mena,2061,24116075607316.164,284634367.47523206,248370.52566101425,1514004750003.469,1305096314967.816,342271396946.825,0.0,25051285772.84866,297130467028.4138,1647367711914.6409,0.0,55728.83995275932,-133362961911.17188,-158414247684.02054
ssa,2061,19512214849250.312,1261632661.6698556,0.0,1098994422659.7405,803920425876.8644,116723829696.64345,0.0,12710647246.22159,9544078650.444086,920644255573.5078,0.0,19969.95038613435,178350167086.23267,165639519840.01108
us,2062,46581803625053.984,168205657.6113551,32104592.475915913,1866216684974.8188,2402218530771.517,261544052121.31094,554826090712.9363,0.0,10470395440.983946,2123151211018.6501,540611371874.1763,106586.66321002076,-256934526043.8313,-242719807205.0713
oecd-ex-us,2062,45116774639635.72,284496475.11125815,35777620.89940517,1818393391486.4104,2378644233671.5796,245540799559.9684,372847460842.18024,0.0,7980980207.007844,2239046056032.7095,385138977198.837,84589.71712411611,-420652664546.2991,-432944180902.9558
china,2062,26150581788645.33,375135507.4644503,0.0,864206830073.7277,1546006781109.02,160527489487.86414,0.0,10873917886.044273,568603563024.8562,1706534270596.8843,0.0,61795.77965633607,-842327440523.1566,-853201358409.2009
india,2062,26114446945112.7,880550661.1756384,0.0,1531132710319.3784,1401175775211.141,321345269793.4761,0.0,46002080562.94591,9015422374.251123,1722521045004.6172,0.0,33265.47735272943,-191388334685.23877,-237390415248.1847
latam,2062,14324334737431.371,262093201.1424741,0.0,641996170684.3462,717213203439.1499,103628564914.60452,0.0,14568059764.95345,4183587446.2831154,820841768353.7544,0.0,46305.27573944089,-178845597669.4082,-193413657434.36166
seasia,2062,16553965447479.771,320673570.43455935,0.0,746785036145.2048,816130998048.589,118309488836.60768,0.0,6216115500.169675,223165626341.1014,934440486885.1967,0.0,43567.9746124665,-187655450739.99182,-193871566240.1615
russia,2062,12664489783174.691,134555261.1096223,6396814.466524073,572307981469.5778,622555808340.7125,74910376829.31223,37419079748.410995,0.0,4745785978.253841,662754026827.1814,34712158342.84372,56794.77794454128,-90446045357.60364,-87739123952.03636
mena,2062,23950270254856.715,284609776.79980147,226262.56924749073,1496552181387.1455,1305060233775.9077,339631048344.2786,0.0,23766198650.786682,6099946924.367282,1644691282120.1863,0.0,57112.193910224676,-148139100733.04077,-171905299383.82745
ssa,2062,19663862200639.12,1285434822.7603912,0.0,1097492849677.5828,821586885958.7821,118269873487.73497,0.0,15577897675.141542,9589158832.87729,939856759446.5171,0.0,20783.149982983297,157636090231.06567,142058192555.92413
us,2063,47129579378287.016,167300853.66877013,32625797.151101254,1849859998062.0972,2385681715810.872,267180886725.61014,556591076234.9672,0.0,794187281472.4181,2108804887512.9072,544057715023.5753,108199.27598751363,-258944889450.81006,-246411528239.4182
oecd-ex-us,2063,44721550118779.9,280056337.16038585,36266139.81843727,1796037369172.351,2335812167038.6626,242732611801.36978,379499559715.58514,0.0,7783329096.287368,2194701923096.1243,383842855743.909,86167.76735134819,-398664553923.7732,-403007849952.09705
china,2063,25335363648848.836,361750805.10408926,0.0,829614063418.6841,1489064348912.6042,155051657649.38043,0.0,9687140995.172983,8970944341.984325,1644116006561.9846,0.0,63245.7671767599,-814501943143.3005,-824189084138.4735
india,2063,25877565851274.633,877500932.2125123,0.0,1509961554327.7603,1391033913830.3225,317676823894.44867,0.0,47172868569.81268,9040958128.766876,1708710737724.7712,0.0,34363.77641910372,-198749183397.011,-245922051966.82367
latam,2063,14128028662236.12,258883223.65417168,0.0,629744423735.9075,713044726202.3081,102399216587.66815,0.0,14669889188.52103,4063333047.3330793,815443942789.9763,0.0,47597.380132632774,-185699519054.06885,-200369408242.58987
seasia,2063,16355779533828.182,317782650.3634318,0.0,732594883140.2117,814374705355.8887,117142499916.62383,0.0,5507985954.94221,6244394435.654465,931517205272.5125,0.0,44824.64839355761,-198922322132.30078,-204430308087.24298
russia,2063,12576205155731.785,133641848.82096179,6505283.528570312,564046419724.0701,617680186922.2327,74259217548.8166,34857906604.14453,0.0,4750450699.938963,657021429362.5203,34917975108.528854,58201.04882965528,-92975009638.4502,-93035078142.83452
mena,2063,23779506472031.887,284526713.57474345,211526.19906322466,1478387651872.7473,1296939709876.3147,336861592426.2875,0.0,21334794415.01696,5984662020.044167,1633801302302.602,0.0,58521.43165958126,-155413650429.85474,-176748444844.8717
ssa,2063,19795279660645.355,1303807510.0376217,0.0,1095344327716.3617,838741306265.9391,119513293405.12625,0.0,15498494832.445213,9826226793.382463,958254599671.0653,0.0,21621.346283731466,137089728045.29639,121591233212.85117
us,2064,46888668091678.96,166091141.45280483,32854533.41197643,1832807398472.0933,2363467368030.3833,265292910402.36667,544456718401.97314,0.0,10584874950.656889,2083841194775.929,544919083656.82404,109836.07659874536,-251033796303.8357,-251496161558.68658
oecd-ex-us,2064,44337706907041.16,275184696.8556359,36323553.26949935,1772229034978.2593,2293207216933.424,240237272478.1303,369886138286.2181,0.0,7486104408.3106365,2150605952693.016,382838536718.5396,87770.52368620806,-378376917714.75684,-391329316147.07837
china,2064,24541918542864.945,348370675.50125796,0.0,794080672144.9315,1433433501927.6992,149770675754.9661,0.0,12072173408.470676,7750572962.311224,1583204177682.6653,0.0,64721.71472780017,-789123505537.7338,-801195678946.2045
india,2064,25951329269694.973,874251241.822582,0.0,1488294901115.26,1377139657276.0017,317285866070.99506,0.0,44977393960.42073,324871434612.50275,1694425523346.9968,0.0,35488.96986836225,-206130622231.73682,-251108016192.15753
latam,2064,13922020333554.611,255623812.36696792,0.0,617385480692.8348,712065916459.7795,101005078534.66362,0.0,14304282575.184933,3981468195.2891726,813070994994.4431,0.0,48916.26904374654,-195685514301.60828,-209989796876.7932
seasia,2064,16144677977071.074,314813853.2972275,0.0,718330832990.9642,814631969663.6819,115757522357.17236,0.0,5279067333.24848,6236169606.02833,930389492020.8542,0.0,46108.19913411375,-212058659029.89,-217337726363.1385
russia,2064,12484000698186.264,132624344.45810062,6542315.14450181,555280210642.796,612505466856.4314,73594595992.87917,34122073851.02446,0.0,4493320809.959609,651128370380.4402,34971692468.870705,59633.57842478583,-95848159737.64417,-96697778355.49042
mena,2064,23602772629236.023,284273587.15737116,116437.28299058256,1459706483757.4573,1287262502990.1973,334001720170.12885,0.0,21179649490.362072,6003546097.370855,1621264223160.3262,0.0,59956.90963378121,-161557739402.8689,-182737388893.23096
ssa,2064,19907842452948.918,1321656497.6758254,0.0,1092634484035.1488,855452003969.0399,120434998013.61572,0.0,14690374147.866867,10505684398.950201,975887001982.6556,0.0,22485.03217332957,116747482052.49316,102057107904.6263
us,2065,46663509326577.37,164708652.0744406,32922754.95099312,1815306200161.4546,2340618026585.094,263564039303.86984,553427684400.9039,0.0,10289416225.03201,2058917194751.3918,545264871137.57477,111497.4278351071,-243610994589.93726,-235448181326.6081
oecd-ex-us,2065,43970097379303.0,270064697.71252584,36132838.758376025,1747245121564.144,2252176229508.606,238028342658.31372,368163705689.9106,0.0,7186217174.72209,2108596002152.0696,381608570014.8502,89398.34352859801,-361350880587.92554,-374795744912.8652
china,2065,23776113730057.62,335054287.9025493,0.0,758175064111.3395,1377449200496.46,144681762082.50647,0.0,9539266462.973557,7690352123.28013,1522130962578.9663,0.0,66223.97989298165,-763955898467.6268,-773495164930.6003
india,2065,25703832814127.656,870747716.9736885,0.0,1466299388128.769,1364582157047.8108,313516330421.07367,0.0,44561247623.844376,8863891396.635212,1678098487468.8845,0.0,36641.479820197834,-211799099340.11548,-256360346963.95984
latam,2065,13702597642686.223,256652213.38065225,0.0,604975738013.5164,714395244901.5344,99376757069.80214,0.0,14618302879.589327,3991875969.020686,813772001971.3365,0.0,50262.32079021263,-208796263957.8202,-223414566837.40952
seasia,2065,15915360222464.268,311745361.516082,0.0,704094311616.2725,819135510776.8314,114051749697.29858,0.0,6546390853.691685,6321585104.752746,933187260474.13,0.0,47419.01192178601,-229092948857.85754,-235639339711.54922
russia,2065,12387690874919.086,133766264.25280434,6653705.877708746,546221721853.76935,607131187814.6187,72906734192.53568,32901662355.381752,0.0,4604714530.836118,645040992707.5701,34996929299.584236,61092.72827344632,-98819270853.80072,-100914537798.0032
mena,2065,23419951399855.566,283933575.9653446,26210.54234306378,1440711615245.0496,1277321877229.252,331008730930.44794,0.0,21150091155.42096,5947854689.613552,1608330608159.7,0.0,61418.98905906667,-167618992914.6504,-188769084070.07135
ssa,2065,20002126840906.277,1338930463.7390137,0.0,1089441037418.005,870249982845.5459,121104669114.28664,0.0,14455406140.692375,10653408639.855001,991354651959.8325,0.0,23374.704170024008,98086385458.17249,83630979317.4801
us,2066,46444419798759.71,163323185.48888758,32999229.40631841,1797942319360.7905,2329544779100.2603,261892574666.08878,564449293761.6909,0.0,9956212826.152472,2045639205872.8103,545798147893.53845,113183.69793026232,-247696886512.01978,-229045740643.8673
oecd-ex-us,2066,44337155654733.96,264975452.60162845,35971761.20026934,1721591044990.5652,2237800317269.543,242768669716.98737,374360266604.1035,0.0,751675950822.8162,2097802241693.8186,382766745292.7126,91051.58973704923,-376211196703.2534,-384617675391.8625
china,2066,23034645547709.62,321775217.48169965,0.0,722469223410.3221,1321401755841.6345,139855741104.97754,0.0,10218110572.282892,7538201760.567026,1461257496946.612,0.0,67752.92532345594,-738788273536.2899,-749006384108.5728
india,2066,25450096995029.02,866955852.821334,0.0,1444058856641.338,1351746319310.0105,309654909087.41364,0.0,45721372340.220055,9327924997.677488,1661401228397.424,0.0,37821.73200954054,-217342371756.08618,-263063744096.30624
latam,2066,13476506739201.797,253294971.729914,0.0,592579904323.2255,710901461106.9926,97590361852.07396,0.0,14102017082.094954,3923032233.5167346,808491822959.0665,0.0,51635.91803379614,-215911918635.84106,-230013935717.936
seasia,2066,15675925573726.947,308616010.6731396,0.0,689992772802.8123,818041097200.2413,112103461403.98186,0.0,5495517932.469559,6212654996.54501,930144558604.2231,0.0,48757.47602983019,-240151785801.4109,-245647303733.88043
russia,2066,12287130027054.717,132658885.50547777,6662543.261142861,537064641077.87537,604902594184.217,72129001705.44482,35052011322.33203,0.0,4354095625.083316,642070100892.1327,34961494997.52855,62578.86479421303,-105005459814.25732,-104914943489.45384
mena,2066,23233084199978.824,283586484.5167151,1328.058789880473,1421610854171.7168,1267170093473.506,327873521665.9589,0.0,19192680368.57607,5758241459.597474,1595043615139.465,0.0,62908.03605022361,-173432760967.7483,-192625441336.32437
ssa,2066,20077735064401.44,1355564091.7154052,0.0,1085793011581.4115,884145158268.806,121525495045.3681,0.0,15116795591.08228,10602660819.018408,1005670653314.1741,0.0,24290.862433779952,80122358267.23743,65005562676.15515
us,2067,46225268705428.08,161943782.17402264,33091395.55120141,1781154946764.9683,2323738453505.9175,260102985690.48114,573953209594.67,0.0,9582189505.181086,2037049309167.1548,546792130029.2434,114895.26064177512,-255894362402.18652,-228733282836.7599
oecd-ex-us,2067,43950664046045.57,259929591.5552919,35850818.92382108,1695702410822.2517,2227957629016.459,240125095824.78455,378663466888.1992,0.0,7225238442.408004,2086191849880.8923,381890874960.3514,92730.63071167233,-390489439058.6406,-393716847130.7928
china,2067,22299860949991.277,308538162.79297334,0.0,687467545085.6626,1282679363057.3513,135002643796.82803,0.0,11350190229.816305,6780054279.992583,1417682006854.1794,0.0,69308.91883169785,-730214461768.5168,-741564651998.3331
india,2067,25190585554129.938,862906961.5625371,0.0,1421743681287.019,1338607030759.6418,305718782316.5274,0.0,45443537568.00426,8514228458.071864,1644325813076.1692,0.0,39030.15586852175,-222582131789.15015,-268025669357.15442
latam,2067,13252121391145.176,249893434.42307508,0.0,580281184050.3276,699099303510.6195,95801914264.80908,0.0,13740629720.247541,3975315388.723752,794901217775.4286,0.0,53037.44787969574,-214620033725.10095,-228360663445.34848
seasia,2067,15437172718512.258,305414057.98872113,0.0,676106144919.2241,805512368416.0315,110157967753.17863,0.0,5385506366.39887,6196842401.702671,915670336169.2101,0.0,50123.98501522879,-239564191249.98596,-244949697616.38483
russia,2067,12180833250004.385,131526042.1791829,6677596.640220885,527997720156.9933,603321672003.889,71286255405.31735,36048505991.5796,0.0,4264924210.3046856,639590486019.083,35017441390.12334,64092.359377288594,-111592765862.08972,-110561701260.63347
mena,2067,23035015284666.125,286147227.6293641,1280.1749677283979,1402460068746.6643,1256964837995.2173,324635865963.9797,0.0,24555928158.21199,5627648058.037242,1581600703959.197,0.0,64424.42170697852,-179140635212.5327,-203696563370.7447
ssa,2067,20141334970161.293,1371613026.4858997,0.0,1081739116766.2751,893408722665.9573,121770998914.25537,0.0,14136840055.349705,11177350629.147144,1015179721580.2126,0.0,25234.010779387794,66559395186.0625,52422555130.7128
us,2068,45997870810185.56,160549935.27840054,33177465.222997863,1764876797016.0,2312647044487.617,258356578392.48203,570226212338.328,0.0,8502718283.254123,2022872542022.075,548131080858.0245,116632.49533396293,-257995745006.07495,-235900613525.77142
oecd-ex-us,2068,43540885195909.34,254876075.36286858,35716368.819258295,1669754149996.9348,2217629392653.6387,237281545935.21497,368126244433.91077,0.0,7251694021.768225,2073530093190.9014,381380845397.954,94435.84047828078,-403775943193.96655,-417030544158.00977
china,2068,21553800687796.047,306864582.8630504,0.0,653768289552.0486,1267738501609.756,129667512490.20891,0.0,9234934587.439766,6812396940.1239,1397406014099.965,0.0,70892.33348628934,-743637724547.9165,-752872659135.3563
india,2068,24930723743718.613,858700157.2893603,0.0,1399563304269.2664,1325253055033.976,301720778417.5198,0.0,41011155562.560005,8559874333.474886,1626973833451.4958,0.0,40267.18461134687,-227410529182.2295,-268421684744.7895
latam,2068,13029344332160.682,246450863.55016235,0.0,568133402777.4462,687288935062.8258,94024048870.58981,0.0,13315546122.16597,3718068293.6371064,781312983933.4156,0.0,54467.301977220064,-213179581155.96948,-226495127278.13544
seasia,2068,15199474115060.47,306869543.79435664,0.0,662494122250.5143,792958794770.3254,108217912221.80783,0.0,5216668954.445324,6200650244.270491,901176706992.1333,0.0,51518.936818586604,-238682584741.61902,-243899253696.06433
russia,2068,12071915213061.861,130362276.61514111,6691535.9026556155,519146624026.5588,597595344762.536,70430430741.81326,35589981166.59064,0.0,4371133368.66563,632906759775.8827,35119015728.46638,65633.58848222111,-113760135749.32391,-113289170311.19965
mena,2068,22834237195848.02,285616444.8096412,0.0,1383369536889.5552,1246353811285.408,321220883906.7722,0.0,22137523156.204613,5564592640.722089,1567574695192.1802,0.0,65968.5222115444,-184205158302.625,-206342681458.82962
ssa,2068,20377254198422.87,1386923534.5588977,0.0,1077315954871.0858,893930179962.4928,124223333500.32153,0.0,16200560190.226753,192957347043.51666,1018153513462.8143,0.0,26204.65669427675,59162441408.271484,42961881218.04473
us,2069,45783494252511.12,162473076.1218628,33897129.92255988,1749280023685.3564,2299572375817.373,256575440890.58252,582492391190.2094,0.0,9998844157.911144,2006961820237.6782,549185996470.27783,118395.7870619919,-257681796552.32178,-224375401832.39026
oecd-ex-us,2069,43132653869905.91,249849147.49780563,35599376.54914109,1644077027987.212,2193037426717.205,234393495233.79816,367808612725.63043,0.0,7313955234.757536,2046877435370.065,380553486580.93774,96167.59877370705,-402800407382.853,-415545281238.16034
china,2069,20813851754406.6,293810118.0023865,0.0,621749834789.6715,1235114437291.2512,124239892979.37032,0.0,9025551974.325792,6681114065.828606,1359354330270.6216,0.0,72503.5477078036,-737604495480.9501,-746630047455.2759
india,2069,24665341211467.26,863836796.9252136,0.0,1377560078121.036,1311909130830.9617,297722457140.8176,0.0,41822888377.461,8511865976.84745,1609631587971.7793,0.0,41533.25532203722,-232071509850.7434,-273894398228.2044
latam,2069,12808352237593.307,242968945.43950257,0.0,556177843161.0642,675501796448.4749,92262704455.71657,0.0,12958972294.504719,3553535470.2654357,767764500904.1914,0.0,55925.87662202794,-211586657743.1272,-224545630037.63193
seasia,2069,14963055383753.072,303550462.99700385,0.0,649270852350.5604,780420847544.2557,106303434001.17278,0.0,4659497267.414301,5694195154.893763,886724281545.4285,0.0,52942.733865779526,-237453429194.86804,-242112926462.28235
russia,2069,11959114685918.5,129159657.43743606,6694480.362220229,510583811578.3096,591607409150.3218,69585993632.73405,33608368584.701683,0.0,4200695476.683969,625976617858.77,35216784924.28604,67202.93373678495,-115392806280.46045,-117001222620.0448
mena,2069,22626074428030.293,284974610.6524797,0.0,1364509298335.3086,1235799891344.4597,317749988847.53424,0.0,24445396714.53059,5323210753.491879,1553549880191.994,0.0,67540.71892732262,-189040581856.6853,-213485978571.21588
ssa,2069,20423489465385.668,1401613861.5199285,0.0,1072558787141.7137,898295116238.0245,124380487513.03012,0.0,15209039121.77046,11561122693.91672,1022675603751.0547,0.0,27203.31136105278,49883183390.65906,34674144268.888596
us,2070,45549720292901.63,161055209.80583557,33967177.883952945,1734344010328.6108,2287025699704.9834,254939778515.9721,564553149523.9666,0.0,9294358758.953451,1991267223635.691,550698254585.2644,120185.52665723414,-256923213307.08008,-243068318368.37793
oecd-ex-us,2070,42721455021933.79,244831417.731788,35478612.31523567,1619059502797.048,2168640270330.77,231583832472.8801,363110882598.7618,0.0,6854869435.747845,2020459357163.7407,379764745639.9102,97926.29113233121,-401399854366.6926,-418053717407.84106
china,2070,20099221112110.43,280856491.83492947,0.0,591649634280.5367,1185428516226.6448,119072457740.2279,0.0,8233326674.496859,6454024064.661511,1304500973966.8726,0.0,74142.94536580284,-712851339686.3358,-721084666360.8326
india,2070,24397512382503.332,859172842.2236332,0.0,1355843607612.3223,1298346406956.9717,293672862578.49347,0.0,39621807537.819405,7968640497.026201,1592019269535.465,0.0,42828.80904500152,-236175661923.14282,-275797469460.9622
latam,2070,12777522089943.035,239446314.54368138,0.0,544464767275.493,664786631566.3536,92577167300.10173,0.0,13091896364.347857,195160780305.03662,757363798866.4553,0.0,57413.57285991986,-212899031590.96234,-225990927955.3102
seasia,2070,14727853989649.121,300158944.755078,0.0,636507544669.1879,767979090465.7367,104403686411.20076,0.0,5287227694.415027,5961065798.203115,872382776876.9375,0.0,54395.78317133767,-235875232207.74963,-241162459902.16467
russia,2070,11843876400969.312,127934079.65290852,6699926.057428223,502400594187.62994,585503929953.14,68743029428.87057,32521486055.68284,0.0,4086594189.5165315,619020041083.1545,35226918298.855865,68800.78203703089,-116619446895.5246,-119324879138.69763
mena,2070,22414294342146.547,284252686.33440477,0.0,1345961311551.4888,1225074515732.0305,314164873711.1841,0.0,23872869929.959164,5370861937.937832,1539239389443.2146,0.0,69141.39849876885,-193278077891.72583,-217150947821.685
ssa,2070,20460961357004.723,1415645169.2486105,0.0,1067529585882.5803,902264621409.9895,124487057221.61816,0.0,14754321245.945704,11448305614.026445,1026751678631.6077,0.0,28230.489684771463,40777907250.97266,26023586005.026955
us,2071,45338413269884.48,159667966.9764938,34070859.18997274,1720196551401.6204,2274375557195.089,253213761075.77542,587629200193.6056,0.0,8456543658.482501,1975854840934.4766,551734477336.391,122002.11081390503,-255658289532.8562,-219763566675.6416
oecd-ex-us,2071,42313596805946.016,240091881.76599225,35369191.993196756,1594977969293.043,2144634631569.291,228786953041.63892,363338373481.896,0.0,7247025848.166249,1994404408759.6821,379017175851.24866,99712.30897384175,-399426439466.63916,-415105241835.9918
china,2071,19409281149901.586,268009098.79248294,0.0,563878924023.8306,1137364960688.5393,114185583598.8697,0.0,8249272807.844872,5980930862.592391,1251550544287.409,0.0,75810.91587696323,-687671620263.5784,-695920893071.4232
india,2071,24121912482901.848,854165298.1950247,0.0,1334508156730.8699,1284742410982.6013,289590795822.7315,0.0,43762184808.23843,7987335281.226864,1574333206805.3328,0.0,44154.29087839742,-239825050074.4629,-283587234882.7013
latam,2071,12557893664675.201,235896926.81881556,0.0,533030606747.17346,653181265366.7731,90809096090.23235,0.0,12327215410.18899,3658544852.181067,743990361457.0054,0.0,58930.79659216935,-210959754709.8319,-223286970120.0209
seasia,2071,14495768638227.229,296732559.52284044,0.0,624252582862.9458,755624091104.954,102521002325.7917,0.0,3982343396.7830687,5789502542.698088,858145093430.7457,0.0,55878.49644354476,-233892510567.79993,-237874853964.583
russia,2071,11891096787363.723,126664391.73121037,6683953.721579426,494671419141.5417,579503337563.4998,69764884773.40773,29888978924.298164,0.0,171928210665.47366,613942641769.2341,35325580567.67323,70427.52564851407,-119271222627.69244,-124707824271.06752
mena,2071,22202441627618.074,283486292.1211383,0.0,1327901074068.0376,1214363924111.3308,310508485285.12836,0.0,20205201401.678085,5323822201.635643,1524872409396.4592,0.0,70770.95295243149,-196971335328.42163,-217176536730.09973
ssa,2071,20490327825247.19,1429010273.7612827,0.0,1062251870409.0504,905821598201.0887,124532145606.0159,0.0,14238932809.234539,11707274449.75643,1030353743807.1046,0.0,29286.71032495047,31898126601.9458,17659193792.71126
us,2072,45106178532849.875,158283498.95427334,34134820.14676182,1706954224697.3066,2262726665340.012,251594000828.44156,566848348802.3743,0.0,8283355634.131259,1960764601154.5056,553556065013.9498,123845.94217700062,-253810376457.19897,-240518092668.77454
oecd-ex-us,2072,41899712798503.31,242136123.40995154,35986384.33730156,1572041508367.9756,2121116447041.919,226039927516.39304,354534818638.22473,0.0,6696040109.416874,1968900749302.8235,378255625255.489,101526.0496922491,-396859240934.8479,-420580047552.1122
china,2072,18743246580488.05,255267737.72581467,0.0,538652457676.142,1091104246638.9286,109583880957.1355,0.0,9672945862.186924,5674046368.571729,1200688127596.064,0.0,77507.8543043423,-662035669919.9219,-671708615782.1088
india,2072,23845816967242.664,848988320.9344156,0.0,1313645529781.1897,1270828037063.4536,285438070646.48157,0.0,40923879508.05299,7448941777.609368,1556266107709.935,0.0,45510.1500702435,-242620577928.74536,-283544457436.79834
latam,2072,12340585625650.125,233302027.51125863,0.0,521918700404.5007,641716024039.646,89061735437.08371,0.0,12084515034.003904,3635535081.1563787,730777759476.7297,0.0,60477.95868238401,-208859059072.22906,-220943574106.23297
seasia,2072,14264685184143.086,294417390.79513943,0.0,612502838098.8444,743490198131.2134,100679334291.67052,0.0,4829627069.532096,5412867309.416935,844169532422.8839,0.0,57391.29019123729,-231666694324.03955,-236496321393.57166
russia,2072,11774774180588.195,125447033.2138961,6688096.492302601,487501285096.0054,573285613012.0481,68905090184.69455,34240022092.58397,0.0,4126789232.620505,607054934029.2585,35135769167.48453,72083.56230870844,-119553648933.25317,-120449396008.15373
mena,2072,21988836012187.92,283514557.8563649,0.0,1310441890562.9292,1203855691036.5146,306841895492.899,0.0,18532380305.406113,5182460841.7277,1510697586529.4136,0.0,72429.77979917241,-200255695966.48438,-218788076271.8905
ssa,2072,20510881234130.742,1444135348.01835,0.0,1056742499706.9319,908991926978.5549,124530542491.73796,0.0,14157094825.01384,11490473471.925678,1033522469470.2928,0.0,30372.495732320363,23220030236.639038,9062935411.625198
us,2073,44888419760028.766,157183029.44743338,34214946.589874,1694549478319.914,2250567699381.8975,249856519292.34607,579346659947.1528,0.0,8769307586.08909,1945972306890.0222,554451911784.2197,125717.4294315536,-251422828570.10815,-226528080407.17505
oecd-ex-us,2073,41481130647872.75,237694375.7075507,35837278.616790585,1550368124856.292,2097729215541.132,223304811441.97736,345420688942.12494,0.0,6663062554.143425,1944028375036.154,377005651946.9547,103367.91674617272,-393660250179.86206,-425245213184.69183
china,2073,18102594312685.33,243670931.46350184,0.0,516010976460.9509,1046774053898.8846,105275961647.68732,0.0,9570529076.90603,4957300359.80249,1152050015546.572,0.0,79234.16145780362,-636039039085.6211,-645609568162.5271
india,2073,23571284418536.49,846616215.7734028,0.0,1293384416146.7,1256973157419.179,281288288431.357,0.0,37568381971.40468,7912862969.059211,1538261445850.536,0.0,46896.84011724288,-244877029703.83594,-282445411675.2406
latam,2073,12125369958952.445,230576296.7398117,0.0,511150159101.95575,630381877960.4763,87338666624.23526,0.0,12176798676.528002,3531517461.604906,717720544584.7115,0.0,62055.47506488737,-206570385482.7558,-218747184159.2838
seasia,2073,14236684574036.781,291869267.27835596,0.0,601235409980.6833,732325796333.1473,101190595539.89752,0.0,5409724558.103091,209690096344.1741,833516391873.0449,0.0,58934.585832287856,-232280981892.36157,-237690706450.46466
russia,2073,11656993808324.135,124247140.01363224,6683883.443427823,480911536718.9136,567290151028.023,68085212479.25791,32673850837.659046,0.0,4009603686.6479526,600269910121.2545,35105453386.02681,73769.29533061812,-119358373402.34094,-121789975950.70871
mena,2073,22039812372529.83,283277008.68933094,0.0,1293560234470.251,1192074468963.799,306098292129.5604,0.0,19475172890.86157,275064059855.881,1498172761093.3594,0.0,74118.28213758035,-204612526623.1084,-224087699513.96997
ssa,2073,20522271744815.73,1460726950.441555,0.0,1051024851136.8416,911758644939.937,124483788353.4214,0.0,14743324674.93842,11351417516.452906,1036242433293.3584,0.0,31488.37219030703,14782417843.483154,39093168.544734955
us,2074,44664653520008.28,156989528.47389048,34275889.956469715,1683175060889.127,2238720745466.9595,248239409986.30478,571017391595.9215,0.0,9001462947.715828,1931486920607.4846,555473234845.7798,127616.98739322874,-248311859718.35767,-232767702968.21594
oecd-ex-us,2074,41069564987095.03,236938590.66186345,35704879.09614112,1530250791346.0105,2074507142887.8047,220648557782.36942,346914320602.8266,0.0,6424927943.598611,1919826173061.5466,375329527608.629,105238.31975042193,-389575381715.53613,-417990588721.33856
china,2074,17828310735982.57,232121997.10387745,0.0,496072575436.68365,1016159898093.3052,105355786608.029,0.0,8143825480.012793,359303358041.9011,1121515684701.3342,0.0,80990.24399561516,-625443109264.6506,-633586934744.6635
india,2074,23570262968320.875,843708158.2807319,0.0,1273701480216.472,1242319255063.5774,280135832486.52,0.0,39929056866.15452,287661213984.1756,1522455087550.0974,0.0,48314.81886627933,-248753607333.6255,-288682664199.78
latam,2074,11913273198365.1,230271967.89023095,0.0,500748880052.8657,619177292412.4454,85644620579.52689,0.0,11348444899.394484,3324717251.150232,704821912991.9723,0.0,63663.76685461372,-204073032939.10657,-215421477838.50104
seasia,2074,14007955464565.19,291832515.04157746,0.0,590496235955.8757,720495770803.5695,99369307726.54031,0.0,5178605269.267711,5818338371.901487,819865078530.1097,0.0,60508.80980375839,-229368842574.234,-234547447843.5017
russia,2074,11541403003804.102,123812185.16532265,6689416.581418057,474857244217.9447,561338098920.1267,67285278319.218155,34301906564.246853,0.0,3873421937.1187415,593626631008.8748,34996746230.469795,75485.13370759635,-118769386790.93005,-119464226457.15298
mena,2074,21815918879709.914,284360232.58243525,0.0,1277172630911.6624,1181618198011.7092,302366366786.5082,0.0,22294747589.691105,5213188656.328963,1483984564798.2173,0.0,75836.86875858804,-206811933886.55493,-229106681476.24603
ssa,2074,20526819064580.656,1474053753.1732812,0.0,1045154813040.5166,914103844211.2544,124387461747.38951,0.0,13310070184.404762,11193882867.444494,1038491305958.6439,0.0,32634.869861233794,6663507081.872681,-6646563102.532082
us,2075,45186357544665.68,157212242.56787738,34390445.27665349,1673137990855.7578,2226494504261.6934,253517660291.72293,602810241270.4204,0.0,725767957084.6642,1921225421327.8599,558786743225.5574,129545.03710027701,-248087430472.10205,-204063932427.239
oecd-ex-us,2075,40681923995358.64,236752504.33715495,35633291.66497981,1512063395285.886,2052089608106.0972,218088965841.09326,364101007793.83514,0.0,6373179131.087825,1896322191953.583,373856381993.60736,107137.6745688923,-384258796667.697,-394014170867.46924
china,2075,17226337250652.54,228820589.87124032,0.0,478688278599.72577,975555691282.2793,101434795925.55783,0.0,8864221074.149841,5192944352.23129,1076990487207.8372,0.0,82776.51452723765,-598302208608.1113,-607166429682.2612
india,2075,23285983175847.05,846026149.8219423,0.0,1254541020702.7808,1228490189124.9988,276005600287.8813,0.0,41940180010.5441,7615156246.804491,1504495789412.8801,0.0,49764.5486185481,-249954768710.09937,-291894948720.64343
latam,2075,11703849648853.262,229438589.08878514,0.0,490727350557.8933,608178692670.8704,83986754562.01903,0.0,11279311129.562706,3293858292.7268906,692165447232.8894,0.0,65303.260458509474,-201438096674.9961,-212717407804.5588
seasia,2075,13782239909083.086,290721546.89395684,0.0,580279085459.9686,708897376060.0482,97594385711.17847,0.0,4982302806.0902405,5479423635.250564,806491761771.2267,0.0,62114.39367371054,-226212676311.25806,-231194979117.3483
russia,2075,11426871333141.256,123485250.71203575,6694686.51262005,469329087895.24677,555614262379.5105,66524530925.89235,34432733494.270355,0.0,3845301253.0471625,587156051969.7424,34982741335.660255,77231.49221938399,-117826964074.49567,-118376971915.88556
mena,2075,21589466850473.613,284473516.2561251,0.0,1261268786766.4731,1171020772546.3027,298604835852.8621,0.0,23092062632.293793,4996855028.683875,1469625608399.1648,0.0,77585.95425130561,-208356821632.69165,-231448884264.98544
ssa,2075,20523362244544.383,1488572032.8567233,0.0,1039144445277.9856,916116625975.8351,124247668049.42445,0.0,13629338219.593637,11392366930.59687,1040364294025.2595,0.0,33812.5228372265,-1219848747.2739258,-14849186966.867563
us,2076,44979471175210.67,156007829.69350964,34480653.142577015,1664270614102.5403,2216086254630.2017,252130828237.67642,588853549103.6696,0.0,8206550206.649431,1907366478926.1814,560850603941.6959,131502.00590686913,-243095864823.6411,-215092919661.66748
oecd-ex-us,2076,40297254828798.52,233301722.68165246,35562671.10850807,1495763418837.249,2030992816495.7808,215722825651.70593,360170869974.82556,0.0,6112186775.304389,1873597860192.9631,373117781954.5234,109066.40340879868,-377834441355.7141,-390781353335.4119
china,2076,16651895845043.717,224864568.44293532,0.0,463630166859.16876,937192722401.5107,97817241869.69298,0.0,7592781741.24412,4531173544.454104,1035009964271.2037,0.0,84593.39171732057,-571379797412.0349,-578972579153.279
india,2076,23003052671387.785,847303794.7933003,0.0,1235906271632.005,1214561916394.7993,271876720939.8709,0.0,40144766555.63481,7746627799.030717,1486438637334.6702,0.0,51246.49623628344,-250532365702.66528,-290677132258.3001
latam,2076,11497557591214.242,229672956.18021742,0.0,481085760044.8138,597383052469.044,82364289697.54265,0.0,10794936525.055416,3164461007.8079524,679747342166.5865,0.0,66974.38768843569,-198661582121.77277,-209456518646.8282
seasia,2076,13561105077933.762,285585236.8045894,0.0,570537286366.3057,697552082858.9751,95862795268.15572,0.0,3649192764.0803194,5391953375.576097,793414878127.1309,0.0,63751.77425466119,-222877591760.8252,-226526784524.90552
russia,2076,11315876822800.53,124315186.1294488,6823397.49208721,464302416445.2645,550047747639.3927,65794162603.45902,36709716288.91798,0.0,3835267167.9379663,580890873523.4062,34951036719.44514,79008.79153937967,-116588457078.14172,-114829777508.66888
mena,2076,21363262325300.938,281570303.63812596,0.0,1245930904450.721,1160385882734.3093,294856986825.49884,0.0,21655417412.553898,4762857348.968107,1455242869559.808,0.0,79365.95911008262,-209311965109.08716,-230967382521.64105
ssa,2076,20511118149418.406,1501386433.2985153,0.0,1032974166367.9982,917742044030.7743,124060869722.21893,0.0,14833092204.43851,11417744463.45247,1041802913752.9932,0.0,35021.86919580021,-8828747384.994995,-23661839589.433506
us,2077,44768117418402.984,154821358.3940969,34549304.57678945,1656140366947.3997,2205686338700.387,250634648359.7412,580150860525.7686,0.0,8676002779.272041,1893972621392.9722,562348365667.1575,133488.32757782933,-237832254445.5725,-220029759586.96143
oecd-ex-us,2077,39913861276879.47,229926549.47772056,35472878.73060445,1481014789056.9578,2010587858813.7307,213431309444.22546,353551290704.1303,0.0,6059536577.78975,1851757557721.06,372261610536.8954,111024.93491626681,-370742768664.1023,-389453088496.8674
china,2077,16103567481839.486,215278279.20055422,0.0,450702125927.08435,901281653794.9944,94490381763.23361,0.0,7710505393.327976,4452051820.240885,995772035558.228,0.0,86441.30039092338,-545069909631.1437,-552780415024.4717
india,2077,22719763618635.53,835303699.5648597,0.0,1217851027195.7124,1200738335396.498,267806751477.85483,0.0,40169301185.18829,7574308111.586868,1468545086874.3528,0.0,52761.133252046384,-250694059678.64038,-290863360863.8287
latam,2077,11293955789864.584,225012745.09594154,0.0,471818062460.70557,586824240934.8628,80781268264.10558,0.0,10874229352.073235,3059874740.6743884,667605509198.9684,0.0,68677.58587556785,-195787446738.26282,-206661676090.33606
seasia,2077,13341310574767.459,280483416.3886978,0.0,561201997535.09,686526726511.7974,94186992321.87401,0.0,5367541680.529642,5084759812.811453,780713718833.6714,0.0,65421.393718672996,-219511721298.58142,-224879262979.11105
russia,2077,11203804854583.996,122849471.47471482,6832132.329276081,459706498456.55035,544721000542.9374,65114024845.953186,34405169822.37092,0.0,3651388893.4350553,574865325557.7201,34969699831.17007,80817.45834315551,-115158827101.16974,-115723357109.9689
mena,2077,21133333073408.85,278614090.8035417,0.0,1231101014554.111,1149820532369.3606,291161645728.7566,0.0,24816384138.546284,4768295790.471378,1440982178098.1172,0.0,81177.30984281303,-209881163544.0061,-234697547682.5524
ssa,2077,20493578638065.52,1501355703.1978178,0.0,1026681940868.9441,918969939951.288,123836810749.60187,0.0,12275645132.56272,10860943611.624273,1042806750700.8899,0.0,36263.45106010196,-16124809831.9458,-28400454964.508522
us,2078,44562425922599.9,153680185.39017126,34622757.965518646,1648952663635.2498,2195509049049.7314,249211317119.353,580710291129.1613,0.0,9365915601.527433,1881078089523.92,563642276645.1655,135504.44238479,-232125425888.67017,-215057411404.67444
oecd-ex-us,2078,39547306058677.914,226684438.07588446,35412755.85742012,1467880468559.4834,1990768008297.4717,211234776610.82135,361621210967.0523,0.0,5945887180.219027,1830861720673.8591,371141064234.4345,113013.70427330532,-362981252114.37573,-372501105381.75793
china,2078,15581415913407.34,206112703.9807879,0.0,439636527870.42065,867790086152.6439,91430468837.5837,0.0,6658847629.789078,4091306317.452774,959220554990.2277,0.0,88320.67163998078,-519584027119.807,-526242874749.59607
india,2078,22433813906874.527,823289100.8793378,0.0,1200291040020.0862,1186951546237.7512,263787197763.33545,0.0,42710020727.10619,7208012947.105745,1450738744001.0867,0.0,54308.93598053645,-250447703981.0005,-293157724708.1067
latam,2078,11093238852433.186,220419402.02903962,0.0,462899919542.4428,576475596139.9938,79234637528.50551,0.0,10875213990.325409,2968590684.9866924,655710233668.4993,0.0,70413.29798628995,-192810314126.05646,-203685528116.38187
seasia,2078,13125563415526.875,275463542.0698628,0.0,552219236897.7101,675663328852.0787,92537559606.67711,0.0,4978514435.91797,5213006756.378733,768200888458.7559,0.0,67123.69971407067,-215981651561.04578,-220960165996.96375
russia,2078,11093282340442.184,121397903.35399704,6836678.64251383,455457965248.5581,539517126112.57983,64433728418.5909,34373324898.207634,0.0,3597050242.5963917,569083174945.0616,34867679586.10882,82657.92541823213,-113625209696.50354,-114119564384.40472
mena,2078,20907249556745.707,275691872.2345073,0.0,1216754451666.985,1139080349595.1292,287471847544.7495,0.0,21052559831.45641,4766788641.195009,1426552197139.8787,0.0,83020.43908049716,-209797745472.89355,-230850305304.34998
ssa,2078,20469095626494.51,1500795664.6253092,0.0,1020256422770.6866,919954652222.221,123578821924.02351,0.0,12394401710.078606,11188441514.631456,1043533474146.2445,0.0,37537.814663780075,-23277051375.55786,-35671453085.63647
us,2079,44347818113997.42,152555175.5785671,34670341.809615046,1642489800042.4275,2185664666542.701,247842756310.65918,568649627180.8579,0.0,7760187027.622022,1868717567516.9077,564789855336.4521,137550.79720378885,-226227767474.48022,-222367995630.07446
oecd-ex-us,2079,39824473117258.484,223538543.2160356,35333222.09740081,1456300214805.8638,1973522208980.8442,215378901938.1277,356205450837.91516,0.0,653562503855.76,1816459410494.5818,372441700424.39136,115033.15329618064,-360159195688.718,-376395445275.1942
china,2079,15082047595226.006,197361860.10455468,0.0,430075508861.9858,836798626352.7844,88617720744.94627,0.0,7834333705.790283,3806853760.208332,925416347097.7307,0.0,90231.9429310311,-495340838235.74493,-503175171941.5352
india,2079,22153334757639.74,811461120.0401034,0.0,1183229073622.0508,1173101709806.198,259795545993.06036,0.0,37998705177.226295,7187738119.6429,1432897255799.2583,0.0,55890.38563289244,-249668182177.20752,-287666887354.43384
latam,2079,10895516093851.7,215898721.54538107,0.0,454317059647.39185,566345962353.1947,77725398413.75168,0.0,10832774826.87232,2864317364.9403706,644071360766.9464,0.0,72181.97273958141,-189754301119.55457,-200587075946.42688
seasia,2079,12912794241343.316,276027509.63477623,0.0,543558486608.1241,665059398093.5956,90935442926.8671,0.0,5277747342.39082,4944927571.168906,755994841020.4626,0.0,68859.14548377527,-212436354412.33856,-217714101754.72937
russia,2079,10982957355663.559,119966289.67265843,6834628.635644806,451497747508.07916,534517342663.68207,63783656276.71411,32980893046.374493,0.0,3497373607.3247685,563525166081.5737,34775832858.82286,84530.63177512835,-112027418573.49457,-113822358385.94293
mena,2079,20687498918727.676,277262205.04756105,0.0,1203003426655.3843,1128510750599.5693,283885353325.864,0.0,15001827358.201544,4643866610.225587,1412396103925.4333,0.0,84895.7856880763,-209392677270.04907,-224394504628.2506
ssa,2079,20631075049835.332,1499617202.8366537,0.0,1013631639031.7114,917091286227.623,125735687307.43536,0.0,14538619970.536797,205713377814.70062,1042826973535.0583,0.0,38845.510420446924,-29195334503.346924,-43733954473.88372
us,2080,44135198968658.45,151467399.86299413,34713268.32830021,1636447779566.838,2175734262824.0088,246485393287.48676,564739409921.1653,0.0,8413321284.5271225,1856805611211.2107,565414044900.284,139627.84561433026,-220357831644.3728,-221032466623.49158
oecd-ex-us,2080,39467305343428.42,220520675.19842985,35258997.68075296,1446049892445.7463,1955279928167.5032,213339157914.43335,359459840036.38403,0.0,5941579769.7121,1797068006345.616,371551079736.32104,117083.73053521746,-351018113899.8696,-363109353599.80664
china,2080,14605463851735.826,196352948.69189855,0.0,421651461802.9901,808181353323.2614,86007986646.97313,0.0,7657577459.530149,3611712136.588562,894189339970.2345,0.0,92175.55821422764,-472537878167.2444,-480195455626.77454
india,2080,21872666640982.49,813481784.7792368,0.0,1166637797507.98,1159571125503.9287,255915773097.75293,0.0,38722911317.58813,6903895754.040996,1415486898601.6816,0.0,57505.96843344803,-248849101093.70166,-287572012411.2898
latam,2080,10701067417215.512,211466353.8931211,0.0,446042037450.2853,556441457605.2721,76253348903.89738,0.0,10557813283.566832,2761905706.268393,632694806509.1694,0.0,73984.06472589637,-186652769058.88416,-197210582342.451
seasia,2080,12703526068885.576,271101559.67085224,0.0,535167198983.40466,654670788514.7247,89370507260.3061,0.0,5256921553.797811,4862845887.683645,744041295775.0309,0.0,70628.18998525,-208874096791.62622,-214131018345.42404
russia,2080,10876559753492.223,118574424.91019253,6838380.185852488,447789273417.52966,529662130050.71655,63143599660.220474,35185517664.418236,0.0,3433336457.6525083,558159643677.4054,34646086033.5316,86436.02275970095,-110370370259.87573,-109830938628.98909
mena,2080,20468252420187.258,274399663.47201914,0.0,1189717551970.0083,1118214591796.0671,280436662836.9603,0.0,14787956050.694618,4475160173.286623,1398651254633.0273,0.0,86803.79487655582,-208933702663.01904,-223721658713.71365
ssa,2080,20592283114302.72,1497968739.6160712,0.0,1006832741263.4846,917384309691.3944,125407085793.45363,0.0,14171656340.692152,11338375029.454165,1042791395484.848,0.0,40187.09299769866,-35958654221.3634,-50130310562.05556
us,2081,43972778257736.47,150492780.7649269,34828440.45509445,1631328548282.954,2166054380865.848,245060351461.22064,609340041202.6572,0.0,8025431919.452801,1845324685467.3662,565790046859.7023,141736.04799993217,-213996137184.4121,-170446142841.45715
oecd-ex-us,2081,39131110424440.4,217647018.53620863,35206234.01011597,1437092036962.4658,1937847259978.2236,211341468544.75043,369877680700.94135,0.0,6024091871.577584,1778569969352.6184,370618759170.3561,119165.89137604754,-341477932390.1526,-342219010859.5673
china,2081,14150692420673.922,188168834.20685256,0.0,414137825325.4595,781993075459.4512,83572142441.57596,0.0,6891731641.167529,3547693154.836702,865565217901.0271,0.0,94151.96803365333,-451427392575.5676,-458319124216.73517
india,2081,21589153200542.098,801604896.8062278,0.0,1150299802965.7258,1146053424768.6826,252087413144.81357,0.0,42753996123.81736,7081590631.195363,1398140837913.496,0.0,59156.17573890943,-247841034947.77026,-290595031071.58765
latam,2081,10509840572930.13,207130398.34420243,0.0,438054887477.7043,546768680888.2572,74819778447.31398,0.0,10317492238.251543,2624219810.728236,621588459335.5712,0.0,75820.03452753642,-183533571857.86688,-193851064096.11844
seasia,2081,12498056508314.236,266281512.84279978,0.0,527011444096.8768,644501268394.4043,87842245124.16135,0.0,4933546358.354565,4796055208.704606,732343513518.5657,0.0,72431.29801205244,-205332069421.6889,-210265615780.04346
russia,2081,10772041419150.984,117221799.08463775,6843391.782253691,444290650317.6689,525065334191.64923,62533076607.17696,35460816425.0271,0.0,3328609714.893889,552964696173.8694,34633714624.95656,88374.55016679152,-108674045856.2005,-107846944056.12996
mena,2081,20251468879477.62,271570821.8573,0.0,1176724911916.4973,1107889107076.214,277051716945.5524,0.0,13047113656.060205,4479485051.701084,1384940824021.7666,0.0,88744.91831643395,-208215912105.2693,-221263025761.3295
ssa,2081,20546174832913.445,1495823263.720566,0.0,999885175443.3435,917370503404.0433,125042965900.41238,0.0,14821117675.131111,11241130146.963112,1042413469304.4557,0.0,41563.12139565246,-42528293861.11218,-57349411536.24329
us,2082,43786912740015.11,152293100.8453096,35523160.540724725,1626781152450.6602,2157995091590.1887,243965624892.5877,581219337708.8696,0.0,8094708601.903045,1834241793043.1948,567718923439.5809,143875.8716501817,-207460640592.53467,-193960226323.24597
oecd-ex-us,2082,38792017032793.66,214866009.32507375,35124802.88658615,1429059879167.3958,1921715785176.5444,209492001294.24124,357290343189.0984,0.0,5764172467.560576,1760930067691.3015,370277718779.4836,121280.09814233045,-331870188523.90576,-344857564114.29095
china,2082,13717000455776.668,180462418.19797254,0.0,407271793692.5492,758015791348.7496,81278091207.48834,0.0,5269104982.167768,3599228948.6005807,839293882556.238,0.0,96161.62963895967,-432022088863.68884,-437291193845.8566
india,2082,21308794993211.875,789917305.3280258,0.0,1134141683763.4165,1132346306656.7139,248288005157.28305,0.0,40503646075.2426,6638066795.602476,1380634311813.9968,0.0,60841.504159923,-246492628050.58032,-286996274125.82294
latam,2082,10473046798846.334,202897698.14621276,0.0,430344442580.1649,538012406466.86633,75072278995.89812,0.0,9898975348.682467,155845444147.4931,613084685462.7644,0.0,77690.34884051859,-182740242882.5995,-192639218231.28195
seasia,2082,12295425323991.223,261561651.59999034,0.0,519024300479.13513,634548508842.5065,86355067729.40927,0.0,5201518375.681328,4449610145.460123,720903576571.9158,0.0,74268.94031698917,-201879276092.78064,-207080794468.46198
russia,2082,10813398879952.57,115886059.84277345,6824691.030877647,440843652079.58887,520173289088.7379,63561642077.33947,32018676774.812492,0.0,152230063113.2588,548942379251.0998,34792551914.97743,90346.67235519736,-108098727171.51093,-110872602311.67586
mena,2082,20033502423557.055,268739133.8532667,0.0,1163911851447.1948,1097590500940.1461,273750478907.72778,0.0,14963296257.386923,4425968737.495475,1371340979847.874,0.0,90719.61425245351,-207429128400.6792,-222392424658.06613
ssa,2082,20494888345595.69,1493285467.3914294,0.0,992822408740.909,917013025803.3004,124636259793.70985,0.0,13681470762.77187,11221860301.114475,1041649285597.0103,0.0,42974.15902995914,-48826876856.1012,-62508347618.87306
us,2083,43606516346205.77,151313119.21315324,35586963.52138211,1622194220542.8118,2149242213063.0562,242825738615.0085,582308306505.418,0.0,7169030820.540735,1823550588455.5857,568517363222.4779,146047.79086432143,-201356367912.77393,-187565424629.83386
oecd-ex-us,2083,38468987479266.47,212225120.84404147,35063651.939852245,1421737709954.6848,1905651962327.934,207680581122.85538,362696184328.4285,0.0,5869095640.50143,1744087603233.9111,369244940216.8787,123426.82019996938,-322349893279.2263,-328898649167.6765
china,2083,13300172836799.396,173208313.92819476,0.0,400731490418.3342,735952060430.2977,79109332868.70819,0.0,5653092475.532527,3155376378.935112,815061393299.0059,0.0,98205.00709835174,-414329902880.67163,-419982995356.20416
india,2083,21028413110593.64,778327971.6330252,0.0,1118115507605.4775,1118759326322.9194,244576770525.75873,0.0,41638729610.09978,6477436235.062992,1363336096848.6782,0.0,62562.45568500258,-245220589243.20068,-286859318853.3005
latam,2083,10286617236074.033,198765356.20466745,0.0,422860594155.54987,528758059881.82153,73683109087.44962,0.0,9576057138.078995,2727069179.490367,602441168969.2711,0.0,79595.48059794241,-179580574813.72125,-189156631951.80023
seasia,2083,12096558643277.434,256960433.72038275,0.0,511129682992.08936,624769845068.8068,84896066115.0492,0.0,4730213681.560988,4399761159.531936,709665911183.856,0.0,76141.59373687058,-198536228191.7666,-203266441873.32758
russia,2083,10711248425609.78,114616604.07805689,6829125.180834038,437406734065.7594,515715792476.8568,62950449218.54334,35741816656.30167,0.0,3367236630.5437865,543992457286.4889,34673784408.91119,92352.85436398468,-106585723220.72949,-105517690973.33902
mena,2083,19813364674152.957,265896822.00465643,0.0,1151143312251.8486,1087098985092.0256,270488843636.03635,0.0,17973705164.56007,4280472236.674824,1357587828728.062,0.0,92728.34761969531,-206444516476.21338,-224418221640.77344
ssa,2083,20438046633271.406,1490334196.6210215,0.0,985664671045.5485,916399366359.8176,124196721841.2309,0.0,13165056503.734852,11254761334.947058,1040596088201.0486,0.0,44420.773819246286,-54931417155.50012,-68096473659.23497
us,2084,43427748475625.82,150370427.94310895,35648712.74330783,1617670951226.7993,2140854310761.3052,241695726786.48428,577780278138.2872,0.0,8330937602.75584,1813200549797.3838,569349487750.4058,148252.28705638958,-195529598570.58447,-187098808182.703
oecd-ex-us,2084,38147639928400.99,209689223.13344306,34985407.10176716,1414951253459.6978,1890461871827.8901,205936094003.0402,354352967917.1105,0.0,5746193588.658078,1728014601733.7048,368383364097.2252,125606.53406284652,-313063348274.0071,-327093744454.1218
china,2084,12896939520638.824,166388909.31192875,0.0,394157700433.1533,715355058174.3369,77018511439.8227,0.0,8198545964.484713,3181098984.9053383,792373569614.1597,0.0,100282.57141294116,-398215869181.00635,-406414415145.4911
india,2084,20753746302395.816,766988032.1100945,0.0,1102207218673.4937,1105108096730.4539,240916703541.44608,0.0,37044881185.21625,6195654585.796572,1346024800271.9,0.0,64319.53780678687,-243817581598.40625,-280862462783.6225
latam,2084,10103113677300.012,194728223.8093533,0.0,415548960761.23096,519726171385.849,72326263689.24669,0.0,9684357727.226425,2684273267.0754414,592052435075.0957,0.0,81535.9090948599,-176503474313.86475,-186187832041.0912
seasia,2084,12067145363721.758,252468802.16883802,0.0,503271397811.77795,615591134016.518,85371064645.00787,0.0,4758667316.692006,173036188610.75525,700962198661.5259,0.0,78049.74131886438,-197690800849.74792,-202449468166.43994
russia,2084,10608455329096.938,113378118.54811504,6819828.235045709,433939174683.5834,511482783733.68634,62364496284.60874,33763405794.726578,0.0,3351603027.147233,539167781826.5256,34679498191.769485,94393.56803016318,-105228607142.9422,-106144699539.9851
mena,2084,19596426058433.83,263106349.70693466,0.0,1138432809027.9163,1076350700100.9661,267250407531.4048,0.0,15868303624.055908,4097986509.3938775,1343601107632.3708,0.0,94771.59016103219,-205168298604.4546,-221036602228.5105
ssa,2084,20373612168538.594,1501584795.8427572,0.0,978365379212.0979,915519977040.6969,123733043358.35011,0.0,14286616158.179178,10739792612.32453,1039253020399.047,0.0,45903.53827694531,-60887641186.9491,-75174257345.12828
us,2085,43226086137504.31,149414289.73192966,35656991.312513776,1612769516794.628,2132732273621.5662,240622978820.73145,550733452903.5984,0.0,8189944622.547451,1803240979804.3206,570114272637.9783,150489.84886193747,-190471463009.69263,-209852282744.0725
oecd-ex-us,2085,37827683732365.4,207248096.87944472,34879804.64002907,1408317805480.3215,1875721047091.0503,204246035718.6025,346385597677.06494,0.0,5307483616.6381,1712671831854.121,367295250955.5323,127819.72350010162,-304354026373.79956,-325263679652.2669
china,2085,12509604596898.318,160040133.50606206,0.0,387420165449.4487,695753603172.037,74971547666.36784,0.0,7231279570.957246,3201341219.4152637,770725150838.4048,0.0,102394.80063249002,-383304985388.95605,-390536264959.9133
india,2085,20477540258471.137,755708297.902589,0.0,1086341312814.1646,1091685845710.2023,237365027607.4356,0.0,39331438986.01813,5834955564.822963,1329050873317.638,0.0,66113.26365059931,-242709560503.4734,-282040999489.4915
latam,2085,9922234121471.832,190791453.95674917,0.0,408377248065.3826,510891758204.2518,70999086014.31667,0.0,9832154526.544373,2466194851.5508485,581890844218.5685,0.0,83512.12011465497,-173513596153.18585,-183345750679.73022
seasia,2085,11872371691485.844,248087461.41282395,0.0,495403733459.8459,606177405571.7057,83943753297.78648,0.0,4660292527.619128,4604045701.352409,690121158869.4922,0.0,79993.87244844822,-194717425409.6463,-199377717937.26544
russia,2085,10504607746829.656,112167136.5148233,6792601.43087489,430306755100.8323,507241834463.458,61777304563.53937,31519673266.18795,0.0,3345128392.6882486,534440608013.7216,34578531013.275566,96469.29210774116,-104133852912.88934,-107192710659.97696
mena,2085,19384144612878.332,260387190.6170005,0.0,1125830901965.2085,1065617617220.8304,264092406482.13113,0.0,12529622247.037472,4127298429.27491,1329710023702.9617,0.0,96849.82054596348,-203879121737.75317,-216408743984.79065
ssa,2085,20305296930937.086,1498033840.2943056,0.0,970931921254.6157,914303427342.0524,123229247577.59776,0.0,12226780014.083036,10512296077.608894,1037532674919.6501,0.0,47423.0296074535,-66600753665.034424,-78827533679.11746
us,2086,43050744848902.65,148542136.93284762,35709771.35120155,1607687290012.6162,2124177961980.1382,239454369378.43976,572943185575.7587,0.0,7660567168.524391,1793600290230.2246,570032041128.3508,152760.97224634764,-185913000217.6084,-183001855770.20056
oecd-ex-us,2086,37517522099547.41,209156666.716802,35471516.39883374,1401723822413.6858,1861576576488.5066,202543052885.49728,346741238143.44025,0.0,5492935998.90407,1697946638406.281,366172990967.72327,130066.87964497885,-296222815992.5952,-315654568816.87823
china,2086,12358413329919.38,154154391.72444785,0.0,380455078814.10614,679885388961.1176,75577499670.61272,0.0,6344285386.47672,230160828225.1674,755462888631.7302,0.0,104542.17997256889,-375007809817.6241,-381352095204.1008
india,2086,20445671465049.984,744481022.2746129,0.0,1070362944445.4359,1077685925689.4927,236478069074.89954,0.0,42549973820.91767,254482230718.71915,1314163994764.392,0.0,67944.15210528357,-243801050318.95618,-286351024139.87384
latam,2086,9744250333096.133,186960691.29179835,0.0,401317524537.4361,502203066692.71155,69696366059.36566,0.0,9794988955.792393,2393108794.7326174,571899432752.0771,0.0,85524.60605693856,-170581908214.64105,-180376897170.43344
seasia,2086,11679959788531.85,243809873.31452593,0.0,487490769171.5424,596890491789.5074,82538593819.78488,0.0,4895835205.125539,4422248688.890898,679429085609.2924,0.0,81974.48297896248,-191938316437.74994,-196834151642.8755
russia,2086,10401497558805.326,110997159.96172671,6762710.014666729,426500652746.7329,503087800094.021,61170476882.173515,31406751315.229717,0.0,3240684889.9129796,529779840156.6861,34478436819.50849,98580.5123881819,-103279187409.95319,-106350872914.23196
mena,2086,19410319150815.26,257666687.1094638,0.0,1113161870293.2256,1054256417032.3931,263647416845.80267,0.0,15946706816.825672,246863208338.72855,1317903833878.1958,0.0,98963.52449085074,-204741963584.9702,-220688670401.7959
ssa,2086,20232779184555.867,1494146957.100828,0.0,963369875380.2974,912890079833.2202,122697533028.401,0.0,10888555386.10644,10588546486.211529,1035587612861.6212,0.0,48979.82980658072,-72217737481.32385,-83106292867.4303
us,2087,42879759945228.82,147700033.91597512,35755847.69039916,1602593192092.9917,2116815776380.0017,238239476392.27597,573967185892.9651,0.0,7509971112.480382,1784105462326.4731,570949790445.8036,155066.16061477683,-181512270233.48145,-178494874786.31995
oecd-ex-us,2087,37216839648482.83,206860414.15507713,35382730.924110405,1395083526895.816,1847783385119.191,200845570282.61923,347663964955.8429,0.0,5199012485.564713,1683624312560.905,365004642840.9055,132348.50110526668,-288540785665.0891,-305881463550.15173
china,2087,11992040336826.762,148695670.0806483,0.0,373078573094.07715,661837072584.0002,73568000403.82912,0.0,7121573597.377759,3075080398.508998,735405072987.8293,0.0,106725.2019331531,-362326499893.7522,-369448073491.12994
india,2087,20171557042492.74,733526803.343601,0.0,1054379405905.172,1064019789307.3341,232942642306.90283,0.0,37428599264.231544,5897202416.042935,1296962431614.2368,0.0,69812.72795628989,-242583025709.06482,-280011624973.2964
latam,2087,9569578808158.652,183238526.93487546,0.0,394347523764.49084,493620596791.65704,68416519148.130486,0.0,9372679426.539255,2390746664.3610396,562037115939.7875,0.0,87573.86606696805,-167689592175.29663,-177062271601.83588
seasia,2087,11490030535017.316,239632856.08922103,0.0,479519860966.69476,587655431374.2631,81148527755.61903,0.0,5004952494.724761,4359797143.373189,668803959129.8821,0.0,83992.07536276645,-189284098163.18732,-194289050657.91208
russia,2087,10302092025071.943,109884062.19681022,6750852.5125517445,422557997228.9134,498940865474.6227,60555507543.39478,34237490857.969814,0.0,3295351197.7423058,525129251580.84656,34367121437.170975,100727.72182228231,-102571254351.93317,-102700884931.13432
mena,2087,19193971002385.46,254966061.4282975,0.0,1100277289095.0195,1043439904712.3733,260561237316.03632,0.0,17009514759.106785,4385219262.70888,1304001142028.4097,0.0,101113.19488057579,-203723852933.39014,-220733367692.49692
ssa,2087,20152453159712.562,1489740120.028691,0.0,955604786162.9718,911234157349.6559,122139657061.82812,0.0,13396222631.261234,10839226036.47113,1033373814411.484,0.0,50574.525766229104,-77769028248.5122,-91165250879.77344
us,2088,43397996845509.02,146922555.6573736,35833362.58196818,1597356296583.5613,2107528845644.1206,243588375968.49976,595853901391.9209,0.0,676143923917.3525,1777044733146.8887,574072488465.732,157405.9249237484,-179688436563.3274,-157907023637.13855
oecd-ex-us,2088,36937253812038.46,204699912.34539366,35322022.112336315,1388361664577.1921,1834382721821.4844,199214212458.8376,360308089535.6123,0.0,5341343723.144653,1669493613181.0815,364103321099.2405,134665.09407535597,-281131948603.8894,-284927180167.5176
china,2088,11637143029920.9,143658141.40368456,0.0,365167949724.5204,644330972906.4202,71573613950.9127,0.0,7089665899.510149,2928996126.4597125,715904586857.3329,0.0,108944.36641868131,-350736637132.8125,-357826303032.32263
india,2088,19897737719185.645,722696627.9026237,0.0,1038405013280.8167,1050570910136.4271,229499701919.7726,0.0,37852820477.50274,5699095945.800597,1280070612056.1997,0.0,71719.52202098836,-241665598775.38306,-279518419252.8858
latam,2088,9398050472543.021,183423152.4406957,0.0,387451760377.4182,485163276231.03516,67161219575.40877,0.0,9004457168.454012,2348856981.841405,552324495806.444,0.0,89660.40616660006,-164872735429.02576,-173877192597.47977
seasia,2088,11303526435415.1,235567436.42443848,0.0,471508061301.6909,578480803996.7346,79771253935.2207,0.0,4116841354.4829574,4356738382.529887,658252057931.9553,0.0,86047.15878400164,-186743996630.2644,-190860837984.74738
russia,2088,10200703585953.158,110639632.71326613,6849341.916311406,418425393616.4921,494870694500.45703,59961884034.18085,31897263509.461792,0.0,3121482289.90675,520443525551.2831,34389052983.35468,102911.42064349535,-102018131934.79095,-104509921408.68384
mena,2088,18980486477660.977,252313717.6577766,0.0,1087269973737.6669,1032471007648.0813,257495956376.2107,0.0,15149465898.366602,4361931460.511223,1289966964024.292,0.0,103299.33189164315,-202696990286.62512,-217846456184.99173
ssa,2088,20065488482207.95,1484878431.440184,0.0,947613808849.2773,909166369809.5977,121528786322.19331,0.0,14831183230.422594,10947853008.327393,1030695156131.791,0.0,52207.70938325272,-83081347282.51367,-97912530512.93626
us,2089,43234509089158.82,146143019.01473293,35879085.86446018,1591813180404.634,2100909221165.2761,242569785541.6588,580504032702.2079,0.0,7674037249.900762,1767717955235.9385,575761051470.9958,159780.78379441838,-175904774831.30444,-171161793600.0924
oecd-ex-us,2089,36641337122646.13,202579731.06836376,35203435.181410536,1381110444753.6372,1821622273839.3865,197634041722.10278,336827403766.9879,0.0,5401777648.53306,1655527126551.5742,363729189009.9141,137017.17244994192,-274416681797.937,-301318467040.8632
china,2089,11292726059163.227,139016823.57286018,0.0,356734997709.22906,627167037905.2682,69593011547.60146,0.0,7090203229.9804,2698284215.946299,696760049452.8696,0.0,111200.18085960185,-340025051743.64056,-347115254973.621
india,2089,19623722024862.58,711977134.0996858,0.0,1022346132841.7155,1037054344797.5272,226087572461.86298,0.0,38577327707.07855,5357417801.679114,1263141917259.3901,0.0,73665.07128618739,-240795784417.67468,-279373112124.75323
latam,2089,9228855100993.297,179803397.2743886,0.0,380601235077.5779,476833233896.74274,65928841877.955536,0.0,9301312489.977365,2266781637.379023,542762075774.69824,0.0,91784.73938678707,-162160840697.12036,-171462153187.09772
seasia,2089,11118259648344.318,231571778.60297763,0.0,463425711208.2112,569421211367.5723,78412004034.47353,0.0,5177794941.683134,4318512064.739483,647833215402.0458,0.0,88140.24929296771,-184407504193.8346,-189585299135.51773
russia,2089,10099700443844.611,109541814.52787662,6826969.954900799,414051339306.6814,490634800042.0165,59337451900.78993,31944565337.960426,0.0,2973205189.60432,515703513857.7389,34268738085.06756,105132.1164927191,-101652174551.0575,-103976347298.16464
mena,2089,18768735763591.902,249692462.88190538,0.0,1074192424657.9895,1021502069596.855,254482060733.05957,0.0,14220322509.764215,4261314112.6070094,1275984130329.9146,0.0,105522.44311674972,-201791705671.92505,-216012028181.68927
ssa,2089,19975686495879.363,1479782830.6576042,0.0,939473951056.8425,906750432205.2312,120878987154.5513,0.0,12307240718.685848,10660722693.03199,1027629419359.7825,0.0,53879.97767244337,-88155468302.93994,-100462709021.6258
us,2090,43061429714071.18,145365512.74452975,35899868.822179034,1585567178841.1797,2093448620804.102,241477891965.57608,568218889991.0096,0.0,8061068849.864414,1758452552595.8347,576473960173.8445,162191.26362754081,-172885373754.65503,-181140443937.48987
oecd-ex-us,2090,36350849980385.91,200540648.90408376,35076986.54473404,1373076060874.864,1808216203675.643,195987770605.1803,335537836297.87177,0.0,5102934847.861511,1641716730468.3916,362487243812.4309,139405.2579393962,-268640669593.5276,-295590077108.08673
china,2090,10959217268367.434,134723475.16920802,0.0,347841165296.7304,610224642517.3069,67617978713.84863,0.0,6189952617.123319,2682617755.757075,677842621231.1555,0.0,113493.16033543216,-330001455934.4251,-336191408551.5484
india,2090,19354144032630.312,701477629.0106311,0.0,1006232595007.9474,1023452404663.8606,222689448507.39548,0.0,35271102950.1297,5602368881.177516,1246141853171.256,0.0,75649.91904783677,-239909258163.30872,-275180361113.4384
latam,2090,9062228016441.94,176278897.55976155,0.0,373766616164.4749,468600676692.19946,64712913097.073906,0.0,9248506568.822603,2168395642.257053,533313589789.2734,0.0,93947.3859016295,-159546973624.79846,-168795480193.62106
seasia,2090,10935251258466.654,232009013.87103528,0.0,455261846837.46844,560382694824.7218,77061596927.3931,0.0,4728035556.278033,3902090593.2595363,637444291752.1149,0.0,90271.86994211747,-182182444914.64642,-186910480470.92447
russia,2090,9997876963493.318,108466560.2039194,6802592.422346002,409437239029.30066,486333490143.9274,58710139217.63456,30858764657.55206,0.0,2924145323.430411,510896248286.01013,34147381075.55194,107390.32454457547,-101459009256.70947,-104747625674.70935
mena,2090,18552421900035.59,247026704.29966137,0.0,1060904736007.1735,1010484991379.4606,251500246815.75143,0.0,19468889445.923553,4235528077.6434746,1261985238195.212,0.0,107783.04369084485,-201080502188.03845,-220549391633.962
ssa,2090,20078502262085.742,1474319188.765929,0.0,931197960176.4591,901410579984.89,122740039499.7991,0.0,12558747704.875046,208327173219.48657,1024150619484.6891,0.0,55591.93288358827,-92952659308.22998,-105511407013.10503
us,2091,42903924381958.95,144630520.78610653,35938836.711978614,1578917931277.9165,2085319881634.2637,240436313305.88623,581953462996.5184,0.0,7379468553.470513,1749268768413.0542,576487426527.0956,164637.89872015742,-170350837135.1377,-164884800665.71484
oecd-ex-us,2091,36076822718512.22,198609228.77487063,34977281.94252993,1364579920334.15,1794728272962.0566,194364264060.5408,345366210719.09406,0.0,5119144095.667092,1628028064911.4766,361064472111.1214,141829.8801868349,-263448144577.32666,-279146405969.354
china,2091,10635106536703.541,130708840.41226335,0.0,338463256188.3196,593551449887.637,65649984074.514694,0.0,6120237754.973199,2747683864.903894,659201433962.1516,0.0,115823.82769935735,-320738177773.83203,-326858415528.80524
india,2091,19083834217509.133,691077802.9021375,0.0,990000163195.4585,1009974125999.2435,219350139358.27084,0.0,36265189476.684074,5279476517.561386,1229324265357.5144,0.0,77674.61505289626,-239324102162.0559,-275589291638.74
latam,2091,8898270972739.303,172847764.15160957,0.0,366946890201.59296,460458118482.0244,63513266059.67372,0.0,9057351125.313557,2124801762.7901316,523971384541.6981,0.0,96148.8731639963,-157024494340.10516,-166081845465.41873
seasia,2091,10754494539646.012,228096232.9206986,0.0,447047999483.67706,551416570341.4932,75721115718.68956,0.0,4601372953.729985,3934340709.5898294,627137686060.1827,0.0,92442.55092367926,-180089686576.50568,-184691059530.23566
russia,2091,9897855735270.7,107421964.00484146,6788512.973326136,404604852926.94635,481977384255.20746,58075169520.65677,32585565111.85352,0.0,2840907514.432582,506017741367.964,34034812407.900455,109686.56763520247,-101412888441.01764,-102862135737.06458
mena,2091,18343034169724.906,244441310.90406966,0.0,1047507818977.3556,999106765156.5175,248470250954.7979,0.0,13376477621.979746,4057944445.260701,1247577016111.3154,0.0,110081.65641870507,-200069197133.95984,-213445674755.93958
ssa,2091,19977191991079.055,1468402530.6303475,0.0,922729064843.5242,898619725251.9684,122039607825.82106,0.0,14452331998.207092,11072329225.786228,1020659333077.7894,0.0,57344.182622544366,-97930268234.26526,-112382600232.47235
us,2092,42748572218173.77,143925770.80483338,35986101.06509168,1572071537293.6292,2077805831930.779,239363980266.31873,581991802104.948,0.0,7754309013.343913,1740086331606.1677,577083480590.9316,167121.231384038,-168014794312.53857,-163106472798.52222
oecd-ex-us,2092,35802585188273.49,196733454.24691388,34861046.02722162,1355507134194.5007,1781770423656.278,192782075644.92282,339608368644.3647,0.0,5199466223.598123,1614355158949.9746,360197340351.227,144291.57688690972,-258848024755.47388,-279436996462.3362
china,2092,10319343828815.443,126912018.28190833,0.0,328584975839.067,577102853249.9319,63686466591.90318,0.0,6110234510.2652855,2551870624.945559,640789319841.8351,0.0,118192.71370439492,-312204344002.76807,-318314578513.0333
india,2092,18816053905710.84,692332398.149773,0.0,973671441555.3373,996388237178.3009,216012003866.44107,0.0,34441525010.501816,5390012701.610511,1212400241044.742,0.0,79739.71564335284,-238728799489.40466,-273170324499.9065
latam,2092,8737068605604.523,169507910.04688975,0.0,360142913151.8039,452384759374.5802,62330694663.929535,0.0,8661263272.42913,2031437024.3525534,514715454038.50977,0.0,98389.7360427273,-154572540886.70587,-163233804159.135
seasia,2092,10575730969049.266,224258491.23378286,0.0,438811629355.4976,542479167056.4831,74391803904.39175,0.0,4445630552.915158,3741401561.5431776,616870970960.8749,0.0,94652.82970891536,-178059341605.37726,-182504972158.29242
russia,2092,9794184185283.355,106375281.09419726,6755393.321729582,399545596611.849,477573152252.1705,57435630920.162544,28900640583.815483,0.0,2890995989.330955,501046009439.8766,33962773732.45619,112021.37639158453,-101500412828.02759,-106562545976.66829
mena,2092,18133698666289.586,245651306.28137884,0.0,1034105145581.1387,987988111669.5869,245525426073.43088,0.0,13904841886.132252,3977730612.6903176,1233513537743.0178,0.0,112418.8119040481,-199408392161.87915,-213313234048.0114
ssa,2092,19871019318258.863,1462150070.3043067,0.0,914076359017.3107,895476286997.1027,121296094488.13028,0.0,14337517908.607117,10860867556.336674,1016772381485.2329,0.0,59137.33997627435,-102696022467.92224,-117033540376.52936
us,2093,42587453437488.47,143231507.45093942,36023500.56550868,1564864608902.4868,2070554703447.3376,238274789417.3052,575248839448.6168,0.0,7597263828.250065,1730846959515.6382,577982533349.0043,169641.812065897,-165982350613.15137,-168716044513.53882
oecd-ex-us,2093,36110165985052.5,194943775.2931442,34768652.77274085,1345748866020.7112,1768444009840.6118,196829769351.7891,344092456277.9203,0.0,583013253672.7944,1604321967308.1558,360951811884.2458,146790.89390634914,-258573101287.44458,-275432456893.7701
china,2093,10011173935211.238,126471518.4206498,0.0,318248181313.41,560840406585.1909,61725365012.452995,0.0,6318300067.59112,2465996747.6174946,622565771597.6439,0.0,120600.3571311524,-304317590284.23395,-310635890351.8251
india,2093,18548482369318.754,682047695.5441,0.0,957297941286.824,982843476544.2303,212705381775.13025,0.0,34472442385.15926,5151823025.606231,1195548858319.3606,0.0,81845.78390237053,-238250917032.53662,-272723359417.6959
latam,2093,8577611710601.843,166238969.6866927,0.0,353337235544.4618,444395234231.3011,61164571881.62407,0.0,9233012894.987871,1998688460.7690694,505559806112.9252,0.0,100670.51696143298,-152222570568.46338,-161455583463.45126
seasia,2093,10398786183181.422,220485487.66969323,0.0,430583826002.29895,533581118850.392,73072475343.03658,0.0,4511744053.922885,3636726377.2137847,606653594193.4286,0.0,96903.2511890274,-176069768191.12964,-180581512245.05252
russia,2093,9695094858527.531,105361764.87984087,6742928.662690534,394315539388.46704,472875503545.86475,56763567458.925896,33430046863.11193,0.0,2804157997.37521,495967563552.458,33671507452.332455,114395.28936244626,-101652024163.99097,-101893484753.21149
mena,2093,17924871151549.06,243041671.6528589,0.0,1020594686083.7477,976776416753.8953,242580557748.50684,0.0,13863588331.615704,3798362009.741398,1219356974502.402,0.0,114795.0486802117,-198762288418.65442,-212625876750.2701
ssa,2093,19760130120171.164,1455568235.48831,0.0,905281155747.9407,892067701831.2308,120520731004.05188,0.0,14310793311.665985,10728872311.301529,1012588432835.2827,0.0,60972.02364178916,-107307277087.34204,-121618070399.00803
us,2094,42437646931648.99,142578017.66180676,36084636.73216996,1557390310828.2698,2062814023171.8618,237068761609.65036,585255024812.7264,0.0,7430943301.021004,1721547064455.9487,578335720325.5647,172200.19946941396,-164156753627.67896,-157237449140.5172
oecd-ex-us,2094,35837904150753.31,193192490.84301123,34665130.339488834,1335315139369.0112,1755334868794.5957,195136560946.1577,337646211799.06104,0.0,5248244273.469863,1590584685328.123,359886744412.63007,149328.385406277,-255269545959.11182,-277510078572.68085
china,2094,9710241723551.695,122833915.9796754,0.0,307549108724.8445,544663263270.39526,59768088399.42639,0.0,6461624445.427281,2411655730.8641386,604431351669.8217,0.0,123047.30491720603,-296882242944.9772,-303343867390.4045
india,2094,18282148132906.297,671901625.2735991,0.0,940878651232.596,969246291237.3047,209405870890.63376,0.0,33578620170.461353,5017894653.348849,1178652162127.9385,0.0,83993.38980255922,-237773510895.34253,-271352131065.8039
latam,2094,8420788556010.084,163055631.27427867,0.0,346534617750.6745,436447665567.5709,60009110569.41587,0.0,8767925814.22676,1866929608.7780313,496456776136.9868,0.0,102991.76603890731,-149922158386.31232,-158690084200.53906
seasia,2094,10223937649381.334,216777004.97749496,0.0,422373109728.44226,524725241287.0337,71758448354.82431,0.0,4460748971.031072,3722795084.358497,596483689641.858,0.0,99194.36781772005,-174110579913.41577,-178571328884.44684
russia,2094,9732110404382.883,104376299.27613865,6750875.038532303,389013584066.44586,468108071642.63354,57641719923.39465,35936622929.59769,0.0,137815130425.34293,491975278144.27625,33774513421.751778,116808.85315073546,-102961694077.83038,-100799584569.98447
mena,2094,17712320376022.316,240388121.81840584,0.0,1006936858950.6791,965515560138.776,239635061043.24896,0.0,18156147635.159405,3819134339.77731,1205150621182.025,0.0,117210.91334242317,-198213762231.34583,-216369909866.50522
ssa,2094,19645028457619.117,1448680054.0875812,0.0,896372594387.0742,888394298848.6415,119711813525.1019,0.0,14096245822.335066,10728101256.969473,1008106112373.7434,0.0,62848.8580589418,-111733517986.66919,-125829763809.00426
us,2095,42281304724932.16,144312362.96553314,36750831.3817175,1549655486905.5388,2055235256467.1494,235966905555.1556,577926033171.5692,0.0,7278435228.387594,1712212716932.8564,578989445089.449,174796.96067908395,-162557230027.31763,-163620641945.1974
oecd-ex-us,2095,35562674495850.82,191458192.7191852,34548305.0997889,1324134480572.9827,1741893885520.6113,193490863414.04767,330997294957.4226,0.0,5023318501.778539,1576754126140.0813,358630622794.5772,151904.61396633636,-252619645567.09863,-280252973404.25323
china,2095,9417033999689.389,119331609.44446926,0.0,296620822044.4503,528542006553.16266,57823112786.72984,0.0,5657319578.756882,2193893011.8898597,586365119339.8925,0.0,125534.11228812842,-289744297295.44214,-295401616874.19904
india,2095,18015721331558.555,661861087.4635636,0.0,924450929494.2091,955643969572.4667,206121273031.9599,0.0,33899424723.990578,4786936486.465498,1161765242604.4265,0.0,86183.11035635007,-237314313110.2174,-271213737834.20798
latam,2095,8386438527893.675,159943349.01494053,0.0,339745246446.3166,429257197338.98914,60220267715.0831,0.0,8927058530.509604,124309249021.85721,489477465054.07227,0.0,105354.04123117104,-149732218607.75568,-158659277138.2653
seasia,2095,10190921574594.768,213123578.47291765,0.0,414199105211.4213,516546295502.5842,72109594521.34262,0.0,4641613698.236968,146082323724.17996,588655890023.9269,0.0,101526.73975543592,-174456784812.50555,-179098398510.74252
russia,2095,9632449096889.297,103386664.74919736,6752602.680257134,383630768590.80896,463564732874.6296,56982944913.13653,34470139675.57864,0.0,2785462027.7948174,486752288241.2871,33795389546.47911,119262.62254772204,-103121519650.47815,-102446769521.37862
mena,2095,17505649461862.137,237797325.34844983,0.0,993270984811.9817,953997387902.9191,236635231135.81366,0.0,13045335481.451483,3736055548.0070066,1190632619038.7327,0.0,119666.9606816866,-197361634226.75098,-210406969708.20245
ssa,2095,19525353413308.684,1456862763.8845959,0.0,887360796188.5559,884478919223.2615,118877568878.79846,0.0,14119687410.330875,10440335013.390478,1003356488102.0599,0.0,64768.47354701784,-115995691913.50403,-130115379323.8349
us,2096,42109025977890.07,143624924.80662054,36771986.79429606,1541451390000.2612,2047427648371.278,234879720128.91183,561906149232.1753,0.0,6671082225.626488,1702882886713.9282,579424481786.2599,177432.6712859258,-161431496713.667,-178949829267.7516
oecd-ex-us,2096,35290361026674.67,189745750.01462525,34434313.844449535,1312361251603.2783,1728159415059.0117,191809088473.09113,330261588182.2983,0.0,5032194570.38841,1562842542661.801,357125960870.3022,154520.15071064697,-250481291058.5227,-277345663746.5266
china,2096,9129782976618.979,115914368.29168569,0.0,285544766200.9836,512574219708.0461,55897507844.97658,0.0,6593060510.956522,2268998792.5920343,568471727553.0227,0.0,128061.3428901945,-282926961352.0391,-289520021862.99567
india,2096,17750136106563.652,651938942.6193618,0.0,908051621079.588,941993841939.2988,202833739393.4832,0.0,33694185622.241722,4884920880.540939,1144827581332.782,0.0,88415.52976846676,-236775960253.19397,-270470145875.4357
latam,2096,8231880430118.175,156887334.39102077,0.0,332970887632.7037,421497426998.7331,59067831697.26973,0.0,8928396825.142298,1964670112.9457936,480565258696.0028,0.0,107757.90847516365,-147594371063.29913,-156522767888.44144
seasia,2096,10016618656739.736,209498393.9336459,0.0,406076579644.90546,507830042905.2333,70787374509.95164,0.0,5387359756.119176,3625279671.3608303,578617417415.1849,0.0,103900.93501527626,-172540837770.27948,-177928197526.39865
russia,2096,9530026765076.205,102377629.0982747,6739930.672737224,378158232652.64325,458883538964.82104,56311953492.52107,31775866521.08055,0.0,2839061470.532388,481445148054.26025,33750344403.081493,121757.1606687399,-103286915401.617,-105261393283.61795
mena,2096,17296394207103.941,235167167.96878362,0.0,979650601275.8682,942749191735.3055,233699513924.73218,0.0,15993602122.571466,3536451748.5395103,1176448705660.0376,0.0,122163.7538203148,-196798104384.16943,-212791706506.7409
ssa,2096,19403590667047.77,1449570090.9490135,0.0,878274932607.6462,880314417832.6715,118012922663.12598,0.0,12181500745.046164,10471162372.283419,998327340495.7975,0.0,66731.5064450685,-120052407888.15125,-132233908633.1974
us,2097,41945676468138.98,142952269.81022462,36801544.51766665,1533037053415.5698,2039298304675.6956,233637688205.47836,569553385521.8633,0.0,6996044192.634131,1693516771054.2322,579419221826.9418,180107.91551507643,-160479717638.66235,-170345553943.74084
oecd-ex-us,2097,35026249944505.902,188068692.86156482,34339174.63495067,1300259349614.432,1714331984470.1045,190081794629.77313,335006530601.1979,0.0,5036816715.469242,1548853183185.6306,355560595914.2466,157175.5754356251,-248593833571.19873,-269147898884.24744
china,2097,8848985105045.775,112558237.88572188,0.0,274446894109.72406,496704949212.5373,53991973121.31618,0.0,6566591555.276522,2018748206.193187,550696922333.8535,0.0,130629.56892479447,-276250028224.12946,-282816619779.406
india,2097,17485081393758.898,642100496.6451759,0.0,891754054736.4487,928341376827.2377,199555759580.69122,0.0,33528239172.653736,4616608039.383209,1127897136407.929,0.0,90691.23959048404,-236143081671.48022,-269671320844.13397
latam,2097,8079679110665.146,153883596.3588788,0.0,326244377703.9165,413795815465.6678,57928056339.66967,0.0,8582108474.134058,1860283122.523813,471723871805.33746,0.0,110203.94183410333,-145479494101.42096,-154061602575.55502
seasia,2097,9844853556870.879,205919213.73809004,0.0,398052465070.558,499126907263.6886,69472348784.78014,0.0,4679173558.3590765,3460864667.411614,568599256048.4688,0.0,106317.52961062205,-170546790977.91077,-175225964536.26984
russia,2097,9429469389816.416,101369118.81287418,6736605.261510892,372659770644.4825,454095540800.13055,55617660426.52352,33724190028.96656,0.0,2771865293.4146705,476067238995.419,33645962231.23487,124293.03909059986,-103407468350.93652,-103329240553.20483
mena,2097,17087188814311.002,232520687.94227004,0.0,966002318061.1812,931357322790.7338,230725253480.1475,0.0,16602818627.203793,3477684043.977179,1162082576270.8813,0.0,124701.86434913432,-196080258209.7002,-212683076836.904
ssa,2097,19276720252608.047,1441914094.1757312,0.0,869120026912.592,875999081306.6517,117136991009.37636,0.0,13030788280.232603,10176419243.941822,993136072316.0281,0.0,68738.59925593257,-124016045403.43604,-137046833683.66864
us,2098,41765947180856.945,142246671.62351677,36792342.6724099,1524403874419.937,2031259880535.3435,232428645072.3299,552709959704.4742,0.0,6845404201.276298,1684097306599.9084,579591219007.7659,182823.28635529845,-159693432179.97144,-186574691483.26306
oecd-ex-us,2098,34765968138831.414,186400325.79543322,34238086.83615527,1287952664851.0073,1700707199450.1167,188393295785.79022,336025470233.5235,0.0,4840554476.884481,1534753284993.2656,354347210242.6411,159871.4767396942,-246800620142.2583,-265122360151.37592
china,2098,8575677702777.315,109257543.9903718,0.0,263474717633.83847,481011588941.0229,52116269509.82886,0.0,5597349865.663181,1943088414.2197795,533127858450.85175,0.0,133239.37128458417,-269653140817.01328,-275250490682.67645
india,2098,17429419878536.64,632312697.4809345,0.0,875617943268.0173,914922274404.0503,198562593701.0778,0.0,34101143711.60727,216306553326.449,1113484868105.1282,0.0,93010.83887746603,-237866924837.11084,-271968068548.7181
latam,2098,7929565154728.3955,150927077.37454987,0.0,319590115315.13696,406163790404.61847,56802566073.81634,0.0,8565960046.6689205,1828245273.2151055,462966356478.4348,0.0,112692.72364453526,-143376241163.29785,-151942201209.96677
seasia,2098,9674772999196.793,202369250.85746646,0.0,390168883924.64545,490507737901.8544,68174181688.377625,0.0,4993067213.270627,3425545204.768163,558681919590.2319,0.0,108777.10770447258,-168513035665.5865,-173506102878.85712
russia,2098,9325804369201.496,100329620.21315803,6712008.88037619,367176267038.32886,449321283163.4453,54942542557.42618,30651232941.65449,0.0,2771305125.955407,470620484559.3176,33643341161.55376,126870.83799070204,-103444217520.98877,-106436325740.88803
mena,2098,16880419990380.287,229885643.65749153,0.0,952485439658.2662,919969656050.1658,227743092299.7461,0.0,14990561225.576382,3449045986.5091267,1147712748349.9119,0.0,127281.87246639207,-195227308691.64563,-210217869917.22202
ssa,2098,19146458211894.777,1433970750.0721822,0.0,859904158892.9092,871410414417.5002,116233174810.86462,0.0,12428135240.30208,9905524862.500717,987643589228.3649,0.0,70790.40079389472,-127739430335.45569,-140167565575.75778
us,2099,41595187599417.164,141552174.59390536,36788885.25443783,1515672088781.5833,2022410592534.5845,231170156085.45844,560889021408.0529,0.0,6260056990.573545,1674651630225.4106,578929118394.6328,185579.38569043114,-158979541443.8274,-177019638430.40735
oecd-ex-us,2099,34499058861129.008,184719827.17151782,34113452.16343877,1275356117018.0327,1686994537646.2134,186698694834.3629,326670099623.5524,0.0,4757738136.592,1520535521864.1953,353157710616.3805,162608.45215491657,-245179404846.1626,-271667015838.99066
china,2099,8460026894733.402,106000680.42046173,0.0,252750308932.43774,468779344601.652,52178001837.08869,0.0,5817695823.817157,158373925286.20493,520957346438.74066,0.0,135891.3396914031,-268207037506.30292,-274024733330.1201
india,2099,17165142668598.791,622641302.9515048,0.0,859740238163.4717,901338844716.4125,195268350940.99902,0.0,32203043621.102272,4792791177.193619,1096607195657.4115,0.0,95374.93434667916,-236866957493.93982,-269070001115.04208
latam,2099,7781874296279.616,148024430.06024924,0.0,313020953232.7727,398594889139.09485,55690392493.42334,0.0,8189141717.867759,1762611668.8353436,454285281632.5182,0.0,115224.84466508975,-141264328399.74548,-149453470117.61325
seasia,2099,9506737221585.879,198858406.03871694,0.0,382430075262.2101,481936478203.8798,66890376412.10908,0.0,4879810659.61954,3240812402.491878,548826854615.9889,0.0,111280.26176051899,-166396779353.7788,-171276590013.39835
russia,2099,9223368764514.885,99288615.42331548,6695729.253653122,361738942684.88885,444396644779.26685,54239638125.06961,31852240771.200134,0.0,2609494761.6471353,465116610271.4008,33519672632.93575,129491.14628787698,-103377667586.51196,-105045099448.24757
mena,2099,16875916720580.207,227228066.6767274,0.0,939106476699.6958,908782520769.6647,226987487679.76428,0.0,16683202908.75806,208843464858.40683,1135770008449.429,0.0,129904.36711839252,-196663531749.73315,-213346734658.4912
ssa,2099,19012318438077.242,1425691186.75952,0.0,850647403752.8589,866615635599.1292,115302339744.77377,0.0,12997915904.850159,10128713678.362276,981917975343.903,0.0,72887.56633592842,-131270571591.04407,-144268487495.89423
us,2100,41404194257701.16,140818233.5647457,36741048.42534693,1506903725121.9446,2013569861866.9302,229897765662.65173,538423187357.45105,0.0,7147373334.232047,1665184386565.5007,578283240964.08,188376.82443281286,-158280661443.55615,-198140715050.18506
oecd-ex-us,2100,34228067592635.336,186422789.44103664,34628390.83358494,1262487256435.7878,1672833919287.4856,184990795015.3527,319723178740.19653,0.0,4623010633.19195,1506248783021.415,351575931281.42224,165387.10828057534,-243761526585.6272,-275614279126.8529
china,2100,8195248768467.197,102797482.53096147,0.0,242367777339.34937,453515001956.5877,50323745678.14991,0.0,5307605015.944875,2000449045.1327758,503838747634.7376,0.0,138586.07283599087,-261470970295.38824,-266778575311.33313
india,2100,16901038462937.459,613021842.540835,0.0,844101751229.8893,887887178508.6471,192007736462.17105,0.0,32752733296.867,4441691376.465397,1079894914970.8181,0.0,97784.1405383757,-235793163740.92883,-268545897037.79584
latam,2100,7636104773754.945,145165880.36417943,0.0,306554611890.922,391117161022.9302,54595186321.84509,0.0,8290633876.567074,1678846805.747423,445712347344.77527,0.0,117800.90422697247,-139157735453.85327,-147448369330.42035
seasia,2100,9340533541840.375,195378828.3929566,0.0,374844438975.451,473450824183.30774,65623338429.21575,0.0,5176150764.26446,3202194655.8335686,539074162612.5235,0.0,113827.59269597149,-164229723637.0725,-169405874401.33698
russia,2100,9121738228691.086,99857701.32540995,6795201.385732488,356405745990.6081,439429487457.1269,53535345714.76941,32252989667.647793,0.0,2675561689.8382163,459570898286.38776,33393934885.508553,132154.56178498504,-103165152295.77966,-104306097513.64041
mena,2100,16666481528037.203,224560700.73311943,0.0,925863916653.4034,897539967884.2135,223985853242.5056,0.0,17179960588.196537,3406672518.5047846,1121525821126.7192,0.0,132569.94614189598,-195661904473.3158,-212841865061.51233
ssa,2100,18876126502723.41,1417209265.9597104,0.0,841372364417.681,861580458511.0654,114350100644.12827,0.0,11442197576.820728,9808456960.501345,975930559155.1937,0.0,75030.75777647289,-134558194737.5127,-146000392314.33344
