region,year,stock,head,imm_head,investment,depreciation,writeoff,mig_in,mig_out,revaluation,charge_own,charge_imm,gdppc,net_own,net_total
us,2025,41748487943549.2,160209563.65010974,0.0,0.0,0.0,0.0,0.0,0.0,0.0,0.0,0.0,61050.561392568336,0.0,0.0
oecd-ex-us,2025,57197426351488.555,380139497.6143873,0.0,0.0,0.0,0.0,0.0,0.0,0.0,0.0,0.0,40746.2474376583,0.0,0.0
china,2025,58378652215684.7,761721690.0708848,0.0,0.0,0.0,0.0,0.0,0.0,0.0,0.0,0.0,23526.530999766437,0.0,0.0
india,2025,14615738979892.205,767858175.9060365,0.0,0.0,0.0,0.0,0.0,0.0,0.0,0.0,0.0,7962.740251283043,0.0,0.0
latam,2025,13469327149919.914,321221439.4064764,0.0,0.0,0.0,0.0,0.0,0.0,0.0,0.0,0.0,14201.148310712375,0.0,0.0
seasia,2025,12401910093995.137,334535742.29285216,0.0,0.0,0.0,0.0,0.0,0.0,0.0,0.0,0.0,12765.330691481528,0.0,0.0
russia,2025,12068543790592.555,145583047.94923297,0.0,0.0,0.0,0.0,0.0,0.0,0.0,0.0,0.0,20297.66333329072,0.0,0.0
mena,2025,12010078751196.75,226847001.9492743,0.0,0.0,0.0,0.0,0.0,0.0,0.0,0.0,0.0,20496.517103421746,0.0,0.0
ssa,2025,4075767342229.7095,488233621.5659749,0.0,0.0,0.0,0.0,0.0,0.0,0.0,0.0,0.0,3497.158670690358,0.0,0.0
us,2026,41860789996082.62,163756523.8918791,942258.3709978289,2038714384617.1274,2093280173490.9941,232934234048.59436,388540100148.5665,0.0,11261975307.314024,2326214407539.5884,0.0,61980.16024673619,-287500022922.46094,101040077226.10559
oecd-ex-us,2026,56654272056603.11,385317242.42751443,1321888.7014311934,2265512677959.422,2871659080901.6367,310261560467.12775,360690318412.03546,0.0,12563350111.865667,3181920641368.7646,0.0,41618.333088470004,-916407963409.3428,-555717644997.3074
china,2026,57336455355498.25,766020942.8465152,0.0,2169487211336.6765,2948272911271.2637,317122483519.6319,0.0,20053003000.6288,73764326268.3837,3265395394790.8955,0.0,24228.855750619772,-1095908183454.219,-1115961186454.848
india,2026,15188968949348.832,784421138.402929,0.0,1711814725361.0947,886200767002.1997,205529131852.95383,0.0,57130925807.188385,10276068757.871233,1091729898855.1536,0.0,8334.796268499304,620084826505.9412,562953900698.7528
latam,2026,13555429601927.629,325951057.8788111,0.0,926002967355.2515,721665474915.0182,105191281891.40266,0.0,18660892842.527275,5617134301.400185,826856756806.4209,0.0,14736.250277982586,99146210548.83057,80485317706.30328
seasia,2026,12570807379935.188,339879722.635064,0.0,929906628790.2358,665904986848.5531,95502408545.97893,0.0,5702508303.1700735,6100560847.512825,761407395394.532,0.0,13267.526588403778,168499233395.70386,162796725092.53378
russia,2026,11953030174211.203,147446955.92129523,203659.67093260528,530858997228.59546,607864008667.0988,71177685563.30225,26963717140.292717,0.0,5705363480.156028,679041694230.401,0.0,20949.93751363234,-148182697001.80554,-121218979861.51282
mena,2026,12643173872090.34,233165995.0590344,279603.65663837205,1517325674985.0483,736926619357.1738,189653477067.44675,33960244707.855423,0.0,8389297625.305449,926580096424.6206,0.0,21152.088069819238,590745578560.4277,624705823268.2832
ssa,2026,4535549495035.623,512518630.8306166,0.0,712657910138.1796,224449532463.78174,30399903007.10985,0.0,3448903075.21362,5422581213.834297,254849435470.8916,0.0,3706.02193117199,457808474667.28796,454359571592.07434
us,2027,41969989528110.96,166192331.3238093,1876385.1112602376,2042665921148.8425,2098422061788.639,234534175301.84818,387529117743.74866,0.0,11960730226.246052,2316906976806.7114,16049260283.775629,62923.70303705832,-274241055657.8689,97238801802.10413
oecd-ex-us,2027,56151685425160.3,386202875.33598894,2618449.3563277004,2294767903581.127,2857915455822.3584,307284144535.99475,355695336244.8941,0.0,12149729089.519768,3150707652642.8853,14491947715.467922,42505.07432557021,-855939749061.7583,-514736360532.3321
china,2027,57190187290319.42,759754889.8890784,0.0,2156615670506.1833,2908879108271.2144,318714484077.2135,0.0,16830862150.203661,941540718813.5703,3227593592348.4277,0.0,24946.710040432743,-1070977921842.2444,-1087808783992.448
india,2027,15746920880326.107,790606715.2742957,0.0,1712283810796.51,899173967192.0822,215596953723.43805,0.0,50034970793.05446,10474011889.350908,1114770920915.5203,0.0,8720.209769160245,597512889880.9897,547477919087.9353
latam,2027,13643187666423.803,326475813.2006352,0.0,927028468176.629,722022811364.7031,105520005846.38516,0.0,17246228954.2742,5518642484.912857,827542817211.0883,0.0,15286.446916063733,99485650965.54077,82239422011.26657
seasia,2027,12742549807335.447,340996078.9074886,0.0,935135065997.531,668822110774.645,96089789852.03297,0.0,4537826828.307406,6057088857.7116165,764911900626.678,0.0,13784.578329939995,170223165370.85303,165685338542.54562
russia,2027,11840855182720.627,148315401.56007272,395955.14052162896,531892673261.79895,604528021599.6335,70599312875.1282,25617650424.67469,0.0,5442019297.716634,674005688651.5413,1121645823.2205813,21617.743494906772,-142113015389.7423,-117617010788.28821
mena,2027,13237171795887.535,236581627.81781602,418506.8432543921,1526436747178.5417,754369579260.7079,200251709505.79306,17479670425.68856,0.0,4702794959.45936,952611292816.6616,2009995949.839343,21823.19412143207,573825454361.8801,589295128837.7294
ssa,2027,4989322884644.593,531017917.3587347,0.0,723724823839.6157,236111372927.48895,32715413860.632572,0.0,6375436274.315306,5250788831.794462,268826786788.12152,0.0,3924.81990741194,454898037051.4942,448522600777.1789
us,2028,42090910515555.81,167579684.52279678,2842353.5576059436,2046620056776.6182,2103616076158.194,236076992334.66302,403024554296.7638,0.0,10969444864.289879,2307765622812.21,31927445680.647278,63881.398876560765,-261145566035.5918,109951542580.52472
oecd-ex-us,2028,55685177361783.89,385493928.7204543,3879883.990790984,2322742117771.2944,2844878750919.314,304470269309.50916,348022108231.3973,0.0,12076730849.727621,3120672140089.372,28676880139.45165,43406.67576409311,-797930022318.0776,-478584794226.132
china,2028,56147433203504.69,751264617.482386,0.0,2142492390278.9802,2876456519365.997,311532167668.0136,0.0,20298831605.956676,23041041546.277737,3187988687034.0107,0.0,25680.32047045773,-1045496296755.0305,-1065795128360.9872
india,2028,16286106052982.924,795959582.0230314,0.0,1712040062429.6738,912403429635.8025,225165162773.12103,0.0,44450547386.49115,9164250022.539915,1137568592408.9236,0.0,9119.297570303788,574471470020.7502,530020922634.2591
latam,2028,13730126992029.62,326129574.53052676,0.0,927602279066.9615,722526546813.1495,105832464156.81865,0.0,17727280417.869213,5423337926.688876,828359010969.9681,0.0,15852.009111984375,99243268096.99341,81515987679.12419
seasia,2028,12915358984907.648,341371853.34929365,0.0,939545278724.6385,671957675587.7318,96698479569.79756,0.0,4114919633.2105865,6034973638.315467,768656155157.5294,0.0,14316.766516730313,170889123567.10913,166774203933.89856
russia,2028,11733999354785.9,148086566.85144988,594167.5899127885,532595782665.84064,601206308841.697,70029904608.44307,26553779276.626785,0.0,5230823572.944214,669058684786.7617,2177528663.378444,22301.31967664412,-136462902120.92108,-112086651507.67274
mena,2028,13796328112699.613,239226937.16774195,419827.5316243643,1534770660577.586,771064198857.48,210233147461.58167,1050635620.4495761,0.0,4632366933.10315,978308791229.1157,2988555089.9458594,22510.072830855686,556461869348.4702,554523949878.974
ssa,2028,5438270912996.636,549458881.4311854,0.0,734690930157.2533,247880524437.98083,35009749183.138374,0.0,7837967976.306724,4985339792.216709,282890273621.1192,0.0,4153.888135378867,451800656536.1341,443962688559.8274
us,2029,42197511309424.52,168916483.79105014,3774077.251370167,2050570967718.814,2109432642402.6748,237601866639.2259,391379707917.6612,0.0,11684627274.159876,2298723718833.076,48310790208.824745,64853.46001565609,-248152751114.2622,94916166594.57425
oecd-ex-us,2029,55247516511505.03,384788934.5039055,5087325.643594278,2349494353824.775,2832415433281.4614,301799609415.6837,335180481531.0737,0.0,11879357062.462072,3091769133858.2485,42445908838.89682,44323.34507815357,-742274780033.4736,-449540207341.29675
china,2029,55131667044092.33,742761289.7095541,0.0,2127241627690.4128,2843813173763.2974,304452070741.25696,0.0,17197236932.92771,22454694334.712025,3148265244504.554,0.0,26429.915961202536,-1021023616814.1414,-1038220853747.0691
india,2029,17002568131108.844,801222294.4382076,0.0,1711119488684.3086,923769530129.6781,236468837816.03296,0.0,42576858818.13075,208157816205.45828,1160238367945.711,0.0,9532.379329332112,550881120738.5977,508304261920.4669
latam,2029,13816923886774.266,325784819.64856416,0.0,927748803533.3068,723065210132.0021,106113336666.74869,0.0,17116362674.563763,5343000684.648193,829178546798.7507,0.0,16433.209741931896,98570256734.55603,81453894059.99226
seasia,2029,13086743001555.543,341764367.46348864,0.0,943187358530.967,675250793578.3976,97329227757.16624,0.0,4754869452.539067,5531548905.025926,772580021335.5638,0.0,14864.373793171797,170607337195.4032,165852467742.86414
russia,2029,11631161278991.871,147850723.08951324,788946.8934081524,532989193352.24927,597967647422.7377,69470759918.19824,26258874398.384846,0.0,5352263796.27304,664175683745.0032,3262723595.932658,23000.90659669084,-131186490392.7539,-108190339590.30173
mena,2029,14498597090554.69,241785181.64905453,412195.1659690108,1542366943800.1074,785040092818.0703,221575676140.14984,0.0,5982717377.000479,172500520390.19144,1003674254594.5228,2941514363.6973405,23212.963919281494,538692689205.5846,529768457464.8868
ssa,2029,5932357905573.285,568159207.7539542,0.0,745545503305.3981,258893450043.31772,37987352697.23891,0.0,7997981438.062061,53420273449.87009,296880802740.55664,0.0,4393.567717593679,448664700564.84143,440666719126.77936
us,2030,42303939104767.69,169552647.86074132,4706906.803925793,2054513129500.1086,2114902472810.7546,239063319725.4917,394364605775.0458,0.0,11515852604.23852,2289819445132.9697,64146347403.2762,65840.10188919432,-235306315632.86108,94911942738.9085
oecd-ex-us,2030,54845552934157.516,383321647.3592536,6272177.252904365,2375080937352.778,2820305714078.4023,299316242726.9499,330951003426.30383,0.0,11626438678.708042,3063953161517.668,55668795287.684586,45255.29305182552,-688872224164.8901,-413590016026.2709
china,2030,54140039347754.56,733975064.7772721,0.0,2110978644680.6948,2811236935591.031,297495209194.45325,0.0,16142996708.524765,22268800475.555992,3108732144785.484,0.0,27195.727807779884,-997753500104.7891,-1013896496813.3138
india,2030,17499382280592.643,806230064.0897281,0.0,1709556791557.3726,936794015860.716,244948862914.3383,0.0,40570150255.44675,9570386956.927395,1181742878775.0542,0.0,9959.777508732528,527813912782.31836,487243762526.8716
latam,2030,14100757873280.975,325336218.74565744,0.0,927491318182.5374,722103339211.9553,108429289413.89383,0.0,17033975454.996132,203909272405.01996,830532628625.8491,0.0,17030.323695723804,96958689556.68823,79924714101.69211
seasia,2030,13435046482258.57,342114723.918963,0.0,946108540814.3066,676954563044.8367,99923779822.56723,0.0,3344926457.1510677,182418209213.27896,776878342867.4039,0.0,15427.68486150673,169230197946.9027,165885271489.75165
russia,2030,11704841292868.771,147279157.63503894,972241.7270014156,533092585462.5404,593225110298.7592,70803050656.17267,25045485393.104393,0.0,179570103976.17972,659750610182.2582,4277550772.6737275,23716.746981368073,-126658024719.71777,-105890090099.2871
mena,2030,15005828437916.203,244122946.5109611,404190.7902172273,1549262907974.0864,800331948079.8948,230526718823.04312,0.0,15801862385.665247,4628968676.031191,1027991760897.9255,2866906005.011999,23932.10930710392,521271147076.1609,502602378685.48364
ssa,2030,6373834881656.243,587054657.0960501,0.0,756278528695.8706,270908530954.99628,40260577069.43876,0.0,8500455746.723247,4868011158.245696,311169108024.43506,0.0,4644.205249223411,445109420671.43555,436608964924.7123
us,2031,43075171529570.37,170186054.32899994,5640791.842609905,2058441301008.649,2114538177667.0884,246728438630.50238,399875046057.9935,0.0,674182694033.6229,2282303789661.9473,78962826635.64355,66841.54316421963,-223862488653.29834,97049730769.05164
oecd-ex-us,2031,55396249908736.68,381873178.8423952,7412558.009403562,2399555585066.458,2803073759045.5293,305320316976.9721,322774772486.2106,0.0,936760693049.0294,3040652822213.616,67741253808.88467,46202.73363074432,-641097237147.1582,-386063718469.8323
china,2031,53168544160186.46,737685847.4882685,0.0,2093810278224.3936,2778598495769.3354,290657419192.73865,0.0,17807998056.36528,21758447225.963085,3069255914962.074,0.0,27977.989736417916,-975445636737.6807,-993253634794.0459
india,2031,17972534125233.56,811061756.2104338,0.0,1707385391845.2163,949700802866.7368,252907003828.82132,0.0,40512838075.950386,8887097567.212402,1202607806695.558,0.0,10401.817343343451,504777585149.6582,464264747073.7078
latam,2031,14185028235648.64,324880661.2299463,0.0,926852019538.2344,722737432061.4053,108647725330.36282,0.0,16654068729.102503,5457568950.315506,831385157391.7681,0.0,17643.627903711116,95466862146.46631,78812793417.3638
seasia,2031,13604587444888.184,342474060.1294201,0.0,948353365038.8596,680411484660.1595,100552935510.1083,0.0,3679755280.0244617,5831773041.0427685,780964420170.2678,0.0,16006.98649853841,167388944868.5918,163709189588.56732
russia,2031,11604755028055.768,146682706.92143357,1130876.5232345248,532924516881.4888,590051632419.406,70265869602.918,21930420231.93795,0.0,5376300095.906062,655042153707.282,5275348315.041913,24449.08579715517,-122117636825.79321,-105462564908.89717
mena,2031,15495154519816.229,246444539.0906372,396163.7063639528,1555493791568.4377,815086776555.6757,239020976171.7703,0.0,16701985823.522453,4642028882.563767,1051311996992.997,2795755734.4493804,24667.753166027112,504181794575.4408,484684053017.46893
ssa,2031,6811890581178.685,606219737.5622948,0.0,766880676717.4302,283124396256.99915,42524864285.33207,0.0,7924202492.037394,4748485839.376399,325649260542.33124,0.0,4906.152742525057,441231416175.09894,433307213683.0615
us,2032,43185822333997.21,170822770.83501488,6581196.415780557,2062350522546.2205,2120255911464.7126,246816373754.25943,403526642294.323,0.0,11845924805.268442,2273797604937.427,93274680281.54483,67858.00578844365,-211447082391.2063,98804879621.57187
oecd-ex-us,2032,55059918156838.15,380482800.8931564,8550942.83766916,2422969478307.895,2792136427003.85,302019849844.7793,322736426391.01404,0.0,12118620251.199884,3015216079869.7295,78940196978.901,47165.883974343735,-592246601561.8345,-348450372149.72144
china,2032,52218533144347.125,728793326.8583224,0.0,2075835484998.617,2745739536653.6777,283927731248.0815,0.0,17265962602.74261,21086729666.499134,3029667267901.7593,0.0,28776.937962116455,-953831782903.1423,-971097745505.8849
india,2032,18422172228090.42,815688853.5413917,0.0,1704637457297.4,962365063854.3118,260320616774.8535,0.0,41323127753.13631,9009453941.773375,1222685680629.1653,0.0,10858.826810265658,481951776668.2346,440628648915.0983
latam,2032,14267489619408.096,324413299.69531673,0.0,925852064166.7344,723412465295.7444,108841311532.58989,0.0,16364781121.090494,5227877542.139263,832253776828.3342,0.0,18273.401366102265,93598287338.40015,77233506217.30965
seasia,2032,13771595596463.479,342841576.68269616,0.0,949963831717.1036,683915728539.4021,101170493688.1082,0.0,3700808410.0875826,5831350495.79294,785086222227.5103,0.0,16602.567574975026,164877609489.59338,161176801079.5058
russia,2032,11512087517872.33,146113926.20145547,1318888.872611557,532502483757.04315,586791331892.288,69632437019.10884,25888888512.9118,0.0,5364886457.993912,650371112470.7174,6052656440.67923,25198.170303876817,-117868628713.67426,-98032396641.44168
mena,2032,15965514702432.424,248738471.55849364,392220.1842900828,1561092897265.7358,829747182854.7513,246824338958.6889,0.0,18677340552.669376,4516147716.565301,1074201437182.9034,2370084630.536787,25420.141972649904,486891460082.8324,465844034899.6262
ssa,2032,7244841535133.489,625562274.619865,0.0,777343276540.9331,295569568666.1772,44786138950.26823,0.0,8849536647.277546,4812921677.596811,340355707616.44543,0.0,5179.767549924288,436987568924.4877,428138032277.21014
us,2033,43295539599010.88,171457411.23874348,7522468.146985332,2066236108010.9202,2126214643386.922,246997985486.18442,405006136866.5587,0.0,11687649009.328075,2265429531330.9844,107783097542.12299,68889.71503944589,-199193423320.0642,98029616004.37152
oecd-ex-us,2033,54755177283759.58,379133688.3069128,9673663.34412192,2445371365964.1094,2781935107195.3994,299009468895.4666,319095709112.77905,0.0,11736627935.381374,2990728519740.797,90216056350.06856,48144.96450873834,-545357153776.6875,-316477501013.977
china,2033,51288661058404.51,719843288.7881738,0.0,2057145851856.8674,2712745589280.5854,277317094734.8812,0.0,17360076515.128204,20404822731.15812,2990062684015.467,0.0,29592.811247434103,-932916832158.5994,-950276908673.7275
india,2033,18849773533131.44,831092768.6163688,0.0,1701343929523.6753,974739327609.4565,267206700284.9844,0.0,40419666462.96843,8623069874.740732,1241946027894.441,0.0,11331.136601512213,459397901629.2344,418978235166.2659
latam,2033,14348054228943.645,323932670.22694343,0.0,924511615032.0554,724110931836.7802,109004346626.38463,0.0,16005269658.14151,5173542624.789336,833115278463.1648,0.0,18919.925184693802,91396336568.89062,75391066910.74911
seasia,2033,13935112681451.414,343203599.2741019,0.0,950979546477.2754,687462730696.781,101771548742.86743,0.0,4176162266.0541444,5947980216.359304,789234279439.6484,0.0,17214.719077399044,161745267037.62695,157569104771.5728
russia,2033,11422201846246.783,145539660.16953233,1504478.471587905,531842979885.4602,583691439236.9929,69038128314.58641,25649556127.891064,0.0,5351359912.682072,645729384067.3458,7000183484.233584,25964.250109372333,-113886404181.88562,-95237031538.22813
mena,2033,16417409856280.607,251008540.1550587,390270.2187486503,1566091723291.666,844264808106.3243,254475697869.3465,0.0,19846239622.36932,4390176154.554202,1096576603849.4668,2163902126.2040167,26189.52456350803,469515119442.1992,447504977693.62585
ssa,2033,7672750716113.555,645095435.1137443,0.0,787658290696.5244,308180578206.38477,47032455811.291016,0.0,9329560892.641445,4793485193.858172,355213034017.6758,0.0,5465.412286013566,432445256678.84863,423115695786.2072
us,2034,43412294436424.6,172109597.65628365,8483965.99750714,2070093631373.4783,2132329408234.6477,247220403332.5337,414662363416.9326,0.0,11548654190.528608,2257199424232.1797,122350387335.00116,69936.8995746124,-187105792858.70142,105206183223.23004
oecd-ex-us,2034,54482626146567.94,377832107.6725285,10790113.461865345,2466807645141.4443,2772310970758.8916,296298194287.9534,318226588655.0841,0.0,11023794058.729324,2967162210454.048,101446954592.79727,49140.198980262394,-500354565312.6035,-283574931250.31665
china,2034,50381453194328.09,710855021.4877795,0.0,2037826071907.8525,2679560256785.555,270793350580.81503,0.0,15484801329.230423,20804472711.315033,2950353607366.37,0.0,30425.850962392054,-912527535458.5176,-928012336787.748
india,2034,19251221142366.438,835266956.960017,0.0,1697534554473.9531,986886185442.3582,273592168796.50003,0.0,44321429307.62462,8712838307.523758,1260478354238.8582,0.0,11819.080099483755,437056200235.095,392734770927.47034
latam,2034,14426680245772.81,323441973.6052785,0.0,922849880993.1024,724826535479.1615,109139153146.4853,0.0,15288701389.167297,5030525850.885741,833965688625.6469,0.0,19583.48259699224,88884192367.45557,73595490978.28827
seasia,2034,14095012376631.26,343570166.2148994,0.0,951437857868.4014,691020781690.9858,102362512584.04651,0.0,3707152662.726004,5552284249.20996,793383294275.0323,0.0,17843.734132856633,158054563593.36902,154347410930.643
russia,2034,11334902852065.914,144959232.81726554,1688258.0302909382,530961550451.1923,580595678995.0504,68453821813.69938,25501038883.103893,0.0,5287917293.584193,641111140138.9873,7938360669.762437,26747.577225625948,-110149589687.79498,-92586911474.45352
mena,2034,16850098138327.375,256601450.19540194,388217.53084598156,1570520074648.268,858652279211.7448,261970923655.2903,0.0,21553019094.12898,4344429359.6686945,1118470360879.2485,2152841987.7865853,26976.152191552625,452049713769.01953,428343852687.104
ssa,2034,8096471883633.581,670706431.9307984,0.0,797818290226.0061,320969420470.1942,49268479457.497,0.0,8596390406.260454,4737167627.970837,370237899927.6912,0.0,5763.4547487528625,427580390298.3149,418983999892.05444
us,2035,43521200986770.46,172744561.6062351,9430675.030660477,2073918928254.1028,2138879269319.5852,247625310987.1934,410101052720.07947,0.0,11391149678.44309,2249108468186.3716,137396112120.40738,70999.79148182356,-175189539932.2688,97515400667.40329
oecd-ex-us,2035,54233823148533.04,376546670.4708817,11871140.505658178,2487322457469.338,2763315325618.1553,293866956857.90405,309583908647.7705,0.0,11472918324.00589,2944443687895.0923,112738594580.96756,50151.81450967642,-457121230425.7544,-260275916358.95145
china,2035,50349255854280.19,701783377.7781986,0.0,2017954405908.6326,2643681310563.645,272967456164.428,0.0,17783358147.41098,884280378918.9537,2916648766728.073,0.0,31276.301145481142,-898694360819.4407,-916477718966.8517
india,2035,19629429571148.49,839232340.9982402,0.0,1693237910769.122,998584506187.8761,279456580812.5879,0.0,44993896102.6063,8005501116.010459,1278041087000.4639,0.0,12322.993355349145,415196823768.6582,370202927666.0519
latam,2035,14502933699432.635,327904785.94792855,0.0,920885158861.4346,725564534341.8016,109243907971.04947,0.0,14865170516.311874,5041907627.552596,834808442312.8511,0.0,20264.359012709418,86076716548.5835,71211546032.27162
seasia,2035,14250514593121.885,343926045.30677104,0.0,951373987557.1248,694612572844.3313,102938145464.0568,0.0,3804544736.3480034,5483491978.228337,797550718308.3881,0.0,18489.90803605888,153823269248.7367,150018724512.3887
russia,2035,11250369740302.072,146689539.92063943,1873270.9830449198,529872849981.50037,577500676523.6932,67882564563.767715,25773542101.186523,0.0,5203737240.932208,636509946368.4045,8873294719.056446,27548.40612633718,-106637096386.90417,-89736849004.7741
mena,2035,17264915584846.393,258815994.5252477,385965.8405468557,1574406174513.8909,872861256193.2146,269131025809.25073,0.0,21806406382.8979,4209960390.489608,1139840692097.7332,2151589904.7322493,27780.278584044616,434565482416.1577,410607486128.5276
ssa,2035,8515909536866.019,690734555.3598534,0.0,807816430605.141,333973697823.0734,51498259155.95882,0.0,7600133745.659695,4693313351.990542,385471956979.0322,0.0,6074.267840154052,422344473626.10876,414744339880.4491
us,2036,43625867341341.46,176130076.18729538,10370689.007357692,2077708082098.814,2145353765590.244,248023891275.59534,409083814751.7022,0.0,11252114586.2933,2241109565608.657,152268091257.182,72078.62633090236,-163401483509.84326,93414239984.67694
oecd-ex-us,2036,54009665949087.63,381864318.53853893,12927425.001390623,2506957778395.533,2754652448461.398,291614110348.23285,304040155316.21423,0.0,11111425652.4569,2922527723642.2837,123738835167.34561,51180.04164705318,-415569945246.7505,-235268625097.88187
china,2036,49473076844464.984,692658210.3004217,0.0,1997603101552.4575,2610580190682.224,266636131843.15668,0.0,16890594945.178883,20324806102.918533,2877216322525.381,0.0,32144.40856575911,-879613220972.9233,-896503815918.1022
india,2036,19987464406839.473,843040496.4021002,0.0,1688481441156.867,1009967679031.1721,284842364482.4484,0.0,43661515008.975655,8024953056.711563,1294810043513.6206,0.0,12843.215070404938,393671397643.24634,350009882634.2707
latam,2036,14575991180460.229,327373838.8108061,0.0,918634871250.9358,726303388180.9299,109322986122.70097,0.0,14810597488.167704,4859581568.458071,835626374303.6309,0.0,20962.8420526122,83008496947.30493,68197899459.13723
seasia,2036,14400772782424.041,349245869.6147045,0.0,950821152597.4047,698196552214.1486,103493505599.05528,0.0,4358332300.309155,5485426818.262867,801690057813.2039,0.0,19153.538279183922,149131094784.2008,144772762483.89166
russia,2036,11168097210491.432,146098610.83243233,2055378.8125328738,528590684820.55865,574413067378.1409,67316313029.8172,25517322179.974422,0.0,5348843596.794539,631904524987.4144,9824855420.543837,28366.993805910806,-103313840166.85577,-87621373407.42519
mena,2036,17663072478917.676,261017654.39667094,383512.0919279913,1577776765286.1519,886943029425.8131,275970206775.6218,0.0,20943372444.731342,4236737431.305077,1160765212726.841,2148023474.593949,28602.160001844866,417011552559.3108,393920156639.98553
ssa,2036,8928721865871.6,710893646.0413749,0.0,817646427669.0228,347194571674.88306,53721729225.26875,0.0,8562281295.475281,4644483532.185564,400916300900.1518,0.0,6398.229486727132,416730126768.87103,408167845473.39575
us,2037,43731606578578.945,176762240.65351945,11316243.53867389,2081457413031.8838,2151868432352.0889,248421458563.99344,413353038528.54333,0.0,11218676593.132532,2233201426896.108,167088464019.97458,73173.64322583453,-151744013864.22412,94520560644.34464
oecd-ex-us,2037,53812475132632.75,380641521.0428471,13971070.604896907,2525753505769.9746,2746397251372.2905,289546608213.0035,302018862616.81274,0.0,10980674743.66562,2901374738653.893,134569120931.40092,52225.114427354754,-375621232883.91846,-208171491198.50665
china,2037,48616284155580.32,683484705.7078916,0.0,1976838797379.5178,2577299702030.1987,260430047680.12933,0.0,15313222740.40082,19411486186.534695,2837729749710.328,0.0,33030.42278602598,-860890952330.8103,-876204175071.2112
india,2037,20520896663611.043,846601368.0575728,0.0,1683291482021.0322,1017454919964.0791,292080452143.2676,0.0,45837337460.72706,205513484318.61368,1309535372107.3467,0.0,13380.086580480644,373756109913.68555,327918772452.9585
latam,2037,14645711607575.53,326816810.9458609,0.0,916115606130.1102,727016811087.4359,109373921376.21953,0.0,14697031696.807816,4692585145.65203,836390732463.6554,0.0,21679.22158970571,79724873666.45483,65027841969.64702
seasia,2037,14546667193209.273,349579210.4615359,0.0,949810679039.0056,701738362380.443,104024480216.95915,0.0,3665761157.7369423,5512335501.365335,805762842597.4021,0.0,19834.92458426673,144047836441.60352,140382075283.86658
russia,2037,11086304743578.643,145489001.07583058,2226267.957937181,527128068660.98865,571312729850.3352,66769739172.65255,24180615342.886513,0.0,4981318106.319208,627306351952.172,10776117070.815552,29203.599839846298,-100178283291.18335,-86773785019.1124
mena,2037,18044021772187.066,263198870.16382155,380817.1477951495,1580657199553.2485,900935421645.175,282505761061.3713,0.0,20489093272.787926,4222369695.4710236,1181299658715.5864,2141523990.9600596,29442.055300080377,399357540837.6621,376726923573.9141
ssa,2037,9335628466254.686,731218134.4835265,0.0,827302534662.9034,360548301921.0688,55924657969.68524,0.0,8628872288.523252,4705897899.455392,416472959890.754,0.0,6735.7225599628055,410829574772.1494,402200702483.62616
us,2038,43837855147351.02,177397152.25423965,12266582.059145957,2085163477463.1104,2158602750283.901,248951163563.02264,417540251467.2037,0.0,11098753688.679634,2225505344831.8813,182048569015.04156,74285.08485777202,-140341867368.771,95149815083.39111
oecd-ex-us,2038,53643041336380.77,379457242.1669189,15011488.104958806,2543747547827.5454,2738642274955.085,288010047416.12006,302754885368.59686,0.0,10716092923.081903,2881339277114.577,145313045256.62674,53287.270426712654,-337591729287.03174,-180149889175.0616
china,2038,47777336267336.53,674237365.8634288,0.0,1955722902053.8853,2543856970725.071,255210835382.20102,0.0,14831101482.659084,19228117292.255016,2799067806107.272,0.0,33934.596227066046,-843344904053.3867,-858176005536.0458
india,2038,20833703978937.05,849816663.3076241,0.0,1677693294669.5776,1028034591363.982,299067423718.1201,0.0,45891277776.29179,8107313514.826443,1327102015082.102,0.0,13933.95184345038,350591279587.4756,304700001811.1838
latam,2038,14711732120191.16,326217709.73757637,0.0,913343151868.3914,727698443871.4965,110284310441.15016,0.0,14008265797.966005,4668380857.845137,837982754312.6466,0.0,22413.789792727977,75360397555.74475,61352131757.77875
seasia,2038,14686263835564.393,349867298.3810733,0.0,948372109603.9236,705281588805.8694,105385255249.82018,0.0,3558076718.126301,5449453525.0190525,810666844055.6896,0.0,20534.368938161053,137705265548.234,134147188830.10771
russia,2038,11007962924129.922,144879635.79821572,2406442.416531901,525497260439.6299,568152038252.3096,66247215762.54054,25569421483.359898,0.0,4990752643.149205,622742669951.5076,11656584063.342583,30058.486446507162,-97245409511.87769,-83332572091.86038
mena,2038,18403339137975.426,265284919.03122902,377812.0741175763,1583071528358.4849,914805484224.6926,290830618723.2046,0.0,22257343309.002716,4139283686.7736535,1203504904124.8936,2131198823.0037339,30300.225990167473,379566624233.5913,355178082101.5849
ssa,2038,9792265384402.227,751619670.0941913,0.0,836779519805.8052,371663532851.7753,59197429860.98187,0.0,9518734089.048443,60237095143.54522,430860962712.7572,0.0,7087.134797121599,405918557093.048,396399823003.9995
us,2039,43929281305940.79,178000006.1114989,13186873.670332575,2088823047518.0674,2165548672151.6384,249517152810.33044,407491330792.7647,0.0,10177605240.961119,2217930334365.1523,197135490596.81647,75413.19755883177,-129107286847.08496,81248553348.86328
oecd-ex-us,2039,53489599493546.97,378271867.5801452,16011056.680166347,2560975912490.8145,2731438356407.1997,286629038648.3967,293348946757.55206,0.0,10300692973.402191,2861996597664.928,156070797390.66898,54366.75081942342,-301020685174.1138,-163742535807.23068
china,2039,46955280859068.79,677206075.8137932,0.0,1934311943532.0806,2510153456465.7007,250089498057.65637,0.0,13768199009.206415,17643801732.713947,2760242954523.357,0.0,34857.18423294564,-825931010991.2764,-839699210000.4828
india,2039,21125564171865.27,852729695.1504757,0.0,1671711095669.845,1038156481799.4465,305433351684.01447,0.0,44327401253.20485,8066331995.033903,1343589833483.461,0.0,14505.157429905297,328121262186.38403,283793860933.1792
latam,2039,14962594667344.121,325563427.15653616,0.0,910332536483.8196,726487184860.3002,113088508498.92033,0.0,14197644296.058044,194303348324.42642,839575693359.2205,0.0,23166.841171932578,70756843124.59912,56559198828.54108
seasia,2039,14818312184828.904,350090293.05467474,0.0,946533309241.7037,708746615973.1123,106671899419.20082,0.0,4418424633.019121,5351980048.131763,815418515392.3131,0.0,21252.175630055888,131114793849.39062,126696369216.3715
russia,2039,10930103157410.166,144250000.73414603,2576239.6359474477,523709809837.1408,565022392837.6924,65734091106.798325,24359322172.42675,0.0,4827585215.163976,618165861454.7948,12590622489.695948,30931.918550251008,-94456051617.65399,-82687351934.92319
mena,2039,18918875286301.355,267322725.40357774,374626.5568344072,1585042579394.2998,924107206452.1989,300681410487.66583,0.0,19664524816.616386,174946710688.11295,1222696030290.9607,2092586648.904035,31176.93630317324,362346549103.3391,340589437637.81866
ssa,2039,10186657366050.404,772117852.0697906,0.0,846072644395.5188,385107511626.38544,61704347629.18836,0.0,9748431539.77096,4879628048.005034,446811859255.5738,0.0,7452.858722594691,399260785139.945,389512353600.1741
us,2040,44016664582221.87,178588152.1464077,14103875.952132205,2092433111956.5273,2172183087786.5757,252387262371.07257,408679503940.21875,0.0,10841010541.933897,2212859619539.7505,211710730617.89664,76558.2313567015,-120426507583.22314,76542265739.09897
oecd-ex-us,2040,53358912575003.31,377094232.7098935,17016094.187075224,2577472786873.084,2724404255989.2905,291263164116.5252,296797331026.10767,0.0,10710383662.974825,2849256806887.717,166410613218.10022,55463.80043567204,-271784020014.6328,-141397302206.62537
china,2040,46141346394660.414,667731819.9704306,0.0,1912657907269.0889,2476203133442.6885,252227734311.80307,0.0,15378759425.845718,17217255502.867996,2728430867754.4917,0.0,35798.4451373568,-815772960485.4028,-831151719911.2485
india,2040,21388916098748.574,855082274.8153691,0.0,1665368088088.5674,1047886728846.217,316673961615.9148,0.0,45531983544.94439,8076512801.81214,1364560690462.1318,0.0,15094.052517035112,300807397626.43555,255275414081.49115
latam,2040,15017764924291.3,324820067.36797696,0.0,907098057431.9948,726990140748.6565,116221875899.63628,0.0,13661198561.314812,4945414724.79159,843212016648.2927,0.0,23938.672627134798,63886040783.70203,50224842222.387215
seasia,2040,14941337175442.441,350216467.6704399,0.0,944320557343.8844,712079719913.1158,109855770907.93275,0.0,4687098855.873662,5327022946.571673,821935490821.0486,0.0,21988.651291527007,122385066522.83582,117697967666.96216
russia,2040,11022691488897.25,143624208.49388197,2768867.979511338,521776598361.1225,560777212490.1539,67703301253.54685,27736607577.27733,0.0,171555639292.3815,615174598200.3228,13305915543.377827,31824.163845901876,-93397999839.20026,-78967307805.30075
mena,2040,19240209001018.836,269217321.22253007,371167.92011001,1586592030235.22,937191331604.316,312210728237.4606,0.0,20239484659.136257,4383228983.175842,1247326898905.6792,2075160936.0976045,32072.453254497323,339265131329.5408,316950485734.30695
ssa,2040,10573758780664.23,792686250.9296924,0.0,855177641688.6687,398670955644.95996,64517291510.40358,0.0,9819211350.313387,4931231430.830042,463188247155.3635,0.0,7833.2915700960575,391989394533.3052,382170183182.99176
us,2041,44781296021082.94,179159624.28017837,15015097.903729318,2095990862401.752,2171756982387.5647,261342759737.19907,411412678902.633,0.0,690327639681.4727,2209852712774.371,223247029350.39285,77720.4400300647,-113861850372.61914,74303799179.621
oecd-ex-us,2041,53251240641204.78,375930412.9577547,18033786.292913698,2593270625565.2915,2717712864872.407,295636973481.7521,302445617058.0719,0.0,9961661932.284214,2836498252220.872,176851586133.28873,56578.66781999596,-243227626655.58057,-117633595730.7974
china,2041,45336998682209.66,658096042.7751236,0.0,1890808547120.966,2441579072631.394,254110755381.798,0.0,16150571356.173025,16684139797.64394,2695689828013.192,0.0,36758.64033099737,-804881280892.2258,-821031852248.3988
india,2041,21626653013899.17,867501736.6469902,0.0,1658686492112.297,1056811946484.5945,326952389241.1545,0.0,44413333545.163445,7228092309.214732,1383764335725.749,0.0,15700.988885761122,274922156386.5481,230508822841.38464
latam,2041,15065876786512.58,323974813.15871924,0.0,903653317678.1493,727311455176.9824,119170615244.84093,0.0,13882664170.906946,4823279135.859658,846482070421.8234,0.0,24729.583497995896,57171247256.32593,43288583085.41898
seasia,2041,15229126724195.664,350251273.71911365,0.0,941758638762.6674,712857117910.0068,114873408561.72044,0.0,4481504748.967995,178242941211.25772,827730526471.7273,0.0,22744.10493910228,114028112290.94006,109546607541.97208
russia,2041,10948713090873.84,142969371.2590032,2951389.9901238116,519707874976.6241,557685069042.833,67793987525.53989,26597679543.826233,0.0,5195104024.50228,611181941682.4584,14297114885.914421,32735.492864546854,-91474066705.83429,-79173502047.92249
mena,2041,19537447011679.37,270954807.26552904,367404.78134389897,1587740481815.2456,949677572318.5835,322974940298.27985,0.0,22195993784.278458,4346035246.43026,1270598841909.6494,2053670707.214023,32987.046709856564,317141639905.5962,292891975414.1037
ssa,2041,10953037050534.12,813303015.317326,0.0,864090695949.7814,412339489326.938,67296256836.45552,0.0,10113886089.809832,4937206173.311671,479635746163.3935,0.0,8228.835205939338,384454949786.3879,374341063696.57806
us,2042,44879747681810.9,179764386.24609,15957056.841595864,2099493685796.3887,2178224565311.7808,261161348080.32727,427318398227.9265,0.0,11025490095.702461,2201838440313.766,237547473078.34158,78900.0811648572,-102344754517.37744,87426170632.20749
oecd-ex-us,2042,54058606790317.8,374804170.0283283,19059503.947013475,2608400226944.434,2707042401139.5034,303730548657.97516,308777631949.34424,0.0,900961240016.6942,2825855939798.084,184917009999.39453,57711.60529050268,-217455712853.6499,-93595090903.7002
china,2042,44548859562452.625,648358667.0739579,0.0,1868807676159.6401,2406321136957.3047,251005279360.52872,0.0,16147917538.68485,16527537939.836103,2657326416317.8335,0.0,37738.03432997924,-788518740158.1934,-804666657696.8782
india,2042,21848882683403.492,869209667.2742183,0.0,1651687574974.1658,1065018606005.2385,324906935524.72473,0.0,46871859655.61927,7339495715.7363205,1389925541529.9634,0.0,16326.320921157347,261762033444.2024,214890173788.58313
latam,2042,15111302310402.945,323102799.0020676,0.0,900011257119.6505,727411707578.9891,118472116258.48152,0.0,13441712149.1012,4739802757.296095,845883823837.4707,0.0,25539.87561651919,54127433282.17981,40685721133.07861
seasia,2042,15339555546081.627,350266639.7809315,0.0,938870931792.7145,715735386479.2518,114677897074.64279,0.0,3607044897.5288963,5578218544.668366,830413283553.8947,0.0,23518.848019317935,108457648238.81982,104850603341.29092
russia,2042,10877407536639.074,142311802.1629947,3142667.3732051053,517513292970.9666,554497025577.9269,67310993595.52697,27999710051.02786,0.0,4989461916.704095,606572690521.2853,15235328652.16867,33666.17904063973,-89059397550.31866,-76295016151.45947
mena,2042,19822894390744.91,272687944.43488175,363390.0210599122,1588507514652.7434,961500583211.3027,323597074904.585,0.0,22293510496.1522,4331033024.829519,1283069702249.2297,2027955866.6580977,33920.9894525558,305437812403.5137,281116346040.70337
ssa,2042,11325847303190.684,834091516.1331136,0.0,872808422904.4137,426089877103.1086,68221082897.48428,0.0,10794781462.245829,5107571214.990053,494310960000.5929,0.0,8639.896053646182,378497462903.8208,367702681441.57495
us,2043,44966104560171.625,180343696.48844153,16869557.814082302,2102939155417.5862,2185278666789.3586,260750351584.8995,418337200537.6987,0.0,11109540779.70385,2193696335274.0532,252332683100.20377,80097.41621136758,-90757179856.46704,75247337581.02792
oecd-ex-us,2043,53988639539230.43,373673702.7921006,20048281.535789136,2622890814712.4326,2701360003293.6987,303028639650.72156,301161524367.2453,0.0,10369052777.425053,2808922698717.8135,195465944226.608,58862.86899885407,-186031884005.38086,-80336303864.74356
china,2043,44555397578294.6,638563362.550227,0.0,1846695445795.579,2371814486691.764,255366140822.09024,0.0,13181079621.562046,800204277181.8268,2627180627513.8545,0.0,38736.89484525687,-780485181718.2754,-793666261339.8374
india,2043,22059799242851.188,870874819.3015679,0.0,1644391681894.9766,1073012228796.221,322607721974.2559,0.0,45097913874.20535,7242742197.413735,1395619950770.4768,0.0,16970.405616190892,248771731124.49976,203673817250.2944
latam,2043,15153188112242.34,322195184.15944433,0.0,896184182313.8226,727476453943.532,117594356297.36609,0.0,13806536235.401775,4578966001.857028,845070810240.8981,0.0,26369.85336173106,51113372072.92456,37306835837.52278
seasia,2043,15443845131234.729,350244638.0581259,0.0,935679484897.2719,718585461026.828,114312858948.27365,0.0,3975077470.631229,5483497701.573734,832898319975.1017,0.0,24313.194456241592,102781164922.17017,98806087451.53894
russia,2043,10805560193715.436,141627214.02690268,3317562.0452224743,515201942809.93494,551319124785.2246,66732502156.93182,26056743557.81055,0.0,4945597650.763553,601828654537.5809,16222972404.575445,34616.498780395115,-86626711727.646,-76792940574.41089
mena,2043,20093505665657.918,274389491.76484996,359061.4480852649,1588911755786.2446,973318690905.3035,324075679003.21173,0.0,25184067965.84272,4277957001.1192226,1295395981679.752,1998388228.763202,34874.557252028826,293515774106.4927,266333317911.88675
ssa,2043,11692869575489.115,860764162.0469832,0.0,881327850013.0264,439993178814.2828,69084242108.20154,0.0,10297374157.645866,5069217365.539643,509077420922.4843,0.0,9066.885020125652,372250429090.54205,361953054932.8962
us,2044,45046751787301.03,180912637.7885778,17767374.689213824,2106325020545.1328,2192077604140.898,260245006412.27536,415674814993.44824,0.0,10970002144.028921,2185724047898.8467,266598562654.326,81312.71054219437,-79399027353.71387,69677224985.40839
oecd-ex-us,2044,53938160241669.805,372564459.0130252,21024470.445986666,2636770108907.993,2695788763547.031,302016417903.97797,300390377757.0027,0.0,10165397225.362617,2792207874040.004,205597307411.00522,60032.718991030866,-155437765132.01074,-60644694786.013275
china,2044,43797426210879.39,628703635.7435477,0.0,1824508598055.8672,2336471957565.138,251119832270.86707,0.0,11241572111.736017,16353396476.66263,2587591789836.0054,0.0,39755.4928530693,-763083191780.1382,-774324763891.8741
india,2044,22257239895112.74,872448260.0943309,0.0,1636818265436.5837,1080978908450.3484,320367569384.635,0.0,45365585828.8376,7334450488.771255,1401346477834.9834,0.0,17633.602578807277,235471787601.60034,190106201772.76276
latam,2044,15192291269339.258,326094410.1275698,0.0,892183795923.0342,727473920322.0015,116675299851.20322,0.0,13453449410.922695,4522030758.017742,844149220173.2047,0.0,27219.823716519313,48034575749.82947,34581126338.90677
seasia,2044,15541761862955.59,350183777.1120785,0.0,932205093065.112,721354200032.4052,113903024380.70032,0.0,4494829621.289028,5463692690.132666,835257224413.1055,0.0,25127.46070143643,96947868652.00659,92453039030.71756
russia,2044,10737113865714.104,140945033.40456533,3505305.5254048905,512782386010.99036,548037909953.5493,66094570488.02019,28035500943.463776,0.0,4868265485.786716,597015567217.3573,17116913224.212181,35586.731531457146,-84233181206.36694,-73314593487.11536
mena,2044,20354357509988.527,276112327.1355362,354546.1766853645,1588970927203.9353,985001412454.5157,324504733463.4187,0.0,22970474942.369675,4357537986.989836,1307541525386.8103,1964620531.1240594,35848.02893363414,281429401817.125,256494306343.63126
ssa,2044,12052298974034.055,881961934.3146915,0.0,889646397405.9886,454090687557.8282,70005011095.61122,0.0,11131942313.4024,5010642105.790424,524095698653.4394,0.0,9510.217423656746,365550698752.54926,354418756439.14685
us,2045,45124150324624.36,181475456.67849886,18654463.056234594,2109649202813.8062,2198827800054.7979,259758887357.43433,414906927832.4741,0.0,11429094089.270906,2177963586368.0225,280623101044.2091,82546.23351107248,-68314383554.21631,65969443234.048706
oecd-ex-us,2045,53906461172769.125,371476023.99457353,21986831.27522015,2650064398888.943,2690555614957.223,300857110857.72534,299466940868.2554,0.0,10182317157.006796,2775818637255.2754,215594088559.67273,61221.419268890946,-125754238366.33252,-41881386057.74988
china,2045,43053657717342.93,618734509.9588463,0.0,1802280713838.0005,2300879629654.365,246629773770.56964,0.0,14213314821.871572,15673510872.365007,2547509403424.935,0.0,40794.10266638937,-745228689586.9346,-759442004408.8062
india,2045,22649668002446.02,873981103.9059659,0.0,1628985915905.0178,1084030613469.3771,320702801681.94556,0.0,43819681473.62465,211995288053.2011,1404733415151.3228,0.0,18316.274042381192,224252500753.69507,180432819280.07043
latam,2045,15227860624352.723,325138627.7852807,0.0,888021225701.9515,727436575960.7938,115755744197.31961,0.0,13700043229.53678,4440492699.16907,843192320158.1134,0.0,28090.096326601,44828905543.838135,31128862314.301353
seasia,2045,15634328190161.672,350105228.835177,0.0,928467371072.57,724033342598.6796,113482656458.95341,0.0,3762639571.9809804,5377594763.127682,837515999057.6329,0.0,25961.96578634,90951372014.93701,87188732442.95602
russia,2045,10671253639937.553,142534134.064923,3700486.467604059,510262684791.47095,544788502194.5762,65442154617.777374,29319919058.010242,0.0,4787827186.3308525,592150461046.0027,18080195766.350735,36577.15985382762,-81887776254.53174,-70648052962.87224
mena,2045,20603833303959.152,281102089.81210005,349823.1487706407,1588701901471.832,996781134516.1655,324987754960.18945,0.0,21738416490.337616,4281198465.471105,1319841383848.3801,1927505627.9748495,36841.68644969097,268860517623.4519,245194595505.13943
ssa,2045,12404092762495.645,903311236.3589249,0.0,897761860448.714,468311370193.22595,70986746680.57018,0.0,11950852164.318445,5280897050.983905,539298116873.79614,0.0,9970.312923898071,358463743574.91785,346512891410.5994
us,2046,45195499917339.13,184739172.53629664,19525325.10541639,2112909786184.6672,2205594010859.1846,259277248038.33688,412035492113.5532,0.0,11275573314.09394,2170446482514.7808,294424776382.74194,83798.25851258238,-57536696330.113525,60074019400.697754
oecd-ex-us,2046,53895939757265.46,370422145.88635427,22949106.186738815,2662798621052.7026,2685652802788.1064,299594136494.222,302475872494.4286,0.0,9451030231.599586,2759852081631.4517,225394857650.8786,62429.23785253541,-97053460578.74902,-19972445735.199036
china,2046,42326175853796.22,608673961.3218852,0.0,1780042433612.78,2264825739725.9893,241908199195.21945,0.0,16256990426.023472,15466632187.739267,2506733938921.2085,0.0,41853.00200737502,-726691505308.4285,-742948495734.4519
india,2046,22825804503771.99,875470826.4290798,0.0,1620912388771.0374,1091701151756.2872,318717341460.0365,0.0,41940920900.04823,7583526671.320828,1410418493216.3237,0.0,19018.784879548366,210493895554.71362,168552974654.6654
latam,2046,15260337098909.863,324161662.7996494,0.0,883707050680.3894,727336382833.7644,114879296087.62848,0.0,13375940206.077873,4361043004.21338,842215678921.3928,0.0,28980.983561591496,41491371758.99658,28115431552.91871
seasia,2046,15720222964371.09,354854402.68238294,0.0,924484817457.7677,726672977970.652,113097852436.74084,0.0,4102870198.129132,5283657357.172054,839770830407.3928,0.0,26817.031377029933,84713987050.37488,80611116852.24574
russia,2046,10606974020448.908,141844300.0696964,3897332.764507945,507650428236.41003,541546553508.23584,64772964254.40637,29836915758.1851,0.0,4552554279.3931465,587250911416.148,19068606346.494423,37588.069492039314,-79600483179.73792,-68832173768.04724
mena,2046,20838209411924.7,282810274.4176137,344822.5189912392,1588120747111.895,1008598271206.3425,325545565068.4825,0.0,23941253033.024567,4340450161.506237,1332256875179.483,1886961095.342289,37855.814951741886,255863871932.4121,230035657804.04526
ssa,2046,12748061916923.674,924820931.2311662,0.0,905672390977.8386,482664450772.0004,72134667445.46216,0.0,12108747968.03049,5204629635.688282,554799118217.4626,0.0,10447.5954541405,350873272760.376,338764524792.34546
us,2047,45274407264617.99,185314907.7853149,20413323.138274692,2116105005844.1592,2212303226458.3423,258797723671.98087,423311283303.06006,0.0,10592008261.931915,2163193645951.812,307907304178.5115,85069.06304275487,-47088640107.65283,68315339016.89575
oecd-ex-us,2047,53897023730014.65,375828862.85406864,23875248.74670691,2674996412089.559,2681197490965.765,298238011622.92773,295652606838.76215,0.0,9870456409.524712,2744316752683.1665,235118749905.5268,63656.44684349634,-69320340593.60742,-8786483660.37207
china,2047,41618359371468.79,610591235.9606656,0.0,1757821671712.239,2228379467183.4517,237011615216.32428,0.0,15287407237.064922,15040335597.161173,2465391082399.776,0.0,42932.47208081798,-707569410687.5369,-722856817924.6018
india,2047,22984118374103.703,876787786.7525975,0.0,1612614635612.3247,1099332148613.0034,316917644425.8166,0.0,45122612069.828674,7071639828.0383625,1416249793038.82,0.0,19741.502619429262,196364842573.50464,151242230503.67596
latam,2047,15289788773752.06,323166366.1054676,0.0,879251325999.77,727195106246.3224,114059786464.60649,0.0,12867759679.04616,4323001232.4045925,841254892710.9288,0.0,29892.800578146176,37996433288.84119,25128673609.79503
seasia,2047,15799354138581.262,354711826.1549134,0.0,920274878777.5197,729220667017.6268,112751175564.33276,0.0,4390476726.789326,5218614741.404351,841971842581.9596,0.0,27692.981831348305,78303036195.56006,73912559468.77074
russia,2047,10543186878773.191,141138263.70006344,4088754.8082738053,504952761794.20514,538284810801.3774,64105160729.877144,29424500077.133453,0.0,4225567984.202769,582324590734.5884,20065380796.666008,38619.74944856086,-77371828940.38324,-68012709659.915794
mena,2047,21061823002041.543,284536465.84014946,339647.91807567154,1587242775377.1838,1020265107255.6876,326127153368.76416,0.0,21639589748.296448,4402665112.420575,1344565661388.4272,1826599236.024515,38890.70286402895,242677113988.7566,219210925004.43564
ssa,2047,13162179497371.232,946522897.2775246,0.0,913376481102.471,493257023705.88873,74257536798.21739,0.0,11198515196.363373,79454175045.55536,567514560504.1061,0.0,10942.493156010009,345861920598.36487,334663405402.00146
us,2048,45343423308490.06,185871565.69760984,21277942.499605376,2119233241429.5818,2219430678184.064,258334354718.49005,417825093682.6411,0.0,9722741662.432173,2156212804509.7432,321552228392.81104,86358.92876058511,-36979563080.16138,59293302209.6687
oecd-ex-us,2048,53921264606393.52,374824570.8396433,24811449.035821185,2686680189273.294,2676858012467.604,296788899460.0584,301684110329.1457,0.0,9523488704.099771,2729263107191.4175,244383804736.24606,64903.32248876088,-42582917918.123535,14717387674.776093
china,2048,40930655773681.38,600455486.8744247,0.0,1735643812190.2512,2191704486159.6455,232013792608.78534,0.0,13645237847.267593,14016106638.031225,2423718278768.4307,0.0,44032.797648586326,-688074466578.1794,-701719704425.447
india,2048,23128172895388.55,878005835.588678,0.0,1604108830479.0344,1106685089499.4646,315226679099.4489,0.0,45255333332.161995,7112792736.88092,1421911768598.9136,0.0,20484.797468250978,182197061880.12085,136941728547.95886
latam,2048,15315496024899.4,322144884.5415488,0.0,874663610646.479,727017843563.1987,113302476100.97528,0.0,12849801888.4535,4213762053.489198,840320319664.1741,0.0,30825.865385146346,34343290982.30493,21493489093.851433
seasia,2048,15871987167355.723,354538300.6115479,0.0,915854010002.115,731672171500.0262,112443799172.85999,0.0,4344873370.7628,5239862815.994127,844115970672.8862,0.0,28590.144258355347,71738039329.22876,67393165958.46596
russia,2048,10480255834145.768,140414884.75236222,4273161.65586756,502176413151.9038,534966848099.5427,63415501232.63651,28804035542.466072,0.0,4470856010.378176,577360027264.1112,21022322068.067932,39672.49205842056,-75183614112.2074,-67401900637.80926
mena,2048,21274467750414.7,286281605.0074017,334308.4900754117,1586082576445.785,1031944210695.2968,326790857931.7755,0.0,19017771735.459785,4315012289.895174,1357025636824.0635,1709431803.0088708,39946.64195817134,229056939621.72144,208329736083.25278
ssa,2048,13493417991264.988,968302758.5946052,0.0,920872945868.4083,507698284075.4029,75741140205.32593,0.0,12082956606.191319,5887928912.271797,583439424280.7288,0.0,11455.438316819087,337433521587.67957,325350564981.4882
us,2049,45415995122140.86,186435754.5735126,22145291.134233247,2122293014719.4749,2226372867348.485,257826209403.13605,423459044470.24335,0.0,11018831212.698599,2149449906053.0256,334749170698.597,87668.14155046945,-27156891333.55078,61552982438.09558
oecd-ex-us,2049,53951764283684.625,373807417.8507074,25699011.070466723,2697871200105.4023,2673058480912.4497,295366853767.77966,291683408704.8639,0.0,9370403161.081388,2714713781730.468,253711552949.76205,66170.14524564594,-16842581625.06543,21129274130.036407
china,2049,40260481713672.57,590252682.4221182,0.0,1713531895230.498,2154852102901.423,226953380192.72357,0.0,15338893546.511976,13438421401.379164,2381805483094.1465,0.0,45154.26710505791,-668273587863.6484,-683612481410.1604
india,2049,23261608773044.95,879216208.6063015,0.0,1595410398528.301,1113879259898.422,313671814592.61346,0.0,41567052780.56093,7143606399.690419,1427551074491.0356,0.0,21249.04233336922,167859324037.26538,126292271256.70445
latam,2049,15519542611552.188,321083262.0533419,0.0,869952988119.9033,724828612511.482,114495329600.35736,0.0,13867463000.938639,187285003645.66562,839323942111.8394,0.0,31780.498910900722,30629046008.063965,16761583007.125326
seasia,2049,15937392874684.133,354326049.96990263,0.0,911237727861.3937,734039373757.4833,112184388585.58505,0.0,4713803968.37896,5105545778.463569,846223762343.0684,0.0,29508.848580083053,65013965518.32532,60300161549.94636
russia,2049,10416777504948.15,139667068.01789722,4443559.044499781,499327712669.4315,531588594064.1593,62729817715.703354,27264141824.20114,0.0,4248228088.6192856,572375170079.4104,21943241700.45223,40746.5930650372,-73047457409.97888,-67726557286.229965
mena,2049,21474271082602.973,288027091.85352767,328776.61226972606,1584654065458.5034,1043591349456.2451,327531220417.37665,0.0,17953388124.837395,4225224728.2353964,1369631006888.2908,1491562985.331026,41023.92742903323,215023058570.21265,195578107460.04422
ssa,2049,13815380970402.105,990155240.9651489,0.0,928160907483.6735,522215697359.98175,77358353244.72763,0.0,12567004140.397293,5943126398.546519,599574050604.7094,0.0,11986.867309756126,328586856878.9641,316019852738.56683
us,2050,45487053435926.625,187001587.4045807,23009881.926995907,2125282978544.0134,2233534698606.509,257371853020.9617,427043001515.6368,0.0,9638885353.564774,2142983842977.8184,347922708649.65356,88996.99158557889,-17700864433.80493,61419428432.17828
oecd-ex-us,2050,54009454166486.18,372854777.6782,26615035.13048976,2708589589682.7383,2669251916164.835,293893915696.5862,303092883204.40125,0.0,9153241775.828371,2700697002229.7876,262448829631.63367,67457.1998475385,7892587452.950684,48536641025.71826
china,2050,39612829809872.96,580039758.4889085,0.0,1691506792682.3022,2117685833383.4336,221859253675.2936,0.0,12420887688.035883,12807278264.826736,2339545087058.727,0.0,46297.17255354267,-648038294376.4248,-660459182064.4607
india,2050,23377362788435.938,890521943.9257048,0.0,1586534042360.7207,1121069869164.1987,312291359589.39233,0.0,44363629447.44066,6944831231.306751,1433361228753.591,0.0,22034.612850688347,153172813607.12964,108809184159.68898
latam,2050,15538189337915.055,320016906.7230258,0.0,865128089191.6257,724476456233.764,113837856181.38098,0.0,12503392048.14134,4336341634.5313,838314312415.145,0.0,32757.025072334047,26813776776.480713,14310384728.339373
seasia,2050,15996605339682.133,354092154.41023135,0.0,906440666844.8223,736297530545.317,111968905483.0634,0.0,4044875034.450255,5083109216.007296,848266436028.3804,0.0,30449.427595558445,58174230816.441895,54129355781.99164
russia,2050,10509949085675.045,138906985.25045282,4611997.078762646,496412620410.50916,527533393411.8977,63784679268.12374,27477793408.1379,0.0,160599239588.2639,568782944229.1554,22535128450.866352,41842.35169724694,-72370323818.64624,-67427658861.374695
mena,2050,21860663653627.207,289753928.06013834,323027.3851549465,1582970511402.129,1049180458167.7546,330622919270.778,0.0,18706325131.552505,201931762192.18213,1378424371888.7517,1379005549.7808468,42122.857971771475,204546139513.3772,184460808832.04385
ssa,2050,14127695149478.238,1012054694.9098915,0.0,935239779754.3892,536805745712.1976,79091430779.38016,0.0,13077485947.503405,6049061760.83004,615897176491.5778,0.0,12537.220537092928,319342603262.8114,306265117315.308
us,2051,46261490116406.016,187571474.53763664,23873823.325472396,2128201902218.0068,2232840671023.8394,263471450950.74225,434033966613.69104,0.0,708512933622.3121,2139610085578.4001,356702036396.1812,90345.77339218327,-11408183360.39331,65923746857.116516
oecd-ex-us,2051,54081779607464.016,371924405.2998619,27516824.32609529,2718854455019.0327,2666149345946.7007,292482629069.25183,302880268823.34814,0.0,9222692151.389322,2687231185932.502,271400789083.4499,68764.77537051654,31623269086.53076,63102748826.429016
china,2051,38983030363867.53,569773037.9956379,0.0,1669587362681.7566,2080445519173.5217,216801983712.1517,0.0,14181867601.677805,12042561800.173985,2297247502885.6733,0.0,47461.80988369256,-627660140203.9167,-641842007805.5946
india,2051,23476440781492.97,891423379.817986,0.0,1577493769444.8723,1127962918575.4868,310993451166.67615,0.0,46504653271.330536,7045246625.657509,1438956369742.163,0.0,22841.88741547334,138537399702.70923,92032746431.3787
latam,2051,15552161574264.076,318915040.8534295,0.0,860197115593.2405,724117068396.2135,113251373263.03207,0.0,13113440412.068342,4257002827.083923,837368441659.2456,0.0,33755.77084613456,22828673933.994873,9715233521.92653
seasia,2051,16222601103614.316,353808527.33941066,0.0,901476625813.9873,735738563182.3318,113641846863.92993,0.0,5049728737.817572,178949276902.2778,849380410046.2617,0.0,31412.217047066246,52096215767.725586,47046487029.90801
russia,2051,10448408700736.541,138136415.55462834,4780038.151739516,493436743293.8679,524080296580.5327,63072191212.131,27774128832.99922,0.0,4401230727.300066,563811723300.4688,23340764492.195175,42960.07074751609,-70374980006.60083,-65941615665.79678
mena,2051,22033763507605.566,291449076.5087025,317049.71937460284,1581044574046.8635,1060628986178.849,331426190714.783,0.0,20394238906.95007,4504695732.082303,1390774616334.316,1280560559.3161285,43243.73586005359,190269957712.5476,168595158246.2814
ssa,2051,14432884800816.97,1034113559.8607724,0.0,942109253034.8403,551446533892.3729,80917957040.92038,0.0,10816416356.524632,6261305593.709594,632364490933.2933,0.0,13106.942376581273,309744762101.547,298928345745.02234
us,2052,46328533938438.336,188119003.1601158,24710495.823241293,2131048685722.6414,2240153885224.7944,263023545844.4564,427741750474.7934,0.0,11430816904.132967,2133685258722.3494,369492172346.90186,91714.78591494045,-2636572999.708008,55613005128.18353
oecd-ex-us,2052,54167911447982.6,371017505.66326654,28405421.820831746,2728683896009.707,2663354951193.5806,291094772165.31665,303066689204.0041,0.0,8830978663.815031,2674351632992.8926,280098090366.0041,70093.1653008658,54332263016.81445,77300861854.81445
china,2052,39031251665502.63,559464792.2662457,0.0,1647790605966.3513,2048332256498.78,219190820019.39713,0.0,15750319205.734983,683704091392.661,2267523076518.1772,0.0,48648.478849898616,-619732470551.8259,-635482789757.5609
india,2052,23565062814529.7,892326420.5500708,0.0,1568302917240.3547,1134582886360.8645,309782132708.426,0.0,42225738704.43649,6909873570.091254,1444365019069.2905,0.0,23671.247216544125,123937898171.06421,81712159466.62772
latam,2052,15562528214980.826,317794500.03080094,0.0,855167858481.4473,723660058405.2054,112721410048.06456,0.0,12672052626.636862,4252303315.216059,836381468453.27,0.0,34777.06634183235,18786390028.177246,6114337401.540384
seasia,2052,16267718470369.041,353488801.4167311,0.0,896358616459.5515,737745776237.9816,113513376790.24304,0.0,5185886272.427863,5203789595.822863,851259153028.2246,0.0,32397.555688620294,45099463431.326904,39913577158.89904
russia,2052,10390148310813.607,137369364.20249805,4961475.499463622,490405358747.7541,520597819092.59674,62364996307.35951,29946392983.374165,0.0,4350673745.89897,558828132894.7141,24134682505.242603,44100.05665133066,-68422774146.96002,-62611063668.82846
mena,2052,22191420453035.715,293111275.0981926,310854.87523495767,1578888336200.4915,1071580411891.9609,332221393504.67456,0.0,22091431836.086193,4661846462.372813,1402938101802.1406,863703594.4948629,44386.86702543747,175950234398.35083,152995098967.76978
ssa,2052,14726704985173.658,1061639266.7495152,0.0,948769279266.9036,566231534662.4248,82838105416.60522,0.0,12215436450.974121,6335981619.782586,649069640079.03,0.0,13696.481131199938,299699639187.87354,287484202736.8994
us,2053,46395039069926.69,188668503.23558533,25544445.48749667,2133822327765.5251,2247256850568.2627,262477631275.10355,431872459527.00757,0.0,10544826039.140736,2128049339439.8936,381685142403.4744,93104.33258316491,5772988325.631592,55960305449.164734
oecd-ex-us,2053,55102869716834.945,370095844.8569166,29242403.245560374,2738095076389.2783,2656994171271.683,297876874332.2591,294335856553.5564,0.0,857398381513.4523,2669607672771.3115,285263372832.62976,71442.66760350799,68487403617.9668,77559887338.89343
china,2053,38431155571158.3,549167850.3074296,0.0,1626131807270.262,2011146732522.1108,214125234960.34644,0.0,12901703809.243061,11945769677.105713,2225271967482.457,0.0,49857.483150675725,-599140160212.1951,-612041864021.4381
india,2053,23639407615014.49,893138768.9876028,0.0,1558974179150.6316,1141194786423.934,308717521396.26764,0.0,41501878405.56306,6784807559.923092,1449912307820.2017,0.0,24523.07627383923,109061871330.42993,67559992924.866875
latam,2053,15568068100025.828,316640836.81589454,0.0,850047718736.0406,723151344383.3472,112259894056.97585,0.0,13153307302.512215,4056712051.7943954,835411238440.323,0.0,35821.244876781,14636480295.717651,1483172993.2054367
seasia,2053,16306634871135.426,353149459.32420516,0.0,891098906531.3683,739642100391.7089,113430231878.52596,0.0,4329182579.102126,5219009084.356305,853072332270.2349,0.0,33405.785356613196,38026574261.13342,33697391682.031296
russia,2053,10328834695969.898,136560243.90273517,5110569.928353091,487323430969.0408,517149306424.6327,61680309380.7682,25967592725.980198,0.0,4224977266.6642027,553838486722.4691,24991129082.93159,45262.61956775428,-66515055753.428345,-65538592110.379745
mena,2053,22340168506002.37,294810290.268301,304568.6419221225,1576513331175.2205,1082148309375.5555,333015767222.7492,0.0,17004992019.591774,4403790409.341679,1414919369861.4373,244706736.8674302,45552.56113790504,161593961313.7832,144344262557.324
ssa,2053,15009551746774.387,1083636119.3063438,0.0,955220058374.2758,581006187023.9302,84811008172.69215,0.0,13036684931.317898,6480583354.398967,665817195196.6223,0.0,14306.28898240429,289402863177.65344,276366178246.3356
us,2054,46441331731228.6,189171404.08612403,26327072.851197287,2136521941459.0693,2254481686508.118,261926829143.55902,415767127538.2145,0.0,10412107956.287973,2122684276319.798,393724239331.8777,94514.72137809041,13837665139.27124,35880553345.60803
oecd-ex-us,2054,55205597093033.38,369207802.9370781,30075573.19744847,2747104263648.9233,2654505112494.8228,296515438312.4906,297313141561.8177,0.0,9330521795.013788,2658004563469.4995,293015987337.81555,72813.58479135598,89099700179.42383,93396854403.42596
china,2054,37852536800583.7,538871057.1255176,0.0,1604624661438.0974,1973959822408.972,209199953059.54773,0.0,11756528845.806967,11672872301.62384,2183159775468.5195,0.0,51089.130509036084,-578535114030.4221,-590291642876.2291
india,2054,23922764335431.047,893830071.2861139,0.0,1549519628818.482,1141914737742.0737,310034485165.50745,0.0,42175252541.501076,227961567047.1718,1451949222907.581,0.0,25397.76147933236,97570405910.90088,55395153369.3998
latam,2054,15569532610116.525,320173984.0081413,0.0,844843725720.6011,722546722581.7548,111858291109.9703,0.0,12920495615.387693,3946293677.213374,834405013691.7251,0.0,36888.643053015316,10438712028.875977,-2481783586.511717
seasia,2054,16337502103242.596,352762161.3529241,0.0,885709062682.3871,741468081742.833,113400959601.54416,0.0,5109321840.848127,5136532610.005885,854869041344.3772,0.0,34437.25104261359,30840021338.009888,25730699497.16176
russia,2054,10269196463975.67,135743570.40784058,5261699.645767988,484195630142.7152,513528057118.47424,60991226908.7287,26626314519.03287,0.0,4059107371.2224426,548847885666.3043,25671398360.898453,46448.073461147105,-64652255523.58911,-63697339365.4547
mena,2054,22469738063811.25,296481081.75915164,298095.6868559686,1573930571748.9758,1097300168489.6676,333786287329.7832,0.0,17861599927.17642,4587041806.517517,1431072990721.5137,13465097.937026193,46741.13168754314,142857581027.46216,124982516002.34871
ssa,2054,15283072387593.646,1105661158.3625484,0.0,961462024122.3922,595774981262.319,86818762117.39053,0.0,11998485309.688221,6650845386.264179,682593743379.7095,0.0,14936.821947020975,278868280742.68274,266869795432.9945
us,2055,46478354703760.73,189650344.69307473,27080761.50542142,2139146731914.7715,2261102552818.9194,261197505481.3433,409118289676.59393,0.0,11058009241.046383,2117574039022.64,404726019277.62213,95946.26490114183,21572692892.13159,25964963291.103394
oecd-ex-us,2055,55313244248334.84,368317419.37380177,30868656.495999176,2755726881755.524,2652404924167.632,295274432002.3671,290367905231.5883,0.0,9231724484.37028,2647028515251.5264,300650840918.47327,74206.22399561237,108698366503.99756,98415430817.11261
china,2055,37293196746467.55,528560023.2100227,0.0,1583281399383.446,1936711162702.7915,204450865263.31482,0.0,12615306075.294394,11155880541.802923,2141162027966.1064,0.0,52343.732753853445,-557880628582.6604,-570495934657.9548
india,2055,23972599724991.812,894459207.7672347,0.0,1539950744742.3325,1148003633404.7412,309123550207.9035,0.0,40187697909.4467,7199526340.523976,1457127183612.6448,0.0,26295.69264128282,82823561129.68774,42635863220.24104
latam,2055,15566947907241.793,318982325.412395,0.0,839562555537.8204,721874123267.4226,111517424403.51013,0.0,12721630475.482206,3965919733.8570547,833391547670.9327,0.0,37979.6008359586,6171007866.887695,-6550622608.594511
seasia,2055,16361087485692.86,352340194.1288355,0.0,880199987835.6404,743148273944.4276,113415585707.87173,0.0,5081006669.343455,5030260936.265188,856563859652.2993,0.0,35492.30096828057,23636128183.341064,18555121513.99761
russia,2055,10209783068421.428,137147853.63351867,5402742.531622414,481026351128.7903,509884649244.0667,60323004358.3198,25669915259.67756,0.0,4097991659.6729445,543855883055.3019,26351770547.084404,47656.73618403935,-62829531926.5116,-63511387213.91844
mena,2055,22577770719259.15,301277217.6861089,291427.37329410104,1571150575789.7188,1113416540760.2444,334411715711.55273,0.0,19903428560.832035,4613764690.830415,1447828256471.797,0.0,47952.896067365655,123322319317.92163,103418890757.0896
ssa,2055,15546585711880.055,1127677279.2999156,0.0,967495831183.5992,610599204374.862,88855700526.40074,0.0,11212315940.964691,6684713945.032123,699454904901.2628,0.0,15588.539837920822,268040926282.33643,256828610341.37173
us,2056,46517292436105.836,190132509.2928372,27832909.171647828,2141696005592.064,2266678266373.1025,260392237102.6703,414116161203.19293,0.0,10196069025.665787,2112760359725.7554,414310143750.0165,97399.28044323107,28935645866.308594,28741663319.485046
oecd-ex-us,2056,55428841627315.625,367437855.70283216,31634656.60672425,2763977554226.0576,2650263387649.736,294055622823.2466,287058639026.5231,0.0,8880196201.146093,2636702727310.4795,307616283162.502,75620.897037027,127274826915.57812,106717182779.59918
china,2056,36754518243826.25,518246929.9289076,0.0,1562112902115.002,1899339579258.672,199887312082.67258,0.0,13129275103.979086,11564761689.040451,2099226891341.3447,0.0,53621.60590222103,-537113989226.3428,-550243264330.3219
india,2056,24003329832508.504,894992964.9795977,0.0,1530278432727.4502,1159145876702.476,308166851130.2031,0.0,39434986607.92916,7199389229.8466835,1467312727832.6792,0.0,27217.262531797656,62965704894.770996,23530718286.841835
latam,2056,15559924565185.82,317764508.35878086,0.0,834210547605.9591,721130219527.0502,111236557570.10861,0.0,12816836145.194067,3949723580.426811,832366777097.1588,0.0,39094.46163495332,1843770508.800293,-10973065636.393774
seasia,2056,16377790213603.03,351886426.81067514,0.0,874581958447.147,744710363983.553,113471111251.66351,0.0,4880119475.865622,5182364174.114336,858181475235.2166,0.0,36571.286662365186,16400483211.93042,11520363736.064798
russia,2056,10153327927029.78,136318063.27739075,5554612.800887682,477819723734.3188,506041679087.8657,59673327395.57011,27545963027.081394,0.0,3894178330.392218,538872678801.6482,26842327681.787636,48888.929561153695,-61052955067.32941,-60349319722.035645
mena,2056,22666892587885.957,302889895.33840054,284611.9052418609,1568183388469.4973,1129202180165.7212,334857319880.72375,0.0,19645367215.455624,4643347419.206988,1464059500046.4448,0.0,49188.17565727204,104123888423.05249,84478521207.59686
ssa,2056,15798895449209.684,1149602895.614194,0.0,973322342478.1166,625444687080.7167,90893384984.57214,0.0,11578001390.555696,6903468307.355586,716338072065.2888,0.0,16261.906228593742,256984270412.82776,245406269022.27206
us,2057,46576412947944.695,193316490.793837,28609540.11816379,2144169146858.6362,2265123246635.422,259694330690.26608,430237560095.959,0.0,9531382209.92141,2108237651497.6638,416579925828.02386,98874.09005509256,35931495360.97241,49589129628.90753
oecd-ex-us,2057,55561207375353.7,366587105.49022436,32391370.212042503,2771870147578.0107,2643892810124.9946,293000654541.28766,288780276648.78107,0.0,8608788477.56065,2627040643418.7227,309852821247.55945,77057.92049813074,144829504159.2881,123756959560.5097
china,2057,36237675150488.43,519773248.3535116,0.0,1541128803545.2964,1861873680363.2048,195577763021.9259,0.0,11078715147.918282,10558261649.91941,2057451443385.1309,0.0,54923.070242806665,-516322639839.8345,-527401354987.75275
india,2057,24014252701058.05,895421771.7394705,0.0,1520513049976.9814,1170940642971.016,307099629367.7026,0.0,39007724030.185646,7457814941.480193,1478040272338.7188,0.0,28162.86693768108,42472777638.262695,3465053608.0770493
latam,2057,15548280642890.621,316520006.84802663,0.0,828793720045.7573,720301087239.6771,111014737200.19145,0.0,12955154597.791288,3833336696.7007093,831315824439.8685,0.0,40233.572385589876,-2522104394.111206,-15477258991.902494
seasia,2057,16387872434367.416,356172000.69082886,0.0,868864661089.5613,746160481196.6891,113566412960.16231,0.0,4287641684.772845,5232095516.436943,859726894156.8514,0.0,37674.56303976907,9137766932.709839,4850125247.936995
russia,2057,10098765104422.738,135478542.6352343,5705477.991757352,474579635442.6774,501750959800.90045,59064950337.97923,27842248205.903484,0.0,3831203883.2509427,533898938454.2101,26916971684.669365,50144.97947457216,-59319303011.53265,-58394026490.29854
mena,2057,22733256131981.926,304468277.2192882,277640.46739295684,1565038607396.3875,1147644567200.7258,335096196590.1075,0.0,20613685159.92886,4679385650.332273,1482740763790.8333,0.0,50447.295909138105,82297843605.5542,61684158445.625336
ssa,2057,16149851451166.732,1171372359.0608466,0.0,978942616453.2356,634761229612.3925,93985698601.99658,0.0,12814691624.049393,113575005342.25453,728746928214.389,0.0,16957.388421739994,250195688238.84656,237380996614.79718
us,2058,46652154689206.17,193846603.04534265,29397176.159415964,2146565629183.3508,2262440352195.4146,259209711544.21686,440943298512.47076,0.0,9882877305.311172,2103980675853.3103,417669387886.321,100371.02061867379,42584953330.04053,65858863956.19031
oecd-ex-us,2058,55719512172159.25,365785167.91540736,33158532.448389653,2779417813248.382,2633393641333.3945,292234763339.26605,296091175772.7529,0.0,8424212457.056079,2618052940840.1406,307575463832.5201,78517.6157964613,161364872408.2412,149880584348.47406
china,2058,35739519378866.91,509507588.41503704,0.0,1520337595431.1934,1824458053583.1455,191561582627.68652,0.0,12453263584.310226,9979532742.434816,2016019636210.832,0.0,56248.450420209425,-495682040779.6387,-508135304363.9489
india,2058,24003841030552.18,895701897.237272,0.0,1510664426249.9038,1182357343212.5815,305900954060.2982,0.0,40199692404.34963,7381892921.450428,1488258297272.88,0.0,29132.904714544275,22406128977.023926,-17793563427.325706
latam,2058,15532986958122.031,315263321.32722676,0.0,823317787172.031,719381685517.6819,110846747757.70007,0.0,12202372801.187431,3819334135.947302,830228433275.382,0.0,41397.28363380884,-6910646103.350952,-19113018904.538383
seasia,2058,16390446490134.621,355665199.68967897,0.0,863057222768.9927,747516436947.3726,113705084118.21075,0.0,4309401081.847883,5047755145.64904,861221521065.5833,0.0,38802.488482630935,1835701703.4094238,-2473699378.4384594
russia,2058,10044132167244.508,134615119.53874752,5840779.036745472,471309737823.37537,497422461362.5598,58486466334.639595,26172026007.51432,0.0,3794226688.083765,528938583316.72974,26970344380.469505,51425.215950043705,-57628845493.35437,-58427163866.309555
mena,2058,22775015874423.812,306030727.7191071,270550.74094188295,1561725405841.6765,1169886337283.6233,335049623629.52924,0.0,19759655617.700447,4729953131.055645,1504935960913.1526,0.0,51730.586433036086,56789444928.523926,37029789310.82348
ssa,2058,16383770472950.309,1193025479.990095,0.0,984357895680.3342,649289476610.0469,96007773348.87305,0.0,12799977985.459816,7658354047.615987,745297249958.9199,0.0,17675.45742198309,239060645721.4143,226260667735.9545
us,2059,46721369103839.586,194340632.48790586,30144067.009993594,2148885007087.192,2259995252603.8965,258901538703.37302,430046105818.3653,0.0,9180093035.109333,2100018252515.1914,418878538792.0801,101890.40391959701,48866754572.00049,60034321598.285706
oecd-ex-us,2059,55886679712838.45,364976052.41983086,33879957.58322051,2786633022591.91,2623730386052.3076,291835619936.838,287938931619.88055,0.0,8161592456.583898,2609754180808.076,305811825181.06805,80000.30925879869,176878841783.83398,159005948222.64648
china,2059,35261794350159.9,499270511.82686883,0.0,1499746710084.5127,1786950104722.434,187859092793.7296,0.0,11875010339.900854,9212469064.537935,1974809197516.1636,0.0,57598.07552032315,-475062487431.6509,-486937497771.55176
india,2059,23970182750343.277,905781624.7230809,0.0,1500741885910.7114,1194190006671.0789,304516186018.5124,0.0,43001422116.870995,7307448686.833865,1498706192689.5913,0.0,30127.777844146694,2035693221.1201172,-40965728895.75088
latam,2059,15693831759326.338,313972525.2507107,0.0,817788172362.1357,716407106252.1102,112474161461.8814,0.0,12954199009.7177,184892095565.87994,828881267713.9916,0.0,42585.949621752676,-11093095351.855835,-24047294361.573532
seasia,2059,16385593461676.268,355117185.34480655,0.0,857168243396.9819,748741946283.9971,113870428516.56024,0.0,4583486770.602278,5174589715.829366,862612374800.5574,0.0,39955.42492341192,-5444131403.575439,-10027618174.177717
russia,2059,9991965795272.545,133747554.92655745,5980048.283622595,468013466234.41626,493002783386.032,57955699400.32231,27159932752.21109,0.0,3618711827.7691855,523999001543.4719,26959481242.88247,52729.97324442975,-55985535309.055664,-55785083799.72704
mena,2059,22797937175183.58,307580443.9718146,263358.82513916923,1558252546804.0918,1187093955001.8342,334772470668.0648,0.0,18488411866.43708,5023591492.015413,1521866425669.899,0.0,53038.38108458171,36386121134.19287,17897709267.75579
ssa,2059,16609218752864.924,1214675411.9973922,0.0,989569594834.3445,663768513913.4642,97976523506.60725,0.0,10172201449.652826,7795923950.006306,761745037420.0715,0.0,18416.58791280044,227824557414.27295,217652355964.62012
us,2060,46786036541696.836,194798502.691355,30849587.24503834,2151126902264.204,2257463713674.799,258673961481.31012,418992721629.2321,0.0,10685489119.893545,2096296683094.3484,419840992061.7614,103432.57672070769,54830219169.85571,53981948737.326416
oecd-ex-us,2060,56071245764463.75,370554195.8948767,34589367.74295808,2793527610356.5977,2614481388683.613,291690598384.54065,289195222470.8716,0.0,8015205865.97482,2602152666919.114,304019320149.04,81506.33219642733,191374943437.4839,176550845759.3155
china,2060,34804165222610.92,489059442.296622,0.0,1479362614583.739,1749473515349.3894,184497382705.76007,0.0,12177179066.65725,9156334989.101902,1933970898055.1494,0.0,58972.279156712764,-454608283471.4104,-466785462538.0676
india,2060,23909930938422.473,905834591.7995614,0.0,1490754269008.5737,1215311486754.894,302775105356.84564,0.0,40356091154.12099,7436602336.487496,1518086592111.7397,0.0,31147.89149493792,-27332323103.166016,-67688414257.287
latam,2060,15667854863480.244,312658187.79784906,0.0,812210022377.2539,716765643028.5955,112351473103.1046,0.0,12935180624.050268,3865378532.40234,829117116131.7001,0.0,43799.92837534408,-16907093754.446167,-29842274378.496437
seasia,2060,16370672671956.043,354530548.48053247,0.0,851205824351.635,752483343863.6876,113979632893.6106,0.0,4672101888.608613,5008464574.033846,866462976757.2982,0.0,41133.737929951545,-15257152405.663208,-19929254294.27182
russia,2060,10083560557335.979,132891035.14067227,6138091.538131152,464694047496.6035,488927068887.5208,59020710752.49013,30304257237.989086,0.0,144544236968.85583,520840522662.8604,27107256977.150455,54059.58993428599,-56146475166.2569,-52949474905.41827
mena,2060,22811756823693.656,309122000.1426433,256080.8898366819,1554628407860.2568,1194586282193.0405,334380019064.042,0.0,16636797047.23734,4794338954.151927,1528966301257.0825,0.0,54371.018053407126,25662106603.174316,9025309555.936975
ssa,2060,16822327589318.742,1236095914.7423747,0.0,994579290169.7786,678274172015.3187,99876396271.81773,0.0,11467608021.127985,8147722592.297979,778150568287.1365,0.0,19181.258237758997,216428721882.6421,204961113861.5141
us,2061,46866593140197.164,195275303.0876979,31569227.815755814,2153291008335.4834,2254908247429.6924,258563731007.0365,431430121787.5155,0.0,9307446814.041725,2093083225582.2375,420388752854.4907,104997.88083672643,60207782753.24585,71249151686.27063
oecd-ex-us,2061,56274663629171.836,369813681.1779658,35296603.09300737,2800112803984.899,2605919240716.5635,291889897641.5195,293294088431.66077,0.0,7820110649.621727,2595259091094.5513,302550047263.5294,83036.0209814421,204853712890.34766,195597754058.479
china,2061,34368046943659.688,478899229.541736,0.0,1459190885364.7642,1712009955778.6885,181503980430.0276,0.0,10830007049.54201,9034778942.248306,1893513936208.716,0.0,60371.39955800997,-434323050843.9519,-445153057893.4939
india,2061,23821063654356.266,905713669.8587049,0.0,1480709950714.7358,1234424832698.494,300726656844.72504,0.0,42250438972.5311,7824693734.815012,1535151489543.219,0.0,32193.654085767605,-54441538828.483154,-96691977801.01425
latam,2061,15634951347737.758,311329039.0656729,0.0,806588223121.0267,718670613979.8145,112182328038.35335,0.0,12362267160.202427,3723470314.8669734,830852942018.1678,0.0,45039.58179356868,-24264718897.141113,-36626986057.34354
seasia,2061,16345605100464.58,353905100.77876586,0.0,845177596569.6492,756625395201.27,113998465391.63132,0.0,4762292579.966962,5140985111.755798,870623860592.9014,0.0,42337.796792466674,-25446264023.252197,-30208556603.21916
russia,2061,10032732361938.639,132002255.4918978,6271307.207959016,461354515601.23517,484711501389.421,58570049856.33861,27425684558.207817,0.0,3673155688.9690733,516012415174.7339,27269136071.02572,55414.4090055795,-54657899573.49872,-54501351086.31662
mena,2061,23066650378914.848,310587676.6059707,248648.98567401734,1550860997583.134,1195085915979.634,336705560627.93414,0.0,20872880205.923637,256696914451.55023,1531791476607.568,0.0,55728.83995275932,19069520975.565918,-1803359230.3577194
ssa,2061,17023507680216.877,1257400265.15797,0.0,999388708421.9607,694562042320.9272,101601191940.6861,0.0,10185893788.655104,8140510526.448364,796163234261.6133,0.0,19969.95038613435,203225474160.3474,193039580371.69232
us,2062,46951698391270.05,195572834.66772866,32104788.22257493,2155377084469.1682,2253127289947.1357,258613132595.97757,432333817250.6345,0.0,9134771896.236305,2090438913776.7634,421301508766.3513,106586.66321002076,64938170692.404785,75970479176.68799
oecd-ex-us,2062,56488392413857.4,368885989.483869,35777576.378610924,2806399254133.214,2599690956078.459,292394304891.00146,291777662752.1223,0.0,7637128769.71206,2590642848098.722,301442412870.7401,84589.71712411611,215756406034.4917,206091655915.8739
china,2062,34464752997477.574,468785856.1296896,0.0,1439236282439.0251,1684509105916.9854,184434792894.89,0.0,10504406432.995272,536918076623.74725,1868943898811.8755,0.0,61795.77965633607,-429707616372.85034,-440212022805.84564
india,2062,23732100738347.867,905594251.6752466,0.0,1470616862392.1865,1231114519477.8706,298632178341.08136,0.0,37429824558.5169,7596743976.87762,1529746697818.952,0.0,33265.47735272943,-59129835426.76538,-96559659985.28229
latam,2062,15594823872490.803,309973347.44792664,0.0,800927407271.3125,720409267332.7872,111955638608.30931,0.0,12550301263.909166,3860324686.7272973,832364905941.0966,0.0,46305.27573944089,-31437498669.784058,-43987799933.69322
seasia,2062,16498873997905.635,353233375.97182935,0.0,839090745604.741,756062120852.5302,115842524998.88516,0.0,5315142757.968658,191397940445.70523,871904645851.4153,0.0,43567.9746124665,-32813900246.674316,-38129043004.642975
russia,2062,9985056359835.107,131098798.33670826,6396887.347111365,457997719700.7026,480617576289.14294,58136628225.758125,29496686255.22666,0.0,3583796455.4362154,511392842860.5169,27361361654.38469,56794.77794454128,-53395123159.81433,-51259798558.97236
mena,2062,23061105096173.48,312018726.68131804,226532.79510264422,1546957970675.64,1201879773891.366,336050570039.2116,0.0,19852172017.889748,5279262531.449715,1537930343930.5776,0.0,57112.193910224676,9027626745.062256,-10824545272.827492
ssa,2062,17209145749689.299,1283781154.531392,0.0,1003999716506.5886,710899876774.5597,103139716580.14651,0.0,12499585535.067575,8177531855.600931,814039593354.7062,0.0,20783.149982983297,189960123151.88245,177460537616.81488
us,2063,47725766608666.26,195860838.91601706,32626017.470200352,2157384948693.2886,2249571846738.778,265090388090.3868,433694111499.4022,0.0,697651392032.6794,2090686210417.084,423976024412.08,108199.27598751363,66698738276.20459,76416825363.5268
oecd-ex-us,2063,56718113225791.72,368005099.9133782,36266085.24157851,2812397076798.3667,2594074755487.5273,293155813946.9114,296980699320.91626,0.0,7573605249.44731,2586803190176.379,300427379258.05927,86167.76735134819,225593886621.9878,222147206684.8448
china,2063,34050762030396.555,458731548.92862326,0.0,1419502817324.674,1650740206784.201,181918840991.29004,0.0,9405568226.99499,8570831596.7930975,1832659047775.491,0.0,63245.7671767599,-413156230450.8169,-422561798677.8119
india,2063,23637116302885.523,905318728.152642,0.0,1460482508798.5786,1228108518957.599,296552832848.66473,0.0,38457219293.56934,7651626838.9038105,1524661351806.264,0.0,34363.77641910372,-64178843007.6853,-102636062301.25464
latam,2063,15547534046213.275,308592098.84943813,0.0,795231972241.9152,721949254725.36,111665429842.74733,0.0,12679575977.894373,3772462026.5614767,833614684568.1073,0.0,47597.380132632774,-38382712326.19214,-51062288304.08651
seasia,2063,16457132841506.812,352534086.5815054,0.0,832952037622.2797,759634565958.5607,115702704495.4609,0.0,4724888161.904354,5368964594.822019,875337270454.0216,0.0,44824.64839355761,-42385232831.74194,-47110120993.6463
russia,2063,9936420438874.01,130171688.17652263,6505364.385903274,454626338365.7963,476564152137.89105,57751825294.79053,27477689422.091545,0.0,3576028683.7086463,506790826277.57465,27525151155.106857,58201.04882965528,-52164487911.77832,-52211949644.79363
mena,2063,23052636431629.273,313446585.53678006,211794.82003827137,1542926645001.564,1203387066147.3997,335351629935.78845,0.0,17866096925.785774,5209483463.219276,1538738696083.188,0.0,58521.43165958126,4187948918.3759766,-13678148007.409798
ssa,2063,17382085831397.936,1304554196.50307,0.0,1008414312041.198,726951628704.7549,104446542687.2879,0.0,12455503648.908241,8379444708.39394,831398171392.0427,0.0,21621.346283731466,177016140649.15527,164560637000.24704
us,2064,47805526091625.52,195861172.74516806,32854779.687277395,2159314476383.668,2247969545467.43,265205356470.85214,424234927532.39355,0.0,9384980981.504099,2088531209099.6084,424643692838.6735,109836.07659874536,70783267284.05957,70374501977.7796
oecd-ex-us,2064,56949886745876.91,366732456.62570196,36323486.91190477,2818115872104.7065,2589016037883.9673,294197050147.02106,289455087540.9497,0.0,7415648470.486587,2583574428356.182,299638659674.80475,87770.52368620806,234541443748.5244,224357871614.66937
china,2064,33648316629732.035,448703431.9438665,0.0,1399993819466.8958,1618465955713.6719,179710377040.45148,0.0,11780470663.750578,7517583286.438174,1798176332754.1233,0.0,64721.71472780017,-398182513287.22754,-409962983950.9781
india,2064,23808411122407.56,904969119.7107197,0.0,1450313988042.6887,1220938813776.0974,297289932486.69275,0.0,36714610289.07792,275924188031.2202,1518228746262.79,0.0,35488.96986836225,-67914758220.10132,-104629368509.17923
latam,2064,15490512874422.709,307191860.8929216,0.0,789506087148.3481,726590177857.642,111252790136.06027,0.0,12404739118.581696,3720448173.356572,837842967993.7023,0.0,48916.26904374654,-48336880845.354126,-60741619963.93582
seasia,2064,16404226100961.486,351799314.93454224,0.0,826767840248.4374,765103961352.7927,115419289929.8186,0.0,4543572631.886809,5392243120.73917,880523251282.6113,0.0,46108.19913411375,-53755411034.17395,-58298983666.06076
russia,2064,9888150887697.59,129166860.18222146,6542404.386432351,451242883445.2346,472370948963.4426,57410801227.571594,26897563411.86412,0.0,3371752157.5004463,502214228488.0707,27567521702.943256,59633.57842478583,-50971345042.83606,-51641303333.91519
mena,2064,23040426680450.156,314760114.440326,116543.44784490344,1538774018089.2053,1203843258228.0513,334635499296.4189,0.0,17779120532.34812,5274108788.485966,1538478757524.4702,0.0,59956.90963378121,295260564.7351074,-17483859967.613014
ssa,2064,17543572892649.574,1325116095.1445682,0.0,1012634613586.1536,742776465669.6923,105505417470.32657,0.0,11825409030.68498,8959739836.192066,848281883140.0188,0.0,22485.03217332957,164352730446.13477,152527321415.4498
us,2065,47895596729594.875,195705777.80589268,32923026.18864604,2161165595786.981,2246103966915.362,265430259374.0049,431220640024.51697,0.0,9218628447.246155,2086621903078.5864,424912323210.77985,111497.4278351071,74543692708.39453,80852009522.13165
oecd-ex-us,2065,57187563430746.9,365251088.2964209,36132758.490176,2823564756184.7407,2585758627802.16,295489847996.5422,288104857914.34454,0.0,7255546569.59708,2582573567269.2427,298674908529.4618,89398.34352859801,240991188915.49805,230421138300.3808
china,2065,33263436354844.043,438760321.1050354,0.0,1380711990347.2305,1586035763631.016,177785813073.4644,0.0,9355210604.683037,7584522073.939534,1763821576704.4805,0.0,66223.97989298165,-383109586357.25,-392464796961.93304
india,2065,23707916789580.23,904492742.3513609,0.0,1440118008188.269,1216525619011.164,295201070922.7629,0.0,36447703138.33732,7562052056.670961,1511726689933.927,0.0,36641.479820197834,-71608681745.65796,-108056384883.99527
latam,2065,15420193948866.19,310360593.0945448,0.0,783753706699.5494,734434668942.145,110657390220.14198,0.0,12735855867.544458,3755282773.779602,845092059162.287,0.0,50262.32079021263,-61338352462.73755,-74074208330.28201
seasia,2065,16335291053110.406,351005111.45144427,0.0,820544147293.6353,774420305787.1942,114904307187.26788,0.0,5653648740.006245,5499066569.752325,889324612974.4622,0.0,47419.01192178601,-68780465680.8269,-74434114420.83315
russia,2065,9840150010326.031,130438842.59720759,6653803.885491128,447849717192.9203,468127220959.7414,57108025104.161964,25935389661.453472,0.0,3449261837.9612265,497647898107.17975,27587347956.723427,61092.72827344632,-49798180914.25946,-51450139209.52942
mena,2065,23024454373432.777,316042067.4693066,26216.998296378493,1534506779060.0312,1204074508060.1287,333880635095.6638,0.0,17797552536.025593,5273609614.415786,1537955143155.7925,0.0,61418.98905906667,-3448364095.7612305,-21245916631.786823
ssa,2065,17694294933059.2,1345421444.2575452,0.0,1016662850985.0702,756986805305.9006,106385583002.76573,0.0,11656158531.950663,9087736265.15454,863372388308.6664,0.0,23374.704170024008,153290462676.4038,141634304144.45316
us,2066,47987050767700.34,195563396.21924862,32999523.98495405,2162938286045.6855,2254639786309.132,265666742927.41937,439804064066.8251,0.0,9018217229.465036,2094981430397.6465,425325098838.9052,113183.69793026232,67956855648.03906,82435820875.95892
oecd-ex-us,2066,58182386638384.766,363838792.92746407,35971664.83162196,2828752393942.199,2592979103723.976,303454666743.07733,292944669415.3621,0.0,769559914747.3741,2596862431991.6934,299571338475.362,91051.58973704923,231889961950.50586,225263292890.50598
china,2066,32892717169415.402,428873442.53660566,0.0,1361659461771.8506,1553690813612.436,176190059683.8032,0.0,10070008100.957453,7572234196.704729,1729880873296.2393,0.0,67752.92532345594,-368221411524.3887,-378291419625.3461
india,2066,23603353234055.016,903854495.5213346,0.0,1429900905327.1086,1211904448025.0137,293092164310.58167,0.0,37472663646.65067,8004815129.915821,1504996612335.5952,0.0,37821.73200954054,-75095707008.48657,-112568370655.13724
latam,2066,15341950896681.945,308920079.9835158,0.0,777978579638.8108,737666313466.6066,109941957081.86037,0.0,12328886951.747183,3715525677.1440187,847608270548.4669,0.0,51635.91803379614,-69629690909.65613,-81958577861.4033
seasia,2066,16256197193079.889,350187200.41348845,0.0,814286595725.6497,779845421447.6528,114209549988.13869,0.0,4762494668.860688,5437010348.480896,894054971435.7915,0.0,48757.47602983019,-79768375710.14185,-84530870379.00253
russia,2066,9791745708741.998,129399032.59313796,6662648.420714844,444449053695.9613,466957025346.19,56781587268.05044,27630340897.337826,0.0,3254916436.905451,496179347403.4415,27559265210.79932,62578.86479421303,-51730293707.480225,-51659218020.94172
mena,2066,23006370850953.344,317370401.94389194,1327.928821699595,1530131324797.2,1204087581232.837,333090032891.5537,0.0,16190035305.322805,5152802153.074997,1537177614124.3906,0.0,62908.03605022361,-7046289327.190674,-23236324632.51348
ssa,2066,17833765858261.586,1365409579.4239383,0.0,1020501357442.6005,770775677537.2814,107088015256.9843,0.0,12211009802.018831,9044270356.083477,877863692794.2656,0.0,24290.862433779952,142637664648.33484,130426654846.31601
us,2067,48074733438136.7,195441400.75893706,33091710.998872917,2164632572279.0522,2267165564128.973,265763377096.79672,447204836080.41974,0.0,8774203302.659155,2106832604016.9705,426096337208.79926,114895.26064177512,57799968262.08179,78908467133.70227
oecd-ex-us,2067,58398248305816.555,362505927.9866947,35850704.2014932,2833687013304.5527,2617160435439.2363,304466505152.07306,296309906927.7194,0.0,7491687790.842568,2622745526579.9346,298881414011.3791,92730.63071167233,210941486724.61816,208369979640.9585
china,2067,32519673163054.688,419042871.8649923,0.0,1342837844636.4607,1536958315714.4062,174634239228.76068,0.0,11239750684.092358,6950454630.09085,1711592554943.167,0.0,69308.91883169785,-368754710306.7063,-379994460990.79865
india,2067,23495036267891.742,903083024.8092318,0.0,1419668660049.0457,1207043476980.0803,290970199651.383,0.0,37322079479.73516,7350129898.884601,1498013676631.4634,0.0,39030.15586852175,-78345016582.41772,-115667096062.1529
latam,2067,15262004844046.299,307460874.10094225,0.0,772184260148.6273,734680758534.8801,109214265088.30305,0.0,12053273362.104458,3817984201.0210605,843895023623.1832,0.0,53037.44787969574,-71710763474.55591,-83764036836.66037
seasia,2067,16174268514737.896,349330259.5658179,0.0,808000489987.3362,777250339756.4125,113497036092.35971,0.0,4682552293.322816,5500759812.771578,890747375848.7722,0.0,50123.98501522879,-82746885861.43604,-87429438154.75885
russia,2067,9740758361157.834,128360385.7814141,6677707.672574387,441042973562.0019,467201534310.2984,56430884569.297,28415727518.9446,0.0,3186370214.4840093,496029043889.3262,27603374990.2694,64092.359377288594,-54986070327.32428,-54173717798.64908
mena,2067,22980081171866.516,321717884.69445294,1280.0526748771968,1525653770688.492,1203965903900.8394,332284614274.1338,0.0,20775009628.01338,5082078027.6643915,1536250518174.9731,0.0,64424.42170697852,-10596747486.481201,-31371757114.49458
ssa,2067,17967443607835.984,1385138976.841559,0.0,1024152560355.0343,780904878795.5103,107672002177.89287,0.0,11440190217.87383,9542260410.63449,888576880973.4031,0.0,25234.010779387794,135575679381.63123,124135489163.7574
us,2068,48154418783127.02,195317723.6779473,33177799.07406668,2166248525942.7964,2272820535915.5864,265885270597.98636,444296574832.142,0.0,7846050728.958361,2111567805144.6038,427138001368.9681,116632.49533396293,54680720798.19263,71839294261.36658
oecd-ex-us,2068,58586373780260.85,361198878.0461995,35716233.42167034,2838376437658.45,2640694201453.9453,305256079749.9092,288062518400.46387,0.0,7636799589.187657,2647471512183.555,298478769020.3008,94435.84047828078,190904925474.89502,180488674855.0581
china,2068,32127337665860.34,420900896.4195743,0.0,1324248274929.6147,1541761521176.4988,172667257029.48404,0.0,9243081531.300005,7088087613.319314,1714428778205.983,0.0,70892.33348628934,-390180503276.36816,-399423584807.66815
india,2068,23387309630155.805,902272164.7750156,0.0,1409426912880.3013,1201999817334.7236,288835069745.8761,0.0,33752674889.11479,7434011353.468607,1490834887080.5996,0.0,40267.18461134687,-81407974200.29834,-115160649089.41313
latam,2068,15180237625607.492,305983710.448456,0.0,766374115438.6104,731563772882.7548,108481179859.66295,0.0,11718115474.112368,3621734339.124846,840044952742.4177,0.0,54467.301977220064,-73670837303.80737,-85388952777.91974
seasia,2068,16089795259442.838,353104344.7924742,0.0,801690815460.946,774429247516.8865,112762397842.00066,0.0,4554960387.375434,5582534990.2591095,887191645358.8871,0.0,51518.936818586604,-85500829897.94104,-90055790285.31647
russia,2068,9688239691192.643,127316140.07119605,6691651.39089874,437633425499.0022,465430920624.8435,56064844813.757675,28054164071.46299,0.0,3289505902.944858,493812894766.5812,27682870672.020008,65633.58848222111,-56179469267.57898,-55808175868.136
mena,2068,22952683065637.727,322962834.1691617,0.0,1521079963964.2773,1203388311821.0662,331385191371.3722,0.0,18775052360.26148,5070485359.635384,1534773503192.4385,0.0,65968.5222115444,-13693539228.161133,-32468591588.42261
ssa,2068,18252647351541.387,1404457421.041469,0.0,1027618973649.2306,783563045149.8695,110148629016.84705,0.0,13129853465.527706,164426297688.41357,893711674166.7166,0.0,26204.65669427675,133907299482.51404,120777446016.98633
us,2069,48242862243012.77,198468484.33470762,33897493.383467905,2167786254040.0205,2276545510311.684,265950663314.06262,453851687151.9258,0.0,9301692319.595888,2114537327207.7898,427958846417.9573,118395.7870619919,53248926832.23071,79141767566.19922
oecd-ex-us,2069,58766951350401.8,359948656.87763655,35599218.11105232,2842828106643.969,2651969328034.106,305937282082.0547,287812354594.5,0.0,7843719018.675761,2660078316539.147,297828293577.0139,96167.59877370705,182749790104.82227,172733851122.30835
china,2069,31723849567155.168,411259778.4124801,0.0,1305891459871.506,1536942243873.48,170468727035.07578,0.0,9077183337.405718,7108595669.2773905,1707410970908.5557,0.0,72503.5477078036,-401519511037.04956,-410596694374.45526
india,2069,23275761856479.1,911039614.1814125,0.0,1399180980192.1787,1196944011829.7566,286726945411.9797,0.0,34494678323.84763,7436881696.702038,1483670957241.7363,0.0,41533.25532203722,-84489977049.55762,-118984655373.40524
latam,2069,15096792966031.957,304487532.57717836,0.0,760551337970.8182,728325696520.3828,107741924786.24847,0.0,11439642006.64654,3511265766.9158597,836067621306.6313,0.0,55925.87662202794,-75516283335.81311,-86955925342.45966
seasia,2069,16002851261146.22,352184552.4573559,0.0,795362258720.2963,771406134636.0408,112018419061.01512,0.0,4080864689.582643,5199161369.721732,883424553697.0559,0.0,52942.733865779526,-88062294976.75964,-92143159666.34229
russia,2069,9632987725728.29,126256780.64129685,6694599.243108499,434222239397.5669,463456123163.70337,55697289569.64672,26492012045.56714,0.0,3187195825.854456,491392973529.7407,27760439203.609177,67202.93373678495,-57170734132.17383,-58439161290.215866
mena,2069,22920020146528.586,324142434.64752954,0.0,1516415494787.5369,1202704587348.0386,330483023284.026,0.0,20783233086.381496,4892429821.76615,1533187610632.0645,0.0,67540.71892732262,-16772115844.527588,-37555348930.90909
ssa,2069,18380451212638.496,1423483394.3393395,0.0,1030903189511.2365,789931245223.1357,110712874937.4389,0.0,12349643279.439714,9894435025.894178,900644120160.5747,0.0,27203.31136105278,130259069350.66174,117909426071.22203
us,2070,48314099734670.7,198341129.11687356,33967556.334717095,2169245907359.1494,2280481939601.4727,266112327337.05383,439870224230.45184,0.0,8715627006.782282,2117460778181.6104,429133488756.9158,120185.52665723414,51785129177.53906,62521864651.075134
oecd-ex-us,2070,58936254572109.195,358733763.94553035,35478428.41499819,2847049095723.5713,2662754358872.8027,306611147203.5117,284135037804.9971,0.0,7484594255.17512,2672156249739.657,297209256336.65656,97926.29113233121,174892845983.91406,161818627452.25458
china,2070,31322970398449.02,401709802.2229157,0.0,1287767712400.5864,1519132610687.8118,168272942801.7392,0.0,8315231791.355773,7073904174.171493,1687405553489.551,0.0,74142.94536580284,-399637841088.9646,-407953072880.3204
india,2070,23162657522387.703,909990699.6342854,0.0,1388935868721.4202,1191686221719.3027,284608125264.4021,0.0,32750337893.96529,7004482064.856829,1476294346983.7048,0.0,42828.80904500152,-87358478262.28467,-120108816156.24995
latam,2070,15202388047820.64,302967868.0593472,0.0,754718949868.4326,723378616674.8368,108975060690.01305,0.0,11567380008.646925,194797189293.7545,832353677364.8499,0.0,57413.57285991986,-77634727496.41724,-89202107505.06416
seasia,2070,15913288872247.787,351211825.278899,0.0,789019223946.5643,768203874976.1763,111252651654.80559,0.0,4643976596.6412525,5518890382.625047,879456526630.9818,0.0,54395.78317133767,-90437302684.41748,-95081279281.05873
russia,2070,9575905216770.043,125196226.13556695,6700047.749463618,430811130677.3695,461337234317.7463,55317571136.66933,25635141141.9311,0.0,3126024676.871104,488886897301.52423,27767908152.891262,68800.78203703089,-58075766624.154724,-60208533635.11488
mena,2070,22885076681716.945,325284042.238261,0.0,1511665707494.251,1201711711869.1062,329525438232.14935,0.0,20346072836.373196,4974050631.743131,1531237150101.2556,0.0,69141.39849876885,-19571442607.00464,-39917515443.37784
ssa,2070,18504834230435.117,1442176043.2928128,0.0,1034007871392.6997,796177546157.6661,111259550598.53474,0.0,12003689447.534187,9815932607.655252,907437096756.2009,0.0,28230.489684771463,126570774636.49878,114567085188.9646
us,2071,48400288576653.36,198251829.31469935,34071248.66605546,2170627666602.354,2284091608075.749,266185076610.96133,457845821337.232,0.0,7992038729.827657,2120339592850.66,429937091836.0494,122002.11081390503,50288073751.69409,78196803252.87671
oecd-ex-us,2071,59099374221374.22,357816911.73294944,35368980.18880644,2851046136235.508,2673094699764.233,307214686921.42944,284329195764.67487,0.0,8053703950.509636,2683690731253.3955,296618655432.26776,99712.30897384175,167355404982.1123,155065945314.5194
china,2071,30923841359534.02,392245748.80163777,0.0,1269876994530.499,1501286227013.2803,166093611513.3285,0.0,8360283526.671458,6734088607.78062,1667379838526.609,0.0,75810.91587696323,-397502843996.10986,-405863127522.7813
india,2071,23043324463382.383,908695370.809743,0.0,1378696290517.2437,1186343978748.8643,282496705930.27594,0.0,36252150566.74268,7063485723.31587,1468840684679.1401,0.0,44154.29087839742,-90144394161.89648,-126396544728.63916
latam,2071,15115860075789.102,301435258.49349916,0.0,748879815335.8094,719950774485.9816,108218837915.79533,0.0,10922609269.188145,3684434303.6091404,828169612401.7769,0.0,58930.79659216935,-79289797065.9674,-90212406335.15555
seasia,2071,15822620253584.54,350218019.6426183,0.0,782665846482.8188,764791625242.5048,110469003632.16821,0.0,3507322151.2569017,5433485879.862313,875260628874.673,0.0,55878.49644354476,-92594782391.85413,-96102104543.11102
russia,2071,9644704367865.441,124111030.55717722,6684078.434993658,427401703794.44604,458254646303.1875,56337054611.32304,23559539214.01089,0.0,132429609001.46088,486746417713.07056,27845283201.44011,70427.52564851407,-59344713918.62451,-63630457906.05373
mena,2071,22850526853790.56,326418821.1386077,0.0,1506835712780.7004,1200547054447.501,328547451013.3122,0.0,17262125433.23018,4971090186.949558,1529094505460.8132,0.0,70770.95295243149,-22258792680.112793,-39520918113.34297
ssa,2071,18626169424923.664,1460525160.4963007,0.0,1036935746795.9911,802274188007.1613,111778559627.98969,0.0,11607373275.016874,10059568602.729872,914052747635.1509,0.0,29286.71032495047,122882999160.84021,111275625885.82333
us,2072,48467260513481.2,198169852.43373156,34135216.34674771,2171931750338.7896,2288191316164.7764,266313657104.46075,441657403502.7205,0.0,7887756255.562513,2123151806996.2847,431353166272.9506,123845.94217700062,48779943342.50488,59084180572.27478
oecd-ex-us,2072,59248440245432.016,363659685.7476015,35986139.77163064,2854825635894.8633,2682988872722.6133,307778495920.10406,277437333993.68964,0.0,7570422811.971331,2694745495294.0312,296021873348.6854,101526.0496922491,160080140600.83203,141495601245.83624
china,2072,30525536378849.035,382856050.7699599,0.0,1252218946043.139,1483390378342.8696,163920025010.44107,0.0,9828888128.378778,6615364753.550916,1647310403353.3108,0.0,77507.8543043423,-395091457310.1719,-404920345438.55066
india,2072,22923413224998.188,907318214.1034154,0.0,1368466675531.1533,1180681117660.136,280348118719.1269,0.0,33975980830.823074,6627303294.735344,1461029236379.263,0.0,45510.1500702435,-92562560848.10962,-126538541678.9327
latam,2072,15027981968838.104,300923819.7409185,0.0,743036644088.5553,716434705762.6161,107456966304.15271,0.0,10736621400.80648,3713542428.024461,823891672066.7688,0.0,60477.95868238401,-80855027978.2135,-91591649379.01999
seasia,2072,15728858677935.297,350329756.8657573,0.0,776306009588.0897,761266124707.7064,109684803209.50433,0.0,4264524395.887601,5147867075.767103,870950927917.2107,0.0,57391.29019123729,-94644918329.12097,-98909442725.00858
russia,2072,9587063965048.295,123097117.01057793,6688222.327642214,423995465499.9211,455886343332.8715,55926597380.84833,26989081594.05548,0.0,3187990802.592988,484116461716.35803,27696478997.362293,72083.56230870844,-60120996216.43695,-60828393619.74376
mena,2072,22814525922365.723,328397960.04213953,0.0,1501930393555.4197,1199353426451.7905,327584070498.1631,0.0,15871052294.402895,4877224264.103041,1526937496949.9536,0.0,72429.77979917241,-25007103394.533936,-40878155688.93683
ssa,2072,18743679735638.496,1481195134.428381,0.0,1039689599963.6936,808231442455.7483,112280465023.92317,0.0,11563074658.903439,9895692889.700417,920511907479.6715,0.0,30372.495732320363,119177692484.0221,107614617825.11865
us,2073,48542302319249.26,198356201.91569898,34215345.110516906,2173158403577.9487,2291616423695.2803,266311005282.001,451398512404.1152,0.0,8412318763.225545,2125876875825.501,432050553151.7811,125717.4294315536,47281527752.447754,66629487004.7818
oecd-ex-us,2073,59384454974325.47,363085339.5584617,35837000.09432723,2858393697936.9443,2692102649964.479,308258115149.955,270321549058.26944,0.0,7660247012.654309,2705317326944.5747,295043438169.85974,103367.91674617272,153076370992.36963,128354481880.7793
china,2073,30129407248930.3,374577623.43685055,0.0,1234792919063.6377,1465405310572.3228,161758029799.39154,0.0,9743034366.166815,5984325755.534565,1627163340371.7144,0.0,79234.16145780362,-392370421308.07666,-402113455674.24347
india,2073,22804308721135.69,908860355.3971809,0.0,1358251186440.4197,1174971310215.784,278209767698.1394,0.0,31256898033.991676,7082285644.98279,1453181077913.9233,0.0,46896.84011724288,-94929891473.50366,-126186789507.49533
latam,2073,14938483390045.33,300299226.3134754,0.0,737192002788.7977,712817036260.0282,106688798079.56003,0.0,10843216518.246803,3658469276.263916,819505834339.5883,0.0,62055.47506488737,-82313831550.79053,-93157048069.03732
seasia,2073,15828516622392.021,350239962.3890204,0.0,769943357789.8146,755938952681.9376,111047599611.54376,0.0,4777979278.025141,201479118238.4176,866986552293.4814,0.0,58934.585832287856,-97043194503.66687,-101821173781.69202
russia,2073,9527443275292.424,122177939.95079583,6684009.919025232,420593824911.3622,453563177993.7482,55525891198.63943,25754477610.022987,0.0,3120076915.13044,481416929557.7242,27672139634.663586,73769.29533061812,-60823104646.362,-62740766671.002594
mena,2073,23032014534458.453,330157319.17590517,0.0,1496954418169.0283,1194900387790.677,329448277307.6191,0.0,16694279770.460474,261577138792.451,1524348665098.2961,0.0,74118.28213758035,-27394246929.267822,-44088526699.728294
ssa,2073,18856886515331.574,1503863760.7799287,0.0,1042272265993.292,814029814027.4614,112764195320.83301,0.0,12064810995.205679,9793334043.29857,926794009348.2944,0.0,31488.37219030703,115478256644.99756,103413445649.79189
us,2074,48608849487082.984,199427204.42217773,34276285.63571802,2174307902724.2236,2295003387905.439,266361901998.91876,444906701027.2746,0.0,8697853986.596828,2128522563470.0872,432842726434.27167,127616.98739322874,45785339254.136475,57849313847.139404
oecd-ex-us,2074,59516038996108.19,366166448.75623566,35704563.91830245,2861756138856.115,2700464070642.3696,308703309274.02795,271487540953.77045,0.0,7507721889.20911,2715434988758.713,293732391157.68243,105238.31975042193,146321150097.40234,124076299893.49036
china,2074,30173602770011.094,366350438.82671756,0.0,1217598005754.288,1447677150550.8694,164328684624.6477,0.0,8256893198.447958,446860243700.4607,1612005835175.517,0.0,80990.24399561516,-394407829421.229,-402664722619.67694
india,2074,22932637405413.266,909952413.6587261,0.0,1348053730772.3462,1166986540991.6877,278775949635.62354,0.0,33261316175.596832,259298760308.15433,1445762490627.3113,0.0,48314.81886627933,-97708759854.96509,-130970076030.56192
latam,2074,14848188821320.754,302237385.47343594,0.0,731348318588.1545,709091948973.4414,105915430136.3717,0.0,10128218344.80828,3492710141.89105,815007379109.8131,0.0,63663.76685461372,-83659060521.65857,-93787278866.46686
seasia,2074,15730807016843.826,352625846.4380633,0.0,763581307821.0079,752108316201.1992,110226103909.6291,0.0,4582912975.490006,5626419717.115883,862334420110.8284,0.0,60508.80980375839,-98753112289.82043,-103336025265.31044
russia,2074,9468473035330.598,122065661.94297484,6689543.297087806,417198099789.1577,451123937008.5782,55116784991.81304,27037548791.268517,0.0,3034833458.144263,478653891082.9278,27586830917.463257,75485.13370759635,-61455791293.77008,-62005073419.96482
mena,2074,22987878950149.496,333288739.5065767,0.0,1491912249713.6196,1193439080250.3362,328441064336.26074,0.0,19148578738.211052,4980889302.243252,1521880144586.597,0.0,75836.86875858804,-29967894872.977295,-49116473611.18835
ssa,2074,18967472774545.14,1523333806.0198452,0.0,1044686624108.5564,819647914445.4651,113224184818.02182,0.0,10913299965.748356,9685034334.243328,932872099263.4869,0.0,32634.869861233794,111814524845.06946,100901224879.3211
us,2075,49391786774735.586,200880453.60658133,34390833.74119083,2175380549401.3113,2292505557831.8984,272952859220.20267,469664553004.82104,0.0,703350602298.6069,2130047114369.588,435411302682.5135,129545.03710027701,45333435031.72339,79586685354.03094
oecd-ex-us,2075,59655772976258.05,369836804.1734849,35632937.03452948,2864918497597.034,2708564590654.8984,309119804858.8681,284934324423.964,0.0,7565553642.645313,2725108406886.388,292575988627.3778,107137.6745688923,139810090710.646,132168426507.23218
china,2075,29779843186380.906,366378892.05865175,0.0,1200633064989.0203,1429874266814.549,162137556146.90033,0.0,9002640668.852375,6621815011.097346,1592011822961.4495,0.0,82776.51452723765,-391378757972.4292,-400381398641.28156
india,2075,22804645370151.535,916399373.5226827,0.0,1337877972150.1743,1161092823416.6165,276649595133.552,0.0,34999510205.46136,6871921343.726093,1437742418550.1685,0.0,49764.5486185481,-99864446399.99414,-134863956605.4555
latam,2075,14756694039690.111,303752261.10850954,0.0,725507888398.8625,705302223405.2168,105139353133.7985,0.0,10069540132.4947,3508446642.012041,810441576539.0153,0.0,65303.260458509474,-84933688140.15271,-95003228272.64742
seasia,2075,15631438112438.168,354152571.8633174,0.0,757223065258.136,748150574482.3403,109399870037.03711,0.0,4406105924.890572,5364580780.468626,857550444519.3774,0.0,62114.39367371054,-100327379261.24146,-104733485186.13202
russia,2075,9409049605308.408,122271452.1181704,6694813.002542368,413809524617.4261,448691809687.29425,54713553753.58752,27140455996.988228,0.0,3031952804.26971,475830247475.7044,27575115965.176903,77231.49221938399,-62020722858.27832,-62455382826.466995
mena,2075,22940585516065.934,335577610.4242526,0.0,1486808152176.608,1191688052462.3733,327381061461.345,0.0,19840000090.61631,4807527754.144562,1519069113923.7183,0.0,77585.95425130561,-32260961747.11035,-52100961837.72666
ssa,2075,19074289852549.375,1544488274.0613074,0.0,1046935591985.0566,825146653580.1824,113662486174.4365,0.0,11196559880.435429,9887185654.22764,938809139754.6189,0.0,33812.5228372265,108126452230.43774,96929892350.00232
us,2076,49465333884150.96,200870922.04369798,34481030.12544154,2176376672438.0728,2296481136667.7095,273141946571.11133,458792651783.183,0.0,8000868432.927219,2132605951466.3083,437017131772.5135,131502.00590686913,43770720971.764404,65546240982.4339
oecd-ex-us,2076,59786522131474.31,370350025.5380575,35562274.3503533,2867886060980.4263,2716780279751.775,309582264731.318,281859332067.2895,0.0,7366306651.6214905,2734364901961.2686,291997642521.82404,109066.40340879868,133521159019.15771,123382848564.62317
china,2076,29389991332863.117,366146223.91017073,0.0,1183896745043.6362,1412069129051.0369,159965715876.02383,0.0,7686073067.028496,5972319432.685976,1572034844927.0608,0.0,84593.39171732057,-388138099883.42456,-395824172950.45306
india,2076,22676384654779.215,921964097.9633237,0.0,1327727343429.0303,1154981522113.3533,274497068380.8368,0.0,33541074982.339134,7031606675.187861,1429478590494.19,0.0,51246.49623628344,-101751247065.15967,-135292322047.49881
latam,2076,14664321685800.482,306243462.73067224,0.0,719672883655.0454,701424575157.175,104358854281.19666,0.0,9678527065.42593,3416718959.1148214,805783429438.3717,0.0,66974.38768843569,-86110545783.3263,-95789072848.75223
seasia,2076,15531792457483.229,352178948.516495,0.0,750871632115.1991,744072491737.3353,108564691535.94008,0.0,3222357667.413039,5342253870.550048,852637183273.2754,0.0,63751.77425466119,-101765551158.0763,-104987908825.48933
russia,2076,9350953658417.04,123418311.33322603,6823533.740013768,410429251640.7575,446192577372.58734,54309079533.44252,28934978416.851463,0.0,3041479957.051885,472950875978.2381,27550780927.79175,79008.79153937967,-62521624337.48059,-61137426848.42088
mena,2076,22892195580111.117,335075679.2794077,0.0,1481646199100.499,1189747805697.9038,326295132221.7041,0.0,18606611583.79342,4613414448.102085,1516042937919.608,0.0,79365.95911008262,-34396738819.10889,-53003350402.902306
ssa,2076,19176503042725.754,1564263700.5910895,0.0,1049022119995.0103,830470418075.8795,114074833304.2832,0.0,12205730029.226158,9942051590.762321,944545251380.1627,0.0,35021.86919580021,104476868614.84753,92271138585.62137
us,2077,49529904513137.016,200844517.34327146,34549664.913081326,2177296618701.1282,2300068561486.4956,273186510315.5169,452014154307.54834,0.0,8514927779.360571,2135074649185.1975,438180422616.8138,133488.32757782933,42221969515.930664,56055701206.66522
oecd-ex-us,2077,59906736834534.61,370801852.4520784,35472437.12418386,2870663868110.024,2724546516612.137,309991923757.4908,276679695050.31006,0.0,7409580269.610196,2743211361694.9565,291327078674.67206,111024.93491626681,127452506415.06738,112805122790.70538
china,2077,29003497620280.02,361186788.2366969,0.0,1167387511147.4153,1394373828661.9082,157810087621.13254,0.0,7754334331.155054,6057026883.6796055,1552183916283.0408,0.0,86441.30039092338,-384796405135.6255,-392550739466.7805
india,2077,22546132744828.72,915527178.3034879,0.0,1317605057392.0737,1148815238555.4988,272359378730.34692,0.0,33597190699.18562,6914840642.462046,1421174617285.8457,0.0,52761.133252046384,-103569559893.77197,-137166750592.9576
latam,2077,14570713459026.88,304150964.61460227,0.0,713845357382.5272,697480232874.0544,103576239472.62624,0.0,9744924199.031998,3347812389.5845532,801056472346.6807,0.0,68677.58587556785,-87211114964.15344,-96956039163.18544
seasia,2077,15429019675587.154,350111176.97287565,0.0,744529820113.1562,739932801927.2852,107732900772.83406,0.0,4732584887.267903,5095685578.1577215,847665702700.1193,0.0,65421.393718672996,-103135882586.96301,-107868467474.23091
russia,2077,9290450127812.549,122686404.214427,6832268.041460638,407058359883.2199,443670591395.2562,53920161815.6016,27118492271.15674,0.0,2910370451.993706,470024541555.71295,27566211655.14508,80817.45834315551,-62966181672.49304,-63413901056.481384
mena,2077,22839026303678.434,334496135.5704562,0.0,1476430284751.4314,1187719476974.278,325205534236.657,0.0,21323677668.12932,4649127694.950416,1512925011210.935,0.0,81177.30984281303,-36494726459.50366,-57818404127.63298
ssa,2077,19276752677141.523,1571992330.7915325,0.0,1050949186006.9863,835602010089.3071,114469153176.79729,0.0,10118884815.401339,9490496490.293167,950071163266.1044,0.0,36263.45106010196,100878022740.88196,90759137925.48062
us,2078,49593115423893.13,200827397.88573188,34623096.47439413,2178140760411.52,2303401252330.602,273231139607.49878,452451982688.94495,0.0,9250559593.797256,2137447384251.2375,439185007686.8632,135504.44238479,40693376160.28247,53960351162.3642
oecd-ex-us,2078,60028243164559.445,371243605.79697543,35412266.82497352,2873256734533.2334,2731750068450.8135,310367985552.31775,282995711746.10925,0.0,7371937748.610258,2751666676193.6753,290451377809.45514,113013.70427330532,121590058339.5581,114134392276.21222
china,2078,28621274065862.383,356266132.7432729,0.0,1151103660166.9473,1376739076996.7449,155673132046.28326,0.0,6650501217.198673,5735495675.614526,1532412209043.028,0.0,88320.67163998078,-381308548876.0808,-387959050093.2795
india,2078,22411756436519.277,908989321.2090129,0.0,1307514117771.1294,1142528153355.211,270222766756.18475,0.0,35757273309.12954,6617767339.943185,1412750920111.3958,0.0,54308.93598053645,-105236802340.26636,-140994075649.3959
latam,2078,14476048670930.488,302036069.0493665,0.0,708027248442.879,693453221894.9578,102788816471.85042,0.0,9740107716.586147,3290109544.1173425,796242038366.8082,0.0,70413.29798628995,-88214789923.9292,-97954897640.51535
seasia,2078,15325631700568.64,347992920.3574751,0.0,738200259959.3096,735608715085.4858,106878217571.53552,0.0,4383023546.273806,5281721225.4691925,842486932657.0214,0.0,67123.69971407067,-104286672697.71179,-108669696243.9856
russia,2078,9229582137769.842,121938048.34348834,6836814.12757779,403697853568.31525,441030485109.3911,53508156698.550644,27093381818.474205,0.0,2879416378.4441447,467052660511.3573,27485981296.58417,82657.92541823213,-63354806943.04205,-63747406421.15202
mena,2078,22787304115706.17,333917224.68294996,0.0,1471164128067.2622,1185411742163.4885,324061442753.1724,0.0,18090935131.170967,4677804008.316417,1509473184916.661,0.0,83020.43908049716,-38309056849.39868,-56399991980.56965
ssa,2078,19373553005981.383,1579481753.9033008,0.0,1052719789724.3536,840653183891.7897,114844733493.29788,0.0,10234183360.859196,9812639861.453339,955497917385.0875,0.0,37537.814663780075,97221872339.26611,86987688978.40692
us,2079,49642920353851.73,200788066.12259024,34670654.72435302,2178909488555.997,2306596140072.333,273276357891.85864,443056941795.5764,0.0,7710997571.188408,2139793416866.6104,440079081097.58325,137550.79720378885,39116071689.38672,42093932387.37988
oecd-ex-us,2079,60952796701251.695,371628414.33708364,35332682.68816261,2875669257066.905,2729781315917.8286,318270040433.4868,278751755951.51196,0.0,818183880025.1829,2756589717094.2856,291461639257.0293,115033.15329618064,119079539972.61914,106369656667.1018
china,2079,28241241467597.816,351363170.3794743,0.0,1135043346041.5708,1359233469054.3333,153560685272.10052,0.0,7768902240.391457,5487112260.710882,1512794154326.4338,0.0,90231.9429310311,-377750808284.86304,-385519710525.2545
india,2079,22279918709597.594,902543991.2040951,0.0,1297457329346.6057,1136026070098.6633,268063112442.20013,0.0,31841856696.05574,6635982968.616852,1404089182540.8635,0.0,55890.38563289244,-106631853194.25781,-138473709890.31354
latam,2079,14380437615703.586,299901672.34019995,0.0,702220389223.4005,689352407038.4036,101998022636.8377,0.0,9695682718.99299,3214667943.925379,791350429675.2412,0.0,72181.97273958141,-89130040451.8407,-98825723170.8337
seasia,2079,15220691834492.55,350787672.72000194,0.0,731885413240.7653,731202188337.404,106022837226.65039,0.0,4663154141.906703,5062900389.108506,837225025564.0544,0.0,68859.14548377527,-105339612323.28918,-110002766465.19589
russia,2079,9167282141063.324,121172091.08595148,6834763.122634952,400348672063.5713,438354416638.77966,53099685211.337395,25995850554.89398,0.0,2809582525.134448,464040543889.40027,27413557960.716965,84530.63177512835,-63691871825.82898,-65109579231.65196
mena,2079,22738727005432.613,337556187.21899694,0.0,1465851279901.28,1183136834966.1094,322943295185.4743,0.0,12934532473.86371,4586272450.596483,1506080130151.5837,0.0,84895.7856880763,-40228850250.30371,-53163382724.16742
ssa,2079,19637777381629.047,1586630062.8150525,0.0,1054336948345.1287,841782076847.7633,117320590064.72757,0.0,12017198208.806673,181007292423.83228,959102666912.4908,0.0,38845.510420446924,95234281432.63782,83217083223.83115
us,2080,49688341968911.64,200747583.07637212,34713550.96315591,2179603208962.9258,2309326749407.4,273275993813.99472,440012076156.30927,0.0,8409073162.034879,2142041618437.9988,440561124783.39685,139627.84561433026,37561590524.927,37012541897.83942
oecd-ex-us,2080,61064320323948.28,371983121.15861166,35258405.434647,2877905824109.4053,2736561304526.9814,318644737036.1306,281299207322.53094,0.0,7524632827.6747675,2764441052866.919,290764988696.1935,117083.73053521746,113464771242.48633,103998989868.82379
china,2080,27864904409766.85,353073572.42171776,0.0,1119204589362.2568,1341763755373.958,151459877681.8958,0.0,7657493340.525686,5339479203.143795,1493223633055.8538,0.0,92175.55821422764,-374019043693.5969,-381676537034.1226
india,2080,22145678598573.53,908676464.473745,0.0,1287437308357.2407,1129609030016.2473,265949184908.09464,0.0,32527705327.8585,6408500870.916907,1395558214924.342,0.0,57505.96843344803,-108120906567.10132,-140648611894.9598
latam,2080,14284169152436.21,297753640.14536536,0.0,696426508774.0059,685185059591.1395,101204691363.153,0.0,9442983220.490328,3137762133.4108596,786389750954.2925,0.0,73984.06472589637,-89963242180.28662,-99406225400.77695
seasia,2080,15114820964274.928,348577450.51438016,0.0,725587578772.5248,726690036812.7505,105159548528.39981,0.0,4638075010.88674,5029211361.884062,831849585341.1503,0.0,70628.18998525,-106262006568.62549,-110900081579.51222
russia,2080,9106491127504.275,120402132.84213737,6838513.982477454,397011690100.4913,435621439223.7735,52680970302.30439,27733555810.82184,0.0,2766150055.721212,460991367941.6,27311041584.478073,86436.02275970095,-63979677841.1087,-63557163614.76494
mena,2080,22688050738259.38,336984296.1074144,0.0,1460495134379.9233,1180992348072.3499,321874544851.64996,0.0,12752108796.001675,4447600166.844585,1502866892923.9998,0.0,86803.79487655582,-42371758544.076416,-55123867340.078094
ssa,2080,19727756292345.8,1593558260.0162163,0.0,1055803691763.4896,846454527453.5798,117664861148.31142,0.0,11732785177.533821,10027392732.678537,964119388601.8912,0.0,40187.09299769866,91684303161.59839,79951517984.06458
us,2081,49766319063531.77,200782415.08059382,34828688.272405036,2180222346616.396,2311898597501.8496,273177143406.08038,474764088863.3505,0.0,8066400048.353169,2144224507163.7285,440851233744.2016,141736.04799993217,35997839452.66748,69910694571.8164
oecd-ex-us,2081,61179502590559.8,372325988.9852537,35205586.83009945,2879970636822.8247,2743015532941.4717,318947991618.49426,289452503479.1398,0.0,7722650869.566362,2771929653563.321,290033870996.64264,119165.89137604754,108040983259.5039,107459615742.00104
china,2081,27493235552598.594,348186929.3847744,0.0,1103585299672.5225,1324401308567.3281,149374594028.8012,0.0,6842044873.403981,5363790628.757729,1473775902596.1294,0.0,94151.96803365333,-370190602923.60693,-377032647797.0109
india,2081,22006914990853.22,902022683.874173,0.0,1277456491351.5425,1123057331928.541,263825484021.1431,0.0,35945465685.11665,6608182562.943255,1386882815949.684,0.0,59156.17573890943,-109426324598.1416,-145371790283.25824
latam,2081,14187233778143.518,295593325.2017106,0.0,690647238810.6171,680966239138.3298,100411705644.85922,0.0,9221435301.002975,3016766980.8916445,781377944783.1891,0.0,75820.03452753642,-90730705972.57202,-99952141273.575
seasia,2081,15008405967529.873,346327027.4478002,0.0,719308904092.5254,722094329969.7056,104291052421.77602,0.0,4346825744.9523735,5008307298.86039,826385382391.4816,0.0,72431.29801205244,-107076478298.95618,-111423304043.90855
russia,2081,9045606956094.021,119624710.32528532,6843523.391941695,393687723320.50476,432940220187.0904,52270328115.139755,27950549198.554253,0.0,2688104372.9216166,457909808995.2798,27300739306.950348,88374.55016679152,-64222085674.775024,-63572275783.17112
mena,2081,22636868015062.61,336390557.75118005,0.0,1455098929764.958,1178722097888.452,320786366223.1386,0.0,11253178586.447329,4479989736.319054,1499508464111.5906,0.0,88744.91831643395,-44409534346.63257,-55662712933.079895
ssa,2081,19813603486657.49,1600213526.7956095,0.0,1057123058075.4124,850980180703.6014,117988577327.55132,0.0,12289929477.324518,9982823744.753094,968968758031.1527,0.0,41563.12139565246,88154300044.25964,75864370566.93512
us,2082,49819436485168.625,203815715.6192837,35523409.9560314,2180767344365.7266,2315387873410.857,273293845719.09924,452852086144.13745,0.0,8179710256.957221,2146327424435.1838,442354294694.7727,143875.8716501817,34439919930.542725,44937711379.90747
oecd-ex-us,2082,61279595858020.03,372608641.10355824,35124098.95962508,2881867714427.11,2749575328719.336,319276287176.0229,279602777621.6272,0.0,7474391306.846463,2779085050334.9233,289766565560.4345,121280.09814233045,102782664092.18652,92618876153.37921
china,2082,27127275351798.168,343358642.5206274,0.0,1088183289790.1398,1307190829852.376,147306341808.22275,0.0,5194565368.303652,5548246438.340373,1454497171660.5986,0.0,96161.62963895967,-366313881870.45886,-371508447238.7625
india,2082,21868649913936.26,895411097.1208031,0.0,1267517145267.403,1116251970313.9739,261674875787.55914,0.0,34082160890.96367,6226784808.146897,1377926846101.533,0.0,60841.504159923,-110409700834.12988,-144491861725.09357
latam,2082,14267564904554.824,293427751.1283613,0.0,684884117437.6487,675629476115.6967,101491392386.48192,0.0,8824295334.875616,181392172810.7055,777120868502.1786,0.0,77690.34884051859,-92236751064.5299,-101061046399.40552
seasia,2082,14900707760136.768,344029651.1643653,0.0,713051393435.3837,717436447947.8723,103425973296.11824,0.0,4577150152.975197,4689970568.478732,820862421243.9906,0.0,74268.94031698917,-107811027808.60693,-112388177961.58212
russia,2082,9101646182306.426,118815889.25304277,6824820.733267137,390377530285.07306,429691229172.1665,53178063075.48715,25237012047.8758,0.0,123293976127.10771,455443954790.14136,27425337457.512352,90346.67235519736,-65066424505.0683,-67254749914.70485
mena,2082,22581984615514.36,335735540.3682245,0.0,1449665758280.8242,1176397210708.2727,319697313158.5521,0.0,12909210623.55317,4454576661.286419,1496094523866.8247,0.0,90719.61425245351,-46428765586.00049,-59337976209.55366
ssa,2082,19896939600580.703,1606689217.0840235,0.0,1058298089645.5945,855322617375.1401,118285562458.37988,0.0,11362562815.669151,10008766926.8199,973608179833.52,0.0,42974.15902995914,84689909812.07446,73327346996.4053
us,2083,49870303111202.0,203802976.84981558,35587167.60151212,2181238658784.4414,2318016698225.265,273339918871.03766,453702214958.90967,0.0,7282369386.287551,2148380427595.6858,442976189500.616,146047.79086432143,32858231188.755615,43584256647.049255
oecd-ex-us,2083,61379862890325.42,372881873.5423978,35062889.114019826,2883600897800.823,2755316712761.7793,319545459939.4178,283833817995.88947,0.0,7694489209.85902,2785902361669.701,288959811031.4976,123426.82019996938,97698536131.12207,92572543095.51392
china,2083,26764223888091.35,338567699.899677,0.0,1072996285084.8071,1290180349763.4438,145276563456.26553,0.0,5536621309.2672,4945785737.356723,1435456913219.7095,0.0,98205.00709835174,-362460628134.90234,-367997249444.16956
india,2083,21728309452758.746,888755251.7961073,0.0,1257621375318.2036,1109453871609.4775,259550085024.51044,0.0,35065728886.740364,6107849024.994893,1369003956633.988,0.0,62562.45568500258,-111382581315.78442,-146448310202.52478
latam,2083,14169313426297.354,291254965.6182174,0.0,679138596313.5798,671361033013.0287,100688397229.34227,0.0,8530252841.96234,3189608513.2788296,772049430242.371,0.0,79595.48059794241,-92910833928.79114,-101441086770.75348
seasia,2083,14792795666019.635,341702893.44988924,0.0,706816913188.1416,712695625482.6888,102555124943.94273,0.0,4157669181.624688,4679412302.974441,815250750426.6316,0.0,76141.59373687058,-108433837238.48999,-112591506420.11469
russia,2083,9039979349667.92,118023491.35908751,6829252.223446011,387081816266.429,426905067405.4735,52746044713.44582,28171573459.89613,0.0,2730889754.0891542,452319716115.106,27331396003.813427,92352.85436398468,-65237899848.677,-64397722392.5943
mena,2083,22522572323437.574,335009177.34916705,0.0,1444198571926.8032,1173865281097.1023,318570388618.7286,0.0,15511415319.1638,4336221031.410729,1492435669715.8308,0.0,92728.34761969531,-48237097789.02759,-63748513108.19139
ssa,2083,19977295986538.21,1612953401.1859615,0.0,1059331829096.9327,859544551776.2904,118563340083.95714,0.0,10950346775.840881,10082795496.64775,978107891860.2476,0.0,44420.773819246286,81223937236.68518,70273590460.8443
us,2084,49916681319587.65,203790681.48528606,35648868.032828495,2181636750387.184,2320589408028.8657,273350851563.93527,450175803417.9286,0.0,8505914173.37465,2150318270658.018,443621988934.7823,148252.28705638958,31318479729.166016,37872294212.31232
oecd-ex-us,2084,61469263887382.086,373109888.9044848,34984584.18335372,2885173874651.2603,2760899019787.272,319791396224.4356,277305248314.20154,0.0,7612290102.954009,2792404680192.5874,288285735819.1214,125606.53406284652,92769194458.67285,81788706953.75299
china,2084,26402780501133.812,333792961.5422868,0.0,1058021938578.2992,1273282108101.3484,143259848044.45483,0.0,7982254006.972202,5058884616.929509,1416541956145.8032,0.0,100282.57141294116,-358520017567.504,-366502271574.47626
india,2084,21590776450220.688,882210417.1240368,0.0,1247771133786.225,1102532328219.6387,257423178716.70096,0.0,31221583344.039974,5872953956.104292,1359955506936.3396,0.0,64319.53780678687,-112184373150.1145,-143405956494.15448
latam,2084,14070340139194.506,289069888.8642419,0.0,673412040937.978,667053779668.9358,99884681699.50494,0.0,8620818269.541702,3173951597.162818,766938461368.4407,0.0,81535.9090948599,-93526420430.46265,-102147238700.00435
seasia,2084,14864897446877.176,339342852.8581678,0.0,700607202484.805,706881969646.5714,103680334858.65218,0.0,4171680892.328245,186228563770.2928,810562304505.2236,0.0,78049.74131886438,-109955102020.41858,-114126782912.74683
russia,2084,8976607823382.633,117211599.0812598,6819953.178095748,383801236157.62524,424178288093.1101,52327966307.441086,26612186364.794674,0.0,2721305592.83356,449170034634.4292,27336219766.122116,94393.56803016318,-65368798476.803955,-66092831878.13139
mena,2084,22463268029919.438,334270971.5840829,0.0,1438700187510.168,1171088295795.2751,317395468988.8431,0.0,13700033013.85544,4179316769.6729074,1488483764784.1182,0.0,94771.59016103219,-49783577273.950195,-63483610287.80563
ssa,2084,20052812917768.938,1632827820.6418445,0.0,1060227315348.4071,863634559957.9736,118830507144.3197,0.0,11910778266.442501,9665461251.062336,982465067102.2933,0.0,45903.53827694531,77762248246.11377,65851469979.671265
us,2085,49939747557268.32,203727089.2300879,35657093.99176585,2181962104372.4907,2323023223229.7236,273379028855.21298,429103757827.9346,0.0,8402627565.187031,2152183366601.2239,444218885483.7121,150489.84886193747,29778737771.266846,14663610115.489319
oecd-ex-us,2085,61547975246530.21,373283686.4103696,34878920.8404664,2886590172603.091,2766030895104.1055,320019718706.85516,271070698588.57916,0.0,7101101767.407665,2798617954956.286,287432658854.6728,127819.72350010162,87972217646.80469,71610257380.71106
china,2085,26046539914189.203,329076849.8678406,0.0,1043257842982.6678,1256405131624.5737,141246378194.48138,0.0,7004856452.01101,5157936343.778992,1397651509819.0552,0.0,102394.80063249002,-354393666836.3873,-361398523288.3983
india,2085,21450055612629.402,875593513.0489556,0.0,1237968227854.7664,1095727667766.4984,255347578576.35605,0.0,33174305855.406147,5560486752.190561,1351075246342.8545,0.0,66113.26365059931,-113107018488.08813,-146281324343.4943
latam,2085,13970467851909.676,286873331.4327082,0.0,667705738390.7551,662695586119.3477,99082376833.69951,0.0,8747107896.11358,2947045173.5692215,761777962953.0471,0.0,83512.12011465497,-94072224562.29199,-102819332458.40558
seasia,2085,14755320031262.176,336954117.46532667,0.0,694423879745.9954,702075495333.0105,102799700502.08833,0.0,4081904829.1139274,4955805303.210793,804875195835.0989,0.0,79993.87244844822,-110451316089.10352,-114533220918.21744
russia,2085,8911451368641.01,116376900.95915753,6792723.253800796,380536398276.0826,421348457052.7886,51906294927.572426,24843667377.43303,0.0,2718231585.2256064,445997853812.59534,27256898167.765785,96469.29210774116,-65461455536.51276,-67874686326.84551
mena,2085,22405332695241.348,333536048.31379545,0.0,1433173292521.7837,1168295938048.6174,316228008284.9634,0.0,10822990835.489265,4238309969.1936674,1484523946333.5808,0.0,96849.82054596348,-51350653811.79712,-62173644647.286385
ssa,2085,20126494384439.715,1638865068.353801,0.0,1060987580599.5685,867528744975.1866,119073429021.19447,0.0,10209158211.419382,9505218279.00495,986602173996.3811,0.0,47423.0296074535,74385406603.18738,64176248391.768
us,2086,49978132336613.69,203709749.5562754,35709817.712985665,2182215212396.814,2324823556272.1963,273313184129.31107,446409801982.33167,0.0,7896505367.708908,2153987204646.5957,444149535754.91187,152760.97224634764,28228007750.21826,30488273977.63806
oecd-ex-us,2086,61623517965942.38,378806155.4260431,35470535.89053048,2887853177406.4844,2770896754688.559,320178188080.06354,271346441470.5094,0.0,7418043303.829831,2804522503290.7544,286552439477.87,130066.87964497885,83330674115.72998,68124676108.369385
china,2086,26061067866983.434,324421567.26962787,0.0,1028701536696.3099,1240413882583.105,143307166245.78265,0.0,6097379551.747007,375644844478.5659,1383721048828.8877,0.0,104542.17997256889,-355019512132.57776,-361116891684.32477
india,2086,21544015674499.406,868895495.0106223,0.0,1228214327408.146,1087100373950.9076,255802340763.36542,0.0,35882493531.25595,244530942707.4025,1342902714714.273,0.0,67944.15210528357,-114688387306.12695,-150570880837.3829
latam,2086,13870103229036.574,284669880.03808993,0.0,662020897606.9053,658286925145.9323,98278259886.99948,0.0,8709616718.50286,2889281271.4263353,756565185032.9318,0.0,85524.60605693856,-94544287426.02649,-103253904144.52934
seasia,2086,14644963945199.75,334534028.1519217,0.0,688268447192.8712,697219936472.5684,101919840174.20947,0.0,4285219216.7990885,4800462608.289943,799139776646.7778,0.0,81974.48297896248,-110871329453.90662,-115156548670.7057
russia,2086,8846143631463.6,115535400.93777904,6762827.848745568,377287865504.7595,418515147019.66736,51470090020.00532,24754635292.3955,0.0,2634999065.110938,442808222718.4166,27177014321.25596,98580.5123881819,-65520357213.657104,-67942736242.51756
mena,2086,22593720964304.66,332731996.7076015,0.0,1427620450226.0125,1162995115377.808,317841207975.4348,0.0,13764621599.269161,255368763789.81372,1480836323353.243,0.0,98963.52449085074,-53215873127.23047,-66980494726.49963
ssa,2086,20197987603378.797,1644732094.384248,0.0,1061615646979.7654,871335933415.6517,119301232667.24503,0.0,9105539674.05748,9620277716.283176,990637166082.8967,0.0,48979.82980658072,70978480896.86865,61872941222.81117
us,2087,50014936477720.07,203687172.7178739,35755834.579113446,2182396568162.3289,2327383954701.6562,273193218040.93134,447208863345.2505,0.0,7775882341.401324,2155717208552.5527,444859964190.0343,155066.16061477683,26679359609.776123,29028258764.99231
oecd-ex-us,2087,61695848885403.914,378967746.42931336,35381685.56078851,2888966136908.4844,2775491041225.173,320297780764.3988,272068931913.1423,0.0,7084672629.4327755,2810152061163.6465,285636760825.9264,132348.50110526668,78814075744.83789,65246246832.05383
china,2087,25708395689296.0,319808119.2147382,0.0,1014350517612.2461,1223943961435.2432,141302341199.31433,0.0,6823924342.368928,5047531677.242911,1365246302634.5576,0.0,106725.2019331531,-350895785022.3115,-357719709364.6805
india,2087,21402936336797.6,862330906.7805842,0.0,1218510972173.0444,1080002206062.7983,253681737470.9953,0.0,31587922391.27662,5681556050.215856,1333683943533.7937,0.0,69812.72795628989,-115172971360.74927,-146760893752.02588
latam,2087,13769736165752.705,282467237.29807025,0.0,656358656536.2385,653838937343.5742,97472146593.03731,0.0,8330667449.383302,2916031565.8918457,751311083936.6116,0.0,87573.86606696805,-94952427400.37305,-103283094849.75635
seasia,2087,14534157876521.58,332088063.2030043,0.0,682142299982.8636,692305566561.0219,101036783217.7844,0.0,4378370746.395368,4772351864.170446,793342349778.8063,0.0,83992.07536276645,-111200049795.94263,-115578420542.338
russia,2087,8783176941906.271,114708624.79816686,6750965.794849694,374056159100.89075,415658176856.1219,51031261131.76274,26985767139.06985,0.0,2680822190.595526,439600401952.43445,27089036035.450172,100727.72182228231,-65544242851.5437,-65647511747.92402
mena,2087,22528943343201.023,331885769.3595784,0.0,1422044106402.3188,1160038364317.956,316640783595.05145,0.0,14691768420.426119,4549188827.474872,1476679147913.0076,0.0,101113.19488057579,-54635041510.68872,-69326809931.11484
ssa,2087,20264230945516.223,1650228166.2984016,0.0,1062114523115.0815,875024596685.3766,119515603806.1221,0.0,11219348444.882986,9888367958.717295,994540200491.4987,0.0,50574.525766229104,67574322623.582886,56354974178.6999
us,2088,50759714989262.93,203697336.86359522,35833285.81600203,2182506688043.3145,2324151484025.6675,279747164163.9037,464252246893.0807,0.0,701918224796.0437,2156613297372.1086,447285350817.46375,157405.9249237484,25893390671.20581,42860286746.822754
oecd-ex-us,2088,61774664225801.055,379133493.7151459,35320911.92560025,2889932170461.427,2779998343939.451,320425692715.09283,281964049203.0027,0.0,7343157387.274709,2815494833387.2554,284929203267.2873,134665.09407535597,74437337074.17139,71472183009.88678
china,2088,25359768134223.39,315246837.95107144,0.0,1000202250890.1001,1207592613468.5896,139317218931.0293,0.0,6781934571.960433,4861961008.879249,1346909832399.619,0.0,108944.36641868131,-346707581509.5188,-353489516081.47925
india,2088,21260675302669.086,855752014.9118153,0.0,1208859579134.667,1073055729203.6855,251615233477.06717,0.0,31971353888.105026,5521703305.678205,1324670962680.7527,0.0,71719.52202098836,-115811383546.0857,-147782737434.19073
latam,2088,13669273230752.857,284554539.33246017,0.0,650720083550.7534,649371326355.9735,96667796887.90352,0.0,8038232738.578387,2894337431.8549457,746039123243.8771,0.0,89660.40616660006,-95319039693.12366,-103357272431.70204
seasia,2088,14423919608655.785,329637191.90034586,0.0,676046729733.6775,687343508118.3214,100150821878.1185,0.0,3600047220.648654,4809379617.607843,787494329996.44,0.0,86047.15878400164,-111447600262.76245,-115047647483.4111
russia,2088,8718212543015.616,115657502.53455178,6849461.808481553,370841760728.78375,412872565335.26276,50615360460.90764,25141053076.66944,0.0,2540713100.061965,436381781966.2214,27106143829.9487,102911.42064349535,-65540021237.43762,-67505111990.71688
mena,2088,22464492342707.523,331032083.09359485,0.0,1416446591224.9863,1156944771764.4795,315416460493.4994,0.0,13094826673.110472,4558467212.615863,1472361232257.979,0.0,103299.33189164315,-55914641032.992676,-69009467706.10315
ssa,2088,20326156901467.734,1655413448.042136,0.0,1062487201383.7983,878463735549.9762,119694359025.14935,0.0,12439526087.135307,10036375229.976936,998158094575.1255,0.0,52207.70938325272,64329106808.67285,51889580721.537544
us,2089,50795725955219.01,203676599.01396853,35878943.06470003,2182546084301.3567,2327045159542.5273,279778523030.0618,452293593253.5193,0.0,7994970973.824528,2158222245957.844,448601436614.74634,159780.78379441838,24323838343.512695,28015994982.285645
oecd-ex-us,2089,61831298627711.79,379218714.9722792,35202262.22502165,2890754276600.084,2784643584430.305,320556482934.9992,263589100836.31744,0.0,7491091839.615253,2820564657212.789,284635410152.51544,137017.17244994192,70189619387.29492,49143310071.096924
china,2089,25015010848055.67,310738386.23403394,0.0,986254173649.7892,1191402521569.8784,137359081343.85684,0.0,6779736421.131078,4529879517.348407,1328761602913.7354,0.0,111200.18085960185,-342507429263.94617,-349287165685.0773
india,2089,21116953771648.84,849152590.6616243,0.0,1199261448037.748,1066038162422.8702,249555373522.69592,0.0,32610313371.263668,5220870258.830027,1315593535945.5662,0.0,73665.07128618739,-116332087907.81812,-148942401279.0818
latam,2089,13568150877731.264,282326755.3187497,0.0,645106181139.1335,644883667627.8978,95865935606.28497,0.0,8300761715.727115,2821830789.185246,740749603234.1829,0.0,91784.73938678707,-95643422095.04932,-103944183810.77643
seasia,2089,14312534787156.195,327149544.3764895,0.0,669982933178.3613,682379912713.074,99268893821.73383,0.0,4526715183.272596,4807767040.127168,781648806534.8079,0.0,88140.24929296771,-111665873356.44653,-116192588539.71913
russia,2089,8653292330449.916,114809651.10756569,6827084.561221314,367645114491.9143,409983264982.1749,50182143434.77617,25178286899.481133,0.0,2421794459.861062,433153822732.54974,27011585684.401222,105132.1164927191,-65508708240.63544,-67342007025.55553
mena,2089,22399456665490.91,330161417.99743277,0.0,1410830127672.0825,1153848589597.738,314203070400.8401,0.0,12301388185.19492,4487243295.069625,1468051659998.5781,0.0,105522.44311674972,-57221532326.495605,-69522920511.69052
ssa,2089,20386827016691.375,1660500410.516916,0.0,1062736655604.7814,881702099324.8726,119850227264.57631,0.0,10337736871.256235,9823523079.568071,1001552326589.4489,0.0,53879.97767244337,61184329015.33252,50846592144.07629
us,2090,50820499540400.33,203631726.48867053,35899657.171833426,2182515285630.5552,2329162570458.671,279737605108.65155,442722660375.6598,0.0,8435814742.346634,2159740461973.0027,449159713594.32056,162191.26362754081,22774823657.55249,16337770438.891724
oecd-ex-us,2090,61883400866251.03,379274355.09505856,35075750.93528541,2891435338971.6353,2788441903890.707,320610033900.1425,262580000434.69177,0.0,7138836923.751058,2825387866673.0615,283664071117.7858,139405.2579393962,66047472298.57373,44963401615.479675
china,2090,24675353863436.49,306293725.4351181,0.0,972503704518.9219,1175374480613.6248,135420804265.03906,0.0,5922977660.293775,4557573400.840265,1310795284878.6638,0.0,113493.16033543216,-338291580359.74194,-344214558020.0357
india,2090,20975889352268.496,842646122.9460325,0.0,1189717769033.474,1058941415546.423,247491843737.95767,0.0,29841399154.187595,5492470024.744683,1306433259284.3806,0.0,75649.91904783677,-116715490250.9065,-146556889405.0941
latam,2090,13466726546150.977,280096718.780057,0.0,639517889591.9401,640353609104.1914,95063505865.01933,0.0,8252114028.6670685,2727007825.6514664,735417114969.2107,0.0,93947.3859016295,-95899225377.27063,-104151339405.9377
seasia,2090,14200990738712.766,329463940.0721057,0.0,663952014171.9291,677340996660.1302,98388121334.0975,0.0,4148484038.581404,4381539417.448284,775729117994.2278,0.0,90271.86994211747,-111777103822.2987,-115925587860.88011
russia,2090,8587633154213.319,113957782.4104132,6802701.5550382845,364466628963.88257,407077184656.78876,49755142425.094925,24322416507.22182,0.0,2384105374.176141,429916469922.8131,26915857159.07046,107390.32454457547,-65449840958.93054,-68043281610.77919
mena,2090,22328595370776.453,329206399.1498479,0.0,1405196832623.1624,1150709275139.018,312988361870.5591,0.0,16855634931.805937,4495144603.767225,1463697637009.5771,0.0,107783.04369084485,-58500804386.414795,-75356439318.22073
ssa,2090,20628352312847.043,1665345993.3569891,0.0,1062865838126.2274,881365346480.0818,122276671350.25443,0.0,10555210178.294477,192856686038.063,1003642017830.3362,0.0,55591.93288358827,59223820295.891235,48668610117.596756
us,2091,50853722775841.75,203605463.0095139,35938553.95601746,2182414824208.3623,2330639587866.645,279734822833.4501,453424700553.3119,0.0,7758121379.913882,2161200640918.164,449173769781.93085,164637.89872015742,21214183290.198242,25465114061.579285
oecd-ex-us,2091,61940367312636.37,379336109.24916613,34975988.03814587,2891978128703.325,2791848841226.2935,320659038509.17664,270271332841.56177,0.0,7224864575.925097,2829956636045.868,282551243689.6009,141829.8801868349,62021492657.45703,49741581809.41791
china,2091,24340108428424.32,301904642.2275729,0.0,958948248126.3369,1159550401128.894,133504639915.34122,0.0,5865459882.534779,4726817788.271804,1293055041044.2354,0.0,115823.82769935735,-334106792917.89844,-339972252800.4332
india,2091,20833208382116.875,836116578.894612,0.0,1180229628408.879,1051936847392.5468,245469418035.18167,0.0,30710713036.427395,5206379903.655733,1297406265427.7285,0.0,77674.61505289626,-117176637018.84961,-147887350055.277
latam,2091,13365240994051.11,277867863.88952476,0.0,633956090099.805,635798545665.6227,94261717001.25853,0.0,8080958863.588126,2699579330.7856317,730060262666.8812,0.0,96148.8731639963,-96104172567.07617,-104185131430.66429
seasia,2091,14089566708921.78,326946714.80824,0.0,657954991338.9645,672289688703.366,97508137115.20113,0.0,4037040937.2554507,4455845625.883539,769797825818.5671,0.0,92442.55092367926,-111842834479.60266,-115879875416.85811
russia,2091,8523443177887.793,113114761.17994732,6788616.796289304,361306679217.8354,404167515299.8051,49331497842.32229,25683385611.58005,0.0,2318971987.1915464,426672516776.19293,26826496365.934364,109686.56763520247,-65365837558.357544,-66508948312.71186
mena,2091,22261925780919.973,328296668.22202706,0.0,1399548723670.163,1147261310847.92,311708038675.62286,0.0,11590923973.693836,4341959970.590152,1458969349523.5427,0.0,110081.65641870507,-59420625853.37964,-71011549827.07347
ssa,2091,20682541892302.473,1669858495.5521033,0.0,1062877677471.9788,884405309411.7272,122417710942.89268,0.0,12163938504.360594,10298860842.43497,1006823020354.6199,0.0,57344.182622544366,56054657117.35889,43890718612.99829
us,2092,50885406426786.3,203587860.64797947,35985745.32063969,2182245236640.5222,2332506803979.0786,279700191689.66907,453455384630.1031,0.0,8190025342.602048,2162570171626.8533,449636824041.8948,167121.231384038,19675065013.668945,23493625601.87726
oecd-ex-us,2092,61989753282830.49,379361700.8960947,34859696.846919864,2892385319404.0625,2795426996833.44,320723153207.3026,265765346882.9285,0.0,7385453947.862805,2834278629056.271,281871520984.4692,144291.57688690972,58106690347.791504,42000516246.25079
china,2092,24008762421167.45,297570676.68007,0.0,945585202474.513,1143895096137.2014,131615264782.43123,0.0,5868722607.486018,4447873795.758053,1275510360919.6326,0.0,118192.71370439492,-329925158445.1196,-335793881052.60565
india,2092,20691816592187.65,841308002.278326,0.0,1170798013643.5227,1044845683890.152,243441851531.89746,0.0,29249056517.288258,5346788366.594078,1288287535422.0493,0.0,79739.71564335284,-117489521778.52661,-146738578295.81488
latam,2092,13263852665439.379,275644552.51492995,0.0,628421605529.8766,631226830588.2775,93462990401.28558,0.0,7727839011.734829,2607725859.701789,724689820989.563,0.0,98389.7360427273,-96268215459.6864,-103996054471.42123
seasia,2092,13978082131145.86,324419273.9534355,0.0,651992802653.3304,667218713914.482,96632502322.51102,0.0,3900582770.1342287,4274418577.876194,763851216236.993,0.0,94652.82970891536,-111858413583.6626,-115758996353.79683
russia,2092,8456559678228.532,112251892.0849845,6755491.376297807,358165608853.9955,401277540373.41846,48913760844.14813,22778921570.208862,0.0,2363271134.099004,423421250898.6263,26770050318.94016,112021.37639158453,-65255642044.6308,-69246770793.36209
mena,2092,22193518349147.863,331576997.4033682,0.0,1393887722682.6233,1144009942613.484,310486506351.17834,0.0,12090211019.780909,4291505529.7082787,1454496448964.662,0.0,112418.8119040481,-60608726282.03882,-72698937301.81973
ssa,2092,20733628704520.652,1674148155.6618948,0.0,1062775076417.3573,887232077111.6517,122532078049.8076,0.0,12084343901.111816,10160234863.394852,1009764155161.4594,0.0,59137.33997627435,53010921255.89795,40926577354.78613
us,2093,50909475535347.945,203560548.18891883,36023070.85824565,2182007070467.1362,2334553489651.6997,279647858464.87714,448202351097.46466,0.0,8061035113.678309,2163866234540.7183,450335113575.8582,169641.812065897,18140835926.41797,16008073448.024414
oecd-ex-us,2093,62865887092347.03,379392240.566641,34767252.025448255,2892659482399.2295,2790474074752.703,328548350931.81274,269268264801.03088,0.0,833228488000.7966,2836567102636.9136,282455323047.6012,146790.89390634914,56092379762.31592,42905321515.745605
china,2093,23681253667003.71,298832223.48717594,0.0,932411963242.2706,1128408815053.3406,129748802557.57338,0.0,6120529688.042561,4357429892.937698,1258157617610.914,0.0,120600.3571311524,-325745654368.64343,-331866184056.686
india,2093,20549845516345.918,834787956.1018356,0.0,1161423819359.8184,1037792881136.9318,241440245466.8253,0.0,29305670720.099445,5143902122.310057,1279233126603.757,0.0,81845.78390237053,-117809307243.93872,-147114977964.03818
latam,2093,13161804467601.896,273411846.74396306,0.0,622915206957.0399,626649769497.6112,92667239608.12473,0.0,8239128266.58715,2592732577.802682,719317009105.736,0.0,100670.51696143298,-96401802148.69604,-104640930415.28319
seasia,2093,13866488708354.57,321879802.9619431,0.0,646066307452.8041,662132692367.9075,95759984432.1225,0.0,3959198814.1699505,4192145370.100619,757892676800.03,0.0,96903.2511890274,-111826369347.22595,-115785568161.3959
russia,2093,8393537027846.322,111409282.20893581,6743020.417976139,355043733808.32477,398230374883.95764,48479321990.39087,26348822135.49856,0.0,2294490548.31586,420168762360.7854,26540934513.563103,114395.28936244626,-65125028552.46063,-65317140930.52517
mena,2093,22123888332691.207,330622033.30216545,0.0,1388215659381.1187,1140663183702.1655,309250522493.4754,0.0,12064947981.752123,4132978339.622245,1449913706195.6409,0.0,114795.0486802117,-61698046814.52222,-73762994796.27434
ssa,2093,20781661053104.156,1678212176.5167933,0.0,1062560909847.599,889917798020.5386,122628225902.829,0.0,12078779794.76383,10096242454.040653,1012546023923.3676,0.0,60972.02364178916,50014885924.231445,37936106129.46761
us,2094,50939396181768.86,203556924.56219953,36084132.041508436,2181700868268.7656,2336201686516.652,279498789939.721,455999255164.6864,0.0,7920999443.847789,2165089175176.054,450611301280.32056,172200.19946941396,16611693092.71167,21999646977.077515
oecd-ex-us,2094,62908346312756.73,379393644.8424915,34663679.78840036,2892803101797.109,2793589582006.6406,328540822031.4115,264223466198.0457,0.0,7563056452.651753,2840508042562.506,281622361475.54407,149328.385406277,52295059234.60303,34896163957.104614
china,2094,23357742675899.043,294532663.24914074,0.0,919425927994.144,1113081812377.7253,127902933860.56458,0.0,6276068547.507598,4323895686.975141,1240984746238.29,0.0,123047.30491720603,-321558818244.146,-327834886791.65356
india,2094,20408266344717.85,828302291.9784732,0.0,1152107853543.6514,1030707230666.1375,239446532968.2385,0.0,28577268508.804825,5044006971.455681,1270153763634.376,0.0,83993.38980255922,-118045910090.72461,-146623178599.52942
latam,2094,13059962282104.236,271187765.83662015,0.0,617437612103.0883,622030040641.581,91871494552.43983,0.0,7826060997.552655,2447798590.82439,713901535194.0209,0.0,102991.76603890731,-96463923090.93262,-104289984088.48528
seasia,2094,13755170908951.139,319333197.02922964,0.0,640176294611.7334,657024275759.1904,94885151573.00424,0.0,3915437212.274412,4330770529.304899,751909427332.1947,0.0,99194.36781772005,-111733132720.4613,-115648569932.73572
russia,2094,8442460693245.588,110587101.6265055,6750959.284148814,351941339918.41437,394949866996.5187,49303349998.3139,28323905450.457813,0.0,112911637025.21797,417632123099.2615,26621093895.57157,116808.85315073546,-65690783180.84711,-63987971625.96087
mena,2094,22049548457263.68,329596157.03320575,0.0,1382534275733.77,1137248283110.5269,308003110590.7342,0.0,15814760699.903368,4192003239.8605995,1445251393701.261,0.0,117210.91334242317,-62717117967.49097,-78531878667.39433
ssa,2094,20826978760574.24,1682063310.5798054,0.0,1062238022784.1173,892459604622.9296,122703630023.72868,0.0,11914351176.276712,10157270508.902874,1015163234646.6582,0.0,62848.8580589418,47074788137.45911,35160436961.182396
us,2095,50961446245117.76,206507070.75298095,36750259.25164318,2181327188086.3914,2337932610561.4707,279427323865.18616,450287366063.526,0.0,7795443625.612789,2166238551693.6294,451121382733.02936,174796.96067908395,15088636392.761963,14254619723.258606
oecd-ex-us,2095,62942617776451.73,379364402.0691355,34546810.20436054,2892818573365.326,2796310039227.9697,328562605797.80975,259020042802.87158,0.0,7305492552.577142,2844233082658.273,280639562367.50616,151904.61396633636,48585490707.05322,26965971142.41864
china,2095,23038846634711.0,290298287.1836093,0.0,906624500300.0237,1097921083254.125,126084245828.79564,0.0,5510977277.0985,3995764871.952502,1224005329082.9207,0.0,125534.11228812842,-317380828782.897,-322891806059.9955
india,2095,20265977405082.793,821817601.9169544,0.0,1142850840266.2688,1023630960891.7877,237470159104.22806,0.0,28884058932.141823,4845399026.825185,1261101119996.0159,0.0,86183.11035635007,-118250279729.74707,-147134338661.8889
latam,2095,13119544494179.143,268964921.38778055,0.0,611989491263.6013,616662872786.2057,92813296869.64508,0.0,7954734310.73378,165023624777.89023,709476169655.8508,0.0,105354.04123117104,-97486678392.24951,-105441412702.98329
seasia,2095,13810538270010.488,316778093.39258087,0.0,634323484042.6927,651154699461.9725,95898722115.77333,0.0,4068678308.8648314,172165976903.26733,747053421577.7458,0.0,101526.73975543592,-112729937535.0531,-116798615843.91794
russia,2095,8379754636366.541,109759170.04082783,6752680.528068751,348858687615.8642,392124480229.6974,48897340030.945984,27167970902.475864,0.0,2289104863.2634606,414383645637.5672,26638174623.076195,119262.62254772204,-65524958021.703,-64995161742.30334
mena,2095,21978876491968.9,328609154.7104534,0.0,1376845229543.7283,1133580129024.3394,306701788222.3147,0.0,11373117863.140331,4137840271.2768354,1440281917246.654,0.0,119666.9606816866,-63436687702.92578,-74809805566.06612
ssa,2095,20869131513686.36,1700782900.9626615,0.0,1061809229096.0386,894871835641.859,122765336104.9001,0.0,11966356820.030958,9947052582.85794,1017637171746.7592,0.0,64768.47354701784,44172057349.27942,32205700529.24846
us,2096,50968529461618.86,206463064.04807466,36771334.20514299,2180886587458.9053,2339423626500.48,279365342448.1657,437806100519.0937,0.0,7179497471.741406,2167328143993.232,451460824955.4152,177432.6712859258,13558443465.67334,-96280970.64819336
oecd-ex-us,2096,62973955519886.75,379321417.8533814,34432777.94102447,2892708208820.301,2798657370788.532,328543789807.631,258443959090.31256,0.0,7386736120.522977,2847736900889.9062,279464259706.25696,154520.15071064697,44971307930.39453,23951007314.450134
china,2096,22723354360403.914,286109799.9015803,0.0,894005093768.5542,1082971057568.3735,124286948487.31743,0.0,6441689673.507524,4202327653.5596066,1207258006055.691,0.0,128061.3428901945,-313252912287.1367,-319694601960.6442
india,2096,20123854125748.15,815352328.8422313,0.0,1133653426753.066,1016516333864.4249,235496295967.64166,0.0,28744216650.189686,4980140394.554719,1252012629832.0667,0.0,88415.52976846676,-118359203079.00073,-147103419729.19043
latam,2096,13016725408521.307,266744861.00244135,0.0,606571468024.0634,612051068082.9467,92010236858.48958,0.0,7958480141.845445,2629231401.374528,704061304941.4363,0.0,107757.90847516365,-97489836917.37292,-105448317059.21837
seasia,2096,13697561515233.738,314205047.5281832,0.0,628508530759.9332,646043150953.3267,95015782469.47043,0.0,4723864909.837607,4297512795.951449,741058933422.7971,0.0,103900.93501527626,-112550402662.86389,-117274267572.70149
russia,2096,8315197999938.553,108917817.11293876,6740001.578472192,345796013050.88873,389248232160.08875,48488093870.81096,25044351789.12751,0.0,2339324762.894665,411133772928.8605,26602553102.039207,121757.1606687399,-65337759877.97174,-66895961190.88344
mena,2096,21904486488490.664,327568254.5708443,0.0,1371150096408.1462,1130081274530.356,305455886410.8587,0.0,13955298587.638124,3952359642.481407,1435537160941.2146,0.0,122163.7538203148,-64387064533.06836,-78342363120.70648
ssa,2096,20910165246615.39,1704473525.8043609,0.0,1061277309211.9823,897140497872.2478,122807173920.75641,0.0,10338498590.510666,10042594100.569782,1019947671793.0042,0.0,66731.5064450685,41329637418.97815,30991138828.467484
us,2097,50980457529055.3,206426957.44004738,36800811.45860148,2180379624197.5483,2340610438787.618,279171984860.6667,443764943992.1707,0.0,7565922895.016602,2168328916055.1106,451453507593.1739,180107.91551507643,12050708142.437744,4362144541.43457
oecd-ex-us,2097,63006786472023.7,379281426.48528206,34337602.37781598,2892474245552.2856,2800787254333.4033,328476741133.2695,262156707391.52997,0.0,7463994659.848236,2851026191892.8135,278237803573.8611,157175.5754356251,41448053659.47217,25366957477.141052
china,2097,22411626116637.21,281978376.950285,0.0,881565135997.6437,1068151429171.0475,122513930151.57307,0.0,6433961061.588632,3805940619.8483663,1190665359322.6206,0.0,130629.56892479447,-309100223324.9769,-315534184386.56555
india,2097,19981540748673.535,808906668.1072913,0.0,1124516186324.8994,1009391811367.0664,233537071872.79306,0.0,28638092135.325985,4737411975.679654,1242928883239.8594,0.0,90691.23959048404,-118412696914.95996,-147050789050.28595
latam,2097,12914137232969.266,264533885.39745414,0.0,601184121691.2301,607426796984.866,91210419978.58533,0.0,7652243879.923791,2517163600.1088476,698637216963.4513,0.0,110203.94183410333,-97453095272.22119,-105105339152.14499
seasia,2097,13585305482596.924,311642145.926641,0.0,622732029968.3411,640892897521.8763,94133203016.37546,0.0,4104144263.613175,4142182196.710511,735026100538.2518,0.0,106317.52961062205,-112294070569.91077,-116398214833.52394
russia,2097,8252415468645.008,108087157.72819929,6736669.187631492,342753528319.3212,386340938961.4246,48065614246.53104,26579827785.361015,0.0,2290665809.722739,407886524628.5743,26520028579.381477,124293.03909059986,-65132996309.25305,-65073197103.27351
mena,2097,21828796385032.695,326502604.26285774,0.0,1365450378212.5227,1126391991544.4915,304172586805.4236,0.0,14498536793.102526,3922633472.526527,1430564578349.915,0.0,124701.86434913432,-65114200137.392334,-79612736930.49486
ssa,2097,20947371186011.336,1707893937.1914246,0.0,1060645009421.4702,899344498950.9916,122845238384.70895,0.0,11074875349.786709,9825542659.960278,1022189737335.7006,0.0,68738.59925593257,38455272085.76965,27380396735.982944
us,2098,50977500766969.664,206351422.3995361,36791529.41506158,2179806859938.8323,2341846416239.82,278997973824.9532,430642026068.2811,0.0,7438741972.045592,2169256698692.474,451587691372.2993,182823.28635529845,10550161246.358154,-10395504057.660034
oecd-ex-us,2098,63037695263506.22,379220152.99000186,34236484.87215027,2892118843717.926,2802975463278.063,328429958561.5122,262953700401.1139,0.0,7241669203.014778,2854117123420.162,277288298419.4153,159871.4767396942,38001720297.76367,23667122279.46228
china,2098,22104889761247.773,277914640.8668373,0.0,869302069459.2579,1053508212471.1873,120763922272.3258,0.0,5498562931.326416,3732272826.158385,1174272134743.5132,0.0,133239.37128458417,-304970065284.25525,-310468628215.58167
india,2098,20056784705046.67,802473289.9459474,0.0,1115439624120.377,1000945293875.2979,233939792186.3139,0.0,29131252517.15892,223820670831.52545,1234885086061.6118,0.0,93010.83887746603,-119445461941.23486,-148576714458.3938
latam,2098,12811606458281.133,262327334.24575785,0.0,595827988550.8884,602806069243.7991,90414281461.96616,0.0,7640258187.684341,2501845654.424048,693220350705.7653,0.0,112692.72364453526,-97392362154.87683,-105032620342.56117
seasia,2098,13473037022010.684,309072405.49820817,0.0,616994519065.0006,635765470174.212,93257012326.25735,0.0,4380721953.596604,4140224802.8250856,729022482500.4694,0.0,108777.10770447258,-112027963435.46875,-116408685389.06535
russia,2098,8187442507463.983,107236972.63660204,6712064.963875539,339731422576.27966,383497798517.5287,47661977960.83655,24157770963.98666,0.0,2297621757.076851,404641987021.93445,26517789456.430668,126870.83799070204,-64910564445.654785,-67270582938.098785
mena,2098,21753867005204.887,325438964.9830576,0.0,1359747498563.512,1122622895253.3345,302880075388.9367,0.0,13100547199.565998,3926639450.529004,1425502970642.2712,0.0,127281.87246639207,-65755472078.75928,-78856019278.32527
ssa,2098,20982089080492.88,1711126423.2727063,0.0,1059915039913.8423,901384127752.901,122864689195.57274,0.0,10577332454.905155,9629003971.08697,1024248816948.4738,0.0,70790.40079389472,35666222965.36853,25088890510.463375
us,2099,50979324374614.85,206280670.18347535,36787991.68478202,2179168866485.5264,2342417886715.706,278779261860.14655,437015348252.3219,0.0,6836541483.156591,2170124836083.1118,451072312492.74,185579.38569043114,9044030402.41455,-5012933838.00354
oecd-ex-us,2099,63058790679074.54,379120567.30568486,34111829.71423639,2891644097793.787,2805006203807.685,328361858894.9619,255632398469.9419,0.0,7186982007.233988,2857009307360.125,276358755342.52185,162608.45215491657,34634790433.66211,13908433561.082153
china,2099,22103941448916.523,273905579.30427265,0.0,857213356284.2888,1039804006925.5696,122450447277.73344,0.0,5704823606.255958,309797609194.01416,1162254454203.303,0.0,135891.3396914031,-305041097919.01416,-310745921525.27014
india,2099,19914841164263.81,796113226.0311749,0.0,1106424178997.7324,993815958360.3303,231986212590.71234,0.0,27544093422.930832,4978544593.379356,1225802170951.0427,0.0,95374.93434667916,-119377991953.3103,-146922085376.24115
latam,2099,12709444961006.604,260131833.1614692,0.0,590503566003.4854,598177515877.9977,89620954962.41931,0.0,7306478453.833679,2439886016.238947,687798470840.417,0.0,115224.84466508975,-97294904836.93164,-104601383290.76532
seasia,2099,13360999963109.965,306504825.4659996,0.0,611296481690.3981,630622341167.844,92384865230.77838,0.0,4282517763.6823134,3956183571.1945825,723007206398.6223,0.0,111280.26176051899,-111710724708.22424,-115993242471.90656
russia,2099,8123622988440.052,106397077.64774641,6695777.255206945,336729867611.61084,380586986858.6128,47237817281.214645,25104248534.931564,0.0,2171168969.3571887,401404605924.67084,26420198215.15679,129491.14628787698,-64674738313.06,-65990687993.285225
mena,2099,21913234205978.75,324342244.4279564,0.0,1354042812920.748,1116788222536.105,304178309441.8898,0.0,14571551913.55801,240862471744.65588,1420966531977.9946,0.0,129904.36711839252,-66923719057.24658,-81495270970.8046
ssa,2099,21013847350240.77,1714110590.173017,0.0,1059090074406.6052,903306369626.7838,122862796963.05951,0.0,11077336070.6629,9914698001.7848,1026169166589.8433,0.0,72887.56633592842,32920907816.761963,21843571746.09906
us,2100,50963690164121.375,206164762.43490845,36740076.08794906,2178466206884.2886,2342927943838.8887,278529430445.71576,419511796389.29767,0.0,7845160517.57061,2170887597603.003,450569776681.6018,188376.82443281286,7578609281.285645,-23479371011.018494
oecd-ex-us,2100,63072256339942.484,384394949.37221926,34626643.75355644,2891052035484.867,2806568755635.5596,328264688589.64594,250193992191.53558,0.0,7053077416.772911,2859710680285.6963,275122763939.5128,165387.10828057534,31341355199.1709,6412583451.193665
china,2100,21801749026781.812,269958321.3276266,0.0,845296479988.2256,1025553059797.4519,120700717524.99892,0.0,5215716051.295384,3980591250.8356776,1146253777322.451,0.0,138586.07283599087,-300957297334.22534,-306173013385.52075
india,2100,19772095515340.8,789756599.4543542,0.0,1097470229480.1719,986753616670.307,230062147310.5621,0.0,28049460235.566246,4649345813.253748,1216815763980.8691,0.0,97784.1405383757,-119345534500.69727,-147394994736.26352
latam,2100,12607216944135.988,257940042.5561522,0.0,585211312632.2092,593557929011.9567,88833350238.73799,0.0,7399189750.569912,2351139498.432792,682391279250.6947,0.0,117800.90422697247,-97179966618.48547,-104579156369.05539
seasia,2100,13249044052713.45,303933504.0591121,0.0,605638350231.0793,625483059069.7521,91516238403.38293,0.0,4543627574.3059845,3948664419.8381915,716999297473.135,0.0,113827.59269597149,-111360947242.05566,-115904574816.36165
russia,2100,8060534664268.353,107212498.598448,6795250.173626192,333749011811.83276,377679912715.18945,46812072694.30605,25419923448.88961,0.0,2234725977.0730624,398171011073.95654,26320974335.53899,132154.56178498504,-64421999262.12378,-65323050148.77316
mena,2100,21834674422265.49,323225778.6895838,0.0,1348337609748.45,1112955601756.4963,302874269504.5727,0.0,15015303271.520666,3947781070.888541,1415829871261.069,0.0,132569.94614189598,-67492261512.61914,-82507564784.1398
ssa,2100,21043999896647.555,1716967946.692095,0.0,1058172748116.6698,905080052567.2914,122845601141.55447,0.0,9764570589.216562,9670022588.188175,1027925653708.8458,0.0,75030.75777647289,30247094407.823975,20482523818.607414
