region,year,stock,head,imm_head,investment,depreciation,writeoff,mig_in,mig_out,revaluation,charge_own,charge_imm,gdppc,net_own,net_total
us,2025,42597767144857.26,163468667.3197481,0.0,0.0,0.0,0.0,0.0,0.0,0.0,0.0,0.0,61050.561392568336,0.0,0.0
oecd-ex-us,2025,57584978608061.44,382715206.5144276,0.0,0.0,0.0,0.0,0.0,0.0,0.0,0.0,0.0,40746.2474376583,0.0,0.0
china,2025,57839764999751.484,754690317.0381244,0.0,0.0,0.0,0.0,0.0,0.0,0.0,0.0,0.0,23526.530999766437,0.0,0.0
india,2025,14432921146914.07,758253586.7746348,0.0,0.0,0.0,0.0,0.0,0.0,0.0,0.0,0.0,7962.740251283043,0.0,0.0
latam,2025,12756720765758.104,304226941.7672932,0.0,0.0,0.0,0.0,0.0,0.0,0.0,0.0,0.0,14201.148310712375,0.0,0.0
seasia,2025,12553011591910.963,338611634.74681383,0.0,0.0,0.0,0.0,0.0,0.0,0.0,0.0,0.0,12765.330691481528,0.0,0.0
russia,2025,11576313599487.303,139645266.8252507,0.0,0.0,0.0,0.0,0.0,0.0,0.0,0.0,0.0,20297.66333329072,0.0,0.0
mena,2025,11787095388255.021,222635280.40974152,0.0,0.0,0.0,0.0,0.0,0.0,0.0,0.0,0.0,20496.517103421746,0.0,0.0
ssa,2025,3711249022559.1807,444568199.96648616,0.0,0.0,0.0,0.0,0.0,0.0,0.0,0.0,0.0,3497.158670690358,0.0,0.0
us,2026,42633970397063.08,166927858.18050712,942258.3709978287,2009709087373.9312,2135863256170.7847,237672757765.1322,388539103872.3291,0.0,11491074895.47347,2373536013935.917,0.0,61980.16024673619,-363826926561.98584,24712177310.34326
oecd-ex-us,2026,57133932541786.78,388233867.8746305,1321888.7014311934,2379095531413.2886,2891116564007.126,312363797850.11694,360690288641.9239,0.0,12648475527.405304,3203480361857.243,0.0,41618.333088470004,-824384830443.9546,-463694541802.0307
china,2026,57343699116947.6,761889093.3617086,0.0,2686289191310.387,2921057713237.975,314195159133.6152,0.0,20185617251.61033,73083415508.89754,3235252872371.5903,0.0,24228.855750619772,-548963681061.2031,-569149298312.8135
india,2026,15205776688863.19,778397660.6508629,0.0,1898326017459.6528,875115914978.6515,202958314835.0167,0.0,57543778454.986206,10147532758.122417,1078074229813.6682,0.0,8334.796268499304,820251787645.9846,762708009190.9984
latam,2026,12962653036992.76,309911307.48782,0.0,1002489696732.2322,683485139778.035,99626046286.11684,0.0,18766194393.998096,5319954960.567571,783111186064.1519,0.0,14736.250277982586,219378510668.08032,200612316274.0822
seasia,2026,12871495597406.494,345582264.2807318,0.0,1088741061687.955,674018192009.6808,96665983904.65321,0.0,5747768698.946721,6174888420.862362,770684175914.334,0.0,13267.526588403778,318056885773.621,312309117074.67426
russia,2026,11622230676185.97,142376758.5560886,203659.67093260528,664827111131.199,583071538063.8567,68274617357.62827,26963457675.85176,0.0,5472663313.102625,651346155421.485,0.0,20949.93751363234,13480955709.71399,40444413385.56575
mena,2026,12564910733681.61,229863247.38124976,279603.65663837205,1644995963696.8845,723244579527.987,186132303644.17688,33962725938.604683,0.0,8233538963.271418,909376883172.164,0.0,21152.088069819238,735619080524.7206,769581806463.3253
ssa,2026,4226283109777.069,471103577.885815,0.0,745652863530.9015,204375774676.6714,27681072261.42833,0.0,3499539287.301725,4937609912.390349,232056846938.09973,0.0,3706.02193117199,513596016592.80176,510096477305.50006
us,2027,42643047095179.85,169202027.075986,1876385.109310421,1987173606416.374,2138971854193.8455,238855178336.8954,387526958215.2376,0.0,12203166015.907375,2361777809282.103,16049223248.637781,62923.70303705832,-374604202865.729,-3126467899.129175
oecd-ex-us,2027,56660757731701.88,389236706.9107023,2618449.35617851,2348547688742.1797,2879744774068.128,309904862820.4927,355695290691.72986,0.0,12231847369.794308,3175157689994.9937,14491946893.626448,42505.07432557021,-826610001252.814,-485406657454.7106
china,2027,57644851840790.125,758191416.477752,0.0,2599319645729.1577,2895649741611.3228,318335777757.08923,0.0,17029865048.914543,932848462530.7079,3213985519368.412,0.0,24946.710040432743,-614665873639.2544,-631695738688.169
india,2027,15945417642090.998,788062357.0266844,0.0,1890859224552.0854,894250565133.8474,216608506610.7728,0.0,50701937289.74701,10342737710.097364,1110859071744.62,0.0,8720.209769160245,780000152807.4653,729298215517.7183
latam,2027,13153901788231.787,311483914.8849567,0.0,991652821435.1757,687190414950.72,101015314318.99324,0.0,17424647094.228046,5226306167.79029,788205729269.7133,0.0,15286.446916063733,203447092165.4624,186022445071.23434
seasia,2027,13171739477154.455,348088049.0115688,0.0,1078092874156.9825,680989585822.0493,98389964855.56813,0.0,4600382221.700575,6130938490.296313,779379550677.6174,0.0,13784.578329939995,298713323479.3651,294112941257.66455
russia,2027,11662647479465.305,144123489.48086154,395955.13785177254,662163925422.3898,584041922665.5918,68542643260.30321,25617183851.308544,0.0,5220259931.528837,651462929310.8506,1121636615.0445147,21617.743494906772,10700996111.539185,35196543347.803215
mena,2027,13288317960709.998,234164379.23420942,418506.85678743233,1646118336431.8713,745269805187.1133,199538931582.47952,17482023412.0764,0.0,4615603954.027879,942798574517.1819,2010162252.4108863,21823.19412143207,703319761914.6895,718791623074.355
ssa,2027,4736889964404.955,492510972.63810176,0.0,760304242038.3436,217625553102.52576,30326083183.32115,0.0,6526666667.934031,4780915543.32112,247951636285.84692,0.0,3924.81990741194,512352605752.4967,505825939084.5627
us,2028,42640325121132.87,170354467.2650064,2842353.5494088484,1964357832575.23,2141448978752.233,239842224961.7841,403020982325.86914,0.0,11190414765.927816,2349363874787.712,31927328926.305138,63881.398876560765,-385006042212.48193,-13912388812.91793
oecd-ex-us,2028,56160813477549.36,388436174.8888486,3879883.9902781122,2314644419126.2065,2867512748772.419,307256688329.0628,348022068848.13574,0.0,12158694974.615868,3146092559094.4355,28676878007.045227,43406.67576409311,-831448139968.229,-512102949127.1385
china,2028,56965627418616.28,751843667.4032925,0.0,2507100596188.43,2875190294874.121,313346162388.6046,0.0,20622467985.063007,22833906885.5039,3188536457262.7256,0.0,25680.32047045773,-681435861074.2954,-702058329059.3584
india,2028,16649306728342.707,796680883.1263683,0.0,1882779002483.4531,913268618703.7659,229418708449.9,0.0,45255793701.49128,9053204623.409523,1142687327153.6658,0.0,9119.297570303788,740091675329.7874,694835881628.296
latam,2028,13328588089561.857,312103868.30987054,0.0,980453671656.3622,690684176121.842,102244856853.00677,0.0,17975479417.409016,5137142065.967777,792929032974.8489,0.0,15852.009111984375,187524638681.5133,169549159264.10428
seasia,2028,13452561168809.803,349660894.81288093,0.0,1066584084150.3657,687711381590.6742,99973758393.09161,0.0,4187879656.982272,6110627145.723552,787685139983.7659,0.0,14316.766516730313,278898944166.59985,274711064509.61758
russia,2028,11697769455940.682,144777111.9619711,594167.579708478,657224458605.3595,584901002372.0521,68774358320.55013,26553094781.31828,0.0,5019783781.2977915,651497857703.5992,2177502989.003254,22301.31967664412,5726600901.760254,30102192694.07528
mena,2028,13960559037318.838,237623537.87466073,419827.5715987916,1644863120067.5908,766198481298.1421,212022859189.70456,1050830203.7223511,0.0,4548466825.375122,975232468056.087,2988872431.759554,22510.072830855686,669630652011.5038,667692609783.4666
ssa,2028,5243905110054.902,513999374.0544561,0.0,774562322828.6128,231064789304.71094,32960175692.129658,0.0,8064195165.402184,4541982983.579251,264024964996.8406,0.0,4153.888135378867,510537357831.7722,502473162666.37006
us,2029,42598215005038.91,171400651.4481304,3774077.2297177645,1939135598401.615,2143861738356.1077,240676560882.82983,391374871930.57477,0.0,11917712812.783659,2336227756783.497,48310542455.440575,64853.46001565609,-397092158381.8821,-54027828906.74789
oecd-ex-us,2029,55623010667926.414,387426511.0286184,5087325.642529353,2273701447030.191,2854242612066.187,304402631880.6492,335180478198.4724,0.0,11960509095.220081,3116199338382.725,42445905564.111046,44323.34507815357,-842497891352.5342,-549763318718.1729
china,2029,56214052161549.61,744989866.8142389,0.0,2404158470180.156,2852460090207.8096,308016668072.9301,0.0,17519961433.95489,22262992467.909145,3160476758280.7397,0.0,26429.915961202536,-756318288100.584,-773838249534.5388
india,2029,17508419736830.135,804922509.6174788,0.0,1870221153558.1516,929829177163.1187,243624814950.42218,0.0,43477626769.26175,205823473812.08038,1173453992113.5408,0.0,9532.379329332112,696767161444.6108,653289534675.3491
latam,2029,13485932932005.82,312581301.04755485,0.0,966849633673.1348,693861182862.6079,103305641079.92656,0.0,17401343638.020737,5063376351.383662,797166823942.5344,0.0,16433.209741931896,169682809730.60034,152281466092.5796
seasia,2029,13710276141071.002,351051384.62470686,0.0,1052511161620.5931,694126447805.2065,101423670371.51994,0.0,4850507195.284482,5604436012.627823,795550118176.7264,0.0,14864.373793171797,256961043443.8667,252110536248.5822
russia,2029,11724171671006.383,145369431.3047525,788946.8684586942,649632955701.6627,585666802643.7324,68962344032.7456,26258025918.77557,0.0,5140380121.73488,651366472792.9192,3262673883.5586476,23000.90659669084,-1733517091.2564697,21261834943.960453
mena,2029,14753528125028.424,240888687.5383607,412195.9140167369,1638918506410.6448,783853609151.623,225517289383.9404,0.0,6094511683.617481,169515991518.12097,1006429069368.1112,2941829167.4521313,23212.963919281494,632489437042.5336,623453096191.464
ssa,2029,5791931397886.832,535810725.3552602,0.0,787561354406.0685,243804314285.91034,36224638966.66344,0.0,8245918373.519682,48739805051.956406,280028953252.5738,0.0,4393.567717593679,507532401153.4947,499286482779.97504
us,2030,42530068942004.53,171673992.0823647,4706906.758866999,1912240952991.4062,2145182165313.002,241305531193.17395,394358311723.96124,0.0,11742368756.436916,2322341772839.707,64145923666.46816,65840.10188919432,-410100819848.3008,-79888431790.80771
oecd-ex-us,2030,55051556476830.04,385424359.7734961,6272177.251225639,2226831612622.352,2839573182921.789,301369922957.4663,330951072872.23706,0.0,11706229288.27327,3085274313870.2383,55668792009.01756,45255.29305182552,-858442701247.8862,-583160420384.6667
china,2030,55383523311273.375,737332396.7192405,0.0,2293702293488.2036,2827515679868.2773,302338895933.82764,0.0,16469226361.970953,22092658399.623604,3129854575802.105,0.0,27195.727807779884,-836152282313.9014,-852621508675.8723
india,2030,18127509621456.914,812569440.6706854,0.0,1853533684669.2004,947742480498.1776,254660472681.6543,0.0,41513989879.382,9473143016.780872,1202402953179.832,0.0,9959.777508732528,651130731489.3684,609616741609.9865
latam,2030,13811689196549.027,312799955.1427212,0.0,950911364031.2926,695043914541.2715,106147668677.15987,0.0,17337609295.923386,193374093026.2746,801191583218.4314,0.0,17030.323695723804,149719780812.8612,132382171516.93782
seasia,2030,14124996327084.666,352185041.93628347,0.0,1036078370052.259,698226148193.4215,104701001496.24081,0.0,3414017333.0728993,184982982984.14197,802927149689.6624,0.0,15427.68486150673,233151220362.59668,229737203029.52377
russia,2030,11906827660451.771,145577058.72535425,972241.6782324542,640366400385.6783,584509866701.0115,70903717618.7623,25044534344.655342,0.0,172658639034.8313,651136111146.1963,4277473173.5776095,23716.746981368073,-10769710760.517944,9997350410.559788
mena,2030,15331651280878.74,243805653.31474546,404195.2345990645,1628384399447.7568,802433423151.923,236269380488.28973,0.0,16112182300.357452,4553742343.135676,1035835590087.8912,2867213552.321133,23932.10930710392,592548809359.8656,573569413507.187
ssa,2030,6290448798889.317,557830141.2240518,0.0,799271205242.1667,257583732609.72946,38848646574.74275,0.0,8771478759.948317,4450053704.736633,296432379184.4722,0.0,4644.205249223411,502838826057.6945,494067347297.7462
us,2031,43116554889722.695,171891756.55106536,5640791.760934183,1887608517512.7397,2140057886644.6055,248112733288.92032,399867227605.90735,0.0,687180822533.0449,2309208431138.3374,78962188795.18817,66841.54316421963,-421599913625.59766,-100694874814.87848
oecd-ex-us,2031,55373038965410.4,383223143.7930045,7412558.007282005,2179979183582.0564,2817946670413.4883,306504678202.8956,322774956198.5205,0.0,943179697416.1912,3056710095642.4653,67741252973.91787,46202.73363074432,-876730912060.4089,-621697208835.8063
china,2031,54473763677216.77,741542873.8626046,0.0,2183185167964.597,2800076057299.9585,296294919540.6823,0.0,18176780878.28056,21602955697.724697,3096370976840.6406,0.0,27977.989736417916,-913185808876.0437,-931362589754.3242
india,2031,18701614603019.637,819713433.1027505,0.0,1836538935794.48,964983940367.8331,264762199017.8504,0.0,41497785777.84246,8809970931.776646,1229746139385.6836,0.0,10401.817343343451,606792796408.7964,565295010630.954
latam,2031,13930225846590.021,312854124.4686533,0.0,934598077855.8599,697437993028.158,106840717530.53699,0.0,16962430766.41821,5179713510.242888,804278710558.695,0.0,17643.627903711116,130319367297.16492,113356936530.7467
seasia,2031,14336292802370.592,353113781.3179586,0.0,1018663887360.827,703716021282.5311,105815729877.0661,0.0,3755448291.532692,5919787376.223896,809531751159.5972,0.0,16006.98649853841,209132136201.22986,205376687909.69717
russia,2031,11908538110073.82,145695400.7844581,1130876.4403066088,630361448838.52,584776700399.6556,70980290750.59659,21929484736.20341,0.0,5176507197.574537,650481752400.9496,5275238749.302658,24449.08579715517,-20120303562.429565,-3466057575.5288124
mena,2031,15869263438748.021,246572763.92365572,396173.14328616235,1616061167608.3926,819867246162.5106,246124693706.3912,0.0,17030065747.787104,4572995877.570481,1063195860880.4,2796078988.5019007,24667.753166027112,552865306727.9926,533039161991.70355
ssa,2031,6784203174518.498,580118738.5945679,0.0,810610044738.8975,271573827262.66013,41459083265.54369,0.0,8175512973.331509,4352754391.817764,313032910528.2038,0.0,4906.152742525057,497577134210.69366,489401621237.3622
us,2032,43008943481154.836,172062929.91921562,6581196.280842045,1864113621136.0356,2140216293927.638,247094893888.1778,403517384207.87604,0.0,12068773904.018856,2294037411893.333,93273775922.48248,67858.00578844365,-429923790757.29736,-119680182471.90381
oecd-ex-us,2032,54738780003870.39,380870004.34571177,8550942.835606849,2133590266768.3008,2800862210206.0576,301924300096.23895,322736776705.4712,0.0,12200505288.498142,3023846308002.0806,78940202300.2152,47165.883974343735,-890256041233.7798,-646459466828.5238
china,2032,53482648412993.49,732723347.3102483,0.0,2065446385987.1753,2770017801551.3726,289894924772.9946,0.0,17603055943.956985,20954132057.871513,3059912726324.367,0.0,28776.937962116455,-994466340337.1919,-1012069396281.1489
india,2032,19232044894609.06,826338919.2649544,0.0,1819200755692.712,981448740600.7747,273933542174.60098,0.0,42335277675.47266,8947096347.559748,1255382282775.3757,0.0,10858.826810265658,563818472917.3362,521483195241.8635
latam,2032,14029729777038.027,312742178.7282213,0.0,917994935995.4098,699435025052.8607,107356533738.55458,0.0,16666114835.736118,4966668079.746485,806791558791.4153,0.0,18273.401366102265,111203377203.9945,94537262368.25839
seasia,2032,14522418443391.895,353827283.38584036,0.0,999433243845.6493,708709221637.0956,106751734666.66377,0.0,3773205164.4554367,5926558643.870913,815460956303.7594,0.0,16602.567574975026,183972287541.8899,180199082377.43445
russia,2032,11903102660606.154,145771527.16972598,1318888.7448440369,619070738956.1033,584677980850.7494,70890366482.9473,25887684332.942318,0.0,5174474576.980802,649515830147.2524,6052517186.444334,25198.170303876817,-30445091191.14917,-10609924044.651186
mena,2032,16365184887225.014,249174194.4614281,392235.7890137927,1601927063762.0005,836578585048.3379,254853075288.47903,0.0,19030148526.16955,4456193577.97871,1089061274816.2778,2370385520.5392556,25420.141972649904,512865788945.72266,491465254899.01385
ssa,2032,7271260240765.402,602575724.6019938,0.0,821611590413.5635,285797235111.17053,44060427872.60689,0.0,9122966543.462912,4426105360.583193,329857662983.7774,0.0,5179.767549924288,491753927429.7861,482630960886.3232
us,2033,42881329705380.38,172184467.95959496,7522467.93853594,1841489415116.9321,2139942327137.4512,246056637777.85315,404995571098.8266,0.0,11900202925.130629,2278217079476.759,107781885438.54546,68889.71503944589,-436727664359.82666,-139513978699.54553
oecd-ex-us,2033,54077874768837.3,378357450.3197935,9673663.343083126,2088256523851.1072,2782768013602.378,297303635073.24634,319096276235.42883,0.0,11813613555.99826,2989855575304.435,90216073371.18881,48144.96450873834,-901599051453.3279,-672718848589.0879
china,2033,52409796483502.08,723297964.7416354,0.0,1944923201251.4167,2737277935726.6743,283137064945.4653,0.0,17655217283.672955,20295087212.96737,3020415000672.1396,0.0,29592.811247434103,-1075491799420.7229,-1093147016704.3959
india,2033,19721763696300.574,843309144.6227541,0.0,1801868793872.3167,997108871819.474,282215833049.7415,0.0,41405949546.59768,8580662235.012472,1279324704869.2156,0.0,11331.136601512213,522544089003.1011,481138139456.5034
latam,2033,14110851709609.637,312466572.67143697,0.0,901208816000.5286,701023882776.9824,107696334073.08931,0.0,16287162129.171883,4920495550.322042,808720216850.0718,0.0,18919.925184693802,92488599150.45679,76201437021.28491
seasia,2033,14683554951600.256,354318916.4148584,0.0,980009534323.533,713174481676.9886,107501089171.32823,0.0,4250561978.4244003,6053106711.561052,820675570848.3169,0.0,17214.719077399044,159333963475.21606,155083401496.79166
russia,2033,11885650913476.787,145769328.88014534,1504478.2852830556,606929972908.1287,584435806348.1744,70766011507.86987,25648283635.7249,0.0,5171814182.831113,648201811278.5016,7000006577.542663,25964.250109372333,-41271838370.372925,-22623561312.19069
mena,2033,16819838808682.334,251609400.35270226,390292.41200341843,1585998194441.233,852496464952.6042,262993462622.69962,0.0,20193912771.141396,4339567362.53457,1113325734290.7222,2164193284.5816493,26189.52456350803,472672460150.51074,450314354094.78766
ssa,2033,7751530524731.844,625206100.31962,0.0,832275839748.453,300184620755.3494,46639849017.80844,0.0,9606617306.974207,4425531298.122493,346824469773.15784,0.0,5465.412286013566,485451369975.29517,475844752668.321
us,2034,42739667012198.79,172271176.46334502,8483965.697725134,1816070905450.151,2139178329819.1296,244955359522.87152,414650348248.4624,0.0,11749742461.778513,2261784857931.7065,122348831410.29456,69936.8995746124,-445713952481.55566,-153412435643.38782
oecd-ex-us,2034,53391324164181.35,375689571.5816182,10790113.463977408,2040374805816.8413,2763567930419.6597,292677303906.8362,318227437834.78345,0.0,11092386018.962597,2954798243961.5425,101446990364.95424,49140.198980262394,-914423438144.7012,-697642990674.872
china,2034,51259605572226.78,713284696.3667156,0.0,1822543700643.7183,2701760934763.6704,275996746340.31104,0.0,15688600440.420076,20711669625.392296,2977757681103.9814,0.0,30425.850962392054,-1155213980460.2632,-1170902580900.6833
india,2034,20166566716929.453,848883057.588409,0.0,1783188957762.277,1012053500039.6273,289664816278.8753,0.0,45356707392.92869,8689086578.024315,1301718316318.5027,0.0,11819.080099483755,481470641443.7744,436113934050.8457
latam,2034,14172853438733.326,312020751.29281735,0.0,882823723773.8284,702207001253.6515,107869623742.88322,0.0,15535500169.801443,4790130516.195899,810076624996.5347,0.0,19583.48259699224,72747098777.2937,57211598607.492256
seasia,2034,14820576612673.082,354604294.4841153,0.0,960304512916.0272,717096837840.1432,108079783111.40831,0.0,3764503815.019379,5658272923.371881,825176620951.5515,0.0,17843.734132856633,135127891964.47571,131363388149.45633
russia,2034,11855353242057.182,145682734.08132687,1688257.7756402784,593537636094.4982,583879971643.6406,70577089942.84503,25499712925.983307,0.0,5122041146.400368,646518916819.7611,7938144766.724395,26747.577225625948,-52981280725.26294,-35419712566.00403
mena,2034,17231158281855.307,257150528.39203757,388246.03681806213,1567066437647.8284,867611163809.2109,270542470622.399,0.0,21895642143.52364,4302312100.272908,1136000462627.736,2153171803.8739986,26976.152191552625,431065975020.0923,407017161072.69464
ssa,2034,8224991994153.721,653333126.0617926,0.0,841857191003.3544,314743329363.71436,49200965540.18557,0.0,8843783397.376451,4392356719.798089,363944294903.8999,0.0,5763.4547487528625,477912896099.45447,469069112702.078
us,2035,42566914596432.2,172283115.77298224,9430674.631918637,1787638897483.4773,2138135867061.4917,243922374667.04318,410088098283.0214,0.0,11578830195.439075,2244664072865.101,137394168863.43413,70999.79148182356,-457025175381.6238,-184331245962.0365
oecd-ex-us,2035,52670223685785.32,372830017.2344366,11871140.51470949,1989090424773.461,2743283012956.3677,288031452756.03235,309585080593.7311,0.0,11538481949.124796,2918575807521.133,112738658191.26932,50151.81450967642,-929485382747.6719,-732638960345.2101
china,2035,50884875989300.53,702643519.9171418,0.0,1699601658996.3418,2660323934874.383,277045106995.2872,0.0,17922890812.98927,880960690760.046,2937369041869.67,0.0,31276.301145481142,-1237767382873.3281,-1255690273686.3174
india,2035,20568724655555.746,853925486.1620992,0.0,1762443174043.372,1026048437014.3982,296262574709.21716,0.0,45976655430.530945,8002431737.069895,1322311011723.6152,0.0,12322.993355349145,440132162319.75684,394155506889.2259
latam,2035,14214750317473.896,316095401.2729213,0.0,862997929216.6362,702959794759.611,107869791173.05681,0.0,15078294674.937544,4806830131.53887,810829585932.6677,0.0,20264.359012709418,52168343283.968506,37090048609.03096
seasia,2035,14932970272310.238,354666407.2159187,0.0,939651503829.441,720511053871.0505,108490262246.31174,0.0,3852533647.900097,5596005572.97477,829001316117.3623,0.0,18489.90803605888,110650187712.07874,106797654064.17863
russia,2035,11811966994176.473,147729965.96336016,1873270.6593172126,579094578933.2268,582982372702.3058,70323587719.73062,25772152090.35707,0.0,5052981517.738674,644432922115.1417,8873038306.894764,27548.40612633718,-65338343181.91492,-48439229398.45261
mena,2035,17599903404658.24,259213052.559949,385999.55364046793,1545780939354.1533,881814153178.266,277298247645.2383,0.0,22100358194.97235,4176942467.2518272,1156960438127.956,2151962695.548251,27780.278584044616,388820501226.19727,364568180335.67664
ssa,2035,8690650824358.886,676300747.8297184,0.0,850322409981.3608,329486383414.2585,51743101230.40859,0.0,7806538273.023128,4372443141.491441,381229484644.66705,0.0,6074.267840154052,469092925336.6938,461286387063.67065
us,2036,42368676958759.12,175046940.43381357,10370688.509699583,1760253317288.8354,2136231888362.8276,242754229024.67526,409070160205.83,0.0,11425002219.755713,2226720380400.2847,152265736987.21786,72078.62633090236,-466467063111.4492,-209662639892.83707
oecd-ex-us,2036,51918274193961.63,376415250.10964245,12927425.0215454,1937672293860.1416,2721563696516.1367,283266911460.3623,304041773717.38824,0.0,11167048575.311806,2881091670859.4023,123738937117.09732,51180.04164705318,-943419376999.2607,-763116540398.9698
china,2036,49577561293430.625,691420942.6834455,0.0,1578366046751.246,2619819529218.975,269206896241.7984,0.0,16918517375.740726,20264200215.37823,2889026425460.7734,0.0,32144.40856575911,-1310660378709.5273,-1327578896085.268
india,2036,20931643716906.367,858485834.7397546,0.0,1740643937047.4648,1039189997501.8934,302043798117.6663,0.0,44532586869.751396,8041506792.469224,1341233795619.5598,0.0,12843.215070404938,399410141427.905,354877554558.1536
latam,2036,14237033435118.674,315280981.97638476,0.0,843560996705.9412,703234847103.5247,107698194019.67867,0.0,14983496015.231586,4638658077.271585,810933041123.2034,0.0,20962.8420526122,32627955582.737793,17644459567.506207
seasia,2036,15021398786712.615,359551966.6429357,0.0,919323147553.3909,723368965274.9166,108731083011.1916,0.0,4400232581.496768,5605647716.594814,832100048286.1083,0.0,19153.538279183922,87223099267.2826,82822866685.78583
russia,2036,11756040837935.627,147472145.07985482,2055378.4217118535,565079084015.978,581729318859.9814,69999554098.94963,25515915674.86918,0.0,5207717027.2491665,641904316510.936,9824556447.99505,28366.993805910806,-76825232494.95801,-61133873268.08388
mena,2036,17929502719475.98,261110244.48507762,383549.3371608018,1524940636905.7805,895117465159.9801,283267552068.75653,0.0,21167444306.38656,4211139447.08576,1176236586472.002,2148430756.7346683,28602.160001844866,348704050433.77856,325388175370.65735
ssa,2036,9145955676228.623,699292325.982985,0.0,858386929833.7767,344389994175.69147,54261589080.234924,0.0,8780274906.428759,4349780198.312857,398651583255.9264,0.0,6398.229486727132,459735346577.85034,450955071671.4216
us,2037,42153260964441.31,174951231.97431412,11316242.9413219,1734949884932.2778,2133614815492.5369,241466670375.97488,413338476260.9303,0.0,11377130357.484182,2207995801155.5234,167085684712.98868,73173.64322583453,-473045916223.2456,-226793124675.304
oecd-ex-us,2037,51142447980055.16,373223189.3668031,13971070.63959166,1888048612106.5337,2698514026867.932,278407065714.63464,302020972639.796,0.0,11025293929.791725,2842351816468.6797,134569276113.88591,52225.114427354754,-954303204362.146,-786851507836.2358
china,2037,48197707363123.94,679611051.1660588,0.0,1453746015210.638,2576657516371.3125,261083457066.30396,0.0,15224766792.562317,19365794712.86985,2837740973437.616,0.0,33030.42278602598,-1383994958226.9783,-1399219725019.5405
india,2037,21453572431853.266,862487670.4564204,0.0,1718717993511.4424,1047335797592.2108,309396464728.8069,0.0,46640841289.17244,206583825045.65762,1356732262321.0176,0.0,13380.086580480644,361985731190.4248,315344889901.2524
latam,2037,14240777878023.81,314289023.1823021,0.0,824475568453.3367,703028802864.2609,107364086294.37033,0.0,14822767749.706923,4484531360.137921,810392889158.6312,0.0,21679.22158970571,14082679294.705444,-740088455.0014782
seasia,2037,15088636485407.203,359203449.6989977,0.0,899757841343.8031,725662755640.7318,108809741286.38101,0.0,3687793001.306875,5640147279.207403,834472496927.1128,0.0,19834.92458426673,65285344416.69031,61597551415.38343
russia,2037,11687969183609.803,147128473.81768543,2226267.4976923596,552631458834.8324,580120215696.7205,69625717305.83502,24179264614.93716,0.0,4863555226.948677,638970158105.7806,10775774896.77479,29203.599839846298,-86338699270.94824,-72935209552.78587
mena,2037,18221861813381.64,262846560.40608788,380856.21892113343,1504918191984.148,907605234626.9076,288511862291.2189,0.0,20645956460.487015,4203955300.12583,1193975143908.2488,2141953009.8776584,29442.055300080377,310943048075.8992,288155138605.5345
ssa,2037,9591414902385.262,722330222.8263158,0.0,865966212697.7748,359363995402.32043,56741213470.576485,0.0,8833659489.084988,4431881820.847585,416105208872.8969,0.0,6735.7225599628055,449861003824.87787,441027344335.7929
us,2038,41923318349421.516,174813373.9902753,12266581.348538605,1712028581991.354,2130523782015.9353,240211363304.34457,417524969832.623,0.0,11238978476.543879,2188689801373.0835,182045343947.19592,74285.08485777202,-476661219381.7295,-241181593496.30243
oecd-ex-us,2038,50349801728222.34,369892912.7637409,15011488.156194288,1841977770948.4697,2674303366561.5347,273824940205.24728,302757598168.07214,0.0,10746685817.39009,2802815036956.9976,145313269809.78323,53287.270426712654,-960837266008.5278,-803392937650.2389
china,2038,46761048115090.14,667269353.2573029,0.0,1343092510809.9075,2530794019651.852,253529230546.24872,0.0,14619890566.072338,19191381920.500443,2784323250198.1006,0.0,33934.596227066046,-1441230739388.193,-1455850629954.2654
india,2038,21736768072423.715,865841546.639587,0.0,1696342162133.61,1058596280628.6804,316122858474.7461,0.0,46589492429.02995,8162109969.287165,1374719139103.4265,0.0,13933.95184345038,321623023030.1836,275033530601.1536
latam,2038,14226451688183.605,313109053.4327273,0.0,805361254344.7062,702356254700.676,107718593521.80072,0.0,14078894024.357965,4466298061.929427,810074848222.4768,0.0,22413.789792727977,-4713593877.77063,-18792487902.128593
seasia,2038,15134653401665.646,358638508.14197975,0.0,881079448447.0776,727473578834.9326,109604932762.84427,0.0,3565844913.4932437,5581824322.632382,837078511597.7769,0.0,20534.368938161053,44000936849.30078,40435091935.80754
russia,2038,11612866380164.893,146728997.58459932,2406441.8720839503,541811122105.80115,578154021616.603,69214985115.01991,25567981406.353798,0.0,4887099774.560433,635712804247.9293,11656202483.693596,30058.486446507162,-93901682142.12817,-79989903219.46797
mena,2038,18475714524205.703,264364850.12166613,377851.215012536,1486514791957.793,919300026648.5836,295133114321.8642,0.0,22356378977.405907,4127438814.129182,1212301502787.737,2131638182.7106338,30300.225990167473,274213289170.0559,249725272009.93936
ssa,2038,10079818614074.867,745315566.3308086,0.0,873001992869.2487,371835537624.4809,60189517980.8559,0.0,9725689287.292246,57152463712.98788,432025055605.3368,0.0,7087.134797121599,440976937263.91187,431251247976.6196
us,2039,41665907573371.31,174602275.57962832,13186872.810240172,1690747616347.5635,2127016316953.2974,238906931846.2901,407476071872.0231,0.0,10288784529.806572,2168791443112.2449,197131805687.3427,75413.19755883177,-478043826764.6814,-267699560580.00104
oecd-ex-us,2039,49533816298105.086,366397459.1805736,16011056.748484274,1798625357287.228,2649102512082.0474,269175120004.39935,293352255226.00073,0.0,10314589455.983852,2762206520971.5195,156071111114.92725,54366.75081942342,-963581163684.2915,-826300019573.218
china,2039,45286422492657.42,666668210.0433369,0.0,1249446432557.2322,2482501488473.093,245742492090.86664,0.0,13441808934.37267,17613734508.333828,2728243980563.9595,0.0,34857.18423294564,-1478797548006.7273,-1492239356941.0999
india,2039,21982389039243.434,868591724.9018588,0.0,1673207503946.3643,1068893723003.0873,321940903628.9789,0.0,44892520414.901825,8140609920.318453,1390834626632.0662,0.0,14505.157429905297,282372877314.2981,237480356899.39627
latam,2039,14375762546130.604,311734790.9861361,0.0,786520294128.9302,699292413034.35,109768456469.5993,0.0,14214793456.774935,186066226778.7996,809060869503.9492,0.0,23166.841171932578,-22540575375.019043,-36755368831.793976
seasia,2039,15159843249451.703,357850464.4321391,0.0,863089376427.8813,728760581365.269,110215922420.33205,0.0,4410447227.581107,5487422371.349861,838976503785.6011,0.0,21252.175630055888,24112872642.280273,19702425414.699165
russia,2039,11529078984075.2,146259597.5144218,2576238.9701098367,531848990878.2868,575971018155.1365,68765010680.59584,24357944150.624966,0.0,4741697717.124378,632145829436.605,12590199399.127579,30931.918550251008,-100296838558.31818,-88529093806.82079
mena,2039,18872498676298.18,265732366.19173184,374663.9751884488,1470398268831.621,925642198366.7172,302996362434.48785,0.0,19688199069.71346,174712643131.7644,1226545541955.4326,2093018845.772466,31176.93630317324,243852726876.18848,222071508960.70255
ssa,2039,10504393640636.277,768254832.7238202,0.0,879508773777.0349,386733910819.76636,62905026644.19477,0.0,9943922945.54302,4649113193.879138,449638937463.9611,0.0,7452.858722594691,429869836313.0738,419925913367.53076
us,2040,41394663041822.23,174339811.2629638,14103874.873126114,1671649810617.1572,2122619539771.2866,239877314054.45468,408664069958.18164,0.0,10938441701.259588,2150790254045.9678,211706599779.7726,76558.2313567015,-479140443428.81055,-282182973250.4015
oecd-ex-us,2040,48706581548294.75,362758578.00920916,17016094.271791592,1758280172271.7996,2622629299137.317,270392301542.27734,296801468106.6653,0.0,10705210490.763744,2726610565329.6567,166411035349.93826,55463.80043567204,-968330393057.8572,-837939960301.1301
china,2040,43783735596167.56,653466439.6537544,0.0,1172192608540.686,2432236274249.665,244968883256.43463,0.0,14860924482.48497,17186576958.054302,2677205157506.0996,0.0,35798.4451373568,-1505012548965.4136,-1519873473447.8984
india,2040,22184389851764.47,870501791.1851395,0.0,1650415050645.6836,1078293817354.7634,332294506966.8022,0.0,45996062475.626686,8170148672.535804,1410588324321.5657,0.0,15094.052517035112,239826726324.11792,193830663848.49124
latam,2040,14325743695903.547,310146327.4062713,0.0,768526905180.5873,697647767807.7506,112012357857.67624,0.0,13622955955.53328,4737326213.300113,809660125665.4269,0.0,23938.672627134798,-41133220484.8396,-54756176440.37288
seasia,2040,15164577611048.502,356822760.81000984,0.0,846096052498.9224,729502827701.1055,112665594335.83722,0.0,4659455949.839588,5466187084.669956,842168422036.9426,0.0,21988.651291527007,3927630461.9797363,-731825487.8598518
russia,2040,11605649018561.422,145749490.52960804,2768867.1339835417,522518897223.0318,571974179923.4829,70702180540.8745,27735033337.900352,0.0,168992464389.64728,629370895787.0162,13305464677.34092,31824.163845901876,-106851998563.98444,-92422429903.42499
mena,2040,19064435354033.816,266867849.51063785,371201.72778368474,1455481378463.108,935513767959.0947,312211379126.3948,0.0,20198312895.740864,4378759253.764132,1245649566281.3098,2075580804.1797209,32072.453254497323,209831812181.7981,187557918481.8775
ssa,2040,10917077679479.54,791111453.2882979,0.0,885501924756.5226,401666467742.1505,65878070245.812675,0.0,9999770411.742659,4726422486.448297,467544537987.9632,0.0,7833.2915700960575,417957386768.5594,407957616356.8167
us,2041,41795332203528.28,174026093.38933226,15015096.488970133,1653370200824.6565,2112203945763.805,246924897148.53415,411397190386.1937,0.0,695030613407.5549,2135886278508.932,223242564403.40707,77720.4400300647,-482516077684.2754,-294361451701.4888
oecd-ex-us,2041,47871851631550.734,358990002.31660044,18033786.393441655,1719220355738.9873,2595155824949.5996,271180262237.89322,302450749295.778,0.0,9935065408.676573,2689483943353.5195,176852143833.97382,56578.66781999596,-970263587614.5322,-844664982152.728
china,2041,42275428003553.195,639937615.411269,0.0,1114326263100.2114,2379995563148.649,243844892660.7718,0.0,15441056910.42048,16647657005.264683,2623840455809.421,0.0,36758.64033099737,-1509514192709.2095,-1524955249619.63
india,2041,22346525084919.37,882078795.5039116,0.0,1627435145386.045,1086419088463.1123,341447527934.59515,0.0,44761778639.86496,7328482806.43967,1427866616397.7075,0.0,15700.988885761122,199568528988.3374,154806750348.47244
latam,2041,14258241311825.71,308339781.4112914,0.0,751116347421.9086,695460468627.0079,113995999870.72957,0.0,13785435425.450813,4623172423.447476,809456468497.7375,0.0,24729.583497995896,-58340121075.82898,-72125556501.27979
seasia,2041,15329244847949.383,355577342.0775773,0.0,830231917385.3751,727204747697.6385,116925993760.0302,0.0,4437593514.818407,183003654487.99405,844130741457.6687,0.0,22744.10493910228,-13898824072.29358,-18336417587.111984
russia,2041,11510757006079.686,145168984.6005991,2951388.8863851745,513581578995.23566,569400549770.6194,70797643987.19267,26596173536.2014,0.0,5128428744.6467495,625901573334.7474,14296620423.064682,32735.492864546854,-112319994339.51178,-100020441226.37506
mena,2041,19223086616327.965,267766146.29567906,367432.615008826,1441232608159.4932,944363474620.1815,320483424185.72876,0.0,22079055015.73778,4344607956.292421,1262792832491.3164,2054066314.5939677,32987.046709856564,178439775668.17676,154306654337.845
ssa,2041,11317003145260.611,813846433.0395124,0.0,890859224937.8053,416612402999.5431,68798584014.36581,0.0,10283245996.910048,4760473854.083651,485410987013.90894,0.0,8228.835205939338,405448237923.89636,395164991926.9863
us,2042,41515145762259.09,173707335.35427892,15957054.915528325,1633112777839.944,2106824401056.0269,244854629373.26816,427302643419.84753,0.0,11077167900.325634,2114136439644.3118,237542590784.9829,78900.0811648572,-481023661804.3677,-291263609169.50305
oecd-ex-us,2042,47918597906619.945,355125873.1698738,19059504.064634796,1681804998119.394,2565033883368.029,275189886986.57874,308783939051.44763,0.0,896381108253.0306,2655306051064.882,184917719289.72247,57711.60529050268,-973501052945.4878,-849634833183.7627
china,2042,40781588468360.75,626214907.3902372,0.0,1067657700080.41,2326311803523.229,236393206387.35468,0.0,15270920722.021557,16478695359.71329,2562705009910.5835,0.0,37738.03432997924,-1495047309830.1733,-1510318230552.1948
india,2042,22480094504988.484,882841686.9524006,0.0,1603350196873.194,1093366777166.1294,336758606946.5907,0.0,47112781184.97554,7457388493.611677,1430125384112.7202,0.0,16326.320921157347,173224812760.47388,126112031575.49834
latam,2042,14178609613004.791,306399728.896964,0.0,733748675674.5317,692714870011.4567,111921696676.89052,0.0,13288815316.102495,4545007508.997636,804636566688.3472,0.0,25539.87561651919,-70887891013.81543,-84176706329.91792
seasia,2042,15304004251922.508,354205379.3237485,0.0,814703670797.6555,726832885763.3961,115280797183.24635,0.0,3556958607.299713,5726374729.414849,842113682946.6425,0.0,23518.848019317935,-27410012148.98694,-30966970756.28665
russia,2042,11412981229410.023,144555775.0571043,3142665.9050878324,505750327137.58997,566549155664.6606,69915673151.37706,27998131393.897614,0.0,4940593614.895298,621230035394.2982,15234793421.739426,33666.17904063973,-115479708256.70825,-102716370284.55006
mena,2042,19363026410554.76,268599201.65738976,363409.8896867712,1427410322683.7578,952166227342.0267,317531153174.5297,0.0,22104410065.57495,4331262125.186633,1267669067967.5806,2028312548.9758017,33920.9894525558,159741254716.17725,135608532101.6265
ssa,2042,11705230985179.533,836570106.267474,0.0,895538374497.341,431536787804.70746,69769666930.82484,0.0,10957963720.280497,4953883877.390234,501306454735.5323,0.0,8639.896053646182,394231919761.80865,383273956041.52814
us,2043,41212938726714.39,173324191.29038247,16869555.12880486,1612378460513.7815,2101495691360.1165,242544607705.69144,418322339040.11487,0.0,11132463967.221207,2091712912833.1396,252327386232.66638,80097.41621136758,-479334452319.35815,-313339499511.90967
oecd-ex-us,2043,47070992026195.305,351137145.7939555,20048281.676151104,1647851557197.5632,2536462412760.9766,270452317103.9088,301168824454.0359,0.0,10288467788.607012,2611447876404.6807,195466853460.20477,58862.86899885407,-963596319207.1174,-857894348213.2864
china,2043,40083905695011.16,612380203.2203664,0.0,1028436988437.9966,2274056417192.5903,236615797812.99066,0.0,12350358442.344337,796902811660.4126,2510672215005.581,0.0,38736.89484525687,-1482235226567.5845,-1494585585009.9287
india,2043,22588966017186.23,883318925.3396008,0.0,1578156935722.8706,1099701260762.2383,331753713019.271,0.0,45204680347.72768,7374230604.103821,1431454973781.5093,0.0,16970.405616190892,146701961941.36133,101497281593.63365
latam,2043,14086412763010.055,304318447.00592136,0.0,716305242942.7865,689621104185.4893,109685601467.86742,0.0,13587041806.522701,4391654522.348921,799306705653.3567,0.0,26369.85336173106,-83001462710.57019,-96588504517.0929
seasia,2043,15265188010091.46,352691276.26551193,0.0,799110638875.8998,726151561794.7072,113501268398.91197,0.0,3903521361.0272193,5629470847.694842,839652830193.6191,0.0,24313.194456241592,-40542191317.71936,-44445712678.74658
russia,2043,11310447447705.469,143892583.92813185,3317560.075078693,499035020012.4283,563573897942.5928,68962653590.59029,26055282578.82054,0.0,4912467237.37087,616314157565.8348,16222393967.348366,34616.498780395115,-117279137553.40656,-107446248941.93439
mena,2043,19481307139003.67,269338766.08338255,359070.1349383403,1413006685379.4214,959667575751.0345,314447403374.3492,0.0,24889692498.216866,4278714693.087938,1272116285334.9238,1998693790.4598346,34874.557252028826,140890400044.49756,114002013755.82086
ssa,2043,12082123779986.617,864469561.1155586,0.0,899551773941.662,446502758659.3065,70661350770.34647,0.0,10440114820.768158,4945245115.844146,517164109429.65295,0.0,9066.885020125652,382387664512.00903,371947549691.24084
us,2044,40903353422855.06,172906531.018438,17767370.910287112,1599280780120.5425,2095366366969.4678,240121631957.158,415660843673.68427,0.0,10961071273.060585,2068895105822.1143,266592893104.5115,81312.71054219437,-469614325701.5718,-320546375132.39905
oecd-ex-us,2044,46234235963966.22,347085035.7726276,21024470.62152626,1625195422560.2463,2506921327892.961,265481925112.64297,300398915262.3824,0.0,10052852953.894312,2566804806227.3794,205598446778.22522,60032.718991030866,-941609383667.133,-846808915182.976
china,2044,38643914178452.47,598495297.6979837,0.0,1002656058360.2573,2219815975209.2803,228668576835.79352,0.0,10421451003.840376,16258428129.893251,2448484552045.0737,0.0,39755.4928530693,-1445828493684.8164,-1456249944688.6567
india,2044,22676465139471.785,883549784.5925611,0.0,1557714424722.6301,1105588778916.913,326759198218.5834,0.0,45349435333.8054,7482110032.239325,1432347977135.4966,0.0,17633.602578807277,125366447587.13354,80017012253.32816
latam,2044,13986078412427.62,306711395.80454874,0.0,702087487773.8583,686149890481.109,107432136266.64894,0.0,13176613384.09156,4336801775.564926,793582026747.7579,0.0,27219.823716519313,-91494538973.89966,-104671152357.99121
seasia,2044,15216238416614.79,351068048.75546175,0.0,786679350283.4738,725113120669.7578,111728059012.30528,0.0,4395738258.25429,5607974180.173044,836841179682.0631,0.0,25127.46070143643,-50161829398.589355,-54557567656.84364
russia,2044,11209673961269.738,143223029.04453233,3505302.884426544,494727445570.02216,560391913135.3811,67993891187.26329,28033937535.463615,0.0,4850934781.423882,611269507978.6826,17116296343.96151,35586.731531457146,-116542062408.66046,-105624421217.15836
mena,2044,19586841784261.38,270060810.8421053,354542.87177478423,1401880338743.7898,966732011960.4218,311341174574.85474,0.0,22630174376.92025,4357667426.110862,1276108330770.2954,1964855764.9809883,35848.02893363414,125772007973.49438,101176977831.59314
ssa,2044,12446795045557.244,887232303.890238,0.0,904159712206.6267,461540119459.8316,71595553903.59763,0.0,11268473023.950203,4915699751.384699,533135673363.4292,0.0,9510.217423656746,371024038843.1975,359755565819.2473
us,2045,40595877925490.62,172471346.03777942,18654457.75482574,1592830253333.1567,2088841927246.1628,237741774352.5537,414894003086.69354,0.0,11383947814.444635,2045966606348.8496,280617095249.86725,82546.23351107248,-453136353015.6929,-318859445178.8666
oecd-ex-us,2045,45418792803855.23,343000262.5027183,21986831.508386735,1612484373404.8987,2476935936717.39,260499907581.50665,299476804553.07684,0.0,10031506229.93729,2521840347581.399,215595496717.49878,61221.419268890946,-909355974176.5002,-825474666340.9221
china,2045,37247806359851.6,584568485.5277679,0.0,987641894141.1903,2165358746385.9727,220903459443.957,0.0,13040521391.04444,15553014478.955692,2386262205829.9297,0.0,40794.10266638937,-1398620311688.7393,-1411660833079.7837
india,2045,22961322453234.26,883672277.987911,0.0,1542163932298.7334,1105867881481.3376,324447197492.42413,0.0,43696511097.2899,216704971534.7863,1430315078973.7617,0.0,18316.274042381192,111848853324.97168,68152342227.68178
latam,2045,13880414418215.488,304463036.5994938,0.0,691089738926.9862,682421891518.1956,105232653006.45187,0.0,13356507482.168821,4257318867.702655,787654544524.6475,0.0,28090.096326601,-96564805597.66125,-109921313079.83008
seasia,2045,15161648249257.117,349390277.55167794,0.0,777377908224.9463,723797892094.7216,110021963720.40154,0.0,3665076128.012974,5516856360.518884,833819855815.123,0.0,25961.96578634,-56441947590.17676,-60107023718.18973
russia,2045,11112417467678.781,144737628.0246853,3700482.951773912,492908445278.6725,557200666079.0962,67068528329.27621,29318277577.342533,0.0,4785977961.403707,606189657642.8279,18079536765.54455,36577.15985382762,-113281212364.1554,-102042471552.35742
mena,2045,19682095422842.38,273974965.8243642,349807.0049342926,1394432281831.3726,973701028210.3601,308406834068.6155,0.0,21350283611.743874,4279502640.3394217,1280180196081.8496,1927666197.1259122,36841.68644969097,114252085749.52295,90974135940.65317
ssa,2045,12800165637019.086,910016118.9405478,0.0,909420740029.4889,476597546202.33844,72582543551.23021,0.0,12079048331.360752,5208989517.2852125,549180089753.56866,0.0,9970.312923898071,360240650275.9202,348161601944.55945
us,2046,40287093384636.836,174779405.3166188,19525317.75397145,1585578176734.6804,2082156306179.2305,235422900174.49777,412023920988.5291,0.0,11192567776.70571,2023160730411.1602,294418475942.56836,83798.25851258238,-437582553676.47974,-319977108630.519
oecd-ex-us,2046,44628013588118.8,338897807.8922362,22949106.51407557,1599809045654.3398,2446756470815.3765,255590464441.17368,302487305570.5605,0.0,9271368295.235744,2476950360289.0576,225396574967.4933,62429.23785253541,-877141314634.7178,-800050584031.6505
china,2046,35896613572542.516,570612561.8845528,0.0,972332261342.331,2110726946360.7527,213343978773.39114,0.0,14766071580.580912,15311948063.303669,2324070925134.144,0.0,41853.00200737502,-1351738663791.813,-1366504735372.3938
india,2046,23022212418070.03,883671465.1406913,0.0,1525888101254.963,1111098616810.9832,319931643868.276,0.0,41721624254.20334,7753748514.272076,1431030260679.2593,0.0,19018.784879548366,94857840575.70361,53136216321.500275
latam,2046,13769836159514.889,302147653.420404,0.0,679880711675.0664,678495579069.0187,103160485825.85364,0.0,12981585460.058311,4178679979.259374,781656064894.8723,0.0,28980.983561591496,-101775353219.80591,-114756938679.86423
seasia,2046,15100102887576.455,352561292.86100906,0.0,767814361341.4626,722341963887.6309,108453770430.70123,0.0,3980121406.906294,5416132703.107145,830795734318.332,0.0,26817.031377029933,-62981372976.869385,-66961494383.77568
russia,2046,11018113863316.51,144073806.33734143,3897328.1365803946,491530226444.60126,554039768297.5449,66194689785.7319,29835249745.04386,0.0,4565377531.36293,601166554672.5571,19067903410.720127,37588.069492039314,-109636328227.95587,-98868981893.63214
mena,2046,19763094245870.582,274650984.06948215,344790.62438209425,1386499526080.9165,980631772895.517,305758929834.17126,0.0,23444993477.549755,4334993154.541462,1284503659897.0955,1887042832.5926642,37855.814951741886,101995866183.82104,76663829873.67862
ssa,2046,13141716312546.086,932811301.250954,0.0,914057407203.0054,491707964211.41754,73738617446.63264,0.0,12220538654.696758,5160388636.734775,565446581658.0502,0.0,10447.5954541405,348610825544.9552,336390286890.2584
us,2047,39989958704846.96,174330035.95972577,20413313.09968903,1577448091919.6409,2075215511373.7622,233143163475.88324,423300826540.0799,0.0,10475076600.031918,2000457915318.5564,307900759531.0894,85069.06304275487,-423009823398.9155,-307609756389.92505
oecd-ex-us,2047,43852952319831.09,341247957.1419201,23875249.224299498,1586890305393.1152,2416516253573.5034,250737474215.29575,295665440499.1001,0.0,9636713608.845245,2432132903667.11,235120824121.68896,63656.44684349634,-845242598273.9946,-784697981896.5835
china,2047,34592185631514.395,568578224.2005327,0.0,956408551520.5977,2055968247712.9985,205987121205.00137,0.0,13729469516.355295,14848345885.61968,2261955368918.0,0.0,42932.47208081798,-1305546817397.4023,-1319276286913.7576
india,2047,23061497963205.58,883402589.1514548,0.0,1508720117241.2344,1116148359890.9841,315745583281.4232,0.0,44781255443.432396,7240626510.160021,1431893943172.4072,0.0,19741.502619429262,76826174068.82715,32044918625.394753
latam,2047,13654327708737.883,299765699.7422664,0.0,668392353479.6345,674388034179.8875,101218662834.6014,0.0,12432641510.765554,4138534268.6176844,775606697014.4889,0.0,29892.800578146176,-107214343534.85437,-119646985045.61992
seasia,2047,15031381912367.637,350739382.08741486,0.0,757882722264.1788,720688813857.4205,107015397629.79593,0.0,4242959794.681261,5343473808.908762,827704211487.2164,0.0,27692.981831348305,-69821489223.0376,-74064449017.71886
russia,2047,10925861721795.955,143402566.21905735,4088748.8012806345,490352468007.9183,550892733529.8729,65385864732.53769,29422860785.01209,0.0,4251127948.919596,596213965987.8904,20064632274.52053,38619.74944856086,-105861497979.9721,-96503269469.48056
mena,2047,19833701388984.14,275324477.1663991,339600.67474058043,1378004381527.4385,987323909845.9469,303334732040.7253,0.0,21131128950.694683,4392532423.474929,1288832027850.2625,1826614036.4099083,38890.70286402895,89172353677.17603,66214610690.07143
ssa,2047,13549143303663.814,955631114.4991105,0.0,918071131447.1552,502674442119.3793,75833486180.04063,0.0,11284801386.959318,79148589356.94838,578507928299.4199,0.0,10942.493156010009,339563203147.7352,328278401760.77594
us,2048,39686317359918.83,173845649.25150758,21277929.01827026,1568340205142.335,2068473553815.9744,230901455075.26968,417816379970.43823,0.0,9577078850.371191,1977829525223.5227,321545483667.7223,86358.92876058511,-409489320081.18774,-313218423778.4718
oecd-ex-us,2048,43105676685696.57,337091677.1650183,24811449.74430789,1573570199147.3428,2385884605004.958,245908944269.84735,301698885455.90674,0.0,9248830537.089651,2387407272178.6396,244386277096.16617,64903.32248876088,-813837073031.2969,-756524464671.5563
china,2048,33333351726611.887,554650401.7070957,0.0,939591027922.2119,2001216008827.7568,198864465980.86996,0.0,12136381381.101284,13791923365.009285,2200080474808.627,0.0,44032.797648586326,-1260489446886.415,-1272625828267.5164
india,2048,23082045410586.418,882923636.1881953,0.0,1490600963417.689,1120751798579.9814,311783956955.6799,0.0,44809540462.58753,7291779961.399124,1432535755535.6614,0.0,20484.797468250978,58065207882.02759,13255667419.440056
latam,2048,13533074156837.668,297306536.05240196,0.0,656575492669.7251,670097718947.1267,99400062135.0187,0.0,12360339329.176823,4029075841.3806386,769497781082.1454,0.0,30825.865385146346,-112922288412.42029,-125282627741.5971
seasia,2048,14955557786801.523,348841364.8720177,0.0,747527599915.2306,718827126283.354,105698794248.94566,0.0,4183284985.656347,5357480036.602109,824525920532.2997,0.0,28590.144258355347,-76998320617.06909,-81181605602.72543
russia,2048,10835929688133.705,142721937.15043578,4273153.976046528,489091619444.691,547725606601.43933,64612966964.779,28802435120.04586,0.0,4512485339.237072,591317044982.5657,21021528583.65278,39672.49205842056,-102225425537.8747,-94444519001.4816
mena,2048,19893280902483.9,275992575.9463377,334246.9884711924,1368898618021.0627,993923747764.4392,301175271575.74536,0.0,18519793795.332123,4299708614.220885,1293389530383.9639,1709488956.2208323,39946.64195817134,75509087637.09888,55279804885.54592
ssa,2048,13869288816598.883,978341190.9026389,0.0,921419998787.6631,517670880685.9005,77324499894.46777,0.0,12158760774.204123,5879655501.989451,594995380580.3683,0.0,11455.438316819087,326424618207.2948,314265857433.0907
us,2049,39393166687810.87,173359310.1571601,22145273.341037076,1562527461959.4312,2061314054257.8496,228627952696.47513,423452024983.2326,0.0,10811847903.699352,1955199725787.1921,334742281167.13385,87668.14155046945,-392672263827.761,-303962520011.66223
oecd-ex-us,2049,42375305309497.61,332887322.39291203,25699012.119025163,1565365035606.2905,2355287911752.0483,241195059713.72684,291699417927.4374,0.0,9047141733.070475,2342768486856.5938,253714484609.1828,66170.14524564594,-777403451250.3032,-739418517932.0486
china,2049,32121891441695.69,540723986.8357428,0.0,927333465839.319,1946486482614.0557,191964631067.61407,0.0,13516144098.08561,13173507024.253386,2138451113681.6697,0.0,45154.26710505791,-1211117647842.3506,-1224633791940.4363
india,2049,23090402477716.52,882371352.4176309,0.0,1475137913429.9136,1125002050557.1528,308043286121.8327,0.0,41066532405.0196,7331022784.189904,1433045336678.9856,0.0,21249.04233336922,42092576750.92798,1026044345.9083786
latam,2049,13581540768844.998,294771946.98309535,0.0,646457870138.3745,664066976755.8486,99472240420.89603,0.0,13294274209.881,178842233255.57755,763539217176.7446,0.0,31780.498910900722,-117081347038.37012,-130375621248.25111
seasia,2049,14873689708727.98,346875619.7002865,0.0,738700241712.5471,716759661490.8292,104497339227.94984,0.0,4522175379.640369,5210856312.337624,821257000718.779,0.0,29508.848580083053,-82556759006.23193,-87078934385.8723
russia,2049,10747816114690.262,142029788.64910254,4443549.3744938765,488749230307.7102,544532499460.3218,63894713221.25761,27262632232.005272,0.0,4301776698.4204855,586484809705.3668,21942402976.212788,40746.5930650372,-97735579397.65662,-92415350141.86412
mena,2049,19942155030024.906,276648933.09025484,328700.9890599543,1361735139799.718,1000369048151.0979,299258717429.2289,0.0,17437106258.85771,4203859580.4632254,1298136300332.0625,1491465248.264198,41023.92742903323,63598839467.65552,44670267960.53361
ssa,2049,14176052556814.543,1000953706.8747731,0.0,925002848450.893,532629210883.8635,78941937185.96237,0.0,12628174556.140965,5960214390.730974,611571148069.8259,0.0,11986.867309756126,313431700381.067,300803525824.926
us,2050,39109031972735.32,172871629.7156221,23009858.840856608,1560066983972.0288,2054217844790.813,226437680392.5251,427037913943.2877,0.0,9415912192.47944,1932739799110.7107,347915726072.62805,88996.99158557889,-372672815138.6819,-293550627268.0222
oecd-ex-us,2050,41688447238065.61,328728052.11297476,26615036.66164789,1562097134134.2432,2324319223627.9097,236528354099.57504,303111407012.59436,0.0,8780965148.662212,2298395322085.4023,262452255642.08218,67457.1998475385,-736298187951.1592,-695639036580.647
china,2050,30965773537849.715,526874821.0882236,0.0,919266345460.7103,1891745054446.336,185291142660.50815,0.0,10848514545.191803,12500462345.366055,2077036197106.844,0.0,46297.17255354267,-1157769851646.1338,-1168618366191.3257
india,2050,23082294153322.3,891766250.0355557,0.0,1462230105462.9714,1129132082739.326,304599559919.5195,0.0,43739802683.48081,7133015485.137989,1433731642658.8455,0.0,22034.612850688347,28498462804.125977,-15241339879.354836
latam,2050,13454504473638.6,292212730.80436516,0.0,638033269605.495,659402954572.24,97860136963.5208,0.0,11937755705.49147,4131282429.365961,757263091535.7607,0.0,32757.025072334047,-119229821930.26575,-131167577635.75722
seasia,2050,14788410219682.092,344874419.86169213,0.0,731321939719.4912,714504128976.2252,103407117651.92879,0.0,3867107384.329422,5176925247.10818,817911246628.154,0.0,30449.427595558445,-86589306908.66284,-90456414292.99226
russia,2050,10822434111541.463,141342392.9393778,4611985.074626093,489186621694.2718,540235537932.29144,64945322158.64113,27476275561.681545,0.0,163135959686.18073,582646591127.1062,22534268963.826466,41842.35169724694,-93459969432.83441,-88517962834.97932
mena,2050,20179906180124.844,277285436.6073236,322936.4633942844,1356380287580.2063,1001212105561.01,299813282989.8621,0.0,18134650550.898384,200530901621.5009,1299646661460.889,1378727089.9832184,42122.857971771475,56733626119.31738,37220248478.43578
ssa,2050,14469650757298.668,1023461593.1089178,0.0,928857233484.3938,547556579934.91705,80669817777.1749,0.0,13123206132.381557,6090570844.2017975,628226397712.0919,0.0,12537.220537092928,300630835772.3019,287507629639.92035
us,2051,39514766978831.44,172382949.53022864,23873793.85541988,1556405065954.254,2042798555811.2632,230797191489.1635,434030946885.3301,0.0,688894740557.0028,1916900527035.4614,356695220264.9648,90345.77339218327,-360495461081.2075,-283159734460.8422
oecd-ex-us,2051,41032058825074.836,324569729.4606289,27516826.528104212,1557788781582.2268,2293827254144.5493,232036560845.81375,302900762650.71136,0.0,8785857766.602503,2254459026331.542,271404788658.82062,68764.77537051654,-696670244749.3152,-665174270757.4244
china,2051,29858068358697.555,513045307.8736214,0.0,909084332523.0779,1837318646672.5007,178884315972.45325,0.0,12282996565.900818,11696447535.6221,2016202962644.954,0.0,47461.80988369256,-1107118630121.8762,-1119401626687.777
india,2051,23057728020353.152,890838633.9295166,0.0,1448272858321.6448,1132919462766.964,301401684791.61646,0.0,45758530081.408485,7240686349.197892,1434321147558.5806,0.0,22841.88741547334,13951710763.064209,-31806819318.344276
latam,2051,13324230694203.115,289594232.4043929,0.0,629205591999.2208,654668344025.6248,96386832087.90512,0.0,12470856223.67871,4046660902.498895,751055176113.5299,0.0,33755.77084613456,-121849584114.30908,-134320440337.9878
seasia,2051,14874534541944.002,342803275.65263176,0.0,723266931156.5826,709855831645.9633,104293004725.25644,0.0,4816717322.342263,181822944798.8799,814148836371.2197,0.0,31412.217047066246,-90881905214.63708,-95698622536.97935
russia,2051,10742423053685.879,140658250.23631647,4780023.444476077,489131069926.8033,537092753812.196,64302811361.03416,27772605174.388336,0.0,4480832216.451769,578055701977.633,23339863195.597073,42960.07074751609,-88924632050.82977,-84491890072.03851
mena,2051,20208814133955.066,277881862.507601,316941.3213605413,1350027458079.469,1007460005077.758,298398854800.96356,0.0,19724766079.905914,4464121709.392618,1304578786424.1663,1280073454.5553753,43243.73586005359,45448671655.302734,24443832120.841446
ssa,2051,14752304816513.574,1045958824.7178938,0.0,932095990548.137,562442295436.0674,82487348782.27008,0.0,10839619410.687689,6327332295.7944355,644929644218.3374,0.0,13106.942376581273,287166346329.79956,276326726919.1119
us,2052,39240232401192.5,171864374.83395624,24710458.76260383,1551283826426.8333,2035938702816.1616,228693400775.29105,427741072528.27094,0.0,11072626997.357252,1895146715458.361,369485388133.0928,91714.78591494045,-343862889031.52783,-285607204636.3497
oecd-ex-us,2052,40404502951286.12,320410685.5029059,28405424.938079335,1552060794483.2256,2263398247166.5127,227656607782.378,303089274637.69574,0.0,8348912039.28369,2210952133088.9883,280102721859.90234,70093.1653008658,-658891338605.7627,-635904785827.9692
china,2052,29430465426651.57,499232581.9082119,0.0,896444737424.8492,1791803387157.5227,179977564883.93042,0.0,13586046704.097765,661319329274.7075,1971780952041.4531,0.0,48648.478849898616,-1075336214616.6039,-1088922261320.7017
india,2052,23021977930083.016,889852555.6897023,0.0,1433395289455.7249,1136356408279.2793,298426227861.0696,0.0,41467223500.863686,7104479915.34687,1434782636140.3489,0.0,23671.247216544125,-1387346684.6240234,-42854570185.48771
latam,2052,13191415687371.658,286929297.605913,0.0,619944789306.5042,649763034037.359,95023545273.37723,0.0,12004875749.66801,4031658922.4394355,744786579310.7362,0.0,34777.06634183235,-124841790004.23206,-136846665753.90007
seasia,2052,14778620148584.262,340668998.9013894,0.0,714477459797.213,707319848548.2825,103412638039.13464,0.0,4931032136.654476,5271665567.11953,810732486587.4171,0.0,32397.555688620294,-96255026790.2041,-101186058926.85858
russia,2052,10667638807524.42,139987723.366928,4961457.696855166,488508721976.8731,533980276720.2422,63701265860.9862,29944766422.589134,0.0,4443808020.31368,573547804453.6206,24133738127.60794,44100.05665133066,-85039082476.7475,-79228054181.7663
mena,2052,20224296251208.86,278429139.92850935,310726.80534952856,1342535618012.699,1013168962687.1205,297175907752.53796,0.0,21317947258.87719,4609316939.629993,1309481576597.629,863293842.0295666,44386.86702543747,33054041415.07007,10872800314.163313
ssa,2052,15019459356111.137,1073240746.7005199,0.0,934718097410.9783,577369349476.1417,84390201910.51534,0.0,12228179124.790535,6424172698.030711,661759551386.6571,0.0,13696.481131199938,272958546024.32117,260730366899.53064
us,2053,38971565809163.67,171337565.65111297,25544399.522664007,1544555730632.6255,2028744127983.0332,226513701127.64578,431874236990.51184,0.0,10161269458.730518,1873579373618.3225,381678455492.35693,93104.33258316491,-329023642985.697,-278827861487.5421
oecd-ex-us,2053,40581069065551.85,316209043.04050136,29242407.585746188,1544594055507.7793,2236121660426.32,231264326753.08865,294359942852.9327,0.0,804998103084.4039,2182117401832.8638,285268585346.5455,71442.66760350799,-637523346325.0845,-628431988818.6973
china,2053,28400082996623.305,485474601.49230427,0.0,881340027356.424,1738270863570.495,173876605518.16757,0.0,11046470094.366524,11471481798.328014,1912147469088.6626,0.0,49857.483150675725,-1030807441732.2386,-1041853911826.6052
india,2053,22970529598222.695,888699613.3694351,0.0,1417632742454.9207,1139679392915.7505,295700754250.4746,0.0,40678168530.051476,6977241381.049581,1435380147166.225,0.0,24523.07627383923,-17747404711.304443,-58425573241.35592
latam,2053,13054581674560.672,284199494.6339165,0.0,610233640590.8701,644721209816.5345,93767182901.6681,0.0,12413978391.287622,3834717707.639322,738488392718.2026,0.0,35821.244876781,-128254752127.33252,-140668730518.62015
seasia,2053,14677513932851.37,338481310.8000581,0.0,704941929643.9365,704601583258.8136,102613226308.68922,0.0,4103729376.910665,5270393567.588503,807214809567.5028,0.0,33405.785356613196,-102272879923.56628,-106376609300.47694
russia,2053,10591036532891.496,139280942.69331473,5110548.623010065,487191597082.31067,530946191624.63556,63143489565.827965,25966201722.72747,0.0,4329607752.495644,569099544874.5475,24990136315.915936,45262.61956775428,-81907947792.23682,-80931882385.42528
mena,2053,20231625708427.453,278989409.9293412,304425.95367557165,1333881250709.2734,1018415413515.8431,296106149150.3236,0.0,16373241265.757399,4343010441.243252,1314276995935.7715,244566730.39534426,45552.56113790504,19604254773.501953,2986446777.3492103
ssa,2053,15271191515478.05,1095277290.9968364,0.0,936677903489.6431,592171162412.5509,86332613055.94914,0.0,13032613100.687971,6590644446.45927,678503775468.5,0.0,14306.28898240429,258174128021.14307,245141514920.4551
us,2054,38690703968219.45,170756971.4810212,26327016.57318292,1539240804019.9182,2021515161457.868,224337293027.30228,415771330401.0504,0.0,9978479119.969486,1852134740512.496,393717713972.6739,94514.72137809041,-312893936492.5779,-290840320064.20135
oecd-ex-us,2054,39993293053984.93,312020394.19720554,30075579.13831396,1539055078460.4373,2205885327996.791,226973611220.63135,297339688374.2912,0.0,8688160815.787876,2139837024828.757,293021914388.6669,72813.58479135598,-600781946368.3198,-596464172382.6956
china,2054,27415763157708.6,471764922.8646147,0.0,867447817693.0123,1684926558200.81,167978833437.32233,0.0,9995381936.71806,11133116967.128426,1852905391638.1323,0.0,51089.130509036084,-985457573945.12,-995452955881.838
india,2054,23134620968250.527,887372481.3294384,0.0,1403306560447.3574,1136932324175.873,295450080069.4341,0.0,41279989180.74364,234447203006.51654,1432382404245.3071,0.0,25397.76147933236,-29075843797.949707,-70355832978.69334
latam,2054,12915523942630.963,285879484.67186546,0.0,601451265004.8258,639488244245.6493,92598080898.44263,0.0,12140358447.342731,3717686656.891782,732086325144.0919,0.0,36888.643053015316,-130635060139.26611,-142775418586.60886
seasia,2054,14570292481252.463,336219187.5464514,0.0,696048423821.9307,701723924580.5632,101886216612.03691,0.0,4828670159.209425,5168935930.969752,803610141192.6001,0.0,34437.25104261359,-107561717370.66943,-112390387529.87886
russia,2054,10517398299968.32,138572478.69487438,5261674.417838404,485917363918.9939,527765577971.557,62588370414.6206,26624914266.268524,0.0,4173437277.742456,564683585098.8867,25670363287.29111,46448.073461147105,-78766221179.89282,-77811670200.9154
mena,2054,20221744610059.31,279502133.0885864,297937.2526572672,1325938850405.8896,1028054633211.802,295115619062.3862,0.0,17160819461.616606,4511122961.769866,1323156795953.5698,13456320.618544199,46741.13168754314,2782054452.319824,-14392221329.915325
ssa,2054,15509559501869.064,1117143855.793362,0.0,938696209719.3761,606840013837.3044,88291830916.30205,0.0,11978496875.081232,6782118300.327239,695131844753.6064,0.0,14936.821947020975,243564364965.76965,231585868090.68842
us,2055,38410003290387.86,170148014.24280536,27080693.42619591,1535206407953.6423,2013571326605.582,221997298378.3103,409124981668.19446,0.0,10536557530.434378,1830848942430.087,404719682553.8045,95946.26490114183,-295642534476.4446,-291237235362.0546
oecd-ex-us,2055,39428892602274.41,307815686.74872917,30868664.497950096,1535322254499.7063,2175808462317.7288,222826716981.3072,290396068148.0692,0.0,8516404940.766814,2097977620449.4727,300657558849.56366,74206.22399561237,-562655365949.7664,-572916856651.2607
china,2055,26476270550748.69,458093603.6706607,0.0,854598733296.8619,1631733727116.511,162262178123.5104,0.0,10654941640.578796,10559506623.81812,1793995905240.0215,0.0,52343.732753853445,-939397171943.1595,-950052113583.7383
india,2055,23060585245183.508,885952816.3855319,0.0,1390437608159.9495,1139552637637.2576,293052689800.322,0.0,39265651423.32945,7397647633.943236,1432605327437.5796,0.0,26295.69264128282,-42167719277.63013,-81433370700.95958
latam,2055,12775327619647.623,283073699.4892062,0.0,593626432738.7563,634117603521.2648,91516245974.95537,0.0,11910874097.621347,3721967871.759558,725633849496.2201,0.0,37979.6008359586,-132007416757.46375,-143918290855.08508
seasia,2055,14458533316811.262,333903636.643887,0.0,687833995803.963,698630577305.6816,101217459608.40314,0.0,4787925468.305459,5042802137.228703,799848036914.0847,0.0,35492.30096828057,-112014041110.1217,-116801966578.42717
russia,2055,10445344000791.662,139999597.4710503,5402712.946688829,484691664736.2252,524588816047.12,62053249020.453705,25668577681.75351,0.0,4227523472.9351363,560291386717.716,26350678349.857533,47656.73618403935,-75599721981.49072,-76281822649.59474
mena,2055,20193193684485.656,283065288.19931346,291250.8678614543,1318622890589.2366,1038548793607.2626,294073090677.25806,0.0,19075684900.702564,4523753022.328231,1332621884284.5205,0.0,47952.896067365655,-13998993695.283936,-33074678595.9865
ssa,2055,15734334555235.3,1138815390.7552452,0.0,940825789493.8595,621444101891.8975,90261080343.66689,0.0,11178558799.009518,6833004906.954466,711705182235.5643,0.0,15588.539837920822,229120607258.29517,217942048459.28564
us,2056,38139191744568.266,169535225.1106888,27832827.737766955,1529500245824.9082,2004499769624.7969,219594346687.3534,414125624018.15344,0.0,9656700649.523266,1809790134747.447,414303981564.7031,97399.28044323107,-280289888922.5388,-280468246469.0885
oecd-ex-us,2056,38889228409804.484,303603382.9363633,31634667.22243494,1529374305689.749,2145517720455.4683,218720112895.70392,287088756852.019,0.0,8110578339.463662,2056614005802.9575,307623827548.2134,75620.897037027,-527239700113.2085,-547774770809.4029
china,2056,25579857832480.613,444458780.0214498,0.0,839107875914.4229,1578662222549.315,156692489953.657,0.0,11020410727.39293,10854529047.87462,1735354712502.972,0.0,53621.60590222103,-896246836588.5491,-907267247315.942
india,2056,22968419992666.44,884391580.6990818,0.0,1376725629336.4548,1147108772161.6338,290711493358.8106,0.0,38464410331.39827,7393793998.307486,1437820265520.4443,0.0,27217.262531797656,-61094636183.9895,-99559046515.38777
latam,2056,12633281799455.678,280223682.83611184,0.0,585371069513.5288,628630926811.6171,90518425410.5183,0.0,11958644177.86565,3691106694.509545,719149352222.1354,0.0,39094.46163495332,-133778282708.60657,-145736926886.47223
seasia,2056,14342112712886.375,331531884.5985947,0.0,678960208417.0878,695369890318.8226,100599827634.1531,0.0,4585552232.536904,5174457843.534321,795969717952.9757,0.0,36571.286662365186,-117009509535.88794,-121595061768.42485
russia,2056,10376849811868.945,139285324.9029775,5554578.410970414,482700594161.06445,521240092465.62756,61530102865.94276,27544567548.687946,0.0,4030844699.1003423,555929032351.0293,26841162980.541096,48888.929561153695,-73228438189.96484,-72525033621.818
mena,2056,20147412414237.46,283481863.1105354,284417.6031691165,1310049952631.4062,1048642521332.9215,292938278878.6034,0.0,18788707282.090004,4538284614.02257,1341580800211.525,0.0,49188.17565727204,-31530847580.118652,-50319554862.20866
ssa,2056,15944056558058.137,1160192835.1908016,0.0,942344923305.4319,635956225011.1041,92210555365.42853,0.0,11527540036.270447,7071399930.205358,728166780376.5327,0.0,16261.906228593742,214178142928.89917,202650602892.62872
us,2057,37895374739988.234,171669579.86122975,28609443.722858913,1522449245609.0889,1988180218250.851,217304576451.30573,430249855681.9562,0.0,8968688831.064806,1788910813652.2332,416573981049.9238,98874.09005509256,-266461568043.1443,-252785693411.11194
oecd-ex-us,2057,38381546101328.125,299397159.10352504,32391384.098804083,1521292935416.6982,2110786694295.045,214780380245.7166,288812923504.927,0.0,7778907142.743324,2015705828041.9756,309861246498.7861,77057.92049813074,-494412892625.27734,-515461215619.1364
china,2057,24724585633076.984,442575743.72942746,0.0,821061546508.921,1525666235978.8645,151270463634.88763,0.0,9214574761.59988,9817528462.8216,1676936699613.7522,0.0,54923.070242806665,-855875153104.8312,-865089727866.431
india,2057,22856724741884.996,882664366.5408419,0.0,1362203370225.5713,1155227528968.093,288336664727.72626,0.0,37983470471.96656,7649043160.765133,1443564193695.8193,0.0,28162.86693768108,-81360823470.24805,-119344293942.2146
latam,2057,12488883798280.977,277325359.77513635,0.0,576679473821.3032,623003867855.2656,89592112811.3566,0.0,12047146235.138027,3565651905.7580066,712595980666.6222,0.0,40233.572385589876,-135916506845.31897,-147963653080.457
seasia,2057,14220789838957.244,333927899.4377878,0.0,669442676672.5686,691933433117.9386,100018842701.07996,0.0,4014483401.178765,5201208618.502103,791952275819.0186,0.0,37674.56303976907,-122509599146.44995,-126524082547.62872
russia,2057,10310153432119.816,138558498.21985886,5705438.337334211,479967390952.53674,517451223930.13495,61032927168.8772,27840886094.433582,0.0,3979494302.9054723,551568414871.5337,26915736227.478844,50144.97947457216,-71601023918.99695,-70675874052.0422
mena,2057,20079687903749.863,283834410.4109486,277427.26948072284,1300270024943.6624,1061232610361.5406,291647167957.0183,0.0,19673018627.396133,4558261514.695846,1352879778318.559,0.0,50447.295909138105,-52609753374.89673,-72282772002.29286
ssa,2057,16251303591356.04,1181193555.952438,0.0,943258688573.6558,644533858911.9677,95206741933.48529,0.0,12743209518.913267,116472155088.61026,739740600845.4529,0.0,16957.388421739994,203518087728.20288,190774878209.2896
us,2058,37673890909953.11,171084941.45110923,29397063.16385306,1514162722007.4863,1970595902011.834,215242056989.87607,440958906188.35706,0.0,9232500770.732735,1768174208107.7893,417663750893.9205,100371.02061867379,-254011486100.30298,-230716330805.8664
oecd-ex-us,2058,37913606129801.055,295213228.37386954,33158550.379984602,1511216930188.4463,2071680893867.549,211122109595.1414,296127108931.07996,0.0,7518992816.099957,1975218150609.6934,307584852852.9964,78517.6157964613,-464001220421.2471,-475458964343.1635
china,2058,23905173076942.258,429027326.95943403,0.0,800537906299.4723,1472832017887.7422,146004421257.44568,0.0,10297856732.086,9183833443.064821,1618836439145.188,0.0,56248.450420209425,-818298532845.7157,-828596389577.8018
india,2058,22723325793157.9,880712876.7976357,0.0,1346874606902.8125,1162866172380.57,285890264259.73785,0.0,39077927678.76309,7560808689.173613,1448756436640.3079,0.0,29132.904714544275,-101881829737.49536,-140959757416.25845
latam,2058,12342732320056.496,274389953.9968505,0.0,567570823003.3153,617222104865.121,88724856899.68555,0.0,11309840808.811626,3534501345.829353,705946961764.8065,0.0,41397.28363380884,-138376138761.4912,-149685979570.30283
seasia,2058,14093300852360.21,331439113.26465416,0.0,659334234711.6501,688324486729.6995,99469056711.1617,0.0,4023414664.3114243,4993736796.487718,787793543440.8612,0.0,38802.488482630935,-128459308729.21106,-132482723393.52249
russia,2058,10242589910158.621,137800548.25495985,5840733.65211397,476465013981.4898,513613356123.5529,60541056281.67738,26170799115.13802,0.0,3955077347.416944,547185362142.9178,26969050262.312428,51425.215950043705,-70720348161.42798,-71518599308.60239
mena,2058,19987497142759.21,284134816.3862938,270319.8182796811,1289322956472.0063,1077191977211.5746,290096901644.24567,0.0,18817078846.09793,4592240239.239385,1367288878855.8203,0.0,51730.586433036086,-77965922383.81396,-96783001229.9119
ssa,2058,16434462622740.148,1201841199.6825185,0.0,943582355372.4294,658476243614.6133,97094885106.97426,0.0,12711145177.239195,7858949910.50681,755571128721.5875,0.0,17675.45742198309,188011226650.84192,175300081473.60272
us,2059,37450404497108.28,170451205.9307546,30143935.76142508,1504387670056.246,1953081053222.633,213368108211.7587,430064351961.95654,0.0,8510726571.377026,1747575825499.9531,418873335934.44055,101890.40391959701,-243188155443.70703,-231997139416.19104
oecd-ex-us,2059,37466905833898.41,290991759.12759423,33879980.45309968,1499077399916.2283,2033131702926.3813,207810896024.38168,287976308587.20215,0.0,7188594544.69827,1935120307076.669,305822291874.0927,80000.30925879869,-436042907160.4407,-453888890447.33124
china,2059,23120765250623.1,415510801.03651696,0.0,777837337544.429,1419961699213.64,140899670584.08597,0.0,9765046209.313185,8381252143.463518,1560861369797.7258,0.0,57598.07552032315,-783024032253.2969,-792789078462.6101
india,2059,22565742435908.62,888348856.9934579,0.0,1330756300222.4878,1170783569822.509,283303104079.4965,0.0,41725972933.961266,7472989364.206358,1454086673902.0056,0.0,30127.777844146694,-123330373679.51782,-165056346613.4791
latam,2059,12359325989466.428,271392779.7641976,0.0,558092898003.3591,610373571301.7124,89549766627.09578,0.0,11988129008.037066,170412238343.41245,699923337928.8082,0.0,42585.949621752676,-141830439925.4491,-153818568933.48618
seasia,2059,13959411856940.592,328870869.2182342,0.0,648711425758.2198,684496362092.1509,98929575240.32353,0.0,4267156609.320867,5092672763.95712,783425937332.4744,0.0,39955.42492341192,-134714511574.25452,-138981668183.57538
russia,2059,10176022129749.871,137026980.26978618,5979996.704626689,472206486965.2019,509654446246.82684,60064252112.372795,27158723714.546432,0.0,3785707270.702894,542760552859.92645,26958145499.27298,52729.97324442975,-70554065894.72455,-70353487679.4511
mena,2059,19876156845902.64,284380302.0668942,263111.9548385601,1277269840719.424,1087573223065.1549,288327680414.11053,0.0,17567229923.187717,4857995826.475511,1375900903479.2654,0.0,53038.38108458171,-98631062759.84131,-116198292683.02902
ssa,2059,16604594703479.316,1222233964.7632217,0.0,943337737259.6971,672226750227.055,98897563652.19066,0.0,10087431234.662104,8006088593.374143,771124313879.2457,0.0,18416.58791280044,172213423380.45142,162125992145.7893
us,2060,37225499581525.695,169766188.548916,30849436.098735813,1493127905054.5093,1935298376934.2642,211574622682.75156,419013534200.8529,0.0,9826644779.077145,1727036682289.379,419836317327.63684,103432.57672070769,-233908777234.86963,-234731560361.65356
oecd-ex-us,2060,37048659842299.29,293166901.9550301,34589396.58227786,1484949273287.1929,1994685665707.0474,204704414376.01843,289235236782.869,0.0,6959578413.870541,1895359173473.4531,304030906609.61176,81506.33219642733,-410409900186.26025,-425205570013.003
china,2060,22369236965321.742,402015453.35897774,0.0,753304651049.2891,1367134937028.3289,135963316873.81325,0.0,9959769036.720015,8225086588.202344,1503098253902.142,0.0,58972.279156712764,-749793602852.853,-759753371889.573
india,2060,22380307058358.707,885978408.6134934,0.0,1313877530139.942,1187449537718.989,280360426294.37915,0.0,39089446405.103775,7586502728.611771,1467809964013.3682,0.0,31147.89149493792,-153932433873.42627,-193021880278.53003
latam,2060,12204811889511.191,268342442.51458135,0.0,548299715684.50165,605708176343.982,88711547189.98306,0.0,11932912152.36852,3538820046.6013126,694419723533.9651,0.0,43799.92837534408,-146120007849.46344,-158052920001.83197
seasia,2060,13816208421270.645,326222929.91241086,0.0,637648822980.9568,683116427442.0015,98300524699.63684,0.0,4337145949.47515,4901839440.208674,781416952141.6383,0.0,41133.737929951545,-143768129160.68152,-148105275110.15668
russia,2060,10258439164288.549,136249301.99346623,6138033.307672784,467275831856.12024,505468992237.3183,61220824694.34961,30302986682.940044,0.0,151528032931.28793,539583913779.00055,27105903152.667522,54059.58993428599,-72308081922.88031,-69110998392.60779
mena,2060,19755501024201.33,284570678.29932594,255820.67170810583,1264229309679.1438,1087298364946.3538,286420215891.0322,0.0,15771798518.06409,4605247974.997711,1373718580837.386,0.0,54371.018053407126,-109489271158.24219,-125261069676.30627
ssa,2060,16757693842435.818,1242131073.5044355,0.0,942522846184.8851,685851403454.3643,100592684769.15683,0.0,11355616123.292603,8375997118.429833,786444088223.5211,0.0,19181.258237758997,156078757961.364,144723141838.0714
us,2061,37019180776279.31,169083897.0021882,31569055.15246765,1480871734009.455,1917263313851.019,209868814041.62415,431454766909.60815,0.0,8486821727.209738,1706747425208.0425,420384702684.5995,104997.88083672643,-225875691198.5874,-214805626973.57874
oecd-ex-us,2061,36659353288555.72,288944250.0121559,35296639.092200294,1469124738550.202,1956585262518.6562,201870174080.61395,293337183071.74146,0.0,6686961233.764268,1855892597519.734,302562839079.5351,83036.0209814421,-386767858969.532,-395993514977.3256
china,2061,21650166753496.703,388559914.50077516,0.0,727246120491.0859,1314296584165.609,131211457767.00784,0.0,8811851805.664022,8003561422.163109,1445508041932.6167,0.0,60371.39955800997,-718261921441.5308,-727073773247.1948
india,2061,22164860931991.734,883322526.0390453,0.0,1296296306537.4849,1201789829212.1265,277062718445.0971,0.0,40848815343.64798,7958930096.419603,1478852547657.2236,0.0,32193.654085767605,-182556241119.73877,-223405056463.38675
latam,2061,12044882942139.227,265246635.8131444,0.0,538263127337.95056,602415093010.8694,87797075733.43587,0.0,11368556681.098122,3388650715.4900365,690212168744.3053,0.0,45039.58179356868,-151949041406.35474,-163317598087.45285
seasia,2061,13663456472240.404,323493303.76216376,0.0,626224478636.0144,682037585711.9266,97534677569.23257,0.0,4407920298.528005,5003755913.430539,779572263281.1592,0.0,42337.796792466674,-153347784645.14478,-157755704943.6728
russia,2061,10189054224527.578,135420591.9113777,6271241.874885319,461667987222.6953,501593780395.9435,60741920266.65793,27424617403.00847,0.0,3858156275.915725,535067939670.374,27267760992.227367,55414.4090055795,-73399952447.67871,-73243096036.89761
mena,2061,19862188345118.434,284634367.47523206,248370.52566101425,1250273278137.5635,1081961477698.2277,287004987023.8075,0.0,19763525492.014763,245144032993.5881,1368966464722.0352,0.0,55728.83995275932,-118693186584.47168,-138456712076.48645
ssa,2061,16894157210189.861,1261632661.6698556,0.0,941160990050.2052,700926626756.0049,102074707764.59637,0.0,10071369788.723076,8375082013.16156,803001334520.6013,0.0,19969.95038613435,138159655529.60388,128088285740.8808
us,2062,36819671551007.35,168205657.6113551,32104592.475915913,1467950020715.0088,1899770308481.7134,208306316980.71628,432361820009.6241,0.0,8255559465.798341,1686778385348.52,421298240113.909,106586.66321002076,-218828364633.51123,-207764784737.79614
oecd-ex-us,2062,36289601670667.82,284496475.11125815,35777620.89940517,1451748334062.6375,1920467686256.6196,199279341217.07812,291823039317.27014,0.0,6424036205.88535,1818290518579.852,301456508893.8464,84589.71712411611,-366542184517.2146,-376175654093.79083
china,2062,21405607515068.297,375135507.4644503,0.0,699980108563.225,1276845704888.9778,132021658801.1034,0.0,8546269592.020713,472874286290.46375,1408867363690.081,0.0,61795.77965633607,-708887255126.8561,-717433524718.8768
india,2062,21949775852865.9,880550661.1756384,0.0,1278233555226.6353,1191173705499.8445,273702531324.34668,0.0,36119809370.500084,7677411842.2187,1464876236824.1912,0.0,33265.47735272943,-186642681597.5559,-222762490968.056
latam,2062,11879252683674.758,262093201.1424741,0.0,528053302547.41156,598872758732.1068,86796836581.18024,0.0,11505096293.59679,3491130595.003294,685669595313.2871,0.0,46305.27573944089,-157616292765.87555,-169121389059.47235
seasia,2062,13682527402082.486,320673570.43455935,0.0,614523253548.0468,677301170081.3126,98569954910.21762,0.0,4913453003.978544,185332254289.55276,775871124991.5303,0.0,43567.9746124665,-161347871443.48352,-166261324447.46207
russia,2062,10119804944121.172,134555261.1096223,6396814.466524073,455454972101.63684,497752912584.8956,60224266213.702415,29495636921.46718,0.0,3777289369.087202,530617214669.36694,27359964129.231304,56794.77794454128,-75162242567.7301,-73026569775.49423
mena,2062,19718455744856.68,284609776.79980147,226262.56924749073,1235542756760.2947,1080850355241.3037,284690669583.3335,0.0,18752257461.83171,5017925264.414553,1365541024824.6372,0.0,57112.193910224676,-129998268064.34253,-148750525526.17426
ssa,2062,17010288447708.406,1285434822.7603912,0.0,939268205300.1826,715874973631.9323,103330286848.2651,0.0,12341889688.549662,8410182387.109447,819205260480.1974,0.0,20783.149982983297,120062944819.98523,107721055131.43556
us,2063,37234170789541.79,167300853.66877013,32625797.151101254,1454425472048.9126,1886412760242.0293,212696520938.6377,433725630881.06104,0.0,625457416785.1472,1675135650628.4866,423973630552.1807,108199.27598751363,-220710178579.57397,-210958178250.69366
oecd-ex-us,2063,35944449787752.84,280056337.16038585,36266139.81843727,1433042507526.7817,1884585424038.8547,196899892287.4608,297029422391.5755,0.0,6261503493.006358,1781042469476.5579,300442846849.7561,86167.76735134819,-347999961949.7761,-351413386407.9567
china,2063,20721929010442.64,361750805.10408926,0.0,671695783108.7256,1227750678285.8152,127408855828.37798,0.0,7614953532.823215,7400199912.627271,1355159534114.193,0.0,63245.7671767599,-683463751005.4675,-691078704538.2908
india,2063,21729006464951.145,877500932.2125123,0.0,1259791502208.5596,1180865976926.4329,270338419620.88852,0.0,37039236212.04238,7682742636.046439,1451204396547.3213,0.0,34363.77641910372,-191412894338.76172,-228452130550.8041
latam,2063,11708024164489.146,258883223.65417168,0.0,517722217219.4373,595046570083.9801,85706508186.92133,0.0,11586700045.208876,3389041911.0600944,680753078270.9014,0.0,47597.380132632774,-163030861051.46405,-174617561096.6729
seasia,2063,13512944951778.143,317782650.3634318,0.0,602663035681.1356,675500482484.1437,97554654321.2835,0.0,4354743276.90735,5164394096.850215,773055136805.4271,0.0,44824.64839355761,-170392101124.2915,-174746844401.19885
russia,2063,10046260820777.057,133641848.82096179,6505283.528570312,448753202033.6579,493859021478.95013,59697185002.48341,27476812125.444466,0.0,3782068978.219252,526032479764.953,27523726716.48056,58201.04882965528,-77279277731.2951,-77326192322.3312
mena,2063,19570956086379.387,284526713.57474345,211526.19906322466,1220241502087.9175,1073548175641.8179,282273089857.4056,0.0,16836225636.055914,4916330570.065082,1355821265499.2234,0.0,58521.43165958126,-135579763411.30591,-152415989047.36182
ssa,2063,17108788281334.193,1303807510.0376217,0.0,936843895092.6761,730367169683.3893,104311828967.66264,0.0,12278492977.922934,8613430162.083803,834678998651.0519,0.0,21621.346283731466,102164896441.62427,89886403463.70134
us,2064,37027181030694.35,166091141.45280483,32854533.41197643,1440386191927.1982,1868853597017.4893,211142924993.55045,424269161181.75696,0.0,8351410054.662655,1655354241088.423,424642280922.6177,109836.07659874536,-214968049161.22485,-215341168902.08557
oecd-ex-us,2064,35609558916762.734,275184696.8556359,36323553.26949935,1413227391249.5596,1848869864736.664,194772170946.9695,289505018851.8396,0.0,6018754592.094256,1743986438438.8152,299655597244.819,87770.52368620806,-330759047189.2556,-340909625582.235
china,2064,20058488845879.117,348370675.50125796,0.0,642680126405.4482,1180030542442.5283,122978540545.07014,0.0,9492121522.131807,6380913540.77016,1303009082987.5984,0.0,64721.71472780017,-660328956582.1501,-669821078104.282
india,2064,21773256870360.363,874251241.822582,0.0,1240982330549.5955,1168032314161.1892,269777216694.5925,0.0,35318538138.45096,276396143853.8591,1437809530855.7817,0.0,35488.96986836225,-196827200306.18628,-232145738444.63724
latam,2064,11528912319251.123,255623812.36696792,0.0,507320807711.06995,593976319568.6133,84476256101.55527,0.0,11299043032.30729,3318965753.382467,678452575670.1686,0.0,48916.26904374654,-171131767959.09863,-182430810991.4059
seasia,2064,13332873002900.014,314813853.2972275,0.0,590754638560.5161,675447943148.5055,96358143411.14104,0.0,4174728392.5374064,5154227513.536723,771806086559.6465,0.0,46108.19913411375,-181051447999.13037,-185226176391.6678
russia,2064,9969516080464.148,132624344.45810062,6542315.14450181,441657554683.0014,489721756412.9829,59155729027.04258,26896810753.965836,0.0,3578379690.1525116,521311386750.9859,27566098689.03942,59633.57842478583,-79653832067.9845,-80323120003.05807
mena,2064,19418865491990.535,284273587.15737116,116437.28299058256,1204530481710.0146,1065051519377.9022,279782533993.81433,0.0,16716103372.108046,4929080644.971165,1344834053371.7166,0.0,59956.90963378121,-140303571661.7019,-157019675033.80994
ssa,2064,17190859542170.762,1321656497.6758254,0.0,933961412498.9436,744454692980.91,105001549332.82324,0.0,11637729922.591406,9203820573.961393,849456242313.7333,0.0,22485.03217332957,84505170185.21033,72867440262.61893
us,2065,36832103597198.0,164708652.0744406,32922754.95099312,1426025905517.4292,1850780607771.267,209703354289.57224,431259033809.6268,0.0,8121589237.411384,1635571944028.4036,424912018032.4363,111497.4278351071,-209546038510.97437,-203199022733.78387
oecd-ex-us,2065,35288570442384.39,270064697.71252584,36132838.758376025,1392523459550.1277,1814569646049.9949,192872977392.0192,288156881247.1886,0.0,5773808266.358994,1708749274585.7957,298693348856.2191,89398.34352859801,-316225815035.66797,-326762282644.6985
china,2065,19419906460835.57,335054287.9025493,0.0,613392578913.3683,1132058631363.1887,118731137612.25502,0.0,7502874369.191005,6317679387.712633,1250789768975.4438,0.0,66223.97989298165,-637397190062.0756,-644900064431.2666
india,2065,21545407238105.523,870747716.9736885,0.0,1221943695827.2683,1155966713785.6665,266348153084.1261,0.0,34992619413.770775,7514158201.44576,1422314866869.7925,0.0,36641.479820197834,-200371171042.52417,-235363790456.29495
latam,2065,11338801524643.842,256652213.38065225,0.0,496894777466.7927,595739141305.7316,83048413941.96191,0.0,11545219421.917946,3327202595.5411153,678787555247.6935,0.0,50262.32079021263,-181892777780.90076,-193437997202.8187
seasia,2065,13137828209508.137,311745361.516082,0.0,578881000748.6647,679078646867.1097,94893721181.62758,0.0,5178086031.650891,5224659939.847726,773972368048.7373,0.0,47419.01192178601,-195091367300.07263,-200269453331.7235
russia,2065,9889448869768.535,133766264.25280434,6653705.877708746,434336929316.9608,485417349946.31006,58592110168.41504,25934736014.706474,0.0,3670584087.4515467,516423526736.41364,27585933378.311108,61092.72827344632,-82086597419.45282,-83737794783.05745
mena,2065,19262080046178.32,283933575.9653446,26210.54234306378,1188576794009.7322,1056363645261.8556,277184090602.8888,0.0,16695250272.813568,4880746315.609357,1333547735864.7444,0.0,61418.98905906667,-144970941855.0122,-161666192127.82578
ssa,2065,17257411942271.764,1338930463.7390137,0.0,930687155536.038,756538861020.2483,105472569681.11604,0.0,11451061179.688765,9327736446.007757,862011430701.3644,0.0,23374.704170024008,68675724834.673584,57224663654.98482
us,2066,36640265270976.55,163323185.48888758,32999229.40631841,1411803908858.2927,1843074086771.3792,208276959706.5635,439846940017.32587,0.0,7861871380.881113,1626024940349.6768,425326106128.2662,113183.69793026232,-214221031491.38403,-199700197602.32434
oecd-ex-us,2066,35558532698970.97,264975452.60162845,35971761.20026934,1371332831931.9692,1802879402858.4534,196576434031.36307,292999922236.7051,0.0,605085339307.7253,1699864908314.7822,299590928575.034,91051.58973704923,-328532076382.813,-335123082721.1419
china,2066,18803547231883.957,321775217.48169965,0.0,584294813533.7388,1084066416857.485,114725661538.65051,0.0,8039905647.447013,6177941558.2340555,1198792078396.1355,0.0,67752.92532345594,-614497264862.3967,-622537170509.8438
india,2066,21313544949026.77,866955852.821334,0.0,1202744027746.0994,1143742585696.7825,262853494197.0869,0.0,35904915755.69949,7894678824.724746,1406596079893.8694,0.0,37821.73200954054,-203852052147.77002,-239756967903.4695
latam,2066,11143511597507.322,253294971.729914,0.0,486496596326.8721,592427259005.4998,81490390541.96619,0.0,11138331248.161722,3269457332.2198534,673917649547.466,0.0,51635.91803379614,-187421053220.59387,-198559384468.75558
seasia,2066,12934524848024.637,308616010.6731396,0.0,567129940284.3793,677992331707.8014,93227734223.5144,0.0,4347794220.104759,5134558383.540245,771220065931.3158,0.0,48757.47602983019,-204090125646.93652,-208437919867.0413
russia,2066,9805676419745.398,132658885.50547777,6662543.261142861,426945193036.3538,483871674270.59515,57948479410.47825,27629767234.75329,0.0,3472743386.826757,514262286440.15106,27557867240.922554,62578.86479421303,-87317093403.79724,-87245193409.9665
mena,2066,19102205423841.47,283586484.5167151,1328.058789880473,1172551407531.3247,1047526397993.8276,274469976419.40317,0.0,15152398135.293924,4722742680.343622,1321996374413.2307,0.0,62908.03605022361,-149444966881.906,-164597365017.19992
ssa,2066,17308167609087.053,1355564091.7154052,0.0,927045778893.3472,767853938424.997,105728305499.75572,0.0,11974408938.557915,9266540785.25265,873582243924.7527,0.0,24290.862433779952,53463534968.59448,41489126030.03657
us,2067,36447080078533.85,161943782.17402264,33091395.55120141,1398063619726.7104,1839354329268.4949,206724839690.5324,447252252857.7578,0.0,7578103931.849034,1619980359323.016,426098809636.0101,114895.26064177512,-221916739596.30566,-200763296374.55792
oecd-ex-us,2067,35220612429700.45,259929591.5552919,35850818.92382108,1350001195166.1348,1795840163374.4136,194269891626.0524,296367964833.14044,0.0,5820625730.688881,1691207433194.2073,298902621806.2594,92730.63071167233,-341206238028.0725,-343740895001.19147
china,2067,18193811637697.684,308538162.79297334,0.0,555793246903.1188,1051430920764.5049,110705308217.68207,0.0,8934563199.595682,5541951092.402971,1162136228982.187,0.0,69308.91883169785,-606342982079.0682,-615277545278.664
india,2067,21077928083745.973,862906961.5625371,0.0,1183523695140.7524,1131339014447.6292,259307965790.26443,0.0,35688372010.74775,7194791827.093516,1390646980237.8936,0.0,39030.15586852175,-207123285097.1411,-242811657107.88885
latam,2067,10950189187758.393,249893434.42307508,0.0,476193848065.35297,582036632660.8798,79934833497.20085,0.0,10853885542.893944,3309093886.6997814,661971466158.0806,0.0,53037.44787969574,-185777618092.7276,-196631503635.62155
seasia,2067,12732144801155.705,305414057.98872113,0.0,555566583053.7736,667236579990.2355,91566337063.64928,0.0,4261691217.2688828,5117978348.44703,758802917053.8848,0.0,50123.98501522879,-203236334000.1112,-207498025217.3801
russia,2067,9717079248738.102,131526042.1791829,6677596.640220885,419632136263.5355,482805069400.38293,57245156767.682396,28415270790.84159,0.0,3405648106.3857765,512448221546.43835,27602004621.62711,64092.359377288594,-92816085282.90283,-92002819113.68835
mena,2067,18933594194913.895,286147227.6293641,1280.1749677283979,1156499859481.2275,1038665777892.198,271672645548.0674,0.0,19386036185.20893,4613371216.6694355,1310338423440.2654,0.0,64424.42170697852,-153838563959.03784,-173224600144.24677
ssa,2067,17348825528473.24,1371613026.4858997,0.0,923078673373.5061,775145782032.2943,105833598551.11198,0.0,11197630726.795141,9756257322.891657,880979380583.4062,0.0,25234.010779387794,42099292790.09985,30901662063.30471
us,2068,36248244568661.95,160549935.27840054,33177465.222997863,1384750590609.5288,1829454466693.3367,205209339116.84628,444347496338.1837,0.0,6730208990.606302,1607521722482.506,427142083327.6774,116632.49533396293,-222771131872.9773,-205565718862.471
oecd-ex-us,2068,34864567070214.434,254876075.36286858,35716368.819258295,1328666138100.5566,1786892611157.551,191788014108.22818,288120915288.1188,0.0,5848212391.078962,1680178949533.3862,298501675732.3937,94435.84047828078,-351512811432.8296,-361893571877.1045
china,2068,17574326594949.133,306864582.8630504,0.0,528369665815.34283,1039895913456.0532,106266478539.8676,0.0,7268402419.612117,5576085851.624233,1146162391995.921,0.0,70892.33348628934,-617792726180.5781,-625061128600.1902
india,2068,20842850185289.57,858700157.2893603,0.0,1164455336309.4636,1118824869783.5105,255721645812.26038,0.0,32209261404.86826,7222542234.763986,1374546515595.771,0.0,40267.18461134687,-210091179286.30737,-242300440691.17563
latam,2068,10758723844242.234,246450863.55016235,0.0,466029933746.15186,571675383122.0199,78392085734.9147,0.0,10519212290.351328,3091403884.9808683,650067468856.9346,0.0,54467.301977220064,-184037535110.7827,-194556747401.13403
seasia,2068,12530978660637.398,306869543.79435664,0.0,544239388381.9744,656483522131.0231,89911948381.91179,0.0,4127783461.2430596,5117725073.892362,746395470512.9348,0.0,51518.936818586604,-202156082130.9604,-206283865592.20346
russia,2068,9626592676583.867,130362276.61514111,6691535.9026556155,412497284240.0712,477999286025.1962,56532165896.42028,28053851071.61795,0.0,3493744455.700336,506849925066.04645,27681526855.57012,65633.58848222111,-94352640825.97522,-93980316609.9274
mena,2068,18762948844916.51,285616444.8096412,0.0,1140512524836.3613,1029505275693.9227,268732947510.4355,0.0,17479244353.276974,4559592723.900649,1298238223204.3582,0.0,65968.5222115444,-157725698367.99683,-175204942721.2738
ssa,2068,17539623785210.375,1386923534.5588977,0.0,918816809503.3615,774969024333.8448,107873547455.86656,0.0,12832313264.757633,167656332288.2335,882842571789.7114,0.0,26204.65669427675,35974237713.650024,23141924448.89239
us,2069,36060504440142.06,162473076.1218628,33897129.92255988,1371998329828.1948,1817880846688.4912,203672485139.1848,453906530585.10913,0.0,7908342894.480737,1593588619181.363,427964712646.31305,118395.7870619919,-221590289353.1682,-195648471414.37213
oecd-ex-us,2069,34511411506240.812,249849147.49780563,35599376.54914109,1307588981629.7168,1765227406585.5427,189280811005.92923,287872461702.2467,0.0,5891210285.8699665,1656655329549.4553,297852888042.01556,96167.59877370705,-349066347919.7385,-359046774259.5074
china,2069,16959924565897.01,293810118.0023865,0.0,502327656915.1064,1013365659818.7152,101736402653.05045,0.0,7106484150.058831,5478860654.596051,1115102062471.7656,0.0,72503.5477078036,-612774405556.6592,-619880889706.718
india,2069,20604232039991.703,863836796.9252136,0.0,1145572358507.164,1106375868192.293,252143857176.23514,0.0,32842400721.774235,7171622285.28209,1358519725368.528,0.0,41533.25532203722,-212947366861.364,-245789767583.13824
latam,2069,10569238646999.406,242968945.43950257,0.0,456037932635.1376,561368770970.3448,76866948215.2964,0.0,10238734711.663822,2951324019.333809,638235719185.6412,0.0,55925.87662202794,-182197786550.50366,-192436521262.16748
seasia,2069,12331182392153.28,303550462.99700385,0.0,533241514306.8595,645765678007.4193,88281099492.72104,0.0,3687710757.790523,4696705466.958913,734046777500.1404,0.0,52942.733865779526,-200805263193.28088,-204492973951.0714
russia,2069,9533225538439.592,129159657.43743606,6694480.362220229,405597815977.3151,472983371912.2693,55829327012.937035,26491852023.364086,0.0,3355892780.2351117,501053574038.0697,27759124887.136818,67202.93373678495,-95455758060.75458,-96723030924.52731
mena,2069,18586572273509.086,284974610.6524797,0.0,1124728983399.4722,1020412393097.4138,265748594227.97253,0.0,19304155976.27713,4359588494.7601795,1286160987325.3862,0.0,67540.71892732262,-161432003925.91406,-180736159902.1912
ssa,2069,17566040430396.824,1401613861.5199285,0.0,914289950561.5596,777985601808.3817,107905790040.46405,0.0,12046494527.557026,10064581001.29524,885891391848.8457,0.0,27203.31136105278,28398558712.713867,16352064185.156841
us,2070,35858533024771.37,161055209.80583557,33967177.883952945,1359789082365.5967,1806777125765.5105,202256166298.9837,439927094717.8072,0.0,7345699610.3808365,1579891978672.8013,429141313391.6915,120185.52665723414,-220102896307.2046,-209317114981.08893
oecd-ex-us,2070,34157523407178.69,244831417.731788,35478612.31523567,1287076482885.305,1743829602882.294,186845790740.96622,284195887708.25824,0.0,5514923967.586943,1633439809176.5242,297235584446.73584,97926.29113233121,-346363326291.21924,-359403023029.69684
china,2070,16367396201064.328,280856491.83492947,0.0,477856705512.8329,971757248201.4995,97426300703.22945,0.0,6485739739.742022,5284218298.964079,1069183548904.729,0.0,74142.94536580284,-591326843391.8961,-597812583131.6382
india,2070,20364440177624.13,859172842.2236332,0.0,1126964083175.5115,1093810502133.7052,248533939628.52103,0.0,31116082796.694912,6704579015.82494,1342344441762.2263,0.0,42828.80904500152,-215380358586.71484,-246496441383.40976
latam,2070,10538215997380.037,239446314.54368138,0.0,446258266584.64557,552149511151.761,77071870033.15923,0.0,10345681717.098328,162286146698.00363,629221381184.9202,0.0,57413.57285991986,-182963114600.2746,-193308796317.37292
seasia,2070,12132728039762.83,300158944.755078,0.0,522630798001.10815,635148676474.614,86664799287.93144,0.0,4185446314.1938887,4913771685.171685,721813475762.5454,0.0,54395.78317133767,-199182677761.43726,-203368124075.63113
russia,2070,9438115015718.25,127934079.65290852,6699926.057428223,399005847852.1924,467886274745.8552,55128803143.24744,25635121897.954872,0.0,3263585417.625188,495248454595.8658,27766623293.236584,68800.78203703089,-96242606743.6734,-98374108138.95512
mena,2070,18407450426551.97,284252686.33440477,0.0,1109216136306.8406,1011205305907.5474,262672981767.3556,0.0,18854609101.838585,4394913512.784849,1273878287674.9028,0.0,69141.39849876885,-164662151368.06226,-183516760469.90085
ssa,2070,17585285868528.951,1415645169.2486105,0.0,909550561345.1974,780675639951.143,107896808617.36803,0.0,11685965179.744492,9953290535.182533,888572448568.511,0.0,28230.489684771463,20978112776.6864,9292147596.94191
us,2071,35674913611526.3,159667966.9764938,34070859.18997274,1348221511817.055,1795655006856.3499,200773471346.74673,457908856846.02997,0.0,6678696294.934212,1566481565085.6729,429946913117.42456,122002.11081390503,-218260053268.61792,-190298109540.0125
oecd-ex-us,2071,33807792343005.742,240091881.76599225,35369191.993196756,1267345879708.4897,1722848215330.6763,184430696010.5132,284378203819.6911,0.0,5823763640.07111,1610632179103.3232,296646732237.86676,99712.30897384175,-343286299394.8335,-355554827813.00916
china,2071,15796151136704.79,268009098.79248294,0.0,455286495835.99854,931564760900.5178,93352387549.95811,0.0,6501803361.752366,4887391616.68976,1024917148450.476,0.0,75810.91587696323,-569630652614.4774,-576132455976.2297
india,2071,20119312800502.28,854165298.1950247,0.0,1108706997115.7717,1081269538093.7822,244905840603.71048,0.0,34370271253.28574,6711275713.164895,1326175378697.4927,0.0,44154.29087839742,-217468381581.72095,-251838652835.00668
latam,2071,10350628322258.875,235896926.81881556,0.0,436719999868.5221,542052886747.62964,75546548379.54396,0.0,9742793969.34293,3034554106.8352013,617599435127.1736,0.0,58930.79659216935,-180879435258.6515,-190622229227.99442
seasia,2071,11937099818037.775,296732559.52284044,0.0,512446313495.9895,624625807517.8591,85065035968.30357,0.0,3153190413.4313455,4769498678.55717,709690843486.1627,0.0,55878.49644354476,-197244529990.17322,-200397720403.60455
russia,2071,9472915320609.533,126664391.73121037,6683953.721579426,392780060348.05286,462949827988.0887,55923052950.44101,23559649429.924408,0.0,137333476051.83487,491028861229.04724,27844019709.48244,70427.52564851407,-98248800880.99438,-102533171160.55241
mena,2071,18228392911550.727,283486292.1211383,0.0,1094117929897.7456,1002029466763.4443,259540667145.73007,0.0,15960054060.147789,4354743070.334748,1261570133909.1743,0.0,70770.95295243149,-167452204011.4287,-183412258071.5765
ssa,2071,17597928093096.28,1429010273.7612827,0.0,904618264307.6113,783026577987.0028,107837537091.61018,0.0,11277468548.451626,10165543886.788437,890864115078.613,0.0,29286.71032495047,13754149228.998291,2476680680.546665
us,2072,35475801067742.875,158283498.95427334,34134820.14676182,1337385428988.6025,1785372906990.6965,199379851971.27744,441717405198.23376,0.0,6537380991.723551,1553387604325.2793,431365154636.69525,123845.94217700062,-216002175336.67676,-205649924775.13824
oecd-ex-us,2072,33454784210142.45,242136123.40995154,35986384.33730156,1248560671516.503,1702366100206.0767,182064868280.48706,277487077094.3901,0.0,5375087012.351272,1588379683834.356,296051284652.2077,101526.0496922491,-339819012317.853,-358383219875.67065
china,2072,15245492615134.139,255267737.72581467,0.0,434787843349.39294,892931383457.795,89518593236.83542,0.0,7628623758.749603,4632235533.3293,982449976694.6305,0.0,77507.8543043423,-547662133345.23755,-555290757103.9872
india,2072,19874524658470.03,848988320.9344156,0.0,1090875487648.436,1068540478781.3756,241230226118.34006,0.0,32143811562.45951,6250886781.485135,1309770704899.7156,0.0,45510.1500702435,-218895217251.27954,-251039028813.73904
latam,2072,10165402283165.713,233302027.51125863,0.0,427457847524.6861,532103322355.8578,74041872657.35896,0.0,9551072280.707361,3012380676.074574,606145195013.2168,0.0,60477.95868238401,-178687347488.5307,-188238419769.23807
seasia,2072,11742612095790.252,294417390.79513943,0.0,502684852713.82513,614303694358.2522,83501150584.39491,0.0,3824363824.36907,4456633805.659114,697804844942.6471,0.0,57391.29019123729,-195119992228.82196,-198944356053.19104
russia,2072,9377200381301.906,125447033.2138961,6688096.492302601,387003357202.9761,457785034670.9588,55210342332.021255,26989497643.367615,0.0,3287582849.0044513,485300121659.6755,27695255343.30475,72083.56230870844,-98296764456.6994,-99002522156.63654
mena,2072,18048085926223.453,283514557.8563649,0.0,1079526994942.6893,993031115297.2118,256401456643.9242,0.0,14638937733.260777,4237529404.4405684,1249432571941.136,0.0,72429.77979917241,-169905576998.44666,-184544514731.70743
ssa,2072,17603385630284.938,1444135348.01835,0.0,899506986068.5479,785060807156.2919,107740601312.19402,0.0,11211882598.979425,9963842187.570621,892801408468.4858,0.0,30372.495732320363,6705577600.062012,-4506304998.917414
us,2073,35288750031671.67,157183029.44743338,34214946.589874,1327226382218.8557,1774754158993.808,197898371018.29498,451458800227.197,0.0,6916311494.819521,1540587915485.4556,432064614526.64557,125717.4294315536,-213361533266.59985,-193967347566.0484
oecd-ex-us,2073,33099478952229.695,237694375.7075507,35837278.616790585,1230811895879.5742,1682099691058.9404,179718112193.6227,270357618296.95966,0.0,5343031163.324148,1566743624950.3137,295074178302.24963,103367.91674617272,-335931729070.7395,-360648289076.0295
china,2073,14716483232792.4,243670931.46350184,0.0,416391080865.24664,855959768671.2958,85931944004.89246,0.0,7552104157.296711,4043353626.5058656,941891712676.1882,0.0,79234.16145780362,-525500631810.9416,-533052735968.2383
india,2073,19631742177062.277,846616215.7734028,0.0,1073574512091.9639,1055915299296.2135,237565505264.89557,0.0,29508190669.89861,6632001731.290606,1293480804561.1091,0.0,46896.84011724288,-219906292469.14526,-249414483139.04388
latam,2073,9982336310461.998,230576296.7398117,0.0,418488313204.94507,522293002619.7242,72560816376.59267,0.0,9623767905.259151,2923300992.9171796,594853818996.3169,0.0,62055.47506488737,-176365505791.37183,-185989273696.63098
seasia,2073,11716123918781.0,291869267.27835596,0.0,493327018225.1711,604893103923.4402,83881198529.97665,0.0,4283806414.432602,173242913633.43585,688774302453.4169,0.0,58934.585832287856,-195447284228.2458,-199731090642.6784
russia,2073,9280503648033.354,124247140.01363224,6683883.443427823,381692199766.6116,452805954431.5713,54530800413.49098,25755143795.665577,0.0,3192678014.232121,479665777807.68475,27670977037.37743,73769.29533061812,-97973578041.07318,-99889411282.78503
mena,2073,18084800009676.27,283277008.68933094,0.0,1065423225981.0046,983075532443.0438,255662319626.37708,0.0,15381995843.107452,225410705384.33618,1238737852069.421,0.0,74118.28213758035,-173314626088.41626,-188696621931.5237
ssa,2073,17601399131040.5,1460726950.441555,0.0,894236185558.1873,786765609530.3868,107607388007.26328,0.0,11675173926.026371,9825486661.05794,894372997537.6501,0.0,31488.37219030703,-136811979.46289062,-11811985905.489262
us,2074,35097762688934.152,156989528.47389048,34275889.956469715,1317893874964.112,1764427719289.2651,196517444904.58063,444968951004.50256,0.0,7094995487.74669,1528086227489.5273,432858936704.3189,127616.98739322874,-210192352525.41528,-198082338225.23163
oecd-ex-us,2074,32750968106991.887,236938590.66186345,35704879.09614112,1214329415344.478,1662069297880.6975,177443737160.06818,271525816323.1047,0.0,5146958135.340766,1545749062769.3774,293763972271.38794,105238.31975042193,-331419647424.8994,-353657803373.1826
china,2074,14488395251200.738,232121997.10387745,0.0,400189045608.45844,830580808417.7542,85947383840.83041,0.0,6430643125.15094,294681808183.6147,916528192258.5846,0.0,80990.24399561516,-516339146650.12616,-522769789775.2771
india,2074,19619204388492.59,843708158.2807319,0.0,1056782800454.1362,1042947033044.792,236420640269.0227,0.0,31362532267.85771,241409616557.8468,1279367673313.8147,0.0,48314.81886627933,-222584872859.67847,-253947405127.5362
latam,2074,9802223272137.84,230271967.89023095,0.0,409830195377.739,512619896227.1456,71107230324.72462,0.0,8965607028.22014,2749499878.1933203,583727126551.8702,0.0,63663.76685461372,-173896931174.13123,-182862538202.35138
seasia,2074,11524025551739.893,291832515.04157746,0.0,484409929376.08765,594858116389.2814,82338045077.1316,0.0,4099415079.2254767,4787280128.450789,677196161466.413,0.0,60508.80980375839,-192786232090.32532,-196885647169.55078
russia,2074,9185693003538.82,123812185.16532265,6689416.581418057,376810469588.8197,447873714756.7905,53868517682.45643,27038318857.178757,0.0,3082799498.720266,474156498297.72156,27585734141.525215,75485.13370759635,-97346028708.90186,-97893443993.24832
mena,2074,17896574445774.754,284360232.58243525,0.0,1051737198229.9897,974146094743.2872,252474885529.6339,0.0,17604045461.826283,4262263603.2374687,1226620980272.9211,0.0,75836.86875858804,-174883782042.9314,-192487827504.7577
ssa,2074,17593828330131.61,1474053753.1732812,0.0,888852948926.1837,788127652689.5149,107434564727.15787,0.0,10539334104.739027,9677801686.3338,895562217416.6727,0.0,32634.869861233794,-6709268490.489014,-17248602595.228043
us,2075,35493161350488.336,157212242.56787738,34390445.27665349,1309626735521.073,1754150185201.8489,200591657556.79727,469733374238.78815,0.0,570780394552.9469,1519312947959.6555,435428894798.9906,129545.03710027701,-209686212438.58252,-175381732998.78497
oecd-ex-us,2075,32422431076868.785,236752504.33715495,35633291.66497981,1199407033946.586,1642765646526.0876,175255754134.35477,284976714145.05994,0.0,5100622445.710631,1525412932868.7793,292608467791.6633,107137.6745688923,-326005898922.19336,-333637652568.79675
china,2075,13992236829724.057,228820589.87124032,0.0,386059212916.4801,796774377556.761,82686430540.85045,0.0,6994606922.627858,4237780627.077654,879460808097.6115,0.0,82776.51452723765,-493401595181.13135,-500396202103.7592
india,2075,19369865806560.7,846026149.8219423,0.0,1040452366843.0486,1030442194086.4637,232787575760.1489,0.0,32935374342.58349,6374195414.261135,1263229769846.6125,0.0,49764.5486185481,-222777403003.56396,-255712777346.14746
latam,2075,9624699114266.334,229438589.08878514,0.0,401492968590.577,503144696898.314,69686777546.52171,0.0,8907135157.12994,2721483139.885273,572831474444.8357,0.0,65303.260458509474,-171338505854.25867,-180245641011.3886
seasia,2075,11334649910755.105,290721546.89395684,0.0,475927914597.6185,585031866719.0122,80835442410.20903,0.0,3942284693.2328196,4506038240.0413265,665867309129.2212,0.0,62114.39367371054,-189939394531.60266,-193881679224.83548
russia,2075,9091872830471.506,123485250.71203575,6694686.51262005,372350351955.596,443131892178.004,53238981183.15203,27141300678.502937,0.0,3059047659.7351794,468796790312.1318,27574083049.023895,77231.49221938399,-96446438356.53577,-96879220727.05673
mena,2075,17706504788502.91,284473516.2561251,0.0,1038459819995.8916,965118819763.912,249267610520.73874,0.0,18226995887.161148,4083948904.0831995,1214386430284.6506,0.0,77585.95425130561,-175926610288.75903,-194153606175.92017
ssa,2075,17579797585979.643,1488572032.8567233,0.0,883367037754.6284,789218388727.8547,107226740544.53346,0.0,10790914243.562603,9838261609.356619,896445129272.3882,0.0,33812.5228372265,-13078091517.759766,-23869005761.32237
us,2076,35316338516460.16,156007829.69350964,34480653.142577015,1302292145113.8423,1745028105502.722,199399129916.80585,458860295159.6263,0.0,6451961117.885931,1507390158507.0437,437037076912.48303,131502.00590686913,-205098013393.20142,-183274795146.05817
oecd-ex-us,2076,32097401827918.504,233301722.68165246,35562671.10850807,1186008061623.288,1624594347443.2478,173230768156.77792,281900552564.7889,0.0,4887252461.673626,1505793963220.8428,292031152379.18384,109066.40340879868,-319785901597.5547,-329916501411.94965
china,2076,13519211150162.998,224864568.44293532,0.0,373815666950.5834,764868811108.4745,79680086120.16835,0.0,5986877948.547375,3694428665.5396175,844548897228.6428,0.0,84593.39171732057,-470733230278.05945,-476720108226.6068
india,2076,19122328949346.188,847303794.7933003,0.0,1024584246072.2747,1017913521016.9366,229166054288.17062,0.0,31518535287.12665,6477007305.451494,1247079575305.1072,0.0,51246.49623628344,-222495329232.83252,-254013864519.95917
latam,2076,9450100187131.443,229672956.18021742,0.0,393476072585.7943,493864630483.30774,68298834849.74971,0.0,8523802549.605258,2612268161.978188,562163465333.0575,0.0,66974.38768843569,-168687392747.26318,-177211195296.86844
seasia,2076,11149234153470.383,285585236.8045894,0.0,467842171977.47705,575431198673.8396,79370911766.02931,0.0,2887666341.3860745,4431847519.0539465,654802110439.8689,0.0,63751.77425466119,-186959938462.39185,-189847604803.77792
russia,2076,9000988472813.686,124315186.1294488,6823397.49208721,368291897884.8727,438526857558.3106,52635096911.138855,28935953791.09775,0.0,3049745135.6652784,463612148327.87134,27549806141.57808,79008.79153937967,-95320250442.99866,-93934102793.47899
mena,2076,17516809143699.574,281570303.63812596,0.0,1025658176041.8499,956075907611.6691,246075699208.08826,0.0,17093585355.938128,3891371330.5096583,1202151606819.7573,0.0,79365.95911008262,-176493430777.90747,-193587016133.8456
ssa,2076,17558689275178.305,1501386433.2985153,0.0,877761327222.802,789995278214.7858,106981500057.75925,0.0,11742299117.425467,9849439365.824785,896976778272.545,0.0,35021.86919580021,-19215451049.743042,-30957750167.16851
us,2077,35136701442707.8,154821358.3940969,34549304.57678945,1295550292146.837,1735960666450.7334,198125215766.79584,452081248054.7066,0.0,6817268263.635361,1495883250013.2295,438202632204.29987,133488.32757782933,-200332957866.39258,-186454342015.98584
oecd-ex-us,2077,31774492966856.695,229926549.47772056,35472878.73060445,1173863347860.5898,1607058444876.2402,171274078226.89618,276719413772.47107,0.0,4840900408.234158,1486970898689.8909,291361624413.24634,111024.93491626681,-313107550829.301,-327749761470.0763
china,2077,13068109043168.957,215278279.20055422,0.0,363298437193.0215,735028966075.8547,76917413961.88405,0.0,6080899096.888831,3626734947.569,811946380037.7388,0.0,86441.30039092338,-448647942844.7173,-454728841941.60614
india,2077,18875210811063.03,835303699.5648597,0.0,1009221447457.5433,1005520027355.156,225602039922.33572,0.0,31543656628.14261,6326138164.947739,1231122067277.4917,0.0,52761.133252046384,-221900619819.94836,-253444276448.09097
latam,2077,9278058781544.627,225012745.09594154,0.0,385773884204.58594,484805024925.3743,66946502845.44915,0.0,8587551626.730728,2523789606.153286,551751527770.8235,0.0,68677.58587556785,-165977643566.23755,-174565195192.96826
seasia,2077,10965196948094.094,280483416.3886978,0.0,460095781123.14935,566108151593.2125,77954385743.35274,0.0,4247737745.6585503,4177288582.7889614,644062537336.5653,0.0,65421.393718672996,-183966756213.41595,-188214493959.0745
russia,2077,8909394247670.926,122849471.47471482,6832132.329276081,364578648306.03754,434121869850.4981,52072683145.14474,27119347523.974037,0.0,2902332022.8692265,458629245161.06915,27565307834.573666,80817.45834315551,-94050596855.03162,-94496557165.63124
mena,2077,17324366496183.473,278614090.8035417,0.0,1013283961650.4294,947101236933.8083,242930560580.62924,0.0,19589330608.123478,3894518956.029924,1190031797514.4375,0.0,81177.30984281303,-176747835864.00806,-196337166472.13153
ssa,2077,17533238533049.627,1501355703.1978178,0.0,872067616235.5614,790451656407.858,106707431927.10448,0.0,9718588873.3165,9359318844.03723,897159088334.9625,0.0,36263.45106010196,-25091472099.401123,-34810060972.71762
us,2078,34962110007102.258,153680185.39017126,34622757.965518646,1289560752587.7097,1727112987126.32,196914311184.96237,452519630930.78455,0.0,7355479187.242765,1484817837584.92,439209460726.3616,135504.44238479,-195257084997.2102,-181946914792.78723
oecd-ex-us,2078,31465820467298.316,226684438.07588446,35412755.85742012,1163020449971.1719,1590073108453.5195,169401532450.05038,283035537869.27374,0.0,4746153504.744358,1468987766280.3813,290486874623.1871,113013.70427330532,-305967316309.2095,-313418653063.1228
china,2078,12638873542230.191,206112703.9807879,0.0,354290184870.1554,707224351453.8773,74378760079.08127,0.0,5252588228.146001,3330013952.1863747,781603111532.9586,0.0,88320.67163998078,-427312926662.8032,-432565514890.9492
india,2078,18626677603825.312,823289100.8793378,0.0,994292638473.2971,993206202667.1741,222088819808.79553,0.0,33544846776.487503,6014023541.4264345,1215295022475.9697,0.0,54308.93598053645,-221002384002.6726,-254547230779.1601
latam,2078,9108711275759.303,220419402.02903962,0.0,378365868496.49756,475943200119.90295,65627229143.14766,0.0,8589448846.635456,2446503827.863412,541570429263.0506,0.0,70413.29798628995,-163204560766.55304,-171794009613.1885
seasia,2078,10784682693036.035,275463542.0698628,0.0,452644068411.6676,556936549639.2384,76562242920.30493,0.0,3940160934.6835093,4280630024.497849,633498792559.5433,0.0,67123.69971407067,-180854724147.87573,-184794885082.55923
russia,2078,8819154631602.254,121397903.35399704,6836678.64251383,361144182619.6651,429824608354.015,51511382154.08834,27094170191.087486,0.0,2858021628.675557,453850840250.53674,27485150257.566338,82657.92541823213,-92706657630.87164,-93097637697.3505
mena,2078,17135160694122.36,275691872.2345073,0.0,1001316336769.0737,938000314345.4357,239795044464.75604,0.0,16618838881.367598,3892058861.3746514,1177795358810.1917,0.0,83020.43908049716,-176479022041.11792,-193097860922.4855
ssa,2078,17502216268256.875,1500795664.6253092,0.0,866275800958.2626,790710172287.3884,106406184892.94016,0.0,9813422440.061985,9631713869.38738,897116357180.3286,0.0,37537.814663780075,-30840556222.06604,-40653978662.12802
us,2079,34781154153552.188,152555175.5785671,34670341.809615046,1284152169304.5237,1718572247566.8643,195750839252.24506,443123728376.0424,0.0,6091335588.471407,1474217292940.435,440105793878.67303,137550.79720378885,-190065123635.91138,-187047189138.542
oecd-ex-us,2079,31670954967751.254,223538543.2160356,35333222.09740081,1153429395867.6206,1575566815078.6658,172619352023.79425,278790252178.24884,0.0,521101019509.5572,1456688508788.5635,291497658313.897,115033.15329618064,-303259112920.9429,-315966519056.591
china,2079,12228727894848.99,197361860.10455468,0.0,346501171685.93677,681514172138.033,72047411968.89104,0.0,6181149627.260269,3095914667.0346785,753561584106.924,0.0,90231.9429310311,-407060412420.9872,-413241562048.24744
india,2079,18383117033343.016,811461120.0401034,0.0,979798715839.0391,980892393910.6053,218608383213.85022,0.0,29849759726.083523,5991250529.202946,1199500777124.4556,0.0,55890.38563289244,-219702061285.4165,-249551821011.50003
latam,2079,8942126210876.354,215898721.54538107,0.0,371239771917.4158,467284854460.50775,64341675763.82662,0.0,8557029009.448131,2358722433.414712,531626530224.33435,0.0,72181.97273958141,-160386758306.91858,-168943787316.3667
seasia,2079,10606822809157.266,276027509.63477623,0.0,445461643405.3416,547992216994.5104,75211157651.74263,0.0,4176805576.274421,4058652938.4115605,623203374646.253,0.0,68859.14548377527,-177741731240.91144,-181918536817.18585
russia,2079,8729196451277.684,119966289.67265843,6834628.635644806,357941406464.5937,425698441720.5076,50975469641.00118,25996539082.8007,0.0,2777785489.5524044,449261110490.27185,27412800871.237167,84530.63177512835,-91319704025.67816,-92735965814.11462
mena,2079,16951164663611.816,277262205.04756105,0.0,989847122011.7762,929043834174.3871,236747576645.17426,0.0,11842237495.38218,3790495792.618609,1165791410819.5613,0.0,84895.7856880763,-175944288807.78503,-187786526303.1672
ssa,2079,17631940034313.363,1499617202.8366537,0.0,860329443830.4622,787803259333.2999,108193961104.42017,0.0,11512362518.639097,176903905182.38004,895997220437.7201,0.0,38845.510420446924,-35667776607.257935,-47180139125.89703
us,2080,34602317453413.086,151467399.86299413,34713268.32830021,1279085976497.9614,1710001506132.6123,194601022007.04462,440079019989.5509,0.0,6600831513.025356,1464012472478.891,440590055660.7665,139627.84561433026,-184926495980.9297,-185437531652.14526
oecd-ex-us,2080,31371105665823.77,220520675.19842985,35258997.68075296,1144910639071.7297,1559954735006.5737,170882421526.29376,281337275474.1047,0.0,4739940059.52446,1440035265394.708,290801891138.1587,117083.73053521746,-295124626322.9783,-304589241987.0323
china,2080,11837576380206.672,196352948.69189855,0.0,339634160768.64343,657792271044.0992,69887281820.25441,0.0,6040993254.721953,2934870708.127778,727679552864.3536,0.0,92175.55821422764,-388045392095.7102,-394086385350.4321
india,2080,18140059296876.63,813481784.7792368,0.0,965715728737.4398,968878698673.48,215227284890.66415,0.0,30416696185.764305,5749214546.079676,1184105983564.144,0.0,57505.96843344803,-218390254826.70422,-248806951012.46854
latam,2080,8778507628073.738,211466353.8931211,0.0,364372622011.1843,458833480104.5262,63089522054.97291,0.0,8340881336.219415,2272678681.919045,521923002159.4991,0.0,73984.06472589637,-157550380148.31476,-165891261484.53418
seasia,2080,10432024955736.95,271101559.67085224,0.0,438505101063.5608,539239003284.1121,73892858434.14604,0.0,4160631613.592813,3989538847.983124,613131861718.2582,0.0,70628.18998525,-174626760654.6974,-178787392268.2902
russia,2080,8642453234992.665,118574424.91019253,6838380.185852488,354941102946.51666,421695752664.6875,50448731135.5076,27734216222.633446,0.0,2725948346.019464,444834129072.4193,27310354727.775898,86436.02275970095,-89893026125.90265,-89469164631.0451
mena,2080,16767783699316.947,274399663.47201914,0.0,978768522216.8663,920311267414.2151,233816008423.74603,0.0,11673818437.527573,3651607763.7543454,1154127275837.9612,0.0,86803.79487655582,-175358753621.09485,-187032572058.62244
ssa,2080,17589372360033.78,1497968739.6160712,0.0,854249518946.1019,787508561532.6969,107836719881.03365,0.0,11222633502.682293,9750721690.731176,895345281413.7306,0.0,40187.09299769866,-41095762467.62866,-52318395970.31096
us,2081,34463133326571.555,150492780.7649269,34828440.45509445,1274753681563.4338,1701666820722.5977,193401623636.71527,474837046079.00854,0.0,6293589875.359481,1454186137812.9458,440882306546.3694,141736.04799993217,-179432456249.51196,-145477716716.8728
oecd-ex-us,2081,31088593393638.934,217647018.53620863,35206234.01011597,1137432731926.8916,1545051816137.5483,169186223202.62137,289490892884.59674,0.0,4802142343.830062,1424166447140.4636,290071592199.7062,119165.89137604754,-286733715213.572,-287314414528.68146
china,2081,11464551877126.664,188168834.20685256,0.0,333505832112.0185,636098921666.1011,67873991838.2997,0.0,5438044170.376819,2880622482.748975,703972913504.4008,0.0,94151.96803365333,-370467081392.38226,-375905125562.7591
india,2081,17895409528334.766,801604896.8062278,0.0,951862533299.3293,956917955962.1334,211897404054.47754,0.0,33588805865.970924,5891864041.38839,1168815360016.6108,0.0,59156.17573890943,-216952826717.2815,-250541632583.2524
latam,2081,8617796692063.284,207130398.34420243,0.0,357747607210.34894,450592719468.1219,61871625541.80059,0.0,8152018815.672137,2157820604.792511,512464345009.9225,0.0,75820.03452753642,-154716737799.57355,-162868756615.2457
seasia,2081,10260513953650.469,266281512.84279978,0.0,431746335400.889,530678690616.2802,72606756241.24481,0.0,3904976139.1459346,3933085509.297322,603285446857.525,0.0,72431.29801205244,-171539111456.63605,-175444087595.78198
russia,2081,8557304455267.857,117221799.08463775,6843391.782253691,352109868361.51624,417904956495.53253,49946720755.406555,27951140948.197155,0.0,2641888216.4138355,440551560459.2179,27300116791.720894,88374.55016679152,-88441692097.70166,-87790667941.2254
mena,2081,16586571638501.537,271570821.8573,0.0,967938669154.0781,911563562422.1583,230941195162.37622,0.0,10299930055.36837,3653957670.4160466,1142504757584.5347,0.0,88744.91831643395,-174566088430.45654,-184866018485.82492
ssa,2081,17540931162551.277,1495823263.720566,0.0,848057231338.3173,786967161524.4241,107451625126.02985,0.0,11737795781.23861,9658153610.863878,894418786650.4539,0.0,41563.12139565246,-46361555312.1366,-58099351093.375206
us,2082,34306185083306.49,152293100.8453096,35523160.540724725,1270880124071.4253,1694630351451.263,192467464945.77045,452924357877.81177,0.0,6345091182.739906,1444710104751.557,442387711645.47644,143875.8716501817,-173829980680.1316,-163293334447.79626
oecd-ex-us,2082,30804674675275.605,214866009.32507375,35124802.88658615,1130703807364.694,1531238583206.7605,167614639172.92838,279639130035.1759,0.0,4591566616.524735,1409048112077.7834,289805110301.9057,121280.09814233045,-278344304713.08936,-288510284979.81915
china,2082,11108984647865.195,180462418.19797254,0.0,327903893116.2879,616252086177.2253,65980775821.50968,0.0,4158618479.533005,2920358100.5064354,682232861998.735,0.0,96161.62963895967,-354328968882.4471,-358487587361.9801
india,2082,17653835021141.97,789917305.3280258,0.0,938177406629.15,944843137652.5701,208600805370.05112,0.0,31826071761.604942,5518100962.283451,1153443943022.621,0.0,60841.504159923,-215266536393.47107,-247092608155.07602
latam,2082,8584519831215.763,202897698.14621276,0.0,351355141765.26166,443210073076.38586,62045448810.24303,0.0,7822524370.638284,128446043644.48053,505255521886.6289,0.0,77690.34884051859,-153900380121.36725,-161722904492.00552
seasia,2082,10091509939921.582,261561651.59999034,0.0,425130250513.5745,522308131666.44775,71356254646.27866,0.0,4117371146.321559,3647493216.594884,593664386312.7264,0.0,74268.94031698917,-168534135799.15192,-172651506945.47348
russia,2082,8588131931375.6875,115886059.84277345,6824691.030877647,349322147842.6486,413924855488.7224,50750926164.57495,25237482318.487114,0.0,120943627600.00212,437251043200.89294,27424738452.404297,90346.67235519736,-87928895358.24432,-90116151492.1615
mena,2082,16404646472730.422,268739133.8532667,0.0,957263711654.7156,902845988925.3302,228138987726.61337,0.0,11813052898.640408,3609152124.751882,1130984976651.9436,0.0,90719.61425245351,-173721264997.22803,-185534317895.86844
ssa,2082,17488325483226.574,1493285467.3914294,0.0,841780569769.2479,786150310831.2249,107032966598.08557,0.0,10835986017.639889,9633014353.00769,893183277429.3104,0.0,42974.15902995914,-51402707660.0625,-62238693677.70239
us,2083,34153976323202.93,151313119.21315324,35586963.52138211,1266987065833.472,1687087134945.3262,191501135606.16672,453775337907.9163,0.0,5617106706.531411,1435576349903.8555,443011920647.63727,146047.79086432143,-168589284070.38354,-157825866810.1045
oecd-ex-us,2083,30534142740436.03,212225120.84404147,35063651.939852245,1124551940207.3726,1517546104830.2815,166079763774.06152,283870020774.5506,0.0,4671972782.8312845,1394626794892.0398,288999073712.30225,123426.82019996938,-270074854684.66724,-275203907622.4189
china,2083,10767453833253.984,173208313.92819476,0.0,322568721563.0817,598001895264.4708,64193460449.634186,0.0,4462689212.996293,2558508752.807341,662195355714.105,0.0,98205.00709835174,-339626634151.02325,-344089323364.01953
india,2083,17412829817868.338,778327971.6330252,0.0,924619815398.8312,932897995700.7969,205383932026.75104,0.0,32723136099.383736,5380045154.470101,1138281927727.5479,0.0,62562.45568500258,-213662112328.71667,-246385248428.1004
latam,2083,8428128511541.653,198765356.20466745,0.0,345153886821.8048,435344911807.2562,60867772572.142624,0.0,7568203514.132045,2235681397.6220345,496212684379.39886,0.0,79595.48059794241,-151058797557.59406,-158627001071.7261
seasia,2083,9925741814256.924,256960433.72038275,0.0,418594295008.40326,514092306171.53845,70130779108.58728,0.0,3744556377.4345818,3605220984.4914093,584223085280.1257,0.0,76141.59373687058,-165628790271.72247,-169373346649.15704
russia,2083,8505015234863.4375,114616604.07805689,6829125.180834038,346544916075.6848,410257623049.79785,50250087925.085434,28172030796.672546,0.0,2674067590.272971,433176869099.3499,27330841875.53346,92352.85436398468,-86631953023.6651,-85790764102.52602
mena,2083,16221219480242.555,265896822.00465643,0.0,946632265078.4514,893984609999.7208,225373922322.53006,0.0,14190167176.041405,3489441931.9680095,1119358532322.251,0.0,92728.34761969531,-172726267243.79956,-186916434419.84097
ssa,2083,17431270617510.37,1490334196.6210215,0.0,835436278912.76,785127965201.4097,106588427831.54228,0.0,10427667707.437923,9652916111.413649,891716393032.9519,0.0,44420.773819246286,-56280114120.191895,-66707781827.62982
us,2084,34003501401558.812,150370427.94310895,35648712.74330783,1263154726661.0227,1679857027986.4456,190546573500.47607,450249117968.52246,0.0,6524835213.269346,1426743568379.2722,443660033107.6507,148252.28705638958,-163588841718.2495,-156999756857.37775
oecd-ex-us,2084,30265691275667.297,209689223.13344306,34985407.10176716,1118838245055.7175,1504597028624.6946,164603817593.4105,277339988598.9324,0.0,4571147794.735802,1380875210059.4424,288325636158.6629,125606.53406284652,-262036965003.72485,-273022612563.45538
china,2084,10437313541971.729,166388909.31192875,0.0,317210889586.90686,580982032847.227,62473344176.81138,0.0,6473580662.954955,2577776817.834729,643455377024.0385,0.0,100282.57141294116,-326244487437.1316,-332718068100.08655
india,2084,17176877725293.635,766988032.1100945,0.0,911177320739.8635,920936931039.8229,202216979752.11404,0.0,29117340808.93191,5141838286.295483,1123153910791.937,0.0,64319.53780678687,-211976590052.0735,-241093930861.0054
latam,2084,8274374151159.6875,194728223.8093533,0.0,339099079779.927,427679040061.9952,59718946924.38398,0.0,7654644074.477221,2199190898.957915,487397986986.37915,0.0,81535.9090948599,-148298907206.45215,-155953551280.92938
seasia,2084,9899429122631.139,252468802.16883802,0.0,412092255792.38275,506431310062.7703,70494506032.57442,0.0,3767362206.833649,142288230884.00513,576925816095.3447,0.0,78049.74131886438,-164833560302.96198,-168600922509.79562
russia,2084,8421489269841.724,113378118.54811504,6819828.235045709,343745824002.1026,406774768731.9749,49770366621.89758,26612560773.325047,0.0,2660785556.7302003,429209410718.0373,27335724635.835205,94393.56803016318,-85463586715.9347,-86186750578.44485
mena,2084,16040526433557.9,263106349.70693466,0.0,936055178417.1599,884926937307.8986,222632594406.08633,0.0,12528392003.040777,3339698615.219208,1107559531713.9849,0.0,94771.59016103219,-171504353296.82495,-184032745299.86572
ssa,2084,17368124632806.016,1501584795.8427572,0.0,828984484052.3539,783892973123.4379,106125496440.73845,0.0,11315546084.610739,9203546892.078651,890018469564.1763,0.0,45903.53827694531,-61033985511.82239,-72349531596.43312
us,2085,33835617777272.836,149414289.73192966,35656991.312513776,1259037780191.252,1672867266506.377,189640478198.74185,429174439729.86316,0.0,6411900498.023621,1418248536072.864,444259208632.2545,150489.84886193747,-159210755881.61206,-174295524784.00342
oecd-ex-us,2085,29999043816247.32,207248096.87944472,34879804.64002907,1113259295014.8042,1492054024432.0,163176376807.24915,271104119839.55432,0.0,4219526964.899258,1367757277426.4363,287473123812.8132,127819.72350010162,-254497982411.63208,-270866986384.89093
china,2085,10120322452953.691,160040133.50606206,0.0,311725442978.37396,564805704193.6207,60792491565.5049,0.0,5711073504.59251,2592737267.3126783,625598195759.1256,0.0,102394.80063249002,-313872752780.75165,-319583826285.3442
india,2085,16940248631404.43,755708297.902589,0.0,897786750372.0052,909190569603.5706,199144827184.06863,0.0,30919121736.904682,4838674263.336217,1108335396787.6392,0.0,66113.26365059931,-210548646415.6339,-241467768152.5386
latam,2085,8122997534805.127,190791453.95674917,0.0,333164039542.85315,420190936727.3922,58596701820.57647,0.0,7772297829.506174,2019280480.065797,478787638547.9687,0.0,83512.12011465497,-145623599005.11554,-153395896834.6217
seasia,2085,9737265306483.467,248087461.41282395,0.0,405586538790.9369,498532430487.17163,69297661061.28795,0.0,3689713664.82629,3769450274.6837354,567830091548.4596,0.0,79993.87244844822,-162243552757.5227,-165933266422.349
russia,2085,8337224020252.518,112167136.5148233,6792601.43087489,340818491632.0524,403292042494.10645,49290505904.03307,24843971329.22955,0.0,2654835847.6525965,425326083845.37756,27256464552.76206,96469.29210774116,-84507592213.32513,-86920085436.85764
mena,2085,15863722526595.07,260387190.6170005,0.0,925573760858.2585,875887060527.3572,219960445082.0313,0.0,9892760239.325169,3362598027.6075764,1095847505609.3884,0.0,96849.82054596348,-170273744751.12988,-180166504990.45505
ssa,2085,17301852722432.705,1498033840.2943056,0.0,822431090523.3204,782388536661.4744,105631126195.78566,0.0,9684694277.357084,9001356238.001234,888019662857.26,0.0,47423.0296074535,-65588572333.939575,-75273266611.29666
us,2086,33688660992443.418,148542136.93284762,35709771.35120155,1254790115590.5327,1665564850962.5933,188661538314.27322,446484273335.3541,0.0,5995215521.533526,1410034392574.4827,444191996702.38336,152760.97224634764,-155244276983.94995,-152952000350.9792
oecd-ex-us,2086,29740741157989.633,209156666.716802,35471516.39883374,1107724764834.5037,1480029724913.4414,161743612427.74817,271381588328.53284,0.0,4364325920.507548,1355179935597.1973,286593401743.9929,130066.87964497885,-247455170762.6936,-262666984178.1537
china,2086,9995425313993.195,154154391.72444785,0.0,306060972938.52344,551787740913.3422,61268932386.55919,0.0,5011832925.714415,187110394326.59708,613056673299.9014,0.0,104542.17997256889,-306995700361.3779,-312007533287.09235
india,2086,16907238289540.477,744481022.2746129,0.0,884319488140.479,897164800225.661,198292478873.8904,0.0,33454624850.81306,211582073945.94257,1095457279099.5514,0.0,67944.15210528357,-211137790959.0724,-244592415809.88544
latam,2086,7974204160769.253,186960691.29179835,0.0,327325684205.6093,412836948736.6871,57496662020.37286,0.0,7743714290.9914255,1958266806.568234,470333610757.05994,0.0,85524.60605693856,-143007926551.45062,-150751640842.44205
seasia,2086,9577188614122.602,243809873.31452593,0.0,399047593804.0051,490746759296.8643,68120478689.34706,0.0,3876434861.9333696,3619386683.277743,558867237986.2114,0.0,81974.48297896248,-159819644182.2063,-163696079044.13968
russia,2086,8253627995940.93,110997159.96172671,6762710.014666729,337755906076.02106,399882494984.7336,48795734821.692276,24754903115.212173,0.0,2571396303.603505,421501596085.1465,27176633721.27916,98580.5123881819,-83745690009.12543,-86167420615.19241
mena,2086,15881862463974.48,257666687.1094638,0.0,915043302610.1672,866392984719.1694,219507323367.73123,0.0,12590767650.854383,201587710507.0074,1085900308086.9006,0.0,98963.52449085074,-170857005476.7334,-183447773127.58777
ssa,2086,17232226542620.354,1494146957.100828,0.0,815780475406.0308,780726326266.7103,105114640490.50363,0.0,8625230323.392748,9059541862.219213,885840966757.214,0.0,48979.82980658072,-70060491351.18323,-78685721674.57597
us,2087,33545496866945.28,147700033.91597512,35755847.69039916,1250543288191.7883,1659218849981.287,187648296805.48364,447284516325.0877,0.0,5875216771.753884,1401962567316.6272,444904579470.14246,155066.16061477683,-151419279124.83887,-149039342269.89362
oecd-ex-us,2087,29490493373702.754,206860414.15507713,35382730.924110405,1102166392019.853,1468326925429.0627,160319412814.77094,272103691872.3429,0.0,4128470064.732193,1342968124540.9648,285678213702.86896,132348.50110526668,-240801732521.11182,-254376254351.63788
china,2087,9695819270520.887,148695670.0806483,0.0,300069545585.5908,536910629207.62415,59622406087.60492,0.0,5626993541.697651,2484439779.0221324,596533035295.229,0.0,106725.2019331531,-296463489709.6382,-302090483251.3358
india,2087,16673025508875.586,733526803.343601,0.0,870863605681.8022,885281097943.3701,195246404888.82144,0.0,29431949165.026913,4883065650.514146,1080527502832.1915,0.0,69812.72795628989,-209663897150.38928,-239095846315.4162
latam,2087,7828313199021.305,183238526.93487546,0.0,321565586234.1956,405583791040.5043,56417374003.79829,0.0,7410575313.966458,1955192376.1227438,462001165044.30255,0.0,87573.86606696805,-140435578810.10693,-147846154124.0734
seasia,2087,9419287618606.076,239632856.08922103,0.0,392464944381.0957,483012805816.5651,66957110769.41109,0.0,3963059348.7083573,3567036037.062537,549969916585.9762,0.0,83992.07536276645,-157504972204.8805,-161468031553.58884
russia,2087,8173035916655.52,109884062.19681022,6750852.5125517445,334587443565.45337,396484608693.895,48295173109.91041,26986032838.777573,0.0,2614226114.1621785,417691084713.8492,27088697089.956398,100727.72182228231,-83103641148.39581,-83206305399.57465
mena,2087,15702142405527.205,254966061.4282975,0.0,904341609691.634,857301469336.3623,216900379741.12,0.0,13430319147.959518,3570500086.538835,1074201849077.4823,0.0,101113.19488057579,-169860239385.84827,-183290558533.8078
ssa,2087,17156409206271.127,1489740120.028691,0.0,808969269319.2048,778869070691.8315,104577899771.53593,0.0,10612275482.471508,9272640277.408,883446970463.3674,0.0,50574.525766229104,-74477701144.1626,-85089976626.63411
us,2088,33940995215730.953,146922555.6573736,35833362.58196818,1246194820245.2239,1651552255663.6958,191794747039.496,464332079175.54694,0.0,528318452068.115,1396015843640.1204,447331159063.0721,157405.9249237484,-149821023394.89648,-132820103282.42163
oecd-ex-us,2088,29257368502263.28,204699912.34539366,35322022.112336315,1096555911784.3171,1456967720390.4492,158951930997.26947,281999685757.1687,0.0,4239182406.7648597,1330948523799.8032,284971127587.9146,134665.09407535597,-234392612015.48608,-237364053846.232
china,2088,9405746267488.65,143658141.40368456,0.0,293652525750.11743,522497661125.5098,57990405072.67273,0.0,5602821125.574956,2365358541.401932,580488066198.1826,0.0,108944.36641868131,-286835540448.0652,-292438361573.64014
india,2088,16439526594646.562,722696627.9026237,0.0,857430323705.0636,873594645554.9109,192280862649.91577,0.0,29769397616.476315,4715667887.221792,1065875508204.8267,0.0,71719.52202098836,-208445184499.76306,-238214582116.23938
latam,2088,7685178991467.953,183423152.4406957,0.0,315870874773.51447,398446000723.6071,55360000531.6481,0.0,7118933371.267929,1919852299.6553447,453806001255.25525,0.0,89660.40616660006,-137935126481.74078,-145054059853.00873
seasia,2088,9264300724262.99,235567436.42443848,0.0,385852426141.87964,475337127340.5668,65805525610.39204,0.0,3260005895.077655,3563338361.0620084,541142652950.9588,0.0,86047.15878400164,-155290226809.07916,-158550232704.15683
russia,2088,8090959815774.411,110639632.71326613,6849341.916311406,331270795117.52625,393151543355.8699,47812293707.51888,25141337431.24109,0.0,2475603633.515683,413857990567.94775,27105846495.440746,102911.42064349535,-82587195450.42151,-84551704514.62117
mena,2088,15524865194110.266,252313717.6577766,0.0,893544809819.0741,848096810248.2535,214313774464.3805,0.0,11962012099.616083,3550575576.236432,1062410584712.634,0.0,103299.33189164315,-168865774893.55994,-180827786993.17603
ssa,2088,17075314725239.926,1484878431.440184,0.0,801977864363.9114,776682340920.3958,103999119233.97313,0.0,11749695346.354942,9358810105.605026,880681460154.3689,0.0,52207.70938325272,-78703595790.45752,-90453291136.81247
us,2089,33804219623859.82,146143019.01473293,35879085.86446018,1241616981782.19,1645825478088.8381,190940185025.0466,452372593221.9741,0.0,6000496238.597453,1388116187151.9797,448649475961.90515,159780.78379441838,-146499205369.7898,-142776088109.72083
oecd-ex-us,2089,29012041645377.49,202579731.06836376,35203435.181410536,1090539361113.9314,1446144441288.862,157628797927.4683,263622137427.09085,0.0,4284883789.5085297,1319095388217.0496,284677850999.28125,137017.17244994192,-228556027103.11816,-249611740675.30856
china,2089,9124386264708.027,139016823.57286018,0.0,286819473892.5613,508382077334.7268,56371351290.43824,0.0,5604154484.700295,2178106436.683524,564753428625.165,0.0,111200.18085960185,-277933954732.60376,-283538109217.3041
india,2089,16206328071413.94,711977134.0996858,0.0,843941761888.9106,861880807147.1261,189346406344.99493,0.0,30342973561.19792,4429901931.78568,1051227213492.1211,0.0,73665.07128618739,-207285451603.21045,-237628425164.4084
latam,2089,7544146413659.814,179803397.2743886,0.0,310217685913.90875,391424591588.32404,54323098200.364204,0.0,7354332933.415388,1851759000.0603633,445747689788.68823,0.0,91784.73938678707,-135530003874.77948,-142884336808.19485
seasia,2089,9110484568579.137,231571778.60297763,0.0,379185650613.49646,467762630549.06396,64669734655.3543,0.0,4100355715.570483,3530914622.643764,532432365204.4183,0.0,88140.24929296771,-153246714590.9218,-157347070306.4923
russia,2089,8009263118683.312,109541814.52787662,6826969.954900799,327765172031.1977,389692554980.9418,47305264959.23777,25178558161.11425,0.0,2357392656.765743,409986480424.92633,27011339515.25303,105132.1164927191,-82221308393.72864,-84054089747.86742
mena,2089,15349129603539.38,249692462.88190538,0.0,882695871698.6653,838899092311.4746,211771455891.962,0.0,11228667511.587828,3467753445.476129,1050670548203.4366,0.0,105522.44311674972,-167974676504.77136,-179203344016.3592
ssa,2089,16991934468988.936,1479782830.6576042,0.0,794871164798.9631,774217176610.2458,103389762717.20822,0.0,9750683482.586472,9106201760.091318,877606939327.4541,0.0,53879.97767244337,-82735774528.49097,-92486458011.07744
us,2090,33660324420407.57,145365512.74452975,35899868.822179034,1236500258600.8323,1639467644668.406,190030057652.5488,442801245476.5795,0.0,6300994791.315189,1380287773850.418,449209928470.5376,162191.26362754081,-143787515249.5857,-150196198243.54376
oecd-ex-us,2090,28771509611122.836,200540648.90408376,35076986.54473404,1083916286821.6201,1434850394862.7415,156256461083.49997,262612741098.3787,0.0,4045793771.595475,1307400007623.0337,283706848323.2078,139405.2579393962,-223483720801.41357,-244577828026.2427
china,2090,8852058085314.568,134723475.16920802,0.0,279619855612.28217,494461005381.0614,54758324156.56058,0.0,4893260969.757435,2164555501.6364303,549219329537.62195,0.0,113493.16033543216,-269599473925.33978,-274492734895.09723
india,2090,15977078904224.26,701477629.0106311,0.0,830422036747.6141,850125831848.5044,186428965761.581,0.0,27745791694.01477,4629385366.801065,1036554797610.0854,0.0,75649.91904783677,-206132760862.4713,-233878552556.48608
latam,2090,7405389067643.384,176278897.55976155,0.0,304581914756.66077,384495117393.9805,53301348352.18625,0.0,7313251517.776437,1770456490.8535917,437796465746.16675,0.0,93947.3859016295,-133214550989.50598,-140527802507.2824
seasia,2090,8958628685488.016,232009013.87103528,0.0,372455541361.7757,460214411183.4832,63542373704.69173,0.0,3744069859.4857326,3189430294.7623777,523756784888.1749,0.0,90271.86994211747,-151301243526.39923,-155045313385.88495
russia,2090,7926993725260.057,108466560.2039194,6802592.422346002,324071681997.01465,386185225906.7116,46796427346.73272,24322674768.759087,0.0,2317903064.41839,406065989472.6754,26915663780.768833,107390.32454457547,-81994307475.66077,-84587296487.67052
mena,2090,15169954692277.725,247026704.29966137,0.0,871679661920.7601,829669342275.9897,209257654157.70874,0.0,15373451120.461693,3445874371.7407594,1038926996433.6985,0.0,107783.04369084485,-167247334512.93835,-182620785633.40005
ssa,2090,17073231142589.414,1474319188.765929,0.0,787659657259.74,769352608864.9799,104929376221.92082,0.0,9950627697.412344,177869629125.04538,874281985086.9006,0.0,55591.93288358827,-86622327827.16064,-96572955524.57298
us,2091,33528904311066.5,144630520.78610653,35938836.711978614,1231078283707.9778,1632609407958.0796,189161861829.98184,453506518307.4617,0.0,5766358431.523601,1372545167672.0796,449226102115.98126,164637.89872015742,-141466883964.1018,-137186467772.6214
oecd-ex-us,2091,28544383574944.332,198609228.77487063,34977281.94252993,1076940396911.3905,1423522778056.8462,154905290581.87836,270304930875.95013,0.0,4056704672.860552,1295833828345.1055,282594240293.61945,141829.8801868349,-218893431433.71497,-231182740851.38428
china,2091,8587546944353.762,130708840.41226335,0.0,272035063967.88016,480771486076.75214,53152166622.42806,0.0,4838704579.103285,2216152349.5939927,533923652699.1802,0.0,115823.82769935735,-261888588731.30002,-266727293310.4033
india,2091,15747667315140.639,691077802.9021375,0.0,816817646718.9683,838493364448.0835,183563790086.55185,0.0,28531071344.440296,4358990076.488029,1022057154534.6354,0.0,77674.61505289626,-205239507815.6671,-233770579160.10742
latam,2091,7268978226816.611,172847764.15160957,0.0,298962556315.19434,377650193896.7956,52294454379.944336,0.0,7162723045.995536,1733974180.766309,429944648276.7399,0.0,96148.8731639963,-130982091961.5456,-138144815007.54114
seasia,2091,8808730992091.754,228096232.9206986,0.0,365687791416.62274,452732283533.6225,62424050163.15258,0.0,3643948903.8813486,3214797787.7719445,515156333696.7751,0.0,92442.55092367926,-149468542280.15234,-153112491184.0337
russia,2091,7846216828823.252,107421964.00484146,6788512.973326136,320207540128.61414,382637519310.635,46281929725.60447,25683663724.99304,0.0,2251348745.822465,402093103614.4736,26826345421.765934,109686.56763520247,-81885563485.85944,-83028245182.63232
mena,2091,14996403629722.201,244441310.90406966,0.0,860578946032.5977,820159890419.0151,206707812209.13373,0.0,10562896140.035961,3300590180.0566616,1026867702628.1489,0.0,110081.65641870507,-166288756595.55127,-176851652735.58722
ssa,2091,16980642996743.715,1468402530.6303475,0.0,780295039049.0305,766589468683.1486,104278644895.22539,0.0,11451526640.084545,9436455323.737276,870868113578.3739,0.0,57344.182622544366,-90573074529.34338,-102024601169.42793
us,2092,33399495204679.863,143925770.80483338,35986101.06509168,1225511589065.7263,1626245496163.1938,188271164937.75052,453538578840.7648,0.0,6057386807.810854,1364825348640.3228,449691312460.62195,167121.231384038,-139313759574.59644,-135466493194.45361
oecd-ex-us,2092,28317593759767.6,196733454.24691388,34861046.02722162,1069520895206.7432,1412636758068.0186,153589532039.0619,265798376583.77643,0.0,4117203139.8240542,1284311548058.5847,281914742048.4953,144291.57688690972,-214790652851.84155,-230907018316.56042
china,2092,8329997100009.494,126912018.28190833,0.0,264052045308.56155,467277398657.16693,51550643350.14447,0.0,4831249788.671583,2057402143.155745,518828042007.3114,0.0,118192.71370439492,-254775996698.74985,-259607246487.42142
india,2092,15520662145116.445,692332398.149773,0.0,803146793519.5645,826798677214.53,180704530941.34708,0.0,27094962075.96647,4446206688.087712,1007503208155.8771,0.0,79739.71564335284,-204356414636.31262,-231451376712.27908
latam,2092,7134970106651.4375,169507910.04688975,0.0,293360136136.6398,370872212915.17065,51302930765.16821,0.0,6850065110.207002,1656952488.728355,422175143680.33887,0.0,98389.7360427273,-128815007543.6991,-135665072653.9061
seasia,2092,8660574902904.085,224258491.23378286,0.0,358904754114.1098,445280577355.60547,61315713398.43198,0.0,3520779645.7971954,3056227098.056728,506596290754.0375,0.0,94652.82970891536,-147691536639.92767,-151212316285.72485
russia,2092,7762631950509.802,106375281.09419726,6755393.321729582,316165939951.6693,379056256199.4827,45764171676.63296,22779181068.25551,0.0,2290428542.7466516,398050479274.7681,26769948601.34738,112021.37639158453,-81884539323.09882,-85875306856.19069
mena,2092,14823045434704.459,245651306.28137884,0.0,849478562030.2048,810862911419.894,204228251420.219,0.0,10980131765.26163,3234537557.4369397,1015091162840.113,0.0,112418.8119040481,-165612600809.9082,-176592732575.16983
ssa,2092,16884178234267.287,1462150070.3043067,0.0,772784749448.045,763544922715.812,103593912141.786,0.0,11361085969.625568,9250408902.743402,867138834857.598,0.0,59137.33997627435,-94354085409.55298,-105715171379.17854
us,2093,33265913644460.86,143231507.45093942,36023500.56550868,1219672608289.5432,1620104355130.81,187368741880.97446,448286011349.75903,0.0,5932917153.520005,1357081343708.3853,450391753303.39825,169641.812065897,-137408735418.84204,-139514477372.48126
oecd-ex-us,2093,28550807709399.645,194943775.2931442,34768652.77274085,1061571844773.7289,1401661279113.4272,156748430259.92786,269301862388.31113,0.0,460749951843.3716,1275910886205.4668,282498823167.889,146790.89390634914,-214339041431.7379,-227536002211.31577
china,2093,8078793117390.208,126471518.4206498,0.0,255704472252.71628,453948732385.1594,49951879117.27216,0.0,4995242980.842231,1987399611.2739797,503900611502.4316,0.0,120600.3571311524,-248196139249.7153,-253191382230.55753
india,2093,15294205864249.88,682047695.5441,0.0,789451515576.9299,815157558904.8533,177875033429.7736,0.0,27122320165.89114,4247116057.0241847,993032592334.6268,0.0,81845.78390237053,-203581076757.6969,-230703396923.58804
latam,2093,7002558181805.844,166238969.6866927,0.0,287760277945.0594,364172673545.1527,50326140391.46323,0.0,7302839281.126656,1629450427.0919995,414498813936.61597,0.0,100670.51696143298,-126738535991.55658,-134041375272.68323
seasia,2093,8514019030878.664,220485487.66969323,0.0,352131743417.6573,437867847399.495,60216322493.27197,0.0,3573300512.3075666,2969854961.9950414,498084169892.76697,0.0,96903.2511890274,-145952426475.10968,-149525726987.41724
russia,2093,7682724331554.573,105361764.87984087,6742928.662690534,311991232695.9064,375247475658.0251,45220616535.151436,26349146371.43753,0.0,2220094170.6017222,393927207087.31445,26540885105.86184,114395.28936244626,-81935974391.40808,-82127713125.8324
mena,2093,14650229217457.277,243041671.6528589,0.0,838294523596.9141,801500247266.6442,201750594933.09988,0.0,10947834224.654789,3087935580.3017807,1003250842199.744,0.0,114795.0486802117,-164956318602.82996,-175904152827.48474
ssa,2093,16783961588085.809,1455568235.48831,0.0,765163459679.3577,760288086429.0074,102884029799.16959,0.0,11340418811.386538,9132429178.732962,863172116228.177,0.0,60972.02364178916,-98008656548.81934,-109349075360.20587
us,2094,33141455612582.766,142578017.66180676,36084636.73216996,1213633795234.1792,1613603724718.3875,186375316806.5613,456085890506.2953,0.0,5801323906.3593645,1349309030484.0476,450670011040.90204,172200.19946941396,-135675235249.86841,-130259355784.47516
oecd-ex-us,2094,28326262940668.504,193192490.84301123,34665130.339488834,1053101122332.8956,1390703488772.0024,155346660699.77554,264256620678.8327,0.0,4147637728.9075556,1264384155017.249,281665994454.52924,149328.385406277,-211283032684.3534,-228692406460.04993
china,2094,7833636754752.37,122833915.9796754,0.0,247069676465.36966,440703086448.1575,48356862547.61994,0.0,5108961566.353081,1942871458.9233627,489059948995.7774,0.0,123047.30491720603,-241990272530.40775,-247099234096.76083
india,2094,15069096902053.055,671901625.2735991,0.0,775730524528.7892,803496319433.6313,175055493304.7079,0.0,26421917720.90408,4134243733.6269193,978551812738.3392,0.0,83993.38980255922,-202821288209.55005,-229243205930.45413
latam,2094,6872433326480.092,163055631.27427867,0.0,282166707189.28204,357517987065.85187,49359392563.5059,0.0,6935504782.442799,1521321896.7668135,406877379629.3578,0.0,102991.76603890731,-124710672440.07574,-131646177222.51854
seasia,2094,8369282352498.523,216777004.97749496,0.0,345375610164.65533,430496454249.17303,59122052153.02451,0.0,3533062166.7274637,3039280024.1285152,489618506402.1976,0.0,99194.36781772005,-144242896237.54224,-147775958404.2697
russia,2094,7710534047574.255,104376299.27613865,6750875.038532303,307761635736.7318,371407631432.67566,45906502174.63291,28324288964.089596,0.0,109037924926.16795,390693065505.8531,26621068101.455536,116808.85315073546,-82931429769.12128,-81228208906.48721
mena,2094,14474608150846.053,240388121.81840584,0.0,826994172707.5831,792107312543.0239,199274092798.79654,0.0,14337938176.561934,3104104199.5755754,991381405341.8204,0.0,117210.91334242317,-164387232634.2373,-178725170810.79922
ssa,2094,16680405943970.432,1448680054.0875812,0.0,757455528277.9847,756819151349.2,102147546639.67458,0.0,11170880923.583206,9126406519.098288,858966697988.8745,0.0,62848.8580589418,-101511169710.88977,-112682050634.47298
us,2095,33012201151664.91,144312362.96553314,36750831.3817175,1207400299834.0024,1607244527035.8452,185465950312.69473,450375064202.0201,0.0,5680652394.666872,1341528313168.9417,451182164179.59814,174796.96067908395,-134128013334.93921,-134935113312.51727
oecd-ex-us,2095,28099843341077.316,191458192.7191852,34548305.0997889,1044052331590.6816,1379508040674.014,153984841093.8913,259052763222.65985,0.0,3968187363.400985,1252809674246.7603,280683207521.14594,151904.61396633636,-208757342656.0786,-230387786954.5647
china,2095,7594898550078.095,119331609.44446926,0.0,238254519975.19382,427513868141.7171,46772314413.44154,0.0,4473325739.418256,1766783645.1041422,474286182555.1586,0.0,125534.11228812842,-236031662579.9648,-240504988319.38306
india,2095,14844271260132.953,661861087.4635636,0.0,762014177327.2239,791852601425.9908,172251814056.34875,0.0,26677085256.923058,3941681491.939249,964104415482.3396,0.0,86183.11035635007,-202090238155.11572,-228767323412.0388
latam,2095,6842673338069.458,159943349.01494053,0.0,276587569821.58386,351537920044.00195,49511470455.60678,0.0,7062000877.905869,101763833145.2989,401049390499.60876,0.0,105354.04123117104,-124461820678.0249,-131523821555.93077
seasia,2095,8340902214391.745,213123578.47291765,0.0,338652285346.63586,423719767177.0447,59391063769.24457,0.0,3676467454.898374,119754874947.77426,483110830946.28925,0.0,101526.73975543592,-144458545599.65338,-148135013054.55176
russia,2095,7630278107419.437,103386664.74919736,6752602.680257134,303470006131.2974,367725599613.99713,45373933188.31992,27168379120.02638,0.0,2205207396.1717834,386461328850.0238,26638203952.29315,119262.62254772204,-82991322718.72638,-82461147550.99315
mena,2095,14303758567333.818,237797325.34844983,0.0,815691786320.9755,782519659341.7804,196755495980.8675,0.0,10302147780.46868,3035933269.900524,979275155322.648,0.0,119666.9606816866,-163583369001.6725,-173885516782.14117
ssa,2095,16573214781238.057,1456862763.8845959,0.0,749669232707.7777,753156562042.4824,101391320770.9401,0.0,11189056024.18253,8876543397.439892,854547882813.4225,0.0,64768.47354701784,-104878650105.64478,-116067706129.8273
us,2096,32870815809215.363,143624924.80662054,36771986.79429606,1200809324500.8147,1600723025707.8765,184569709784.21603,437892865333.7222,0.0,5205203208.004002,1333769071089.6091,451523664402.48157,177432.6712859258,-132959746588.79443,-146590545657.55377
oecd-ex-us,2096,27876136683598.047,189745750.01462525,34434313.844449535,1034547146794.3949,1368107826040.8374,152596371055.50708,258476839778.22885,0.0,3973553044.41063,1241196410617.2456,279507786479.0982,154520.15071064697,-206649263822.8507,-227680210523.72006
china,2096,7361173202672.74,115914368.29168569,0.0,229324344469.20282,414458952589.4294,45203827378.550896,0.0,5213512475.962834,1826600569.3881032,459662779967.9803,0.0,128061.3428901945,-230338435498.77747,-235551947974.7403
india,2096,14620463296822.125,651938942.6193618,0.0,748332397577.2736,780192869576.3842,169449468832.3342,0.0,26518152764.788525,4020130285.402494,949642338408.7184,0.0,88415.52976846676,-201309940831.44482,-227828093596.23334
latam,2096,6714635514405.376,156887334.39102077,0.0,271024157478.1416,345052234977.11115,48548967724.50153,0.0,7063523373.53111,1602744932.9208674,393601202701.6127,0.0,107757.90847516365,-122577045223.47107,-129640568597.00218
seasia,2096,8196802585316.574,209498393.9336459,0.0,331973725986.3566,416473925502.4625,58291111085.56265,0.0,4267300183.1167207,2958981709.6167912,474765036588.02515,0.0,103900.93501527626,-142791310601.66852,-147058610784.78525
russia,2096,7547910219276.86,102377629.0982747,6739930.672737224,299109285942.6613,363937210099.6293,44831894192.03041,25044768809.26569,0.0,2247161397.1587276,382166461203.1338,26602643088.525738,121757.1606687399,-83057175260.47247,-84615049539.73253
mena,2096,14130987735938.088,235167167.96878362,0.0,804431162708.4309,773155033576.232,194289378254.49747,0.0,12630708326.33871,2873126052.909308,967444411830.7295,0.0,122163.7538203148,-163013249122.29858,-175643957448.6373
ssa,2096,16464385366857.975,1449570090.9490135,0.0,741828942658.7369,749294875244.5623,100611284425.74251,0.0,9653547976.333836,8901350607.826017,849906159670.3048,0.0,66731.5064450685,-108077217011.56787,-117730764987.9017
us,2097,32736672175854.797,142952269.81022462,36801544.51766665,1194062528318.8208,1593965211581.3887,183552642369.18567,443854377654.609,0.0,5457314616.581481,1325999520581.661,451518333368.9126,180107.91551507643,-131936992262.84009,-139600947977.14368
oecd-ex-us,2097,27659267938183.07,188068692.86156482,34339174.63495067,1024793462427.9729,1356654670229.3406,151173455441.48633,262190304372.7262,0.0,3975613455.189395,1229547057536.6958,278281068134.1322,157175.5754356251,-204753595108.7229,-220844358870.1289
china,2097,7132837909678.458,112558237.88572188,0.0,220380195239.76376,401495168620.094,43652055617.98595,0.0,5192827255.313449,1624563259.346291,445147224238.07996,0.0,130629.56892479447,-224767028998.3162,-229959856253.62964
india,2097,14397403379093.137,642100496.6451759,0.0,734745160217.9668,768552813817.4365,166658311574.83566,0.0,26390005127.912716,3796052573.235325,935211125392.2722,0.0,90691.23959048404,-200465965174.30542,-226855970302.21814
latam,2097,6588645084311.966,153883596.3588788,0.0,265503052104.85992,338622544517.45264,47597869725.83047,0.0,6790000495.88988,1516932540.9042695,386220414243.2831,0.0,110203.94183410333,-120717362138.42316,-127507362634.31303
seasia,2097,8054854818149.833,205919213.73809004,0.0,325378180667.0958,409245717562.04956,57197795813.88408,0.0,3706479590.67852,2824045132.7726574,466443513375.93365,0.0,106317.52961062205,-141065332708.83783,-144771812299.51636
russia,2097,7467074608302.343,101369118.81287418,6736605.261510892,294729882759.6177,360067854578.9025,44271444875.43241,26580313838.86911,0.0,2193491881.3376255,377819128855.9542,26520170598.3808,124293.03909059986,-83089246096.33655,-83029102855.84824
mena,2097,13958372581358.213,232520687.94227004,0.0,793151873788.0471,763686220117.2737,191793547187.01215,0.0,13112089890.978682,2824828827.344913,955479767304.2859,0.0,124701.86434913432,-162327893516.23877,-175439983407.21744
ssa,2097,16351510021300.717,1441914094.1757312,0.0,733938623598.9598,745312618507.8844,99822901406.60739,0.0,10326993235.285986,8648543993.557276,845135519914.4918,0.0,68738.59925593257,-111196896315.53198,-121523889550.81796
us,2098,32590033784120.887,142246671.62351677,36792342.6724099,1187153018157.3223,1587296970126.7932,182563081066.99512,430730213117.997,0.0,5338428184.559229,1318205524092.381,451654527101.4058,182823.28635529845,-131052505935.05884,-151976819918.46765
oecd-ex-us,2098,27445797437104.184,186400325.79543322,34238086.83615527,1014888678340.3864,1345382939250.073,149783082794.2528,262987641422.22073,0.0,3819201202.8082156,1217834683487.7844,277331338556.54205,159871.4767396942,-202946005147.39807,-217289702281.7194
china,2098,6910705029212.355,109257543.9903718,0.0,211540373771.333,388685040938.53723,42124777812.91088,0.0,4426565515.195739,1563130029.2082157,430809818751.4481,0.0,133239.37128458417,-219269444980.1151,-223696010495.31085
india,2098,14347258811905.895,632312697.4809345,0.0,721301191478.3734,757229543283.1641,165750192623.6827,0.0,26843250769.825554,178377228011.0599,922979735906.8468,0.0,93010.83887746603,-201678544428.4734,-228521795198.29895
latam,2098,6464484446614.808,150927077.37454987,0.0,260043957571.6048,332257726471.05566,46659402998.22914,0.0,6777647497.1705,1490181697.690306,378917129469.2848,0.0,112692.72364453526,-118873171897.68,-125650819394.8505
seasia,2098,7914384019598.925,202369250.85746646,0.0,318899955094.7735,402091208038.3305,56118796166.17621,0.0,3955257179.2911615,2794507738.112821,458210004204.5067,0.0,108777.10770447258,-139310049109.73322,-143265306289.02438
russia,2098,7383850668671.173,100329620.21315803,6712008.88037619,290364067966.8707,356212259977.38885,43726581935.65578,24158251394.214317,0.0,2192582920.7802773,373420861053.2516,26517980859.793205,126870.83799070204,-83056793086.38086,-85416522551.95975
mena,2098,13787796423099.393,229885643.65749153,0.0,781984560025.4896,754230303472.9751,189292431587.02286,0.0,11839034168.503416,2801050944.188295,943522735059.9979,0.0,127281.87246639207,-161538175034.5083,-173377209203.01172
ssa,2098,16235953544116.664,1433970750.0721822,0.0,726004827808.6766,741112545161.9929,99012849742.9146,0.0,9849758878.023645,8413848790.213746,840125394904.9075,0.0,70790.40079389472,-114120567096.23083,-123970325974.25449
us,2099,32450646581861.613,141552174.59390536,36788885.25443783,1180174229790.2385,1580012586045.2388,181535766153.73987,437106192841.2366,0.0,4880727308.197566,1310407380477.2024,451140971721.7764,185579.38569043114,-130233150686.96387,-144267929567.50372
oecd-ex-us,2099,27227527512536.496,184719827.17151782,34113452.16343877,1004765489123.9773,1334063923700.5605,148389526263.74265,255665614672.9378,0.0,3752421599.7220287,1206051965413.1963,276401484551.1062,162608.45215491657,-201286476289.219,-222022346167.3874
china,2099,6816272711704.337,106000680.42046173,0.0,202902700596.09317,378730762375.0593,42165703153.361404,0.0,4601233606.190786,128162681030.49629,420896465528.4207,0.0,135891.3396914031,-217993764932.32755,-222594998538.51834
india,2099,14125293000481.121,622641302.9515048,0.0,708079866823.945,745684040572.6956,162951362940.53986,0.0,25351323454.321335,3941048718.8298593,908635403513.2354,0.0,95374.93434667916,-200555536689.2904,-225906860143.61176
latam,2099,6342412462807.435,148024430.06024924,0.0,254657177748.81482,325952608812.83453,45732764683.08143,0.0,6479887347.130383,1436099286.860933,371685373495.91595,0.0,115224.84466508975,-117028195747.10114,-123508083094.23152
seasia,2099,7775669694547.719,198858406.03871694,0.0,312542385471.0758,394981998691.4856,55052193667.89822,0.0,3865668327.8714647,2643150164.9777474,450034192359.3838,0.0,111280.26176051899,-137491806888.30798,-141357475216.17944
russia,2099,7301654854355.542,99288615.42331548,6695729.253653122,286036461158.9097,352241542250.66815,43159653293.72608,25104786443.28079,0.0,2064133626.5749803,368980758322.40564,26420437221.98861,129491.14628787698,-82944297163.49591,-84259947942.20374
mena,2099,13782100126027.617,227228066.6767274,0.0,770934390135.2007,744973050648.6305,188606322927.30307,0.0,13175642508.98226,170124328877.93814,933579373575.9336,0.0,129904.36711839252,-162644983440.7329,-175820625949.71518
ssa,2099,16117365669372.482,1425691186.75952,0.0,718044237106.0103,736747939579.7433,98181446737.07782,0.0,10301706097.524035,8598980564.149956,834929386316.821,0.0,72887.56633592842,-116885149210.81079,-127186855308.33482
us,2100,32295743220126.918,140818233.5647457,36741048.42534693,1173174232502.22,1572749814558.2686,180499225814.8926,419600246746.1643,0.0,5571199390.0932,1302608892506.1863,450640147866.9757,188376.82443281286,-129434660003.96631,-160474561124.7777
oecd-ex-us,2100,27006435379962.777,186422789.44103664,34628390.83358494,994437488913.7894,1322415237527.5374,146987090144.80084,250227890128.50327,0.0,3644816056.320149,1194237356762.811,275164970909.52563,165387.10828057534,-199799867849.0216,-224736948630.04398
china,2100,6601287417938.696,102797482.53096147,0.0,194542507757.46207,366284316076.31604,40655966886.94608,0.0,4197986442.0085745,1610467882.173007,406940282963.26215,0.0,138586.07283599087,-212397775205.80008,-216595761647.80865
india,2100,13903775527710.516,613021842.540835,0.0,695064885776.6776,734263913075.0768,160182819197.61377,0.0,25786203269.201836,3650576994.6185164,894446732272.6906,0.0,97784.1405383757,-199381846496.01294,-225168049765.21478
latam,2100,6222025966516.395,145165880.36417943,0.0,249356975727.35162,319729377235.7083,44820832877.56215,0.0,6560571339.450023,1367309434.3244948,364550210113.27045,0.0,117800.90422697247,-115193234385.91882,-121753805725.36885
seasia,2100,7638544234345.207,195378828.3929566,0.0,306312212211.52277,387948244156.33624,53999904451.439384,0.0,4100549260.2367682,2611025453.974273,441948148607.77563,0.0,113827.59269597149,-135635936396.25287,-139736485656.48962
russia,2100,7220151920505.15,99857701.32540995,6795201.385732488,281792807321.417,348240401758.1699,42591841964.936966,25420522836.98793,0.0,2115979714.308768,364510979506.48035,26321264216.626663,132154.56178498504,-82718172185.06335,-83618913564.70209
mena,2100,13609555454117.064,224560700.73311943,0.0,759999952109.1333,735649723735.1609,186091193713.30014,0.0,13568178451.046888,2764471879.8209953,921740917448.461,0.0,132569.94614189598,-161740965339.32776,-175309143790.37463
ssa,2100,15997169285558.951,1417209265.9597104,0.0,710075662695.4298,732192266456.8959,97333705714.65378,0.0,9069013445.042923,8322939107.628887,829525972171.5497,0.0,75030.75777647289,-119450309476.11987,-128519322921.1628
