region,year,stock,head,imm_head,investment,depreciation,writeoff,mig_in,mig_out,revaluation,charge_own,charge_imm,gdppc,net_own,net_total
us,2025,19194020848179.87,163468667.3197481,0.0,0.0,0.0,0.0,0.0,0.0,0.0,0.0,0.0,61050.561392568336,0.0,0.0
oecd-ex-us,2025,24587315589330.13,382715206.5144276,0.0,0.0,0.0,0.0,0.0,0.0,0.0,0.0,0.0,40746.2474376583,0.0,0.0
china,2025,23247069136112.273,754690317.0381244,0.0,0.0,0.0,0.0,0.0,0.0,0.0,0.0,0.0,23526.530999766437,0.0,0.0
india,2025,4945598960309.14,758253586.7746348,0.0,0.0,0.0,0.0,0.0,0.0,0.0,0.0,0.0,7962.740251283043,0.0,0.0
latam,2025,4903773130945.865,304226941.7672932,0.0,0.0,0.0,0.0,0.0,0.0,0.0,0.0,0.0,14201.148310712375,0.0,0.0
seasia,2025,4745578536817.545,338611634.74681383,0.0,0.0,0.0,0.0,0.0,0.0,0.0,0.0,0.0,12765.330691481528,0.0,0.0
russia,2025,5137662873993.751,139645266.8252507,0.0,0.0,0.0,0.0,0.0,0.0,0.0,0.0,0.0,20297.66333329072,0.0,0.0
mena,2025,4418951426384.29,222635280.40974152,0.0,0.0,0.0,0.0,0.0,0.0,0.0,0.0,0.0,20496.517103421746,0.0,0.0
ssa,2025,1112384097037.8423,444568199.96648616,0.0,0.0,0.0,0.0,0.0,0.0,0.0,0.0,0.0,3497.158670690358,0.0,0.0
us,2026,19179192624820.47,166927858.18050712,942258.3709978287,870387651382.7861,960774098229.0658,106119408663.04073,176504380724.95407,0.0,5173251424.954091,1066893506892.1066,0.0,61980.16024673619,-196505855509.32043,-20001474784.366364
oecd-ex-us,2026,24386941243059.832,388233867.8746305,1321888.7014311934,993889923699.2811,1230784389229.0178,131867896667.5688,162996353310.001,0.0,5391662616.997696,1362652285896.5867,0.0,41618.333088470004,-368762362197.30554,-205766008887.30453
china,2026,23108857458447.453,761889093.3617086,0.0,1135576932672.132,1168899107074.1494,125094080571.61751,0.0,9001642649.096735,29206219957.904644,1293993187645.7668,0.0,24228.855750619772,-158416254973.63477,-167417897622.7315
india,2026,5299738576086.756,778397660.6508629,0.0,737014781689.8948,292647355612.898,68176922355.42869,0.0,25351629159.34626,3300741215.3951283,360824277968.3267,0.0,8334.796268499304,376190503721.56805,350838874562.2218
latam,2026,5002949339648.694,309911307.48782,0.0,402895437287.2028,259816294749.5933,37610427504.47603,0.0,8299862544.1759615,2007356213.8681383,297426722254.06934,0.0,14736.250277982586,105468715033.13348,97168852488.95752
seasia,2026,4899676956721.189,345582264.2807318,0.0,441983393464.2294,251751362428.33142,35873655701.96494,0.0,2538724260.6698794,2278768830.3749733,287625018130.2964,0.0,13267.526588403778,154358375333.93298,151819651073.2631
russia,2026,5151200927644.41,142376758.5560886,203659.67093260528,287321436889.5035,258216689818.91852,30083782138.60024,12092954412.088284,0.0,2424134306.5845923,288300471957.51874,0.0,20949.93751363234,-979035068.0152588,11113919344.073025
mena,2026,4776210882778.303,229863247.38124976,279603.65663837205,671487459788.6611,264516033711.1318,67529991626.184494,14825072174.76749,0.0,2992949767.901705,332046025337.3163,0.0,21152.088069819238,339441434451.34485,354266506626.11237
ssa,2026,1305347993076.189,471103577.885815,0.0,261005248010.9081,59903469861.56839,8020250518.799441,0.0,1519577442.8443007,1401945850.6503332,67923720380.36783,0.0,3706.02193117199,193081527630.54028,191561950187.69598
us,2027,19154975962604.664,169202027.075986,1876385.109310421,862133223040.1279,961443619322.721,106453589735.05565,176052495369.80276,0.0,5494828432.049581,1060616703371.2728,7280505686.503792,62923.70303705832,-198483480331.1449,-29711490647.845924
oecd-ex-us,2027,24179914064401.71,389236706.9107023,2618449.35617851,983773061001.9706,1225943139550.4485,130813660565.78497,160740532004.4043,0.0,5216028451.731351,1350216676336.074,6540123780.159311,42505.07432557021,-366443615334.1034,-212243207109.8584
china,2027,23288722954855.383,758191416.477752,0.0,1100352983024.1245,1160364466732.833,127055882173.75395,0.0,7596061736.334186,374528924026.75433,1287420348906.587,0.0,24946.710040432743,-187067365882.4624,-194663427618.7966
india,2027,5640871332015.312,788062357.0266844,0.0,736705692574.7649,302077058477.2553,74486723185.9885,0.0,22373713322.5793,3364558339.6118684,376563781663.2438,0.0,8720.209769160245,360141910911.5211,337768197588.94183
latam,2027,5096660040435.477,311483914.8849567,0.0,399612790496.6751,261853162914.17676,38312708561.54393,0.0,7708962738.763177,1972744504.5932953,300165871475.7207,0.0,15286.446916063733,99446919020.9544,91737956282.19122
seasia,2027,5046286119210.616,348088049.0115688,0.0,438535040972.5645,255394269521.4462,36761531833.15649,0.0,2033948526.3558047,2263871397.8233023,292155801354.60266,0.0,13784.578329939995,146379239617.96185,144345291091.60605
russia,2027,5162855645693.859,144123489.48086154,395955.13785177254,286500562461.77356,258488234523.82336,30159397822.763306,11489046986.927982,0.0,2312740947.336082,288145262272.8655,502370073.721204,21617.743494906772,-1644699811.091919,9341977102.114859
mena,2027,5109810772669.998,234164379.23420942,418506.85678743233,673011835404.3643,275035787619.17,73693970050.73547,7636381128.577552,0.0,1681431028.6568687,347865202227.6754,864555442.2299817,21823.19412143207,325146633176.68884,331918458863.03644
ssa,2027,1497797477895.57,492510972.63810176,0.0,267892690010.89746,64946303460.77992,9014684865.75301,0.0,2842568138.7725816,1360351273.7894669,73960988326.53293,0.0,3924.81990741194,193931701684.36453,191089133545.59195
us,2028,19128179916993.266,170354467.2650064,2842353.5494088484,853669960468.8936,961883752311.2834,106720679922.27795,183098896182.13797,0.0,5039529971.131251,1054118186329.4429,14486245904.118597,63881.398876560765,-200448225860.54932,-31835575582.529945
oecd-ex-us,2028,23963952934022.105,388436174.8888486,3879883.9902781122,972079219308.6499,1220805432574.919,129696010210.92844,157274335728.18735,0.0,5186757369.394981,1337557599693.5378,12943843092.31001,43406.67576409311,-365478380384.88794,-221147887749.0106
china,2028,23072173553691.613,751843667.4032925,0.0,1062750433687.3771,1153864380959.431,125363566601.00847,0.0,9203895437.729616,9132008147.009506,1279227947560.4395,0.0,25680.32047045773,-216477513873.06238,-225681409310.792
india,2028,5967879263497.74,796680883.1263683,0.0,736039325164.5485,311518820132.54047,80451384714.4123,0.0,20009392934.23235,2948204099.0684867,391970204846.95276,0.0,9119.297570303788,344069120317.5957,324059727383.36334
latam,2028,5183976773960.389,312103868.30987054,0.0,396122100987.39435,263832671592.06808,38954441719.1478,0.0,7958408001.790846,1940153850.5225365,302787113311.2159,0.0,15852.009111984375,93334987676.17847,85376579674.38762
seasia,2028,5184832016298.172,349660894.81288093,0.0,434689598896.3165,258954562444.61023,37593627349.10424,0.0,1853834226.700116,2258322211.654422,296548189793.7145,0.0,14316.766516730313,138141409102.60205,136287574875.90193
russia,2028,5172726153890.024,144777111.9619711,594167.579708478,284680301350.7515,258720908976.83414,30222546221.044926,11908688589.725784,0.0,2224973453.567972,287968043051.08044,975412146.7986149,22301.31967664412,-3287741700.3289185,7645534742.598251
mena,2028,5420910449625.212,237623537.87466073,419827.5715987916,673529403418.4595,285093610497.9065,79458423527.01158,459324082.94896805,0.0,1662983478.7215936,363265211718.2953,1286822306.6227958,22510.072830855686,310264191700.1642,309436693476.49036
ssa,2028,1690106647626.9543,513999374.0544561,0.0,274636767618.89194,70090222286.59705,10010530146.175446,0.0,3521332770.9378943,1294487316.2029676,80100752432.77249,0.0,4153.888135378867,194536015186.11945,191014682415.18155
us,2029,19086149955980.754,171400651.4481304,3774077.2297177645,844075790609.9258,962349682867.6261,106938270466.85503,177814545649.813,0.0,5367656062.2257185,1047364199358.605,21923753975.876186,64853.46001565609,-203288408748.6792,-47397617074.7424
oecd-ex-us,2029,23733989653690.78,387426511.0286184,5087325.642529353,957255192073.4495,1215288590672.7915,128506380480.7028,151472409342.7854,0.0,5104089405.953402,1324633150844.7026,19161820308.791637,44323.34507815357,-367377958771.2532,-235067369737.2594
china,2029,22823758407951.0,744989866.8142389,0.0,1020444405852.4851,1146420006400.9343,123523134697.06364,0.0,7823620635.064273,8907210139.95072,1269943141097.998,0.0,26429.915961202536,-249498735245.51294,-257322355880.5772
india,2029,6346290677270.717,804922509.6174788,0.0,733503351004.0249,319976251621.549,86826854076.1752,0.0,19255946327.63218,70967114794.31065,406803105697.72424,0.0,9532.379329332112,326700245306.30066,307444298978.66846
latam,2029,5264541184200.684,312581301.04755485,0.0,391597851387.5213,265706658910.1445,39530815423.66964,0.0,7709620238.433313,1913653425.0213332,305237474333.81415,0.0,16433.209741931896,86360377053.70715,78650756815.27383
seasia,2029,5313729854952.134,351051384.62470686,0.0,429751516810.4007,262406228963.22113,38371587589.96888,0.0,2149457094.546519,2073595491.2964404,300777816553.19,0.0,14864.373793171797,128973700257.2107,126824243162.66417
russia,2029,5179284023190.792,145369431.3047525,788946.8684586942,281695055968.84814,258923290594.34464,30269967674.161064,11776261458.293545,0.0,2279810142.1275096,287731566055.7988,1461692212.706837,23000.90659669084,-6036510086.950684,4278059158.6360245
mena,2029,5774838806291.437,240888687.5383607,412195.9140167369,672089005113.2404,293722165943.75397,85543462858.12007,0.0,2707587965.8817587,63812568320.74439,377997967045.4725,1267661756.401603,23212.963919281494,294091038067.7679,290115788345.4845
ssa,2029,1896190490792.1436,535810725.3552602,0.0,280925703864.0988,75023363009.28783,11198744923.943384,0.0,3607267233.087717,14987514467.408503,86222107933.23122,0.0,4393.567717593679,194703595930.8676,191096328697.7799
us,2030,19034829152406.406,171673992.0823647,4706906.758866999,833669638305.7281,962372575381.5964,107083123160.27177,179176164362.2608,0.0,5289092299.531082,1040340064128.6982,29115634413.169884,65840.10188919432,-206670425822.9701,-56609895873.87917
oecd-ex-us,2030,23491819572302.824,385424359.7734961,6272177.251225639,939757724711.4391,1209229983542.736,127257585729.7774,149562362968.42487,0.0,4997400204.702563,1311351870546.6785,25135698725.83527,45255.29305182552,-371594145835.2394,-247167481592.64978
china,2030,22540441402808.8,737332396.7192405,0.0,974788507965.7922,1138057830028.7515,121531510724.32199,0.0,7359525289.542432,8843352934.647593,1259589340753.0735,0.0,27195.727807779884,-284800832787.28125,-292160358076.82367
india,2030,6639107912982.765,812569440.6706854,0.0,729223587279.8358,329044440283.72156,92063888028.77687,0.0,18420520163.45282,3122496908.1583343,421108328312.4984,0.0,9959.777508732528,308115258967.3374,289694738803.8846
latam,2030,5409964277302.264,312799955.1427212,0.0,386064498646.6134,266766469311.25745,40783575222.68726,0.0,7687125224.164046,74595764213.0759,307550044533.9447,0.0,17030.323695723804,78514454112.6687,70827328888.50465
seasia,2030,5501642750522.552,352185041.93628347,0.0,423800658618.4929,264899218206.15692,39829183517.78916,0.0,1514326666.4811506,70354965342.34839,304728401723.9461,0.0,15427.68486150673,119072256894.54681,117557930228.06566
russia,2030,5255681832402.389,145577058.72535425,972241.6782324542,277965921164.71606,258281360349.8519,31098495007.977707,11232233852.769289,0.0,76579509551.94609,287463380946.38226,1916474411.447377,23716.746981368073,-9497459781.666199,-181700340.34428668
mena,2030,6044726505775.208,243805653.31474546,404195.2345990645,668724695849.3527,302776741958.35345,90560669925.07419,0.0,7167633059.937019,1668048577.781127,392100355235.7186,1237056647.7090244,23932.10930710392,276624340613.63403,268219650905.988
ssa,2030,2087798959299.0967,557830141.2240518,0.0,286740640924.4185,80363537144.24748,12203595877.842926,0.0,3843433738.9908357,1278394343.6169317,92567133022.09041,0.0,4644.205249223411,194173507902.32812,190330074163.33728
us,2031,19281153944033.78,171891756.55106536,5640791.760934183,824169935654.6006,959559479490.6056,110023711881.30315,181690915214.7209,0.0,310047132129.9589,1033739335873.2242,35843855498.68445,66841.54316421963,-209569400218.62366,-63722340502.58722
oecd-ex-us,2031,23633235428378.277,383223143.7930045,7412558.007282005,922092558497.4724,1200190783362.4836,129500099306.80605,145873453556.11377,0.0,403140726691.13025,1299101678535.486,30589204133.803757,46202.73363074432,-377009120038.0137,-261724870615.70367
china,2031,22221882548669.29,741542873.8626046,0.0,928949647484.5809,1128652194423.0427,119380167830.02094,0.0,8128395892.801512,8652256521.767939,1248032362253.0637,0.0,27977.989736417916,-319082714768.4828,-327211110661.2843
india,2031,6913485386568.338,819713433.1027505,0.0,724699367867.9742,337880925910.2747,96914467770.85252,0.0,18444479320.636078,2917978719.363002,434795393681.12726,0.0,10401.817343343451,289903974186.847,271459494866.2109
latam,2031,5475143523772.146,312854124.4686533,0.0,380315620011.89197,268357627149.71997,41216731166.951385,0.0,7526672740.16953,1964657514.831429,309574358316.6714,0.0,17643.627903711116,70741261695.22058,63214588955.05105
seasia,2031,5611118002338.514,353113781.3179586,0.0,417398759947.5338,267990452086.01837,40472079719.313934,0.0,1667358622.3463564,2206382296.1106725,308462531805.3323,0.0,16006.98649853841,108936228142.20154,107268869519.85518
russia,2031,5252322283293.768,145695400.7844581,1130876.4403066088,273898380889.5139,258285956629.30713,31104273286.999233,9835103100.62798,0.0,2297196817.540837,287026295977.58154,2363933938.7247915,24449.08579715517,-13127915088.067657,-5656745926.16447
mena,2031,6296865381865.94,246572763.92365572,396173.14328616235,664581760608.7473,311348830174.4054,95190114539.1279,0.0,7584569214.677488,1680629410.196356,405331024756.02423,1207919957.5090218,24667.753166027112,259250735852.72308,250458246680.53656
ssa,2031,2278845684601.4727,580118738.5945679,0.0,292405186875.1032,85818894402.82547,13209628497.273596,0.0,3586909514.3075747,1256970841.6791098,99028522900.09906,0.0,4906.152742525057,193376663975.00415,189789754460.69656
us,2032,19216410257117.03,172062929.91921562,6581196.280842045,815092919437.3306,959161880731.6724,109471222660.98587,183354753484.033,0.0,5441743554.542292,1026271097558.8396,42362005833.81841,67858.00578844365,-211178178121.50903,-70185430471.29446
oecd-ex-us,2032,23367956828089.105,380870004.34571177,8550942.835606849,904457596171.4753,1193204227062.4766,127605189559.12811,145857432327.6112,0.0,5215787833.371375,1285144762300.74,35664654320.864975,47165.883974343735,-380687166129.26465,-270494388122.51843
china,2032,21867071856459.16,732723347.3102483,0.0,879884542855.7045,1118143940219.3323,117072255118.60547,0.0,7876860560.386558,8397820832.49275,1235216195337.9377,0.0,28776.937962116455,-355331652482.2333,-363208513042.6198
india,2032,7169726041518.55,826338919.2649544,0.0,719921176365.9639,346435715901.30615,101378155300.88351,0.0,18845478594.01782,2978828380.4545474,447813871202.1897,0.0,10858.826810265658,272107305163.77417,253261826569.75635
latam,2032,5532631040664.86,312742178.7282213,0.0,374387873467.59015,269806133166.1116,41579657315.23559,0.0,7400685225.949867,1886119132.4205048,311385790481.34717,0.0,18273.401366102265,63002082986.24298,55601397760.29311
seasia,2032,5709926791204.899,353827283.38584036,0.0,410203414862.50146,270889719352.10626,41041692146.010086,0.0,1676663376.5082006,2213448878.5093474,311931411498.11633,0.0,16602.567574975026,98272003364.38513,96595339987.87694
russia,2032,5246304413640.313,145771527.16972598,1318888.7448440369,269254164699.68628,258138292095.58234,31040356986.421734,11610244077.158777,0.0,2296370651.7009435,286465013628.74445,2713635453.2595797,25198.170303876817,-17210848929.058167,-8314240305.158969
mena,2032,6530717067794.72,249174194.4614281,392235.7890137927,659649972807.7643,319623407721.75726,99335104657.96335,0.0,8483616273.72192,1643841774.4567478,417930217684.52026,1028294695.2003851,25420.141972649904,241719755123.24402,232207844154.32172
ssa,2032,2468426419645.923,602575724.6019938,0.0,297929782694.2303,91400462213.09639,14218060609.099466,0.0,4006719644.223153,1276194816.6380277,105618522822.19586,0.0,5179.767549924288,192311259872.03442,188304540227.81128
us,2033,19144598200831.82,172184467.95959496,7522467.93853594,806327198231.9006,958611426853.3549,108924857791.37413,184031309797.02884,0.0,5365720330.59493,1018566167399.9429,48970117244.78588,68889.71503944589,-212238969168.04224,-77177776615.79929
oecd-ex-us,2033,23092789004409.875,378357450.3197935,9673663.343083126,887113671732.2197,1185839107980.7285,125707993955.86635,144213366150.11203,0.0,5052240375.01383,1270771896650.233,40775205286.36186,48144.96450873834,-383658224918.0132,-280220064054.263
china,2033,21475677408348.074,723297964.7416354,0.0,829482074842.9585,1106504417585.466,114606702770.35773,0.0,7905007321.651337,8139604723.439452,1221111120355.8237,0.0,29592.811247434103,-391629045512.86523,-399534052834.5166
india,2033,7409008604162.974,843309144.6227541,0.0,715032185255.9846,354692414495.419,105469062788.3822,0.0,18458418841.066593,2870273513.305564,460161477283.8012,0.0,11331.136601512213,254870707972.1834,236412289131.11682
latam,2033,5582614046582.725,312466572.67143697,0.0,368327004645.1795,271105414305.4706,41872238181.79594,0.0,7237496508.75047,1871150268.703384,312977652487.26654,0.0,18919.925184693802,55349352157.912964,48111855649.16249
seasia,2033,5798065126070.515,354318916.4148584,0.0,402880339963.62476,273583099741.4157,41534495432.60298,0.0,1890215648.8517807,2265805724.862224,315117595174.0187,0.0,17214.719077399044,87762744789.60608,85872529140.7543
russia,2033,5235422011540.962,145769328.88014534,1504478.2852830556,264222102391.94702,257937878049.4457,30964671457.718624,11502822895.819542,0.0,2295222120.049706,285762992960.9048,3139556546.259602,25964.250109372333,-21540890568.957764,-13177624219.397823
mena,2033,6746457357438.807,251609400.35270226,390292.41200341843,653934782307.9971,327568577955.93475,103223335586.99207,0.0,9010038089.645945,1607458968.6650057,429850731468.164,941182074.7628739,26189.52456350803,224084050839.83307,214132830675.42426
ssa,2033,2656499210690.6353,625206100.31962,0.0,303312975412.7454,97077512718.66643,15223940499.908575,0.0,4222683057.6286736,1283951908.172111,112301453218.575,0.0,5465.412286013566,191011522194.1704,186788839136.54175
us,2034,19068347111096.94,172271176.46334502,8483965.697725134,796270491917.8799,957879307851.7909,108363094332.3152,188423069027.37238,0.0,5297751503.9822035,1010638028357.5796,55604373826.52658,69936.8995746124,-214367536439.6997,-81548841238.85391
oecd-ex-us,2034,22808026815320.45,375689571.5816182,10790113.463977408,868537482135.8798,1178046605780.567,123820572843.72151,143821918314.79706,0.0,4745589084.201806,1256003113868.705,45864064755.58371,49140.198980262394,-387465631732.8253,-289507778173.61194
china,2034,21049442768097.65,713284696.3667156,0.0,778141526537.227,1093688214243.4457,111972768775.60323,0.0,7028542549.480473,8313358780.87169,1205660983019.0488,0.0,30425.850962392054,-427519456481.8218,-434547999031.30225
india,2034,7629289873360.751,848883057.588409,0.0,709498927935.8884,362685600650.0985,109209096744.06006,0.0,20244914801.21383,2921953457.2639494,471894697394.15857,0.0,11819.080099483755,237604230541.72986,217359315740.51602
latam,2034,5624733209696.959,312020751.29281735,0.0,361555340127.021,272254794381.7256,42097695529.70171,0.0,6908068803.094695,1824381701.7341611,314352489911.4273,0.0,19583.48259699224,47202850215.59369,40294781412.49899
seasia,2034,5875888991134.785,354604294.4841153,0.0,395394923972.7125,276062537302.8127,41956163821.69306,0.0,1675209443.1834846,2122851659.2455657,318018701124.50574,0.0,17843.734132856633,77376222848.20679,75701013405.0233
russia,2034,5219286481411.904,145682734.08132687,1688257.7756402784,258626974942.6149,257608073092.29803,30863700295.223213,11436146337.64501,0.0,2273121978.2046843,284910520878.7021,3561252508.8191485,26747.577225625948,-26283545936.08719,-18408652107.261326
mena,2034,6943183877005.913,257150528.39203757,388246.03681806213,646936380367.5725,335179893154.62335,106853431927.64612,0.0,9777380715.867157,1600844997.66746,441096748632.15015,936576450.1192871,26976.152191552625,205839631735.42236,195125674569.4359
ssa,2034,2843097054931.7114,653333126.0617926,0.0,308280404109.01434,102852921370.23024,16228540143.278055,0.0,3890660526.2932563,1289562171.8630924,119081461513.5083,0.0,5763.4547487528625,189198942595.50604,185308282069.2128
us,2035,18979841969457.434,172283115.77298224,9430674.631918637,784824694075.4316,957060830434.476,107843573467.89455,186354098570.67468,0.0,5220469616.756929,1002450554192.3988,62453849709.97197,70999.79148182356,-217625860116.96716,-93725611256.26445
oecd-ex-us,2035,22509478127055.81,372830017.2344366,11871140.51470949,848365323868.39,1169833784659.2388,121935824209.53183,139917224708.7529,0.0,4938372026.976916,1240791121805.2302,50978487063.53999,50151.81450967642,-392425797936.8402,-303487060291.6273
china,2035,20932238956330.04,702643519.9171418,0.0,726420078429.464,1078187402986.6141,112599029151.61006,0.0,8032634025.198176,355195175966.3285,1190786432138.224,0.0,31276.301145481142,-464366353708.76013,-472398987733.9583
india,2035,7831590226998.735,853925486.1620992,0.0,703035850713.3364,370310303985.1122,112587091380.24634,0.0,20544719752.05523,2706618042.0624666,482897395365.3585,0.0,12322.993355349145,220138455347.9779,199593735595.92267
latam,2035,5658498175448.654,316095401.2729213,0.0,354136508285.4576,273242980426.81378,42252966554.93942,0.0,6709467777.246386,1833872225.2365267,315495946981.7532,0.0,20264.359012709418,38640561303.70441,31931093526.458023
seasia,2035,5943102387359.433,354666407.2159187,0.0,387473742133.3671,278342082850.4277,42307577399.25176,0.0,1715437687.7516623,2104752028.709734,320649660249.67944,0.0,18489.90803605888,66824081883.68768,65108644195.93602
russia,2035,5197769596170.075,147729965.96336016,1873270.6593172126,252555682629.34595,257136123229.9065,30737297707.012226,11558428268.542627,0.0,2242424797.199624,283892031905.33575,3981389031.58303,27548.40612633718,-31336349275.989807,-23759310039.030212
mena,2035,7121240261896.125,259213052.559949,385999.55364046793,638920316046.2843,342410549261.78546,110139845679.16034,0.0,9875221947.204765,1561685732.0798798,451614396553.1213,935998387.8245853,27780.278584044616,187305919493.16302,176494699158.13367
ssa,2035,3027808074081.2915,676300747.8297184,0.0,312814854745.5148,108733706868.48076,17231786975.049763,0.0,3436379312.7319913,1298037560.3267515,125965493843.53052,0.0,6074.267840154052,186849360901.98425,183412981589.25226
us,2036,18881498425340.48,175046940.43381357,10370688.509699583,773772410091.2731,955890118618.4594,107272179138.42693,185895537182.48706,0.0,5150806366.161792,993939572657.0343,69222725099.85202,72078.62633090236,-220167162565.76123,-103494350483.12619
oecd-ex-us,2036,22198619903674.383,376415250.10964245,12927425.0215454,827992870913.5432,1161040547612.68,120006167979.71614,137414287288.57643,0.0,4781334008.846349,1225087433613.5623,55959281978.83403,51180.04164705318,-397094562700.01904,-315639557390.2767
china,2036,20435222189092.074,691420942.6834455,0.0,675294249058.8174,1063215754309.4967,109656577329.40475,0.0,7586436214.025041,8147751556.155713,1172872331638.9014,0.0,32144.40856575911,-497578082580.084,-505164518794.109
india,2036,8017228703120.72,858485834.7397546,0.0,696046623679.7819,377607132815.78467,115618322387.49266,0.0,19919565582.586754,2736873228.0647745,493225455203.27734,0.0,12843.215070404938,202821168476.50452,182901602893.91776
latam,2036,5684035250838.596,315280981.97638476,0.0,346821904847.124,274048420711.4133,42338157736.53351,0.0,6671278539.457353,1773027530.222822,316386578447.9468,0.0,20962.8420526122,30435326399.177246,23764047859.719894
seasia,2036,5999910617139.021,359551966.6429357,0.0,379642568427.631,280399755662.41455,42588017169.89871,0.0,1960663091.351149,2114097275.6265974,322987772832.31323,0.0,19153.538279183922,56654795595.31775,54694132503.9666
russia,2036,5171078977152.802,147472145.07985482,2055378.4217118535,246653072376.49582,256515686094.975,30582494277.0865,11443480451.425312,0.0,2311008526.8681087,282689390676.721,4408789695.340414,28366.993805910806,-36036318300.22519,-29001627544.14029
mena,2036,7282050292325.245,261110244.48507762,383549.3371608018,631043217826.5883,349265845198.18823,113086072470.7917,0.0,9463764881.588402,1582495153.0985296,461417838832.4313,934078836.5486251,28602.160001844866,169625378994.15698,159227535276.01996
ssa,2036,3209477892797.9644,699292325.982985,0.0,317175917800.9034,114710899161.03476,18231960235.712734,0.0,3866965359.9225416,1303725672.439164,132942859396.7475,0.0,6398.229486727132,184233058404.15588,180366093044.23334
us,2037,18776946642135.625,174951231.97431412,11316242.9413219,763574097912.3416,954432457290.0815,106654713839.28308,187838737287.78955,0.0,5122552724.39354,985120673370.9518,75966497758.41307,73173.64322583453,-221546575458.61023,-109674335929.23375
oecd-ex-us,2037,21878346286423.86,373223189.3668031,13971070.63959166,808252190108.2874,1151710051326.804,118040529128.76599,136502150887.71135,0.0,4722622209.057284,1208889390971.3179,60861189484.25175,52225.114427354754,-400637200863.0305,-324996239459.5709
china,2037,19905084517182.742,679611051.1660588,0.0,622592168660.47,1047108649604.6948,106585139514.28131,0.0,6830336944.68395,7794285493.860841,1153693789118.976,0.0,33030.42278602598,-531101620458.5061,-537931957403.19006
india,2037,8257153845908.571,862487670.4564204,0.0,688904545934.8235,382685410247.8095,119165066886.08273,0.0,20877938786.169106,73749012773.09138,501850477133.8922,0.0,13380.086580480644,187054068800.93127,166176130014.76218
latam,2037,5701725053787.586,314289023.1823021,0.0,339599587014.472,274667553952.3434,42356384531.28972,0.0,6603441664.625468,1717596082.7803087,317023938483.6331,0.0,21679.22158970571,22575648530.838867,15972206866.213398
seasia,2037,6047450684975.376,359203449.6989977,0.0,372085160167.6085,282230515635.2009,42799844212.710335,0.0,1644054983.9131749,2129322500.567624,325030359847.91125,0.0,19834.92458426673,47054800319.697266,45410745335.78409
russia,2037,5139345663612.968,147128473.81768543,2226267.4976923596,241418512601.23065,255745759251.75705,30408230799.35752,10843991377.178223,0.0,2158172532.869012,281318162121.42303,4835827929.691595,29203.599839846298,-39899649520.19238,-33891486072.705757
mena,2037,7426367611791.565,262846560.40608788,380856.21892113343,623461926145.2208,355780397020.00745,115717195187.31088,0.0,9235241779.53175,1588227307.951798,470566863178.76263,930729028.5556957,29442.055300080377,152895062966.4582,142729092158.37076
ssa,2037,3388290538903.3555,722330222.8263158,0.0,321331187227.2607,120745482557.66658,19222639047.51425,0.0,3892184141.3133883,1341764624.6264782,139968121605.18085,0.0,6735.7225599628055,181363065622.07983,177470881480.76645
us,2038,18667292383362.945,174813373.9902753,12266581.348538605,754367904599.0203,952793910845.8297,106032455329.64117,189744643482.26294,0.0,5059559321.50141,976054224438.3575,82772141737.11336,74285.08485777202,-221686319839.33728,-114713818094.1877
oecd-ex-us,2038,21551663747728.906,369892912.7637409,15011488.156194288,789907945414.2283,1141913917813.1946,116118242929.09943,136836375787.55826,0.0,4605300845.534018,1192309724839.7908,65722435902.50249,53287.270426712654,-402401779425.5625,-331287839540.5067
china,2038,19348586046477.12,667269353.2573029,0.0,575753476847.9242,1029844397530.7966,103577779562.41151,0.0,6562123386.674079,7732352926.323127,1133422177093.2083,0.0,33934.596227066046,-557668700245.284,-564230823631.9581
india,2038,8409473969555.155,865841546.639587,0.0,681484111479.3074,389224048964.20764,121858191746.91245,0.0,20872209127.853203,2790462006.250533,511082240711.1201,0.0,13933.95184345038,170401870768.18726,149529661640.33405
latam,2038,5711876083046.782,313109053.4327273,0.0,332315767835.7187,275104800174.5178,42498869930.576355,0.0,6275418002.655401,1714349531.2263963,317603670105.0942,0.0,22413.789792727977,14712097730.624512,8436679727.9691105
seasia,2038,6085816346577.921,358638508.14197975,0.0,364855887425.90283,283868257887.1408,43139272431.27066,0.0,1590435788.2940733,2107740283.3492053,327007530318.4115,0.0,20534.368938161053,37848357107.49133,36257921319.19726
russia,2038,5104826730584.326,146728997.58459932,2406441.8720839503,236880331993.80322,254824914000.6394,30209632509.770763,11466797342.655245,0.0,2168484145.311829,279803370604.6452,5231175905.764895,30058.486446507162,-42923038610.84198,-36687417173.95163
mena,2038,7554071633287.852,264364850.12166613,377851.215012536,616511564141.7491,361961573212.0939,118409047048.82462,0.0,10004868168.532833,1567945783.9877374,479444848122.809,925772138.1094722,30300.225990167473,137066716018.94012,126136075712.29782
ssa,2038,3581599898168.9214,745315566.3308086,0.0,325257631526.96173,125853082265.2896,20467589957.624573,0.0,4286319969.003256,18658719930.52034,146320672222.91418,0.0,7087.134797121599,178936959304.04755,174650639335.04428
us,2039,18546542205612.723,174602275.57962832,13186872.810240172,745832672314.0631,950999315829.0974,105395953539.97763,185181054915.20883,0.0,4631364389.568166,966761326200.8557,89633943168.21948,75413.19755883177,-220928653886.7926,-125381542139.80325
oecd-ex-us,2039,21215386366251.297,366397459.1805736,16011056.748484274,772615482821.0448,1131727748653.375,114174139712.77078,132586845817.31305,0.0,4422178250.196246,1175313517911.8252,70588370454.32002,54366.75081942342,-402698035090.7804,-340699559727.78735
china,2039,18773744769547.96,666668210.0433369,0.0,536105270907.59155,1011543940296.4875,100470602057.36867,0.0,6036845584.94532,7104840102.060179,1112014542353.8562,0.0,34857.18423294564,-575909271446.2646,-581946117031.21
india,2039,8546169967869.484,868591724.9018588,0.0,673664189092.3864,395423958850.79364,124221082978.34898,0.0,20127146867.794167,2803997918.879751,519645041829.14264,0.0,14505.157429905297,154019147263.2437,133892000395.44955
latam,2039,5785466462808.564,311734790.9861361,0.0,325097567827.7513,274484623421.14423,43292204954.17632,0.0,6338280978.038652,72607921287.38715,317776828375.32056,0.0,23166.841171932578,7320739452.430725,982458474.3920727
seasia,2039,6115090322784.613,357850464.4321391,0.0,357875520984.72485,285302255602.3285,43410202442.68554,0.0,1967992039.9012473,2078905306.8821917,328712458045.01404,0.0,21252.175630055888,29163062939.710815,27195070899.809566
russia,2039,5066747090306.69,146259597.5144218,2576238.9701098367,232704303916.92688,253815624790.3925,29996256618.430283,10924119337.581621,0.0,2103817876.6780925,278161479575.8019,5650401833.020901,30931.918550251008,-45457175658.875,-40183458154.314285
mena,2039,7736677677974.444,265732366.19173184,374663.9751884488,610473152614.5375,365720212441.96375,121600424589.11862,0.0,8813249421.444826,68266778524.58102,486412105705.48285,908531325.5995102,31176.93630317324,124061046909.05463,114339266162.01028
ssa,2039,3754204601026.905,768254832.7238202,0.0,328959214716.39307,131917184873.46156,21493840680.414345,0.0,4384053786.56468,1440567482.0315056,153411025553.87592,0.0,7452.858722594691,175548189162.51715,171164135375.95248
us,2040,18420924081050.957,174339811.2629638,14103874.873126114,738212752856.2186,948831789203.8241,105646282694.36798,185723908703.50903,0.0,4923285776.718171,958215446809.3889,96262625088.8035,76558.2313567015,-220002693953.1703,-130541410338.46475
oecd-ex-us,2040,20875077737677.363,362758578.00920916,17016094.271791592,756510234027.339,1121019081420.7126,114538876772.34894,134147221449.59822,0.0,4591874142.177107,1160293524617.5056,75264433575.55609,55463.80043567204,-403783290590.1666,-344900502716.1245
china,2040,18184886041463.066,653466439.6537544,0.0,503407858033.79834,992400505658.1876,100129793840.98659,0.0,6677312333.318224,6941025713.798837,1092530299499.1742,0.0,35798.4451373568,-589122441465.3759,-595799753798.6941
india,2040,8664549128478.478,870501791.1851395,0.0,665891327984.6606,401310182025.1729,128402403493.2791,0.0,20636083503.223076,2836501646.004648,529712585518.452,0.0,15094.052517035112,136178742466.20862,115542658962.98553
latam,2040,5780663181468.2,310146327.4062713,0.0,318185429787.51074,274544152144.72327,44192218266.96126,0.0,6077297484.744725,1824956768.557427,318736370411.6845,0.0,23938.672627134798,-550940624.1737671,-6628238108.918492
seasia,2040,6135427358417.202,356822760.81000984,0.0,351274745474.49066,286521395660.1219,44414454527.753265,0.0,2079922531.4502163,2078062877.421494,330935850187.8751,0.0,21988.651291527007,20338895286.61554,18258972755.16532
russia,2040,5100081831062.046,145749490.52960804,2768867.1339835417,228792789302.77356,252017358482.98978,30808863533.91711,12438992936.532417,0.0,74929180532.95625,276855048697.18066,5971173319.726235,31824.163845901876,-48062259394.407104,-41594439777.60092
mena,2040,7837687498742.243,266867849.51063785,371201.72778368474,604899235690.6237,371181979588.32996,125348081435.61816,0.0,9044925100.810442,1685571201.9341729,495629377376.975,900683646.9731983,32072.453254497323,109269858313.64868,99324249565.86504
ssa,2040,3923056414367.287,791111453.2882979,0.0,332440433246.9188,138026613921.24124,22632296962.16024,0.0,4410101398.147929,1480392375.012722,160658910883.4015,0.0,7833.2915700960575,171781522363.51733,167371420965.36942
us,2041,18599446999409.01,174026093.38933226,15015096.488970133,730909863222.0413,944056767161.9714,108635075282.25333,186974678656.80728,0.0,313330218923.4234,951189971559.4437,101501870884.78082,77720.4400300647,-220280108337.40247,-134807300565.376
oecd-ex-us,2041,20532251786284.105,358990002.31660044,18033786.393441655,740861275560.4431,1109921291478.2405,114731740419.34084,136702063105.94559,0.0,4263741837.942891,1144668205340.4292,79984826557.15184,56578.66781999596,-403806929779.9861,-347089693231.1923
china,2041,17591579358717.717,639937615.411269,0.0,478971009103.66406,972418637143.6207,99649981857.7407,0.0,6941200376.775833,6732127529.119495,1072068619001.3615,0.0,36758.64033099737,-593097609897.6974,-600038810274.4733
india,2041,8766113140743.545,882078795.5039116,0.0,657956337875.2854,406726102619.30884,132133949739.61101,0.0,20097587171.418297,2565313920.1212125,538860052358.91986,0.0,15700.988885761122,119096285516.36554,98998698344.94724
latam,2041,5768377516687.609,308339781.4112914,0.0,311473271279.3613,274395925636.80823,44996029758.09681,0.0,6152572334.961242,1785591669.9119482,319391955394.905,0.0,24729.583497995896,-7918684115.543701,-14071256450.504944
seasia,2041,6217286350453.984,355577342.0775773,0.0,345111581425.4958,286364989537.2374,46107939146.336845,0.0,1981235998.9543138,71201575293.8143,332472928683.5743,0.0,22744.10493910228,12638652741.921509,10657416742.967196
russia,2041,5057668244413.006,145168984.6005991,2951388.8863851745,225042048676.89145,250850494779.00095,30809429014.607594,11928235590.876938,0.0,2276052876.7943506,275244137970.5832,6415785823.025284,32735.492864546854,-50202089293.69174,-44689639525.84009
mena,2041,7924064856186.282,267766146.29567906,367432.615008826,599571512101.1218,376247008616.65155,128739338260.89508,0.0,9890350870.505987,1682543090.969438,504095183746.0147,891163131.5319047,32987.046709856564,95476328355.10712,84694814353.06923
ssa,2041,4087748423689.9404,813846433.0395124,0.0,335654138425.27936,144172528145.46722,23760435194.157818,0.0,4536475044.259407,1507309281.2578795,167932963339.62503,0.0,8228.835205939338,167721175085.65433,163184700041.39493
us,2042,18472003034763.94,173707335.35427892,15957054.915528325,722689693649.5962,941514773719.7703,107811821584.40526,194206252425.6469,0.0,4986684583.861607,941323642749.4447,108002952554.73096,78900.0811648572,-218633949099.8485,-132430649228.93256
oecd-ex-us,2042,20568435927143.773,355125873.1698738,19059504.064634796,725830625266.5469,1097589586083.16,116600053093.78336,139570454894.2795,0.0,384972699875.7947,1130565043944.8267,83624595232.1168,57711.60529050268,-404734418678.2798,-348788559016.11707
china,2042,17002186040862.71,626214907.3902372,0.0,459295816085.93677,951825638886.9216,96668648246.11647,0.0,6867873456.676741,6673026648.775555,1048494287133.0381,0.0,37738.03432997924,-589198471047.1013,-596066344503.7781
india,2042,8854716916639.057,882841686.9524006,0.0,649490935751.503,411709199965.60284,130645560346.66925,0.0,21165237416.02461,2632837872.3050838,542354760312.2721,0.0,16326.320921157347,107136175439.23096,85970938023.20634
latam,2042,5750646080255.97,306399728.896964,0.0,304739825271.6308,274031035097.71844,44267011403.17219,0.0,5933446421.141685,1760231218.7613661,318298046500.8906,0.0,25539.87561651919,-13558221229.259827,-19491667650.401512
seasia,2042,6224262393903.019,354205379.3237485,0.0,339058880028.03204,287133940241.62317,45560180062.49227,0.0,1588577384.0930889,2199861109.21096,332694120304.1154,0.0,23518.848019317935,6364759723.916626,4776182339.823537
russia,2042,5014169626367.666,144555775.0571043,3142665.9050878324,221765673669.23782,249567647042.1832,30446194348.62939,12557023780.291042,0.0,2192525895.948067,273177239551.06674,6836601839.745812,33666.17904063973,-51411565881.82892,-45691143941.28368
mena,2042,8001570642378.387,268599201.65738976,363409.8896867712,594391392317.2434,380900810091.95795,127768134788.58691,0.0,9904469032.764069,1687807788.169678,507789052486.879,879892393.6659046,33920.9894525558,86602339830.36438,75817978403.9344
ssa,2042,4248504871944.1025,836570106.267474,0.0,338582861409.4099,150340115566.50488,24236417844.474033,0.0,4835473072.427278,1585593328.1601787,174576533410.9789,0.0,8639.896053646182,164006327998.431,159170854926.00372
us,2043,18335454416929.023,173324191.29038247,16869555.12880486,714216264209.5569,939017139976.3734,106886072246.0616,190127315594.12836,0.0,5011014583.836598,931179908545.3904,114723303677.04453,80097.41621136758,-216963644335.8335,-141559632418.74966
oecd-ex-us,2043,20220363802043.305,351137145.7939555,20048281.676151104,712211113006.4493,1086071725556.2037,114756382959.1459,136129979306.69922,0.0,4414891101.735007,1112436436092.2507,88391672423.09908,58862.86899885407,-400225323085.8014,-352487016202.20123
china,2043,16735140850430.107,612380203.2203664,0.0,442781965118.6339,931441626048.2601,96796930524.08766,0.0,5555666325.907572,323967067347.00977,1028238556572.3478,0.0,38736.89484525687,-585456591453.7139,-591012257779.6215
india,2043,8932014792192.598,883318925.3396008,0.0,640494939199.2441,416457036134.8242,129048165855.4853,0.0,20318447332.281204,2626585676.8901877,545505201990.3095,0.0,16970.405616190892,94989737208.93463,74671289876.65343
latam,2043,5727205379048.245,304318447.00592136,0.0,297937560101.4608,273529286788.11832,43485780379.72776,0.0,6069006415.843182,1705812274.5042822,317015067167.84607,0.0,26369.85336173106,-19077507066.385254,-25146513482.228436
seasia,2043,6224885458048.033,352691276.26551193,0.0,332951400026.715,287779418068.4702,44976077245.8115,0.0,1743860794.92451,2171020227.5068636,332755495314.28174,0.0,24313.194456241592,195904712.43328857,-1547956082.4912214
russia,2043,4968716108077.842,143892583.92813185,3317560.075078693,218969414535.1669,248234166074.56998,30054318419.30457,11685683962.472921,0.0,2179867706.4133945,271009042910.97583,7279441582.898652,34616.498780395115,-52039628375.80893,-47633385996.23466
mena,2043,8068842890970.099,269338766.08338255,359070.1349383403,588940459859.4379,385433661405.54694,126757407555.55203,0.0,11155094182.069548,1677951875.4457042,511324030458.6377,867038502.4612839,34874.557252028826,77616429400.80017,65594296716.26934
ssa,2043,4405481456416.325,864469561.1155586,0.0,341229796926.69995,156547425788.88684,24696741961.236183,0.0,4608888846.2331,1599844141.8770087,181244167750.12302,0.0,9066.885020125652,159985629176.57693,155376740330.34384
us,2044,18196318728897.785,172906531.018438,17767370.910287112,709088106449.5293,936175314482.3593,105901465602.23021,188920055508.28604,0.0,4932930095.538849,920869152063.288,121207628021.30118,81312.71054219437,-211781045613.75867,-144068618126.7738
oecd-ex-us,2044,19876907909172.32,347085035.7726276,21024470.62152626,703404184072.3137,1074147477583.1438,112812480985.7751,135783542449.71748,0.0,4316339175.894466,1093989960390.906,92969998178.01266,60032.718991030866,-390585776318.5923,-347772232046.88745
china,2044,16164821535969.367,598495297.6979837,0.0,432020764588.74005,910573425998.0043,93676356046.97751,0.0,4690036177.478549,6599739172.988596,1004249782044.9818,0.0,39755.4928530693,-572229017456.2417,-576919053633.7202
india,2044,8999157771944.643,883549784.5925611,0.0,633351711954.13,421038199297.1417,127467093265.0135,0.0,20392856617.153927,2689416977.2197046,548505292562.1552,0.0,17633.602578807277,84846419391.9748,64453562774.82086
latam,2044,5699867799032.282,306711395.80454874,0.0,292443153046.5182,272875321218.55545,42706960304.03894,0.0,5888678039.265684,1690226499.377663,315582281522.59436,0.0,27219.823716519313,-23139128476.07617,-29027806515.341858
seasia,2044,6220542810375.763,351068048.75546175,0.0,328136036243.3389,288277962479.358,44407914361.06733,0.0,1964254799.2336926,2171447724.0513372,332685876840.4253,0.0,25127.46070143643,-4549840597.086365,-6514095396.320057
russia,2044,4924196531418.98,143223029.04453233,3505302.884426544,217221806457.9098,246812142031.4727,29654734475.512135,12573121361.235676,0.0,2152372028.9746647,268786539647.2448,7680336859.739959,35586.731531457146,-51564733189.33502,-46671948687.83931
mena,2044,8129720948571.218,270060810.8421053,354542.87177478423,584828879500.0067,389782453537.3983,125744001494.97975,0.0,10144338832.931524,1719971966.4209926,514674020485.023,852434547.3550988,35848.02893363414,70154859014.9837,59158085634.697075
ssa,2044,4558192088660.855,887232303.890238,0.0,344073205701.22534,162806383171.5623,25187483179.627483,0.0,4975821304.276873,1607114198.7711504,187993866351.18976,0.0,9510.217423656746,156079339350.03558,151103518045.7587
us,2045,18058795445514.195,172471346.03777942,18654457.75482574,706877136226.1392,933170754195.4556,104925044103.61856,188573750517.98834,0.0,5121628171.362741,910514155892.2646,127581642406.8092,82546.23351107248,-203637019666.1255,-142644911554.94635
oecd-ex-us,2045,19542526945650.04,343000262.5027183,21986831.508386735,698847128821.955,1062046122640.9802,110860113172.59789,135368292640.96292,0.0,4309850828.3911495,1075419137881.7937,97487097931.78429,61221.419268890946,-376572009059.83875,-338690814350.6601
china,2045,15610889145016.627,584568485.5277679,0.0,425874442303.1544,889606817564.7133,90652095630.51582,0.0,5871272009.317749,6323351948.65054,980258913195.2291,0.0,40794.10266638937,-554384470892.0747,-560255742901.3925
india,2045,9139041086517.264,883672277.987911,0.0,628132483533.4772,422963635984.263,126884293670.75961,0.0,19654590532.452847,81253351226.62294,549847929655.0226,0.0,18316.274042381192,78284553878.45459,58629963346.00174
latam,2045,5669747440231.69,304463036.5994938,0.0,288261406177.64984,272118164698.03094,41957013507.05927,0.0,5971145632.987835,1664558859.8379428,314075178205.0902,0.0,28090.096326601,-25813772027.44037,-31784917660.428204
seasia,2045,6213116625444.275,349390277.55167794,0.0,324604825502.2704,288660919606.2929,43877050858.80934,0.0,1638116992.3635988,2145077023.7085943,332537970465.10223,0.0,25961.96578634,-7933144962.831848,-9571261955.195446
russia,2045,4881368014462.152,144737628.0246853,3700482.951773912,216560718695.9498,245389320525.1983,29272587634.931435,13149323482.472172,0.0,2123349024.881469,266549703122.27084,8112205037.858923,36577.15985382762,-49988984426.321045,-44951865981.7078
mena,2045,8185179128068.146,273974965.8243642,349807.0049342926,582228725177.7253,394092937870.71533,124804409339.8553,0.0,9573411527.606585,1700213057.3799162,518060876603.7507,836470606.8199992,36841.68644969097,64167848573.97467,53757966439.54809
ssa,2045,4706913173926.707,910016118.9405478,0.0,347138639009.0908,169092773029.45377,25710324757.240746,0.0,5335028681.443659,1720572724.8994088,194803097786.69452,0.0,9970.312923898071,152335541222.3963,147000512540.95264
us,2046,17921314711945.254,174779405.3166188,19525317.75397145,704283962944.5806,930107414554.3849,103963350504.17229,187271214200.28497,0.0,5034854344.739424,900216454184.6077,133854310873.95012,83798.25851258238,-195932491240.0271,-142515587913.69226
oecd-ex-us,2046,19218702867029.953,338897807.8922362,22949106.51407557,694259176974.7155,1049874175871.5698,108925592525.49939,136730642603.64891,0.0,3985870198.604695,1056883910196.2959,101915858200.77335,62429.23785253541,-362624733221.58044,-327809948818.70483
china,2046,15073772550194.623,570612561.8845528,0.0,419580823024.00946,868553710673.1451,87728394789.66478,0.0,6651018345.179842,6235705961.979622,956282105462.8099,0.0,41853.00200737502,-536701282438.8005,-543352300783.98035
india,2046,9192919978055.059,883671465.1406913,0.0,622558515504.1592,427264489312.4045,125493614251.75833,0.0,18773106201.782814,2851585799.5840564,552758103564.1628,0.0,19018.784879548366,69800411939.99634,51027305738.213524
latam,2046,5637011142924.49,302147653.420404,0.0,283965892845.00616,271279723458.07306,41256350404.35258,0.0,5805379933.242732,1639263643.4611561,312536073862.42566,0.0,28980.983561591496,-28570181017.419495,-34375560950.662224
seasia,2046,6202010872580.667,352561292.86100906,0.0,320944938777.0741,288984562726.1324,43401491812.78751,0.0,1779624918.974519,2114987817.2100306,332386054538.9199,0.0,26817.031377029933,-11441115761.845825,-13220740680.820345
russia,2046,4839970645040.104,144073806.33734143,3897328.1365803946,216088172624.1619,243982712414.28574,28909303064.181488,13381200813.323406,0.0,2025272618.9344838,264336598817.63843,8555416660.828691,37588.069492039314,-48248426193.47653,-43422642040.98181
mena,2046,8233448925402.47,274650984.06948215,344790.62438209425,579405125671.9576,398384724112.2858,123972684800.36131,0.0,10513802096.853035,1735882671.8666382,521538307066.0043,819101846.6428262,37855.814951741886,57866818605.95337,46533914662.457504
ssa,2046,4851468272773.9795,932811301.250954,0.0,349940235521.3458,175417400451.01703,26290519885.534676,0.0,5398781436.8311615,1721565099.3093996,201707920336.5517,0.0,10447.5954541405,148232315184.79413,142833533747.96295
us,2047,17789749287424.613,174330035.95972577,20413313.09968903,701274685959.8319,926942465750.1548,103007746668.24904,192398658505.81094,0.0,4711443432.119467,889968094242.4602,139982118175.94382,85069.06304275487,-188693408282.6283,-136276867952.76117
oecd-ex-us,2047,18901327799595.99,341247957.1419201,23875249.224299498,689521053570.4873,1037690495623.7268,107001048789.05605,133649644396.5675,0.0,4145779011.7864695,1038381304237.4645,106310240175.31824,63656.44684349634,-348860250666.9772,-321520846445.7279
china,2047,14554312300911.248,568578224.2005327,0.0,413002850373.1985,847433038945.7533,84899840911.49005,0.0,6187765575.96088,6057545776.623553,932332879857.2434,0.0,42932.47208081798,-519330029484.0449,-525517795060.0058
india,2047,9236299980850.77,883402589.1514548,0.0,616562678968.2294,431495227163.9056,124218832369.24388,0.0,20156212772.80644,2687596133.4327765,555714059533.1494,0.0,19741.502619429262,60848619435.079956,40692406662.27351
latam,2047,5601637152344.647,299765699.7422664,0.0,279528893770.8669,270366546667.37714,40603994251.10508,0.0,5561497127.205808,1629153694.9765182,310970540918.48224,0.0,29892.800578146176,-31441647147.615356,-37003144274.82117
seasia,2047,6187124194215.981,350739382.08741486,0.0,317112453108.58,289222897676.8183,42974636975.74689,0.0,1897453671.226798,2095856850.5299776,332197534652.5652,0.0,27692.981831348305,-15085081543.985168,-16982535215.211967
russia,2047,4799596086331.07,143402566.21905735,4088748.8012806345,215698987813.72913,242584799514.68533,28570665353.35502,13196253646.953562,0.0,1885664698.3247063,262153133114.71933,9002331753.320965,38619.74944856086,-46454145300.990204,-42260223407.357605
mena,2047,8276279432648.289,275324477.1663991,339600.67474058043,576325849743.8032,402572371895.29376,123217591597.38036,0.0,9476776929.073334,1771397923.7617695,524992616700.9362,797346791.7379456,38890.70286402895,51333233042.867004,41059109322.055725
ssa,2047,5019515675885.958,955631114.4991105,0.0,352477364955.5328,180123678559.17462,27173774305.310886,0.0,4986054818.711052,27853545839.64135,207297452864.4855,0.0,10942.493156010009,145179912091.04727,140193857272.3362
us,2048,17655827176989.63,173845649.25150758,21277929.01827026,697804923930.7958,923882337862.1415,102059230510.69278,189907601904.48093,0.0,4306932102.565406,879757352174.8503,146184216197.9845,86358.92876058511,-181952428244.05457,-138229042537.55814
oecd-ex-us,2048,18595835868756.45,337091677.1650183,24811449.74430789,684565514114.479,1025344634429.373,105073029876.7288,136378452667.74046,0.0,3981766684.318604,1019919653810.4792,110498010495.62271,64903.32248876088,-335354139696.00024,-309473697523.88245
china,2048,14052018703084.873,554650401.7070957,0.0,406019869328.26263,826302530232.284,82175957882.82158,0.0,5472046222.760861,5637067183.226584,908478488115.1056,0.0,44032.797648586326,-502458618786.84296,-507930665009.6038
india,2048,9270431379474.623,882923636.1881953,0.0,610121513895.7592,435535418128.8746,123012146844.77754,0.0,20174452996.762337,2731902698.5115485,558547564973.6521,0.0,20484.797468250978,51573948922.107056,31399495925.34472
latam,2048,5563255304018.746,297306536.05240196,0.0,274930425538.5769,269377191759.40582,39996281033.195,0.0,5530586504.588275,1591785432.7111382,309373472792.6008,0.0,30825.865385146346,-34443047254.023926,-39973633758.6122
seasia,2048,6168486621449.633,348841364.8720177,0.0,313084452493.51764,289370053257.09894,42591857661.73992,0.0,1871005733.5685163,2110891392.5361452,331961910918.83887,0.0,28590.144258355347,-18877458425.321228,-20748464158.889744
russia,2048,4760359643499.547,142721937.15043578,4273153.976046528,215268683936.43274,241180386907.72968,28244107437.255005,12917999102.102585,0.0,2001368474.9250984,259993047926.18353,9431446418.801126,39672.49205842056,-44724363989.75079,-41237811306.44933
mena,2048,8313403719900.818,275992575.9463377,334246.9884711924,572970894612.1267,406730762100.7775,122555468704.27368,0.0,8305852065.101068,1745475510.5590568,528521316707.7567,764914097.2944734,39946.64195817134,44449577904.369995,35378811741.97446
ssa,2048,5156566658292.502,978341190.9026389,0.0,354732821067.17035,186436406118.73062,27864110992.560925,0.0,5373418566.257478,1992097016.9234726,214300517111.29153,0.0,11455.438316819087,140432303955.8788,135058885389.62134
us,2049,17527207256155.908,173359310.1571601,22145273.341037076,695777307435.2281,920646917139.0853,101087464127.1474,192470743253.79285,0.0,4866409743.49631,869551465995.8926,152182915270.34067,87668.14155046945,-173774158560.66443,-133486330577.21225
oecd-ex-us,2049,18297179182297.98,332887322.39291203,25699012.119025163,681796359315.7496,1013028332189.5223,103182378478.1383,131859782250.46844,0.0,3897882642.9662895,1001496566081.2451,114714144586.41539,66170.14524564594,-319700206765.4955,-302554569101.44244
china,2049,13567592209046.385,540723986.8357428,0.0,400990143302.6003,805167122322.5062,79547897434.38994,0.0,6096593017.767528,5394975433.573384,884715019756.8961,0.0,45154.26710505791,-483724876454.29584,-489821469472.06335
india,2049,9298129373246.705,882371352.4176309,0.0,604714361963.5804,439424691097.034,121870607056.31805,0.0,18493517220.41086,2772447182.26233,561295298153.352,0.0,21249.04233336922,43419063810.22839,24925546589.817535
latam,2049,5592390602372.786,294771946.98309535,0.0,271021110736.69797,267486491172.08255,40123039813.06612,0.0,5949035487.276849,71672754089.7703,307609530985.1487,0.0,31780.498910900722,-36588420248.450714,-42537455735.72756
seasia,2049,6146529686733.973,346875619.7002865,0.0,309679156885.51306,289426662801.4598,42249317172.55519,0.0,2022766692.499076,2062655065.3437867,331675979974.01495,0.0,29508.848580083053,-21996823088.501892,-24019589781.00097
russia,2049,4722028074814.9375,142029788.64910254,4443549.3744938765,215238425688.0073,239766829905.07596,27938251909.882465,12227397641.400797,0.0,1907689800.9375882,257860703278.02216,9844378536.936293,40746.5930650372,-42622277590.01486,-40239258485.55036
mena,2049,8344922474249.383,276648933.09025484,328700.9890599543,570409775436.1624,410813134305.0764,121975527721.7618,0.0,7820139587.179784,1717780526.4145093,532105088163.51715,683573863.3210521,41023.92742903323,38304687272.6452,29800973822.144367
ssa,2049,5288730256085.541,1000953706.8747731,0.0,357052452227.8967,192750139367.63593,28593920768.973377,0.0,5582119532.906764,2037325234.6593783,221344060136.6093,0.0,11986.867309756126,135708392091.28741,130126272558.38065
us,2050,17403170958374.742,172871629.7156221,23009858.840856608,695221685599.2275,917453520785.2526,100144742223.97589,194102079190.48016,0.0,4238200438.3565326,859427046278.5928,158171216730.63553,88996.99158557889,-164205360679.36523,-128274498219.5206
oecd-ex-us,2050,18017277458840.402,328728052.11297476,26615036.66164789,681145418717.3469,1000554252158.4761,101299009408.73666,137019924215.24924,0.0,3786195177.0576844,983189042580.6014,118664218986.61191,67457.1998475385,-302043623863.2545,-283687918634.6172
china,2050,13104565295831.42,526874821.0882236,0.0,397758351254.5176,784007427411.5023,77012716772.46967,0.0,4895202345.751236,5130082060.251273,861020144183.9719,0.0,46297.17255354267,-463261792929.45435,-468156995275.20557
india,2050,9317369443584.635,891766250.0355557,0.0,600306948112.812,443261856549.42316,120823403362.8814,0.0,19704672593.785316,2723054731.206808,564085259912.3046,0.0,22034.612850688347,36221688200.50745,16517015606.72213
latam,2050,5550575498649.817,292212730.80436516,0.0,267801819159.84436,266325995831.7248,39588326526.347664,0.0,5343091656.372402,1640491131.6288006,305914322358.07245,0.0,32757.025072334047,-38112503198.22809,-43455594854.600494
seasia,2050,6122382213812.584,344874419.86169213,0.0,306865996968.6227,289398493001.0992,41944045787.12492,0.0,1729858255.9355676,2058927154.1494803,331342538788.2241,0.0,30449.427595558445,-24476541819.60144,-26206400075.537006
russia,2050,4755909487298.499,141342392.9393778,4611985.074626093,215547919319.73743,237875771838.63504,28413816796.95633,12323505275.852654,0.0,72299576523.5668,256180179173.6829,10109409461.908384,41842.35169724694,-40632259853.945465,-38418164040.0012
mena,2050,8453653521295.111,277285436.6073236,322936.4633942844,568588997501.4171,412155399158.66425,122388179060.50688,0.0,8132234491.313509,82817862254.80016,533907595757.61975,635982461.5513979,42122.857971771475,34681401743.79736,25913184790.932457
ssa,2050,5416054437968.897,1023461593.1089178,0.0,359452429297.75616,199067791290.1928,29357819400.01606,0.0,5802232736.610263,2099596012.419452,228425610690.20886,0.0,12537.220537092928,131026818607.5473,125224585870.93704
us,2051,17590259053334.639,172382949.53022864,23873793.85541988,694111430151.2517,912403089691.6998,102139452518.44087,197287802513.75922,0.0,310231404505.02856,852391076637.8531,162151465572.28806,90345.77339218327,-158279646486.60144,-123143309545.13028
oecd-ex-us,2051,17750224295548.605,324569729.4606289,27516826.528104212,680011751672.561,988303072761.9521,99479448611.84058,136926139280.45718,0.0,3791467128.970567,965070873968.3782,122711647405.41403,68764.77537051654,-285059122295.81714,-270844630420.774
china,2051,12659880119066.486,513045307.8736214,0.0,393598525407.2189,762965968874.4235,74584089407.51567,0.0,5544481975.640258,4810838085.422952,837550058281.9391,0.0,47461.80988369256,-443951532874.7202,-449496014850.3605
india,2051,9328180475985.834,890838633.9295166,0.0,595423824014.7572,446942027066.05566,119843648042.25311,0.0,20617309133.00637,2790192627.7564793,566785675108.3088,0.0,22841.88741547334,28638148906.448364,8020839773.441994
latam,2051,5506764277077.275,289594232.4043929,0.0,264395026395.51303,265134132518.1577,39102574463.04501,0.0,5582659015.832929,1613118028.9794946,304236706981.20276,0.0,33755.77084613456,-39841680585.68973,-45424339601.52266
seasia,2051,6166778415915.896,342803275.65263176,0.0,303754436056.0277,288141349752.1158,42406983386.76395,0.0,2154433432.881505,73344532619.04314,330548333138.87976,0.0,31412.217047066246,-26793897082.85205,-28948330515.733555
russia,2051,4721362988254.152,140658250.23631647,4780023.444476077,215636745381.54266,236489212825.44803,28135463449.407497,12456416738.551516,0.0,1985015110.4163342,254153870779.09534,10470805495.76012,42960.07074751609,-38517125397.55267,-36531514154.76128
mena,2051,8474892529670.388,277881862.507601,316941.3213605413,566333472527.9113,416108212733.0642,121977995540.58986,0.0,8844545036.100714,1836289157.1211705,537491970224.1509,594238049.5032216,43243.73586005359,28841502303.760376,19402719218.156437
ssa,2051,5539516915260.874,1045958824.7178938,0.0,361590248266.4088,205384566964.55093,30148514434.73752,0.0,4793641883.721943,2198952308.5770736,235533081399.28845,0.0,13106.942376581273,126057166867.12036,121263524983.39842
us,2052,17471434923459.783,171864374.83395624,24710458.76260383,692330960045.8744,909341975522.6768,101221408981.20584,194429888318.29492,0.0,4978406264.8589945,842597338602.3711,167966045901.51132,91714.78591494045,-150266378556.4967,-123802536139.7131
oecd-ex-us,2052,17495288828991.98,320410685.5029059,28405424.938079335,678229310767.3774,976087305654.8866,97696295129.89998,137012757231.0543,0.0,3606066229.741618,947138693840.9368,126644906943.85039,70093.1653008658,-268909383073.55933,-258541532786.3554
china,2052,12494385658007.785,499232581.9082119,0.0,388361011537.3514,745078797092.1587,75192338279.85086,0.0,6133112974.760981,272548775750.72272,820271135372.0095,0.0,48648.478849898616,-431910123834.65814,-438043236809.4191
india,2052,9332995057113.361,889852555.6897023,0.0,590118174801.6521,450461255543.1,118919704577.00966,0.0,18685971863.25741,2763338309.2403917,569380960120.1096,0.0,23671.247216544125,20737214681.54248,2051242818.2850723
latam,2052,5461272594891.075,286929297.605913,0.0,260788278622.07275,263865836619.69604,38652838340.1424,0.0,5374820946.509607,1613535098.0789979,302518674959.83844,0.0,34777.06634183235,-41730396337.765686,-47105217284.27529
seasia,2052,6136858202728.692,340668998.9013894,0.0,300320010745.5567,287970412837.0405,42172101824.92633,0.0,2205562963.842433,2107853693.0476222,330142514661.96686,0.0,32397.555688620294,-29822503916.410156,-32028066880.25259
russia,2052,4689242759576.724,139987723.366928,4961457.696855166,215472102875.10977,235118595295.07083,27872756457.903667,13430665444.688889,0.0,1968354755.7444375,252164389117.46008,10826962635.514471,44100.05665133066,-36692286242.35031,-34088583433.175896
mena,2052,8489402720468.486,278429139.92850935,310726.80534952856,563583682998.7212,419801018851.28235,121622762995.7906,0.0,9557759158.518057,1908048804.9712117,541023963745.9691,399818101.10381705,44386.86702543747,22559719252.752075,12602141993.130201
ssa,2052,5657118736920.236,1073240746.7005199,0.0,363464634688.4733,211737387327.18604,30965784708.411118,0.0,5409659353.593341,2250018360.0806923,242703172035.59717,0.0,13696.481131199938,120761462652.87616,115351803299.28282
us,2053,17355720796178.05,171337565.65111297,25544399.522664007,689813697735.6627,906141065877.6268,100264336288.38736,196309601550.36176,0.0,4567975598.255168,832894585969.9066,173510816196.10788,93104.33258316491,-143080888234.2439,-120282102879.99002
oecd-ex-us,2053,17588215638565.584,316209043.04050136,29242407.585746188,675657690075.0615,964980331904.7115,99341996365.2711,133071880503.48666,0.0,348519567265.0294,935349773331.7202,128972554938.26244,71442.66760350799,-259692083256.6587,-255592757691.43445
china,2053,12078967468927.576,485474601.49230427,0.0,382041173385.34314,724341202970.5785,72878737860.57626,0.0,4988186475.995355,4748764841.589565,797219940831.1548,0.0,49857.483150675725,-415178767445.81165,-420166953921.807
india,2053,9329820003948.459,888699613.3694351,0.0,584404844098.1521,453923998668.6732,118063158459.19696,0.0,18331860136.785336,2739120001.6042843,571987157127.8701,0.0,24523.07627383923,12417686970.281982,-5914173166.503353
latam,2053,5413456106232.66,284199494.6339165,0.0,256974472659.3544,262535928206.80167,38237424940.243355,0.0,5558597130.862255,1540988960.1373026,300773353147.04504,0.0,35821.244876781,-43798880487.69064,-49357477618.5529
seasia,2053,6104024473672.402,338481310.8000581,0.0,296557618646.7089,287714428320.4083,41959147029.923996,0.0,1835461536.0756564,2117689183.4101927,329673575350.33234,0.0,33405.785356613196,-33115956703.623413,-34951418239.699066
russia,2053,4656390732459.074,139280942.69331473,5110548.623010065,214997256269.3124,233785618659.77606,27627403968.738056,11646223121.3927,0.0,1917516120.1602511,250201933635.4877,11211088993.02655,45262.61956775428,-35204677366.17529,-34769543237.80914
mena,2053,8499618011386.703,278989409.9293412,304425.95367557165,560329348627.3833,423277051506.18805,121305920917.35954,0.0,7339679009.166645,1808593723.5405693,544469963833.00836,113008590.53921257,45552.56113790504,15859384794.374939,8406697194.669082
ssa,2053,5768888418228.8955,1095277290.9968364,0.0,365056994225.65314,218054167975.0078,31791787852.64491,0.0,5766807999.361885,2325450910.018542,249845955827.6527,0.0,14306.28898240429,115211038398.00043,109444230398.63855
us,2054,17234863623190.922,170756971.4810212,26327016.57318292,687908571836.4371,902937100312.6011,99304560971.89673,188990771395.96515,0.0,4485145064.963113,823255326517.5847,178986334766.91306,94514.72137809041,-135346754681.14758,-125342318052.09549
oecd-ex-us,2054,17349881620566.205,312020394.19720554,30075579.13831396,673901181834.6097,952840887176.6758,97579332090.06674,134420233525.69562,0.0,3764785907.0524936,917939750691.4948,132480468575.24817,72813.58479135598,-244038568856.885,-242098803906.43756
china,2054,11681011126009.83,471764922.8646147,0.0,376232798338.4667,703660316341.4772,70635109882.71582,0.0,4514762218.026919,4621047186.011612,774295426224.193,0.0,51089.130509036084,-398062627885.7263,-402577390103.75323
india,2054,9411382077274.656,887372481.3294384,0.0,579242358444.6692,454330239868.2389,118157073547.85931,0.0,18602386351.181274,93409414648.8073,572487313416.0981,0.0,25397.76147933236,6755045028.571045,-11847341322.61023
latam,2054,5364086829411.889,285879484.67186546,0.0,253535091925.78473,261119522175.22983,37847356897.22523,0.0,5437699146.650488,1500209472.5487213,298966879072.4551,0.0,36888.643053015316,-45431787146.67035,-50869486293.32084
seasia,2054,6067856968782.342,336219187.5464514,0.0,293051461842.4445,287383266095.96466,41763871798.84213,0.0,2159554473.0980334,2087725635.4033713,329147137894.80676,0.0,34437.25104261359,-36095676052.36224,-38255230525.46027
russia,2054,4624946835446.813,138572478.69487438,5261674.417838404,214537573469.04117,232389513626.5055,27381722895.034084,11941667385.962963,0.0,1848098654.2727556,248254909437.9484,11516327083.591206,46448.073461147105,-33717335968.907227,-33291995666.53547
mena,2054,8502533192546.262,279502133.0885864,297937.2526572672,557358028569.1428,427623968569.56354,121017266030.36205,0.0,7691572828.635871,1889960018.9803736,548635019737.9683,6214861.957318909,46741.13168754314,8723008831.1745,1025221140.5813097
ssa,2054,5875693738785.241,1117143855.793362,0.0,366648018564.6474,224332411936.09164,32618645122.640156,0.0,5301545448.32417,2409904498.7558193,256951057058.7318,0.0,14936.821947020975,109696961505.91559,104395416057.59142
us,2055,17114430680472.123,170148014.24280536,27080693.42619591,686558236118.8041,899428673664.4493,98268065049.86322,185970268854.8262,0.0,4735291021.876305,813696427076.4668,184000311637.84552,95946.26490114183,-127138190957.66272,-125168233740.68204
oecd-ex-us,2055,17121121265556.7,307815686.74872917,30868664.497950096,672910040163.6078,940777620050.9117,95869241223.11899,131282402879.81482,0.0,3694063221.1001167,900711138580.1982,135935722693.83267,74206.22399561237,-227801098416.59045,-232454418230.6083
china,2055,11299990247623.814,458093603.6706607,0.0,370863824633.0304,683017424836.1461,68448997925.26,0.0,4813774851.925752,4395494594.288624,751466422761.4061,0.0,52343.732753853445,-380602598128.37573,-385416372980.3015
india,2055,9396453612217.797,885952816.3855319,0.0,574643269163.108,457441017083.63306,117367096216.39157,0.0,17694924267.756805,2931303347.812331,574808113300.0247,0.0,26295.69264128282,-164844136.91662598,-17859768404.67343
latam,2055,5313623270456.493,283073699.4892062,0.0,250484137845.35574,259638759044.52728,37482091469.74644,0.0,5335210471.567329,1508364185.089201,297120850514.27374,0.0,37979.6008359586,-46636712668.918,-51971923140.48533
seasia,2055,6029053400940.973,333903636.643887,0.0,289818329990.898,286950757863.5528,41579228599.19194,0.0,2141110281.286933,2049198911.7617497,328529986462.74475,0.0,35492.30096828057,-38711656471.84674,-40852766753.133675
russia,2055,4594284557722.145,139999597.4710503,5402712.946688829,214095701765.99054,230999004707.6668,27143660843.730804,11512893304.096199,0.0,1871792756.6421995,246319908420.85117,11822757130.54653,47656.73618403935,-32224206654.860626,-32534070481.31096
mena,2055,8497702892194.003,283065288.19931346,291250.8678614543,554634902641.9923,432103273947.0828,120706163261.12589,0.0,8550313785.710022,1894547999.6647344,552809437208.2087,0.0,47952.896067365655,1825465433.7835693,-6724848351.926453
ssa,2055,5977402288493.293,1138815390.7552452,0.0,368259383093.584,230601662808.68936,33444908135.136208,0.0,4948602402.04047,2444339960.3351007,264046570943.82556,0.0,15588.539837920822,104212812149.75842,99264209747.71796
us,2056,16998856224331.102,169535225.1106888,27832827.737766955,684443302866.5371,895400123306.26,97200851216.81636,188243817183.773,0.0,4339398331.760971,804248805661.155,188352168861.92194,97399.28044323107,-119805502794.61792,-119913854472.76685
oecd-ex-us,2056,16902546249990.322,303603382.9363633,31634667.22243494,670923364824.5006,928643202426.5054,94165293154.7591,129788381698.30328,0.0,3521733492.0911937,883696147598.5306,139112347982.73376,75620.897037027,-212772782774.03003,-222096749058.4605
china,2056,10935180528194.863,444458780.0214498,0.0,364335538375.6173,662394861110.2234,66302694691.00588,0.0,4979800188.379076,4532098185.034612,728697555801.2292,0.0,53621.60590222103,-364362017425.61194,-369341817613.991
india,2056,9374062088557.852,884391580.6990818,0.0,569659520314.8151,461078307455.1164,116594938601.19148,0.0,17334193129.00323,2956395210.5580907,577673246056.3079,0.0,27217.262531797656,-8013725741.492798,-25347918870.49603
latam,2056,5261764365059.483,280223682.83611184,0.0,247237136738.4263,258102003316.7844,37139704534.89864,0.0,5356729426.090446,1502395142.341174,295241707851.68304,0.0,39094.46163495332,-48004571113.256744,-53361300539.34719
seasia,2056,5987571996956.496,331531884.5985947,0.0,286295000410.4429,286436881440.00476,41401384395.19519,0.0,2050326064.4820395,2112187504.760742,327838265835.19995,0.0,36571.286662365186,-41543265424.75708,-43593591489.23912
russia,2056,4565294470700.008,139285324.9029775,5554578.410970414,213312117074.7718,229530903926.80206,26910112526.19754,12354317984.17614,0.0,1784494371.9177823,244399924594.90475,12041091858.094824,48888.929561153695,-31087807520.132965,-30774581394.05165
mena,2056,8485770318192.702,283481863.1105354,284417.6031691165,551368316325.2576,436423324728.7138,120356841863.64601,0.0,8420745707.903955,1900021973.7110949,556780166592.3599,0.0,49188.17565727204,-5411850267.102295,-13832595975.00625
ssa,2056,6073343053094.507,1160192835.1908016,0.0,369609110603.7315,236850232177.38715,34259747246.146034,0.0,5104230212.634648,2545863633.6485305,271109979423.53317,0.0,16261.906228593742,98499131180.19833,93394900967.56369
us,2057,16895936081076.152,171669579.86122975,28609443.722858913,681709364470.9087,888047571827.0431,96183909640.76793,195573373487.69415,0.0,4028600254.242338,794891867999.2823,189339613468.5284,98874.09005509256,-113182503528.37366,-106948743509.20792
oecd-ex-us,2057,16697539079584.348,299397159.10352504,32391384.098804083,667975310322.492,914407228075.1705,92525803412.50508,130568950844.60846,0.0,3381599914.602694,866876473270.4087,140056558217.26672,77057.92049813074,-198901162947.91675,-208388770320.575
china,2057,10585844451284.762,442575743.72942746,0.0,356684131293.40875,641772997941.8218,64194121015.90854,0.0,4165603117.8465514,4112513872.068214,705967118957.7303,0.0,54923.070242806665,-349282987664.3216,-353448590782.16815
india,2057,9343819654219.098,882664366.5408419,0.0,564304894832.9425,464678027261.4843,115811382296.77182,0.0,17117991472.123526,3060071858.677026,580489409558.2561,0.0,28162.86693768108,-16184514725.313599,-33302506197.437126
latam,2057,5208305051833.59,277325359.77513635,0.0,243791742164.5199,256498077480.1087,36814463831.2798,0.0,5396312095.370305,1457798016.3441217,293312541311.3885,0.0,40233.572385589876,-49520799146.86859,-54917111242.2389
seasia,2057,5943336671657.011,333927899.4377878,0.0,282487917974.37866,285837504209.70825,41223632441.96065,0.0,1795197378.4369607,2133090756.2446747,327061136651.6689,0.0,37674.56303976907,-44573218677.29022,-46368416055.72718
russia,2057,4537184774835.252,138558498.21985886,5705438.337334211,212196768643.26883,227867374777.98737,26687664169.214634,12487228139.45644,0.0,1761346299.717347,242482851710.15677,12072187237.045118,50144.97947457216,-30286083066.88794,-29871042164.476616
mena,2057,8464763933775.893,283834410.4109486,277427.26948072284,547578882507.6167,441731306571.1695,119945524473.00629,0.0,8816304557.900566,1907868677.6443648,561676831044.1758,0.0,50447.295909138105,-14097948536.559082,-22914253094.45965
ssa,2057,6205765248733.784,1181193555.952438,0.0,370698562390.9723,240713570360.1352,35448578890.89223,0.0,5643416186.533047,43529198685.86418,276162149251.0274,0.0,16957.388421739994,94536413139.94489,88892996953.41183
us,2058,16803481823391.766,171084941.45110923,29397063.16385306,678404927175.1348,880178336637.5269,95268161005.9402,200441432905.72665,0.0,4145879878.2277617,785609702813.9172,189836794829.54932,100371.02061867379,-107204775638.78247,-96600137562.60513
oecd-ex-us,2058,16509546657147.27,295213228.37386954,33158550.379984602,664125369994.9717,898264343110.3716,91001362282.42361,133876674042.17296,0.0,3271238918.5668263,850236006612.523,139029698780.27173,78517.6157964613,-186110636617.55127,-191263661355.65002
china,2058,10249678842445.604,429027326.95943403,0.0,347942421091.35187,621188403442.17,62124428484.82203,0.0,4655764647.395541,3860566643.879603,683312831926.9921,0.0,56248.450420209425,-335370410835.6402,-340026175483.03577
india,2058,9304711021243.504,880712876.7976357,0.0,558581236422.1031,468100414810.81555,115002410394.82101,0.0,17611988606.423813,3024944414.3656273,583102825205.6366,0.0,29132.904714544275,-24521588783.533447,-42133577389.95726
latam,2058,5153526319116.6045,274389953.9968505,0.0,240156133266.2461,254819980358.58054,36500688151.60907,0.0,5065815527.711316,1451618054.6685746,291320668510.1896,0.0,41397.28363380884,-51164535243.94348,-56230350771.6548
seasia,2058,5895818190526.885,331439113.26465416,0.0,278419281241.40295,285153940228.5317,41043116102.40083,0.0,1798833025.5840707,2058126984.9844894,326197056330.9325,0.0,38802.488482630935,-47777775089.52954,-49576608115.11361
russia,2058,4508756072762.081,137800548.25495985,5840733.65211397,210737406871.93332,226186996258.30377,26467506954.100468,11738164652.573792,0.0,1750229614.7306197,240558301238.35706,12096201974.047287,51425.215950043705,-29820894366.423737,-30178931687.897232
mena,2058,8433369000848.495,284134816.3862938,270319.8182796811,543283028025.8782,448742420150.3508,119423363049.66498,0.0,8432123078.330565,1919945325.0713568,568165783200.0159,0.0,51730.586433036086,-24882755174.137695,-33314878252.46826
ssa,2058,6291538340311.302,1201841199.6825185,0.0,371533187257.33746,246755560981.46164,36235251556.9842,0.0,5630488445.398198,2861205304.023991,282990812538.44586,0.0,17675.45742198309,88542374718.8916,82911886273.49341
us,2059,16710420611071.041,170451205.9307546,30143935.76142508,674416225627.4291,872349988345.5344,94437265118.85782,195489244982.39713,0.0,3820570533.8480716,776400571508.064,190386681956.32828,101890.40391959701,-101984345880.63489,-96881782854.56604
oecd-ex-us,2059,16330216456462.16,290991759.12759423,33879980.45309968,659342013473.1947,882373911426.6217,89621254419.51678,130192732859.27393,0.0,3130218828.5686154,833760540473.6359,138234625372.5031,80000.30925879869,-174418527000.44116,-182460419513.67035
china,2059,9926395823608.172,415510801.03651696,0.0,338240003805.6969,600551503702.9314,60092982032.72205,0.0,4415020474.782827,3536483567.305473,660644485735.6534,0.0,57598.07552032315,-322404481929.95654,-326819502404.7394
india,2059,9255605565336.564,888348856.9934579,0.0,552495879791.021,471640236919.21796,114140677168.08246,0.0,18810621172.727036,2990199562.067949,585780914087.3004,0.0,30127.777844146694,-33285034296.27942,-52095655469.006454
latam,2059,5165626832779.528,271392779.7641976,0.0,236350637911.90384,252439713063.34213,36873677899.1967,0.0,5368865082.67331,70432131796.22908,289313390962.5388,0.0,42585.949621752676,-52962753050.63498,-58331618133.30829
seasia,2059,5844926649975.752,328870869.2182342,0.0,274121384904.2981,284364539367.53644,40850331127.7571,0.0,1907359212.246833,2109304252.1123738,325214870495.2935,0.0,39955.42492341192,-51093485590.99542,-53000844803.242256
russia,2059,4480842732023.294,137026980.26978618,5979996.704626689,208939510477.01312,224454880964.60464,26254217454.441914,12181277469.293743,0.0,1674969733.9506626,238617979743.46704,12091118675.579428,52729.97324442975,-29678469266.45392,-29588310472.7396
mena,2059,8393582929143.409,284380302.0668942,263111.9548385601,538506207567.2901,453650926052.2363,118804070881.09154,0.0,7871502717.005576,2034220377.9610634,572454996933.3279,0.0,53038.38108458171,-33948789366.03778,-41820292083.04336
ssa,2059,6372392909817.12,1222233964.7632217,0.0,372121113864.3119,252734780450.4481,36986537967.80643,0.0,4469308523.550231,2924082583.310861,289721318418.2545,0.0,18416.58791280044,82399795446.05737,77930486922.50714
us,2060,16616983362630.52,169766188.548916,30849436.098735813,669744471319.7788,864413964755.6511,93643596017.86646,190465887870.06125,0.0,4409953143.1474495,767230188747.0408,190827372026.47757,103432.57672070769,-97485717427.26196,-97847201583.67828
oecd-ex-us,2060,16162816202560.018,293166901.9550301,34589396.58227786,653657017588.5654,866531606212.2585,88322939312.02371,130763927032.50676,0.0,3033347001.0501966,817426196360.9531,137428349163.32877,81506.33219642733,-163769178772.3877,-170433600903.20972
china,2060,9615108062255.406,402015453.35897774,0.0,327726122692.01337,579895089290.2083,58100630256.05798,0.0,4502888449.484928,3484723950.973771,637995719546.2662,0.0,58972.279156712764,-310269596854.25287,-314772485303.7378
india,2060,9194857387610.662,885978408.6134934,0.0,546061234856.1963,479091264139.62585,113130075382.90678,0.0,17623395815.06514,3035322755.493906,592221339522.5326,0.0,31147.89149493792,-46160104666.3363,-63783500481.40144
latam,2060,5106654653349.397,268342442.51458135,0.0,232398300174.12338,250933823804.1931,36558768992.205864,0.0,5343674921.076642,1465788113.22176,287492592796.399,0.0,43799.92837534408,-55094292622.275604,-60437967543.35225
seasia,2060,5789986459185.659,326222929.91241086,0.0,269625789126.1163,284048020696.45984,40620108105.02918,0.0,1938185311.3506615,2040334196.6289418,324668128801.489,0.0,41133.737929951545,-55042339675.37271,-56980524986.72337
russia,2060,4518964840937.331,136249301.99346623,6138033.307672784,206840014762.36954,222635446403.94022,26766211622.948334,13591858780.573795,0.0,67091893397.980736,237244155232.71323,12157502794.175407,54059.58993428599,-30404140470.34369,-28969784483.9453
mena,2060,8349297663150.708,284570678.29932594,255820.67170810583,533298233368.4004,454332316202.9838,118118802210.72574,0.0,7066360473.666844,1933979526.2708814,572451118413.7096,0.0,54371.018053407126,-39152885045.309204,-46219245518.97605
ssa,2060,6446520837526.816,1242131073.5044355,0.0,372461174918.24164,258680889583.23315,37695535511.11867,0.0,5032326747.217422,3075504633.0283184,296376425094.3518,0.0,19181.258237758997,76084749823.88983,71052423076.67241
us,2061,16532302479725.06,169083897.0021882,31569055.15246765,664608361332.5002,856324647177.4545,92892932113.79994,196120872900.8498,0.0,3807462152.4525523,758139891835.4823,191077687455.773,104997.88083672643,-93531530502.98206,-88488345057.90527
oecd-ex-us,2061,16007571439341.748,288944250.0121559,35296639.092200294,647198069237.586,850842862342.2249,87136756745.14134,132619269801.94177,0.0,2917516829.583919,801213673033.2327,136765946054.13373,83036.0209814421,-154015603795.6466,-158162280047.83856
china,2061,9315719844132.371,388559914.50077516,0.0,316533578820.02203,559192872048.2495,56151997805.77087,0.0,3983439605.107396,3406512516.072046,615344869854.0204,0.0,60371.39955800997,-298811291033.99835,-302794730639.1058
india,2061,9121222819214.986,883322526.0390453,0.0,539301802849.907,485740942058.46173,111970173094.51051,0.0,18418211505.175495,3192955412.569107,597711115152.9723,0.0,32193.654085767605,-58409312303.06531,-76827523808.2408
latam,2061,5045391178853.56,265246635.8131444,0.0,228329805372.23303,249690143043.37906,36216117717.15664,0.0,5090532582.583004,1403513475.0503829,285906260760.5357,0.0,45039.58179356868,-57576455388.30267,-62666987970.88568
seasia,2061,5730996060436.799,323493303.76216376,0.0,264965615137.48334,283732711493.2446,40336992834.05973,0.0,1969360063.078553,2083050504.038425,324069704327.3044,0.0,42337.796792466674,-59104089189.821045,-61073449252.8996
russia,2061,4489918076403.641,135420591.9113777,6271241.874885319,204436482834.96344,220940367948.7631,26553454435.832684,12300829093.25327,0.0,1709745922.6871502,235263891614.40356,12229930770.192207,55414.4090055795,-30827408779.440125,-30756510456.379063
mena,2061,8400487170856.379,284634367.47523206,248370.52566101425,527689331220.55994,452607525271.47864,118475587681.0806,0.0,8853902997.713003,103437192435.38539,571083112952.5592,0.0,55728.83995275932,-43393781731.99927,-52247684729.71227
ssa,2061,6514562919069.31,1261632661.6698556,0.0,372562253645.0607,264810383849.96487,38336282140.948814,0.0,4464286794.281601,3090780682.6257606,303146665990.9137,0.0,19969.95038613435,69415587654.14703,64951300859.86543
us,2062,16451059603394.396,168205657.6113551,32104592.475915913,659156399118.1332,848420587862.1736,92212990717.3849,196532758948.755,0.0,3701544182.012439,749139985187.3397,191493593392.21838,106586.66321002076,-89983586069.20654,-84944420512.66992
oecd-ex-us,2062,15860611535092.465,284496475.11125815,35777620.89940517,640028237609.7173,835668540284.0988,86060983242.97873,131935474406.99263,0.0,2805907261.0746055,785460961663.5267,136268561863.54996,84589.71712411611,-145432724053.80945,-149765811510.36676
china,2062,9215899256369.506,375135507.4644503,0.0,304800714823.43427,544193437463.9324,56525843729.09295,0.0,3862029312.310798,199960007919.03415,600719281193.0253,0.0,61795.77965633607,-295918566369.591,-299780595681.9018
india,2062,9047052834094.998,880550661.1756384,0.0,532310028163.10065,482509245717.3217,110773844013.75194,0.0,16287005996.22831,3090082444.2125306,593283089731.0736,0.0,33265.47735272943,-60973061567.97296,-77260067564.20126
latam,2062,4981669910790.137,262093201.1424741,0.0,224175218605.8229,248349047306.2895,35842134876.121666,0.0,5151266045.518431,1445961558.6844628,284191182182.41113,0.0,46305.27573944089,-60015963576.58823,-65167229622.10666
seasia,2062,5743635352823.524,320673570.43455935,0.0,260176952753.27728,281865632833.81036,40804798194.89891,0.0,2194654413.7571945,77327425075.91606,322670431028.7093,0.0,43567.9746124665,-62493478275.43201,-64688132689.1892
russia,2062,4461034696133.436,134555261.1096223,6396814.466524073,201760634984.99243,219220480047.39743,26326236097.017353,13229762227.197468,0.0,1672938662.020859,233274677351.65097,12272038792.763828,56794.77794454128,-31514042366.65854,-30556318932.2249
mena,2062,8345451863254.547,284609776.79980147,226262.56924749073,521738985614.7478,452885895736.9753,117606129535.74706,0.0,8399958775.911525,2117690832.0501108,570492025272.7223,0.0,57112.193910224676,-48753039657.97449,-57152998433.88601
ssa,2062,6574836521136.232,1285434822.7603912,0.0,372430451192.8774,270885152474.31995,38905983632.5882,0.0,5472797575.699709,3107084556.6556654,309791136106.90814,0.0,20783.149982983297,62639315085.96924,57166517510.26953
us,2063,16645704233786.656,167300853.66877013,32625797.151101254,653416936665.242,842560941784.9519,94206588329.32214,197157708713.30667,0.0,280837515127.97943,744052068855.2642,192715461259.0101,108199.27598751363,-90635132190.02222,-86192884735.72565
oecd-ex-us,2063,15724231282292.695,280056337.16038585,36266139.81843727,632245213961.7002,820568666590.6483,85082504882.36832,134290001447.2416,0.0,2735703264.3043914,769840101672.8961,135811069800.12068,86167.76735134819,-137594887711.19592,-139115956064.075
china,2063,8929228516633.51,361750805.10408926,0.0,292609858693.86816,524401047476.5773,54599793755.41063,0.0,3440311212.537719,3160554014.6626782,579000841231.9879,0.0,63245.7671767599,-286390982538.11975,-289831293750.6575
india,2063,8969634834791.379,877500932.2125123,0.0,525129224852.19196,479379984285.571,109567394036.33727,0.0,16702279034.504383,3102433200.598278,588947378321.9082,0.0,34363.77641910372,-63818153469.71625,-80520432504.22063
latam,2063,4915513279285.586,258883223.65417168,0.0,219956959363.23022,246894805568.37097,35435128704.89316,0.0,5187410875.495393,1403754280.975345,282329934273.26416,0.0,47597.380132632774,-62372974910.033936,-67560385785.52933
seasia,2063,5677469854119.648,317782650.3634318,0.0,255309969668.89813,281256540684.8661,40425728312.5353,0.0,1944674775.2630038,2151475399.8876615,321682268997.40137,0.0,44824.64839355761,-66372299328.503235,-68316974103.766235
russia,2063,4430319406287.979,133641848.82096179,6505283.528570312,198863926184.5633,217479892651.53967,26097689346.853256,12324267863.242214,0.0,1674098105.1292143,231232763376.8131,12344818621.57965,58201.04882965528,-32368837192.249817,-32389387950.587254
mena,2063,8288559284947.941,284526713.57474345,211526.19906322466,515533323519.0868,450274819522.669,116689787716.96529,0.0,7540804950.013663,2079510363.9584634,566964607239.6343,0.0,58521.43165958126,-51431283720.547485,-58972088670.56115
ssa,2063,6628452191858.442,1303807510.0376217,0.0,372065337896.6914,276803603005.28186,39385792879.77275,0.0,5446160579.501666,3185889290.069634,316189395885.0546,0.0,21621.346283731466,55875942011.63678,50429781432.13512
us,2064,16561537240325.799,166091141.45280483,32854533.41197643,647429799692.4404,834653848775.5868,93541912336.1304,192858407976.54218,0.0,3740559981.866907,735174244480.4354,193021516631.28128,109836.07659874536,-87744444787.995,-87907553442.7341
oecd-ex-us,2064,15591922628655.97,275184696.8556359,36323553.26949935,623945995577.6051,805554872661.4564,84219014092.3288,130888711247.7196,0.0,2630526291.746276,754317000864.6516,135456885889.13393,87770.52368620806,-130371005287.04651,-134939179928.46083
china,2064,8650132431811.113,348370675.50125796,0.0,280086120074.1501,504884412865.7049,52741902462.20284,0.0,4287023659.4872966,2731134090.8459997,557626315327.9077,0.0,64721.71472780017,-277540195253.7576,-281827218913.24493
india,2064,8999485671331.549,874251241.822582,0.0,517765277363.4707,474844381967.9469,109487017300.90652,0.0,15925262357.991774,112342220803.54909,584331399268.8534,0.0,35488.96986836225,-66566121905.38269,-82491384263.37447
latam,2064,4845921866026.651,255623812.36696792,0.0,215697059572.80466,246632724007.3307,34972350369.28373,0.0,5058275207.773556,1374876752.6505463,281605074376.61444,0.0,48916.26904374654,-65908014803.809784,-70966290011.58334
seasia,2064,5606753913436.736,314813853.2972275,0.0,250411947374.6838,281438464836.3871,39973359647.74733,0.0,1863889895.9772367,2147826322.519654,321411824484.1344,0.0,46108.19913411375,-70999877109.45059,-72863767005.42783
russia,2064,4398253983848.269,132624344.45810062,6542315.14450181,195788347504.33023,215635161364.27927,25865760291.778057,12064134147.971453,0.0,1583017564.0444205,229137090730.98862,12363830925.068687,59633.57842478583,-33348743226.658386,-33648440003.755623
mena,2064,8229459522269.639,284273587.15737116,116437.28299058256,509140560091.7126,447100882780.3901,115740321820.28792,0.0,7486205438.186604,2087087268.8513522,562841204600.678,0.0,59956.90963378121,-53700644508.96539,-61186849947.15199
ssa,2064,6675833420284.178,1321656497.6758254,0.0,371495927173.5413,282590148824.66034,39769725734.70925,0.0,5163408196.180526,3408584007.7488384,322359874559.36957,0.0,22485.03217332957,49136052614.17175,43972644417.99123
us,2065,16483029259980.12,164708652.0744406,32922754.95099312,641282387119.4976,826524643332.0848,92935981310.31822,196034799338.1641,0.0,3635457839.059655,726316029681.1769,193144594961.2262,111497.4278351071,-85033642561.67932,-82143438184.74142
oecd-ex-us,2065,15465399239573.092,270064697.71252584,36132838.758376025,615228031343.473,791093939774.638,83461447826.0705,130279515455.8432,0.0,2524451718.5143557,739532795617.6194,135022591983.0893,89398.34352859801,-124304764274.14636,-129047840801.39246
china,2065,8380692725457.014,335054287.9025493,0.0,267430008308.81296,485241879163.61145,50951061707.40776,0.0,3387262364.7774377,2710488572.88234,536192940871.0192,0.0,66223.97989298165,-268762932562.20627,-272150194926.9837
india,2065,8917966652441.605,870747716.9736885,0.0,510276459413.83936,470826635757.8469,108240369414.07062,0.0,15778515114.730293,3050041982.865765,579067005171.9175,0.0,36641.479820197834,-68790545758.07812,-84569060872.80841
latam,2065,4771491346902.83,256652213.38065225,0.0,211415373259.74442,247629770898.13763,34426402659.97713,0.0,5169883104.012937,1380164278.5612166,282056173558.11475,0.0,50262.32079021263,-70640800298.37033,-75810683402.38327
seasia,2065,5529480214509.449,311745361.516082,0.0,245518441883.19162,283254397876.9921,39406904173.521454,0.0,2311383598.6814265,2180544838.7113814,322661302050.51355,0.0,47419.01192178601,-77142860167.32193,-79454243766.00336
russia,2065,4364766570390.823,133766264.25280434,6653705.877708746,192608780095.1654,213723712374.6169,25626970027.495697,11632800028.68636,0.0,1621688820.8203108,226977875735.10974,12372806667.002901,61092.72827344632,-34369095639.944336,-35109102278.26088
mena,2065,8168115515995.316,283933575.9653446,26210.54234306378,502631630961.07434,443825536282.6473,114742835106.6669,0.0,7475954251.415531,2068688405.3310742,558568371389.3142,0.0,61418.98905906667,-55936740428.23987,-63412694679.655396
ssa,2065,6716799262395.423,1338930463.7390137,0.0,370748664805.50836,288092120386.6393,40067925032.13344,0.0,5081985493.457721,3459208217.965577,328160045418.7727,0.0,23374.704170024008,42588619386.73566,37506633893.27794
us,2066,16406759324526.87,163323185.48888758,32999229.40631841,635181737999.5874,822553651929.2883,92352436215.02676,199937373724.2343,0.0,3517040967.249283,721572328440.72,193333759703.59583,113183.69793026232,-86390590441.13257,-79786976420.49408
oecd-ex-us,2066,15597261696223.645,264975452.60162845,35971761.20026934,606269353713.9282,786111371030.4666,85141489714.57013,132473044258.29929,0.0,264372919423.35406,735819014568.8014,135433846176.2354,91051.58973704923,-129549660854.87317,-132510462772.80928
china,2066,8119736969265.624,321775217.48169965,0.0,254843318623.6061,465576370238.7773,49252232483.00617,0.0,3627958908.650337,2657486815.4416885,514828602721.78345,0.0,67752.92532345594,-259985284098.17734,-263613243006.82767
india,2066,8834027334296.328,866955852.821334,0.0,502692284603.89575,466695335861.128,106958941399.28133,0.0,16189850493.375755,3212525004.6129026,573654277260.4093,0.0,37821.73200954054,-70961992656.51355,-87151843149.88931
latam,2066,4694587761009.578,253294971.729914,0.0,207134673561.03738,246584902900.98828,33823862038.09597,0.0,4987410874.77383,1357916359.5674818,280408764939.0842,0.0,51635.91803379614,-73274091378.04684,-78261502252.82068
seasia,2066,5448504230051.875,308616010.6731396,0.0,240667143161.26184,283094856430.7724,38753882597.66193,0.0,1940368563.7056184,2145979973.3075147,321848739028.4343,0.0,48757.47602983019,-81181595867.17249,-83121964430.8781
russia,2066,4329782947114.0825,132658885.50547777,6662543.261142861,189393540415.69797,212946864301.0892,25356870743.296818,12393103060.545029,0.0,1533468291.4007168,225943385321.5171,12360349722.869003,62578.86479421303,-36549844905.81912,-36517091568.1431
mena,2066,8105252707726.628,283586484.5167151,1328.058789880473,496079232019.5591,440467223525.9309,113694219173.83725,0.0,6784227128.489558,2003629540.0102398,554161442699.7682,0.0,62908.03605022361,-58082210680.20911,-64866437808.69866
ssa,2066,6751131686761.651,1355564091.7154052,0.0,369833514705.1852,293364664203.81604,40278427054.83162,0.0,5315681713.291524,3457682632.9833145,333643091258.64764,0.0,24290.862433779952,36190423446.53754,30874741733.246014
us,2067,16330541124975.639,161943782.17402264,33091395.55120141,629283093946.0721,820458607248.1144,91729090851.32729,203302142808.93375,0.0,3384261793.2060604,718501520073.4773,193686178025.96436,114895.26064177512,-89218426127.40515,-79602461344.43576
oecd-ex-us,2067,15464074998651.627,259929591.5552919,35850818.92382108,597223493429.668,782709852862.315,84234156710.25732,133995877840.47255,0.0,2537940730.417644,731819089537.5593,135124920035.01317,92730.63071167233,-134595596107.89136,-135724638302.43198
china,2067,7861091970094.091,308538162.79297334,0.0,242504026889.65906,451966553504.9286,47543832949.69864,0.0,4029474323.5909586,2390834717.0253615,499510386454.6272,0.0,69308.91883169785,-257006359564.96814,-261035833888.5591
india,2067,8747851512000.966,862906961.5625371,0.0,495072420992.36505,462442340180.5339,105648682493.63477,0.0,16091961867.18348,2934741253.620141,568091022674.1687,0.0,39030.15586852175,-73018601681.80365,-89110563548.98712
latam,2067,4618152110638.499,249893434.42307508,0.0,202884215460.64117,242617605568.51648,33219503234.500973,0.0,4859689784.831744,1376932756.130676,275837108803.01746,0.0,53037.44787969574,-72952893342.37628,-77812583127.20802
seasia,2067,5367621580783.56,305414057.98872113,0.0,235886168912.39725,278908677024.40753,38100542759.897606,0.0,1901545124.407989,2141946728.0009735,317009219784.3051,0.0,50123.98501522879,-81123050871.90787,-83024595996.31586
russia,2067,4292774632841.9844,131526042.1791829,6677596.640220885,186209223330.07602,212400867002.37186,25064134279.022903,12745448057.899904,0.0,1502015621.321947,225084883970.75983,12380117310.635021,64092.359377288594,-38875660640.68381,-38510329893.41893
mena,2067,8038344227135.999,286147227.6293641,1280.1749677283979,489503085132.7424,437081436272.4202,112608410858.45059,0.0,8680738418.180994,1959019825.6829677,549689847130.87085,0.0,64424.42170697852,-60186761998.12848,-68867500416.30948
ssa,2067,6781143382012.674,1371613026.4858997,0.0,368767191098.42596,297015084837.6583,40427013785.90048,0.0,4972152966.890204,3658755743.0457063,337442098623.55884,0.0,25234.010779387794,31325092474.867126,26352939507.97692
us,2068,16251354984456.932,160549935.27840054,33177465.222997863,623562776779.5399,816611094643.0492,91120818938.24698,201980178729.7794,0.0,3002817553.2820463,713571275103.5896,194160638477.70694,116632.49533396293,-90008498324.04968,-82188958071.97723
oecd-ex-us,2068,15322565250872.88,254876075.36286858,35716368.819258295,588152228737.7242,779219932093.7443,83256433890.01381,130267073606.7684,0.0,2547315860.5255404,727530859068.2566,134945506915.50113,94435.84047828078,-139378630330.53235,-144057063639.26508
china,2068,7598514408886.335,306864582.8630504,0.0,230623239076.16324,446657080395.4408,45666937524.58171,0.0,3278556542.614069,2401774178.7194147,492324017920.0225,0.0,70892.33348628934,-261700778843.85928,-264979335386.47336
india,2068,8661358249342.566,858700157.2893603,0.0,487490199504.75916,458099320063.58514,104314169303.05263,0.0,14522811898.181961,2952839101.6631203,562413489366.6378,0.0,40267.18461134687,-74923289861.87866,-89446101760.06062
latam,2068,4542157842971.714,246450863.55016235,0.0,198682999565.73364,238638748029.7572,32617762415.394966,0.0,4709413583.792153,1288656796.4237154,271256510445.15216,0.0,54467.301977220064,-72573510879.41852,-77282924463.21068
seasia,2068,5286968910838.9,306869543.79435664,0.0,231196594113.61072,274703961500.5314,37447794454.967186,0.0,1842147112.6742983,2144639009.9031343,312151755955.4986,0.0,51518.936818586604,-80955161841.88788,-82797308954.56218
russia,2068,4254817740925.007,130362276.61514111,6691535.9026556155,183100190510.6795,210413252544.08734,24766646003.18672,12583350991.488989,0.0,1539465128.1253994,222763766583.54584,12416131963.728321,65633.58848222111,-39663576072.86633,-39496357045.10567
mena,2068,7970395227632.039,285616444.8096412,0.0,482941915254.4658,433543780386.8378,111458975645.7397,0.0,7826003498.113845,1937844772.2640972,545002756032.5775,0.0,65968.5222115444,-62060840778.111694,-69886844276.22554
ssa,2068,6868661965998.356,1386923534.5588977,0.0,367562335081.04443,297587488630.365,41297064304.02177,0.0,5699016160.799836,64539817999.825,338884552934.3868,0.0,26204.65669427675,28677782146.657654,22978765985.85782
us,2069,16176725372089.328,162473076.1218628,33897129.92255988,618081701346.0535,812066737491.3193,90499922312.65308,206323784568.36908,0.0,3531561521.9288573,708032603611.4303,194534056192.5421,118395.7870619919,-89950902265.37683,-78161173889.54987
oecd-ex-us,2069,15181440973752.082,249849147.49780563,35599376.54914109,579172255799.5996,770759091204.5322,82261866036.70084,130154490607.03503,0.0,2569933713.805684,718367174746.1797,134653782495.05322,96167.59877370705,-139194918946.58008,-143694210834.59827
china,2069,7338103824104.853,293810118.0023865,0.0,219334513683.98688,435137511493.3834,43758525206.21908,0.0,3203882652.077337,2354820886.2114835,478896036699.6025,0.0,72503.5477078036,-259561523015.6156,-262765405667.69293
india,2069,8572723010857.775,863836796.9252136,0.0,479960800221.0174,453745969949.5958,102977110671.9822,0.0,14811501472.247358,2938543388.017277,556723080621.578,0.0,41533.25532203722,-76762280400.56061,-91573781872.80797
latam,2069,4466672346021.636,242968945.43950257,0.0,194545647869.46436,234659447752.3541,32020742280.388805,0.0,4583342833.10372,1232388046.3060853,266680190032.7429,0.0,55925.87662202794,-72134542163.27853,-76717884996.38225
seasia,2069,5206634951374.023,303550462.99700385,0.0,226638511332.164,270495049828.94183,36802693006.96919,0.0,1645409623.7391195,1970681662.6086524,307297742835.911,0.0,52942.733865779526,-80659231503.74701,-82304641127.48613
russia,2069,4215466754385.337,129159657.43743606,6694480.362220229,180092046910.37332,208332301132.62692,24473001613.763508,11882743022.83319,0.0,1479526273.518473,220354597376.49396,12450705369.896538,67202.93373678495,-40262550466.120636,-40830512813.18398
mena,2069,7899756379206.547,284974610.6524797,0.0,476455337820.263,430018006068.8095,110288609540.70448,0.0,8642088839.865368,1854518203.625217,540306615609.514,0.0,67540.71892732262,-63851277789.25098,-72493366629.11635
ssa,2069,6892416099965.542,1401613861.5199285,0.0,366231170023.0695,299518887600.4188,41414037631.69034,0.0,5351295846.122186,3807185022.3471,340932925232.10913,0.0,27203.31136105278,25298244790.96039,19946948944.838203
us,2070,16095172937319.494,161055209.80583557,33967177.883952945,612832674111.4644,807705583258.8315,89930111217.57776,199967516980.56653,0.0,3283068614.553666,702566351473.253,195069343003.15598,120185.52665723414,-89733677361.7887,-84835503384.37814
oecd-ex-us,2070,15039113823020.957,244831417.731788,35478612.31523567,570420639433.5815,762355074567.0538,81293810505.75128,128491803351.05533,0.0,2409291557.0342817,709273429917.0466,134375455155.7587,97926.29113233121,-138852790483.4651,-144736442288.16846
china,2070,7086569624470.435,280856491.83492947,0.0,208721704372.70926,417667294675.13544,41941603745.1828,0.0,2922312029.9130707,2275306443.101389,459608898420.31824,0.0,74142.94536580284,-250887194047.60898,-253809506077.52203
india,2070,8483045334491.599,859172842.2236332,0.0,472522837732.88354,449301649034.06616,101619593357.82722,0.0,14032305772.622753,2753034065.453114,550921242391.8934,0.0,42828.80904500152,-78398404659.00989,-92430710431.63264
latam,2070,4457357933658.617,239446314.54368138,0.0,190489928016.2355,231018943645.95227,32142912430.726353,0.0,4630316916.68952,67987832614.11287,263161856076.67862,0.0,57413.57285991986,-72671928060.44312,-77302244977.13263
seasia,2070,5126597324832.295,300158944.755078,0.0,222237048410.85358,266310343423.17322,36161499235.78727,0.0,1867093433.4342122,2064261139.8133655,302471842658.9605,0.0,54395.78317133767,-80234794248.10693,-82101887681.54115
russia,2070,4175232662792.879,127934079.65290852,6699926.057428223,177217051904.01297,206209120673.33014,24179689873.671177,11498478887.696611,0.0,1439188162.827833,217934346104.00095,12454464443.000557,68800.78203703089,-40717294199.987976,-41673279755.29192
mena,2070,7827759960819.553,284252686.33440477,0.0,470072243812.2676,426423910016.0922,109076813142.47705,0.0,8439891209.453201,1871952168.7575588,535500723158.5693,0.0,69141.39849876885,-65428479346.3017,-73868370555.7549
ssa,2070,6912977619551.228,1415645169.2486105,0.0,364795082207.16205,301307008173.28375,41512299859.07847,0.0,5192312833.196502,3778058244.077876,342819308032.36224,0.0,28230.489684771463,21975774174.799805,16783461341.603302
us,2071,16021527862912.533,159667966.9764938,34070859.18997274,607860939334.2917,803304219245.0568,89328106454.31969,208138893375.73453,0.0,2987418582.3765864,697196090670.5798,195436235028.7964,122002.11081390503,-89335151336.28809,-76632492989.34995
oecd-ex-us,2071,14897810176036.576,240091881.76599225,35369191.993196756,561995006240.9512,754078315015.55,80329144086.81947,128561005592.08755,0.0,2547800284.950816,700295268336.1444,134112190766.22519,99712.30897384175,-138300262095.19324,-143851447269.33087
china,2071,6843692814346.237,268009098.79248294,0.0,198929977572.45126,400765031070.18243,40223352279.28074,0.0,2927581287.239514,2109176940.0523934,440988383349.4632,0.0,75810.91587696323,-242058405777.01193,-244985987064.25143
india,2071,8390439692836.955,854165298.1950247,0.0,465209599771.53613,444829307633.174,100248426669.05682,0.0,15498949380.503069,2761442256.557149,545077734302.23083,0.0,44154.29087839742,-79868134530.6947,-95367083911.19777
latam,2071,4382165920105.2,235896926.81881556,0.0,186528773974.70258,227088707986.68582,31542038052.7792,0.0,4359870252.605227,1269828763.95308,258630746039.46503,0.0,58930.79659216935,-72101972064.76245,-76461842317.36768
seasia,2071,5047534606059.228,296732559.52284044,0.0,218009372387.0216,262146711997.57263,35525059980.690704,0.0,1406303351.1389093,2005984169.3099113,297671771978.2633,0.0,55878.49644354476,-79662399591.2417,-81068702942.38062
russia,2071,4192267454838.717,126664391.73121037,6683953.721579426,174501521502.89804,204114563877.46408,24542658079.489857,10567781057.677568,0.0,60622711442.219696,216167745784.0763,12489476172.877674,70427.52564851407,-41666224281.17825,-43587919396.37836
mena,2071,7755660344254.536,283486292.1211383,0.0,463854209482.2249,422827890102.7754,107838717689.99493,0.0,7143415974.92295,1856197720.457599,530666607792.7703,0.0,70770.95295243149,-66812398310.54541,-73955814285.46835
ssa,2071,6930565886800.433,1429010273.7612827,0.0,363262367433.50287,302945555043.8434,41588081295.062035,0.0,5011879978.980177,3871416133.587775,344533636338.9054,0.0,29286.71032495047,18728731094.597473,13716851115.617296
us,2072,15940415345329.775,158283498.95427334,34134820.14676182,603207781209.3334,799254088653.1487,88763308924.3914,200770586559.3943,0.0,2926512226.0648227,691936053916.5786,196081343660.9617,123845.94217700062,-88728272707.24524,-84039029808.81265
oecd-ex-us,2072,14754238355359.023,242136123.40995154,35986384.33730156,553969289721.4055,745962236871.9891,79380860379.76787,125447293055.33969,0.0,2354693797.4526415,691499639195.3297,133843458056.42732,101526.0496922491,-137530349473.9242,-145926514475.01184
china,2072,6609196975512.63,255267737.72581467,0.0,190035191339.19366,384494521798.97565,38605339159.727615,0.0,3432312174.3377075,2001142960.2474616,423099860958.70325,0.0,77507.8543043423,-233064669619.50958,-236496981793.8473
india,2072,8297491979851.522,848988320.9344156,0.0,458053529711.2729,440234258388.5368,98850044335.6867,0.0,14493974620.054342,2577034647.572253,539084302724.2235,0.0,45510.1500702435,-81030773012.95062,-95524747633.00496
latam,2072,4307684289333.1826,233302027.51125863,0.0,182677538804.0441,223200069420.03058,30947436996.243256,0.0,4274210968.5824757,1262547808.791846,254147506416.27383,0.0,60477.95868238401,-71469967612.22974,-75744178580.81221
seasia,2072,4968706448237.833,294417390.79513943,0.0,213954658663.26334,258051902090.1541,34901816520.864006,0.0,1705603136.385098,1876505262.747008,292953718611.0181,0.0,57391.29019123729,-78999059947.75479,-80704663084.1399
russia,2072,4151618774857.674,125447033.2138961,6688096.492302601,171982553477.01712,201948040680.58682,24243197144.684803,12105638797.676147,0.0,1454365569.5345707,213768827181.40063,12422410643.87098,72083.56230870844,-41786273704.383514,-42103045550.57835
mena,2072,7682864041592.568,283514557.8563649,0.0,457841116284.7582,419296812554.7901,106595734790.66591,0.0,6552387512.313211,1807515911.039871,525892547345.456,0.0,72429.77979917241,-68051431060.697815,-74603818573.01103
ssa,2072,6944938517765.825,1444135348.01835,0.0,361639058680.59534,304443392533.9887,41646383353.41472,0.0,4984089457.715152,3807437629.9185495,346089775887.40344,0.0,30372.495732320363,15549282793.191895,10565193335.476742
us,2073,15864376772413.055,157183029.44743338,34214946.589874,598849415619.7845,795019329065.9248,88156570628.29402,205189431757.67786,0.0,3098479400.03721,686777830977.3234,196398068716.8952,125717.4294315536,-87928415357.53882,-79137052316.75616
oecd-ex-us,2073,14608862167739.746,237694375.7075507,35837278.616790585,546385341881.202,737881298811.645,78435671089.08917,122211775310.78142,0.0,2343665089.4755745,682915217567.5714,133401752333.16338,103367.91674617272,-136529875686.36938,-147719852708.75134
china,2073,6383610504168.211,243670931.46350184,0.0,182051813474.69778,368900743815.9871,37090561654.16194,0.0,3395496526.5508556,1748517177.577697,405991305470.14905,0.0,79234.16145780362,-223939491995.45126,-227334988522.0021
india,2073,8204927222225.845,846616215.7734028,0.0,451099946382.43164,435647411119.2373,97450481534.55034,0.0,13306108440.454874,2739297086.1329217,533097892653.78766,0.0,46896.84011724288,-81997946271.35602,-95304054711.8109
latam,2073,4233837823721.228,230576296.7398117,0.0,178943797027.18665,219349936354.40082,30360382276.975697,0.0,4307027746.433084,1227083738.670402,249710318631.37653,0.0,62055.47506488737,-70766521604.18988,-75073549350.62297
seasia,2073,4960521829085.247,291869267.27835596,0.0,210065160565.28256,254263361268.7798,35093341296.11887,0.0,1910572266.45578,73017495113.48618,289356702564.8987,0.0,58934.585832287856,-79291541999.61612,-81202114266.0719
russia,2073,4110435001864.7065,124247140.01363224,6683883.443427823,169667738005.3257,199858584146.57352,23957607823.868114,11551424069.620333,0.0,1413256902.5297177,211404451872.68848,12411740097.75325,73769.29533061812,-41736713867.36276,-42597029895.49568
mena,2073,7702557781549.77,283277008.68933094,0.0,452025046446.22205,415292744923.18445,106372568124.65053,0.0,6886222845.192607,96220229404.01164,521665313047.83496,0.0,74118.28213758035,-69640266601.61292,-76526489446.80553
ssa,2073,6955968514538.151,1460726950.441555,0.0,359933429705.7069,305794273143.8409,41687709659.478935,0.0,5191549460.907728,3770099330.8436475,347481982803.3198,0.0,31488.37219030703,12451446902.387085,7259897441.479357
us,2074,15786166507491.527,156989528.47389048,34275889.956469715,594854043430.0638,790891234743.7717,87591970109.77031,202238124754.7768,0.0,3180771747.1733484,681724683467.6978,196758521385.84433,127616.98739322874,-86870640037.63391,-81391036668.70145
oecd-ex-us,2074,14465846341425.79,236938590.66186345,35704879.09614112,539346685286.53906,729847594594.9078,77517119199.97885,122741782197.0058,0.0,2260419997.3827996,674556255139.7878,132808458655.09908,105238.31975042193,-135209569853.24878,-145276246311.34204
china,2074,6287159702606.007,232121997.10387745,0.0,175021599565.63824,358125741233.1787,37122167064.4044,0.0,2888850739.3074064,126664357909.04932,395247908297.5831,0.0,80990.24399561516,-220226308731.9449,-223115159471.2523
india,2074,8207368674108.677,843708158.2807319,0.0,444341155210.7097,430727837259.83594,97089196447.01924,0.0,14142666075.53488,100059996454.51205,527817033706.85516,0.0,48314.81886627933,-83475878496.14545,-97618544571.68033
latam,2074,4160994642287.7856,230271967.89023095,0.0,175336095416.3734,215537897502.5982,29782562418.835915,0.0,4014638908.4141684,1155821980.0312746,245320459921.4341,0.0,63663.76685461372,-69984364505.0607,-73999003413.47487
seasia,2074,4882333255513.12,291832515.04157746,0.0,206357168453.49164,250259587459.4652,34475454155.14242,0.0,1829263013.9382358,2018562602.9246771,284735041614.6076,0.0,60508.80980375839,-78377873161.11597,-80207136175.0542
russia,2074,4070007228030.7197,123812185.16532265,6689416.581418057,167541280698.52298,197782865598.24512,23678855937.02423,12127235111.176632,0.0,1365431891.5814495,209088444732.54526,12373276802.72408,75485.13370759635,-41547164034.02228,-41793205725.569725
mena,2074,7625995642695.147,284360232.58243525,0.0,446377110244.2047,411768745919.0967,105104036614.1932,0.0,7884163020.948011,1817696455.4082904,516872782533.2899,0.0,75836.86875858804,-70495672289.0852,-78379835310.03322
ssa,2074,6964468345699.355,1474053753.1732812,0.0,358164909016.053,306991420857.0708,41710467697.152,0.0,4687757119.00972,3724567818.38651,348701888554.2228,0.0,32634.869861233794,9463020461.8302,4775263342.82048
us,2075,15971572161022.264,157212242.56787738,34390445.27665349,591330258213.1499,786610432241.5188,89463093448.64932,213497668041.37152,0.0,256651252966.3775,678141672293.2717,197931853396.89594,129545.03710027701,-86811414080.12183,-71245599435.64624
oecd-ex-us,2075,14331178454636.02,236752504.33715495,35633291.66497981,532985388301.9598,722088688828.5608,76631580781.28682,128824293529.53171,0.0,2242700988.587735,666432982858.0337,132287286751.81326,107137.6745688923,-133447594556.07391,-136910587778.35547
china,2075,6075155053987.168,228820589.87124032,0.0,168892075389.96155,343840110845.85345,35743257141.32641,0.0,3144725533.945692,1831369512.3219192,379583367987.1799,0.0,82776.51452723765,-210691292597.21832,-213836018131.164
india,2075,8111088716989.346,846026149.8219423,0.0,437758138391.7755,426127528927.99774,95692531714.2003,0.0,14856313353.513126,2638278484.6052766,521820060642.19806,0.0,49764.5486185481,-84061922250.42255,-98918235603.93567
latam,2075,4089000671443.8,229438589.08878514,0.0,171858982204.87088,211791215187.91162,29216529950.92745,0.0,3990864947.5043497,1145657037.4857163,241007745138.83908,0.0,65303.260458509474,-69148762933.9682,-73139627881.47255
seasia,2075,4805101672880.025,290721546.89395684,0.0,202828739839.10593,246329209693.51193,33872717083.10849,0.0,1760312880.9914637,1901917185.414713,280201926776.6204,0.0,62114.39367371054,-77373186937.5145,-79133499818.50597
russia,2075,4029936393173.2847,123485250.71203575,6694686.51262005,165599945522.0254,195786474707.9909,23413716005.11633,12173726871.661861,0.0,1355683461.9872866,206831750449.03207,12368440264.07507,77231.49221938399,-41231804927.00668,-41426518319.41989
mena,2075,7548452174161.715,284473516.2561251,0.0,440893966638.76843,408189269874.6332,103823549969.51132,0.0,8167449578.124735,1742834250.0674374,512012819844.14453,0.0,77585.95425130561,-71118853205.3761,-79286302783.50084
ssa,2075,6970019875968.632,1488572032.8567233,0.0,356337936951.28766,308065657402.96796,41716844220.744354,0.0,4801169326.680828,3797264268.3833714,349782501623.7123,0.0,33812.5228372265,6555435327.575378,1754266000.8945503
us,2076,15899274649638.424,156007829.69350964,34480653.142577015,588218897907.168,782986601223.4901,88979407759.46407,208548447969.89764,0.0,2901151722.057244,673304543849.2485,198661465133.70532,131502.00590686913,-85085645942.08057,-75198663105.88824
oecd-ex-us,2076,14197448817613.627,233301722.68165246,35562671.10850807,527286760180.2261,714787273483.6058,75813203609.68874,127432773955.74573,0.0,2151305934.9286785,658574599840.0197,132025877253.27516,109066.40340879868,-131287839659.79358,-135880942957.32301
china,2076,5872829856498.802,224864568.44293532,0.0,163582903609.33948,330341291399.76575,34470935980.14467,0.0,2693996656.0677543,1598122938.2756736,364812227379.9104,0.0,84593.39171732057,-201229323770.57092,-203923320426.63867
india,2076,8015130352912.897,847303794.7933003,0.0,431352409564.8644,421480436117.45526,94294018921.13927,0.0,14221698375.79082,2685379773.072351,515774455038.59454,0.0,51246.49623628344,-84422045473.73016,-98643743849.52098
latam,2076,4018023549967.9272,229672956.18021742,0.0,168512692430.54767,208109178556.9116,28662035528.250225,0.0,3819767962.1402254,1101168140.883986,236771214085.1618,0.0,66974.38768843569,-68258521654.614136,-72078289616.75436
seasia,2076,4729384193344.373,285585236.8045894,0.0,199463780233.6897,242480217552.724,33284112976.70925,0.0,1289367874.0841706,1872438634.1753445,275764330529.4332,0.0,63751.77425466119,-76300550295.74353,-77589918169.8277
russia,2076,3991099528948.5396,124315186.1294488,6823397.49208721,163835083125.81454,193844180167.73416,23159095888.108185,12979024874.020432,0.0,1352303831.2618752,204646002639.2161,12357273416.626232,79008.79153937967,-40810919513.40155,-40189168056.007355
mena,2076,7470921574492.677,281570303.63812596,0.0,435604599066.11255,404590951347.25604,102546324570.4662,0.0,7659664770.437178,1661741953.0068312,507137275917.7222,0.0,79365.95911008262,-71532676851.60968,-79192341622.04686
ssa,2076,6972348663390.224,1501386433.2985153,0.0,354446096353.70825,308997568934.62146,41705530607.44448,0.0,5226341179.8304,3812131789.7753716,350703099542.0659,0.0,35021.86919580021,3742996811.642334,-1483344368.1880665
us,2077,15825350026993.006,154821358.3940969,34549304.57678945,585367153798.5833,779362632741.4738,88456732058.2434,205460253076.74295,0.0,3067335278.9692984,668628764933.4148,199190599866.3021,133488.32757782933,-83261611134.83154,-76991957924.39069
oecd-ex-us,2077,14064062953193.975,229926549.47772056,35472878.73060445,522132595811.1299,707721203951.6958,75020164904.0569,125089712850.20395,0.0,2133195774.7630756,651018508751.624,131722860104.12865,111024.93491626681,-128885912940.49414,-135519060194.41884
china,2077,5679684876354.327,215278279.20055422,0.0,159024957432.8891,317703963411.3923,33300733182.89076,0.0,2735587743.287165,1570346760.2042038,351004696594.283,0.0,86441.30039092338,-191979739161.39392,-194715326904.6811
india,2077,7918897443152.04,835303699.5648597,0.0,425143114844.64777,416858979089.0092,92914005689.02675,0.0,14230140607.892935,2627100780.42338,509772984778.03595,0.0,52761.133252046384,-84629869933.38818,-98860010541.28111
latam,2077,3947911615126.4946,225012745.09594154,0.0,165295268255.3821,204504095073.66055,28120546612.69232,0.0,3847816532.754815,1065255122.2912424,232624641686.35287,0.0,68677.58587556785,-67329373430.970764,-71177189963.72559
seasia,2077,4654041789059.6875,280483416.3886978,0.0,196238419487.98178,238736711709.36984,32714077819.52681,0.0,1896598958.5568795,1766564714.78566,271450789528.89667,0.0,65421.393718672996,-75212370040.91489,-77108968999.47177
russia,2077,3951865898842.5146,122849471.47471482,6832132.329276081,162221779053.21725,191985279166.32324,22921996941.852203,12164256538.715935,0.0,1287610410.2159002,202543437486.99878,12363838621.176683,80817.45834315551,-40321658433.781525,-40521240516.24227
mena,2077,7391998393085.268,278614090.8035417,0.0,430488983482.4679,401012170697.2048,101286035916.90009,0.0,8778103967.549845,1664145691.7738512,502298206614.10486,0.0,81177.30984281303,-71809223131.63696,-80587327099.18681
ssa,2077,6972694393339.747,1501355703.1978178,0.0,352502700732.57745,309783512987.8473,41679811182.99174,0.0,4325732171.36556,3632085559.151603,351463324170.83905,0.0,36263.45106010196,1039376561.7384033,-3286355609.6271563
us,2078,15753387513746.03,153680185.39017126,34622757.965518646,582847694005.2982,775814628330.0323,87959409790.30223,205652349484.15173,0.0,3311481383.900743,664126600761.8408,199647437358.49362,135504.44238479,-81278906756.5426,-75273994630.88449
oecd-ex-us,2078,13936533111691.041,226684438.07588446,35412755.85742012,517545327377.21313,700853024642.9209,74259636809.46805,127943916330.07611,0.0,2093576242.1670904,643786664155.9448,131325997296.4445,113013.70427330532,-126241336778.73169,-129623417745.10008
china,2078,5495748531762.27,206112703.9807879,0.0,155123867078.1223,305916831236.9535,32224281131.427063,0.0,2362316272.868079,1443216971.0661757,338141112368.38055,0.0,88320.67163998078,-183017245290.25824,-185379561563.1263
india,2078,7821580979772.96,823289100.8793378,0.0,419101198889.4349,412239525805.3094,91549552238.42096,0.0,15129961133.835323,2501376909.054541,503789078043.73035,0.0,54308.93598053645,-84687879154.29547,-99817840288.1308
latam,2078,3878737796260.7827,220419402.02903962,0.0,162198332905.41473,200966886777.37955,27591029518.930397,0.0,3848158383.593123,1033922908.7763541,228557916296.30994,0.0,70413.29798628995,-66359583390.8952,-70207741774.48833
seasia,2078,4580032810944.534,275463542.0698628,0.0,193133956178.90204,235043316934.84778,32152311048.949436,0.0,1759217673.2978318,1811911363.0383718,267195627983.7972,0.0,67123.69971407067,-74061671804.89517,-75820889478.19301
russia,2078,3913164894364.461,121397903.35399704,6836678.64251383,160730651840.2457,190168571861.21548,22684683518.974693,12153018347.753677,0.0,1268580714.1358912,200525511101.52158,12327744278.668533,82657.92541823213,-39794859261.27588,-39969585192.190735
mena,2078,7314360798042.471,275691872.2345073,0.0,425538719396.2271,397367231690.1548,100026116478.67096,0.0,7447073884.229691,1664107614.0355031,497393348168.82574,0.0,83020.43908049716,-71854628772.59863,-79301702656.82832
ssa,2078,6970459358719.764,1500795664.6253092,0.0,350504144507.15186,310477507101.7929,41641040894.42997,0.0,4368071468.575443,3747440337.665565,352118547996.2229,0.0,37537.814663780075,-1614403489.071045,-5982474957.646488
us,2079,15678227862972.822,152555175.5785671,34670341.809615046,580583630901.8833,772381407055.9473,87481151980.5531,201375344947.5626,0.0,2743932413.861508,659810552631.9067,200052006404.5938,137550.79720378885,-79226921730.02344,-77903583187.05466
oecd-ex-us,2079,14035888943990.08,223538543.2160356,35333222.09740081,513503938625.6931,694858731683.7742,75729032167.60152,126027374886.70352,0.0,230412282638.02902,638801199638.0021,131786564213.37291,115033.15329618064,-125297261012.30896,-131056450338.97835
china,2079,5319822506939.043,197361860.10455468,0.0,151753411617.9667,295008623245.4895,31234641514.175983,0.0,2779148072.507354,1342976390.9810708,326243264759.66547,0.0,90231.9429310311,-174489853141.69876,-177269001214.20612
india,2079,7726063288756.448,811461120.0401034,0.0,413227952210.494,407587675405.90137,90192770951.70628,0.0,13460791402.710716,2495594533.3099318,497780446357.60767,0.0,55890.38563289244,-84552494147.11365,-98013285549.82437
latam,2079,3810544766499.446,215898721.54538107,0.0,159217024378.58704,197501055393.71677,27073881135.803032,0.0,3833136799.771161,998019189.3688308,224574936529.5198,0.0,72181.97273958141,-65357912150.93277,-69191048950.70393
seasia,2079,4506985845911.637,276027509.63477623,0.0,190139874342.50018,231434931507.97583,31606242656.85828,0.0,1865122595.0775049,1719457384.5180128,263041174164.8341,0.0,68859.14548377527,-72901299822.33392,-74766422417.41142
russia,2079,3874519321201.4185,119966289.67265843,6834628.635644806,159340887945.53244,188422875992.70074,22457864067.11806,11660728318.003,0.0,1233550633.2427597,198585518397.26572,12295221662.553007,84530.63177512835,-39244630451.73328,-39879123796.28329
mena,2079,7238889332259.692,277262205.04756105,0.0,420793268223.2873,393778333796.86755,98801027411.03537,0.0,5307036505.501329,1621663707.3396075,492579361207.90295,0.0,84895.7856880763,-71786092984.61566,-77093129490.11699
ssa,2079,7031399317029.718,1499617202.8366537,0.0,348428024906.85504,309795949451.4571,42408558610.31161,0.0,5124235117.050422,69840676581.9171,352204508061.7687,0.0,38845.510420446924,-3776483154.9136353,-8900718271.964058
us,2080,15603733589349.129,151467399.86299413,34713268.32830021,578467559604.7047,768915265438.109,87006490246.54112,199984860635.54303,0.0,2975061820.698542,655650533674.561,200271222010.08902,139627.84561433026,-77182974069.85632,-77469335444.40231
oecd-ex-us,2080,13911531066006.926,220520675.19842985,35258997.68075296,509929599981.5892,688534861106.1002,75022537364.1642,127177800152.06024,0.0,2092120353.4522696,632086391535.2196,131471006935.04507,117083.73053521746,-122156791553.63043,-126449998336.61526
china,2080,5151912757607.356,196352948.69189855,0.0,148783919189.44635,284935182728.0143,30316244081.326267,0.0,2716466144.8123736,1274224433.0243757,315251426809.3406,0.0,92175.55821422764,-166467507619.89423,-169183973764.7066
india,2080,7630344475024.945,813481784.7792368,0.0,407514138418.8469,403039663702.8541,88873371491.54596,0.0,13718125980.595444,2398209024.6483192,491913035194.4001,0.0,57505.96843344803,-84398896775.55316,-98117022756.1486
latam,2080,3743435314909.521,211466353.8931211,0.0,156341853105.2182,194109106368.0226,26569076117.208984,0.0,3735840640.7679443,962718430.8574303,220678182485.2316,0.0,73984.06472589637,-64336329380.0134,-68072170020.78134
seasia,2080,4435088782684.309,271101559.67085224,0.0,187237935306.13077,227896391444.19345,31072365760.57028,0.0,1857843302.363002,1691601973.666682,258968757204.76373,0.0,70628.18998525,-71730821898.63297,-73588665200.99597
russia,2080,3837248549575.466,118574424.91019253,6838380.185852488,158039608363.31897,186727243235.30276,22234430718.630016,12440213710.731352,0.0,1211080253.929752,196712353652.76718,12249320301.165623,86436.02275970095,-38672745289.44821,-38481851879.88248
mena,2080,7163523282393.34,274399663.47201914,0.0,416207235029.0609,390281951304.2786,97622943109.30037,0.0,5231588194.98184,1563197713.146051,487904894413.579,0.0,86803.79487655582,-71697659384.51807,-76929247579.49991
ssa,2080,7023911410451.409,1497968739.6160712,0.0,346283219823.02014,310233622091.02734,42343217978.004074,0.0,4995451786.821324,3801165454.5270853,352576840069.03143,0.0,40187.09299769866,-6293620246.0112915,-11289072032.832615
us,2081,15546978272392.152,150492780.7649269,34828440.45509445,576676960294.5674,765535348511.9744,86507612552.44696,215772612155.78403,0.0,2838071657.0968447,651640544926.9686,200402416137.4528,141736.04799993217,-74963584632.40125,-59593388614.07001
oecd-ex-us,2081,13794504185252.338,217647018.53620863,35206234.01011597,506809278567.6187,682490283439.282,74330042675.57507,130862638557.86143,0.0,2121528234.7862628,625679484881.2781,131140841233.57909,119165.89137604754,-118870206313.65936,-119148408989.37701
china,2081,4991680198585.883,188168834.20685256,0.0,146135475982.90134,275716280904.0414,29458858651.892555,0.0,2444620236.222867,1251724787.7802308,305175139555.93396,0.0,94151.96803365333,-159039663573.03262,-161484283809.2555
india,2081,7533486054836.961,801604896.8062278,0.0,401884090666.71045,398487559173.4413,87570048810.13214,0.0,15145991494.880587,2461088623.7548122,486057607983.5734,0.0,59156.17573890943,-84173517316.86298,-99319508811.74356
latam,2081,3677394750248.37,207130398.34420243,0.0,153565939342.1804,190793655468.42117,26077117885.71893,0.0,3650805618.415637,915074969.2223194,216870773354.1401,0.0,75820.03452753642,-63304834011.95972,-66955639630.37535
seasia,2081,4364450634313.9805,266281512.84279978,0.0,184416395695.44354,224429366337.15512,30550565461.260105,0.0,1743634599.2173777,1669022331.8593884,254979931798.41522,0.0,72431.29801205244,-70563536102.97168,-72307170702.18906
russia,2081,3800629074835.434,117221799.08463775,6843391.782253691,156812052358.37863,185122072862.41974,22021267042.31617,12537565042.204031,0.0,1174247764.1213646,194898361835.71594,12244978069.020105,88374.55016679152,-38086309477.33731,-37793722504.15338
mena,2081,7088956249461.347,271570821.8573,0.0,411720658579.5497,386771133359.1558,96465798317.89555,0.0,4615906220.527695,1565146386.0399728,483236931677.0514,0.0,88744.91831643395,-71516273097.50171,-76132179318.0294
ssa,2081,7013718114048.318,1495823263.720566,0.0,344078720085.6273,310556775999.30664,42264226611.05786,0.0,5224960969.284264,3773947090.92834,352821002610.3645,0.0,41563.12139565246,-8742282524.737183,-13967243494.021446
us,2082,15481891065448.807,152293100.8453096,35523160.540724725,575087823011.2372,762726762592.7551,86125054767.70883,205814050442.101,0.0,2862736963.781411,647769010221.6825,201082807138.78137,143875.8716501817,-72681187210.44531,-67949943907.12567
oecd-ex-us,2082,13676367976417.584,214866009.32507375,35124802.88658615,504013785980.9541,676899522746.9247,73689057432.60597,126408261829.09067,0.0,2030323534.7234545,619568582315.4615,131019997864.06877,121280.09814233045,-115554796334.50745,-120166532369.48555
china,2082,4838870134819.876,180462418.19797254,0.0,143715370801.87897,267275303081.36313,28651204894.968674,0.0,1868917646.6861184,1269991055.1330082,295926507976.3318,0.0,96161.62963895967,-152211137174.45282,-154080054821.13895
india,2082,7437622465601.495,789917305.3280258,0.0,396312391887.17786,393860420472.01294,86274930917.75963,0.0,14348616712.398819,2307986979.52791,480135351389.7726,0.0,60841.504159923,-83822959502.59473,-98171576214.99355
latam,2082,3665332077038.382,202897698.14621276,0.0,150885478171.3362,187781450599.92294,26172431159.79938,0.0,3502696354.042936,54508426732.44159,213953881759.72232,0.0,77690.34884051859,-63068403588.38611,-66571099942.42905
seasia,2082,4294737436746.0137,261561651.59999034,0.0,181651951558.81516,221033319816.76215,30042454945.31814,0.0,1838420949.6127284,1549046584.908332,251075774762.0803,0.0,74268.94031698917,-69423823203.26514,-71262244152.87787
russia,2082,3815505485759.0156,115886059.84277345,6824691.030877647,155602393708.75916,183408578898.47693,22386012146.690674,11320623933.003962,0.0,53747984326.98499,193493363138.7746,12301227906.392883,90346.67235519736,-37890969430.01544,-38871573403.404366
mena,2082,7013900373406.243,268739133.8532667,0.0,407293923276.58026,383265952404.24646,95336684713.61505,0.0,5294031951.112836,1546869737.2856624,478602637117.8615,0.0,90719.61425245351,-71308713841.28125,-76602745792.39409
ssa,2082,7001571843169.445,1493285467.3914294,0.0,341826288873.67676,310752347473.73804,42169141340.396935,0.0,4823723479.704677,3772652541.2884483,352921488814.13495,0.0,42974.15902995914,-11095199940.45819,-15918923420.162868
us,2083,15418707784873.852,151313119.21315324,35586963.52138211,573484055742.565,759670327603.5718,85726348343.75279,206193835483.69177,0.0,2535504146.101421,644033797885.1187,201362878062.206,146047.79086432143,-70549742142.55371,-65718784721.06793
oecd-ex-us,2083,13563835896205.834,212225120.84404147,35063651.939852245,501467169086.2962,671325884146.7509,73060813127.70815,128319854476.76973,0.0,2067593499.6562338,613732750976.0598,130653946298.39897,123426.82019996938,-112265581889.76361,-114599673711.39285
china,2083,4691993325934.859,173208313.92819476,0.0,141410039464.03848,259507805677.3736,27887510662.073204,0.0,2004978580.991657,1113446571.3866932,287395316339.4468,0.0,98205.00709835174,-145985276875.4083,-147990255456.39996
india,2083,7341630602136.651,778327971.6330252,0.0,390782499180.71686,389267853922.48486,85009052729.41412,0.0,14750575069.692219,2253119076.035891,474276906651.899,0.0,62562.45568500258,-83494407471.18213,-98244982540.87434
latam,2083,3600878791858.096,198765356.20466745,0.0,148283001597.978,184604893859.30432,25695154358.058846,0.0,3388443296.733559,952204735.8328655,210300048217.36316,0.0,79595.48059794241,-62017046619.38516,-65405489916.11872
seasia,2083,4226278587098.6,256960433.72038275,0.0,178918070640.70972,217693705851.4782,29543550606.35266,0.0,1671914646.6481624,1532250816.3569818,247237256457.83087,0.0,76141.59373687058,-68319185817.121155,-69991100463.76932
russia,2083,3779702843752.2256,114616604.07805689,6829125.180834038,154395981747.8096,181851186972.82513,22172408814.68496,12637006116.75837,0.0,1187965916.1513848,191764224387.03268,12259371400.477585,92352.85436398468,-37368242639.22308,-36990607922.9423
mena,2083,6938008200118.294,265896822.00465643,0.0,402879894709.8495,379689011084.3021,94220112431.80974,0.0,6359358097.117395,1496413615.430442,473909123516.1119,0.0,92728.34761969531,-71029228806.26239,-77388586903.37979
ssa,2083,6987339110535.877,1490334196.6210215,0.0,339533144637.1433,310851018659.5469,42061431407.35987,0.0,4642152585.160581,3788725381.355991,352912450066.90674,0.0,44420.773819246286,-13379305429.763428,-18021458014.924007
us,2084,15356069369717.627,150370427.94310895,35648712.74330783,571902163570.2264,756741073764.399,85330847460.89859,204584749975.3845,0.0,2946592523.469443,640417220662.5579,201654700562.7401,148252.28705638958,-68515057092.33142,-65585007679.68704
oecd-ex-us,2084,13451824791420.492,209689223.13344306,34985407.10176716,499108062117.1741,666055305589.5963,72455584841.43958,125367133502.31026,0.0,2024590026.2011406,608162709278.4923,130348181152.54309,125606.53406284652,-109054647161.31824,-114035694811.55107
china,2084,4549893815134.485,166388909.31192875,0.0,139092732508.54446,252256174727.86768,27151080821.363873,0.0,2907576893.961245,1122589134.269718,279407255549.23157,0.0,100282.57141294116,-140314523040.6871,-143222099934.64835
india,2084,7247548669492.977,766988032.1100945,0.0,385289690693.0837,384645112146.1163,83759433517.0413,0.0,13123082898.32747,2156005224.7204747,468404545663.1576,0.0,64319.53780678687,-83114854970.07391,-96237937868.40138
latam,2084,3537397722668.253,194728223.8093533,0.0,145739528214.51572,181502723897.1516,25228670995.169235,0.0,3426777340.1142936,937574828.0776428,206731394892.32086,0.0,81535.9090948599,-60991866677.805145,-64418644017.91944
seasia,2084,4216990194951.2534,252468802.16883802,0.0,176195163356.05338,214547059689.9968,29717605482.413563,0.0,1682040359.3160493,60463150028.32615,244264665172.41037,0.0,78049.74131886438,-68069501816.356995,-69751542175.67305
russia,2084,3743661560613.5825,113378118.54811504,6819828.235045709,153178453318.2978,180372225106.18442,21967592261.889927,11937530092.924631,0.0,1182550818.2119448,190078513321.04782,12261304047.026428,94393.56803016318,-36900060002.75003,-37223833956.85183
mena,2084,6863181722856.95,263106349.70693466,0.0,398483413085.0208,376017865132.9649,93110366667.98712,0.0,5614643402.883731,1432984857.4742267,469128231800.952,0.0,94771.59016103219,-70644818715.93121,-76259462118.81494
ssa,2084,6970310379329.709,1501584795.8427572,0.0,337183484160.38416,310849693885.68353,41944101652.66525,0.0,5038404090.765982,3619984262.5637884,352793795538.34875,0.0,45903.53827694531,-15610311377.9646,-20648715468.730583
us,2085,15285295442251.719,149414289.73192966,35656991.312513776,570185963967.2766,753903809016.884,84955359725.62975,195002410721.3558,0.0,2896866587.9659677,636937042134.221,201922126608.29233,150489.84886193747,-66751078166.944336,-73670794053.88086
oecd-ex-us,2085,13340236201939.033,207248096.87944472,34879804.64002907,496801551759.4977,660938847570.5603,71869017303.65286,122547451076.0249,0.0,1870272557.2328122,602845501253.384,129962363620.82875,127819.72350010162,-106043949493.88635,-113458862038.6902
china,2085,4413392612480.6875,160040133.50606206,0.0,136717488222.84602,245354200934.44507,26429911113.08755,0.0,2564371008.3580995,1129792179.2457194,271784112047.53262,0.0,102394.80063249002,-135066623824.6866,-137630994833.0447
india,2085,7152811885490.875,755708297.902589,0.0,379807749383.3157,380096471932.566,82546386350.76274,0.0,13932986637.583057,2031311535.4973717,462642858283.32874,0.0,66113.26365059931,-82835108900.01306,-96768095537.59612
latam,2085,3474785529699.8823,190791453.95674917,0.0,143243809269.25543,178466522323.31512,24772073804.86631,0.0,3479090148.8694463,861684039.422667,203238596128.18143,0.0,83512.12011465497,-59994786858.925995,-63473877007.79544
seasia,2085,4149858608695.5454,248087461.41282395,0.0,173467294984.95062,211328253562.83728,29228900863.953938,0.0,1647338054.7418215,1605611240.8786976,240557154426.79123,0.0,79993.87244844822,-67089859441.84061,-68737197496.58243
russia,2085,3707236541536.5776,112167136.5148233,6792601.43087489,151902437064.97354,178889814935.6458,21762248119.35204,11144244639.458288,0.0,1180362273.5570385,188426561788.57495,12225501266.422909,96469.29210774116,-36524124723.60141,-37605381350.566025
mena,2085,6789937759513.479,260387190.6170005,0.0,394122285473.56494,372348658355.62354,92027701705.40344,0.0,4433485696.333212,1443596940.3237007,464376360061.027,0.0,96849.82054596348,-70254074587.46204,-74687560283.79524
ssa,2085,6951790540305.959,1498033840.2943056,0.0,334780074099.47534,310723551365.65155,41811599925.91739,0.0,4312421121.422992,3547659289.765863,352535151291.569,0.0,47423.0296074535,-17755077192.093628,-22067498313.51662
us,2086,15223813288508.736,148542136.93284762,35709771.35120155,568405248114.4502,750912131268.3752,84545847953.066,202860830953.4837,0.0,2709746410.5282145,633568062008.5432,201889917212.89835,152760.97224634764,-65162813894.09302,-64191900153.50766
oecd-ex-us,2086,13232047970786.076,209156666.716802,35471516.39883374,494507641119.0867,656029316218.7815,71277382682.33551,122674942678.52705,0.0,1935883950.5568044,597742071953.579,129564626947.53816,130066.87964497885,-103234430834.49231,-110124115103.50342
china,2086,4360209295994.306,154154391.72444785,0.0,134261792291.55536,239764093033.23428,26644425983.18605,0.0,2249675081.1212087,81213085319.60818,266408519016.42035,0.0,104542.17997256889,-132146726724.86499,-134396401805.9862
india,2086,7143330660294.129,744481022.2746129,0.0,374282689229.301,375313969800.8816,82260960767.73294,0.0,15072971910.621004,88883988053.18686,457574930568.6145,0.0,67944.15210528357,-83292241339.31348,-98365213249.93448
latam,2086,3413140370496.4194,186960691.29179835,0.0,140786116907.73563,175478167878.4471,24323563840.381027,0.0,3465958126.1467133,836413733.7760645,199801731718.82812,0.0,85524.60605693856,-59015614811.0925,-62481572937.23921
seasia,2086,4083494955427.6216,243809873.31452593,0.0,170721947228.00748,208150246149.351,28747397832.993538,0.0,1730672002.5032308,1542715488.9131334,236897643982.34454,0.0,81974.48297896248,-66175696754.33707,-67906368756.840294
russia,2086,3671061454094.703,110997159.96172671,6762710.014666729,150564821658.2559,177437801568.38513,21549892651.972115,11104339132.270102,0.0,1143445987.960747,186797512688.6128,12190181531.744474,98580.5123881819,-36232691030.3569,-37318533429.831276
mena,2086,6800266733390.954,257666687.1094638,0.0,389735099126.7797,368441578414.6598,91894459328.56332,0.0,5642825355.805568,86572737849.72429,460336037743.22314,0.0,98963.52449085074,-70600938616.44342,-76243763972.249
ssa,2086,6931662111092.76,1494146957.100828,0.0,332325054132.55774,310522034685.90607,41668279634.32469,0.0,3840822341.2744718,3577653315.7485385,352190314320.2308,0.0,48979.82980658072,-19865260187.673035,-23706082528.947506
us,2087,15163846396907.83,147700033.91597512,35755847.69039916,566619755336.2122,748341333031.5321,84119823663.11641,203217908115.4244,0.0,2656601642.110073,630249098739.0759,202212057955.57266,155066.16061477683,-63629343402.86377,-62623493243.012024
oecd-ex-us,2087,13127149933298.545,206860414.15507713,35382730.924110405,492196116803.41974,651239936645.9086,70687273178.94531,123000525213.60693,0.0,1832530320.297401,592776795062.4315,129150414762.42253,132348.50110526668,-100580678259.01178,-106730567807.82738
china,2087,4231085323509.3896,148695670.0806483,0.0,131660759020.65125,233408882154.6859,25936263476.613464,0.0,2525145449.587302,1085559575.3175182,259345145631.29938,0.0,106725.2019331531,-127684386610.64813,-130209532060.23543
india,2087,7049161048409.63,733526803.343601,0.0,368752161737.8692,370666793637.1231,81050946874.38272,0.0,13258704844.897673,2054671734.0367112,451717740511.50586,0.0,69812.72795628989,-82965578773.63666,-96224283618.53433
latam,2087,3352611927366.906,183238526.93487546,0.0,138358702695.2773,172523825476.1697,23882620877.40785,0.0,3316545164.5844584,835845693.3714333,196406446353.57755,0.0,87573.86606696805,-58047743658.30023,-61364288822.88469
seasia,2087,4017944458683.658,239632856.08922103,0.0,167954745076.3568,204986678289.9408,28270656561.01199,0.0,1769319670.0523975,1521412700.685175,233257334850.9528,0.0,83992.07536276645,-65302589774.59598,-67071909444.64838
russia,2087,3636185685412.5576,109884062.19681022,6750852.5125517445,149178718160.31793,175987821103.38696,21334581771.283585,12105214594.134254,0.0,1162701438.0703168,185171494879.0595,12150907995.61106,100727.72182228231,-35992776718.74158,-36038470120.21838
mena,2087,6725481687251.003,254966061.4282975,0.0,385269965481.5536,364736271557.7272,90835015920.9677,0.0,6019116042.694253,1535391899.8842983,455571287478.6949,0.0,101113.19488057579,-70301321997.1413,-76320438039.83556
ssa,2087,6908654099480.164,1489740120.028691,0.0,329792939338.7705,310228997425.6618,41514760427.365585,0.0,4725857359.535049,3668664261.197367,351743757853.0274,0.0,50574.525766229104,-21950818514.256897,-26676675873.791946
us,2088,15347801978632.9,146922555.6573736,35833362.58196818,564783212652.5862,745079918501.282,86014419958.4857,210962263645.30396,0.0,239304443886.94717,627778605575.6547,203315732884.1133,157405.9249237484,-62995392923.06848,-55348862161.87784
oecd-ex-us,2088,13029654358201.766,204699912.34539366,35322022.112336315,489854582056.89276,646586087437.484,70120042889.08276,127473040194.6968,0.0,1882932978.1924448,587875255904.2335,128830874422.33298,134665.09407535597,-98020673847.34076,-99378508074.97694
china,2088,4105999394712.666,143658141.40368456,0.0,128871085722.44524,227244034543.08603,25233332031.746773,0.0,2513683858.867244,1034035914.5317997,252477366574.8328,0.0,108944.36641868131,-123606280852.38756,-126119964711.2548
india,2088,6954997282386.097,722696627.9026237,0.0,363221314868.846,366090352105.84937,79872172528.24849,0.0,13408932158.6079,1986375900.3291755,445962524634.09784,0.0,71719.52202098836,-82741209765.25183,-96150141923.85973
latam,2088,3293142883132.6978,183423152.4406957,0.0,135956190951.56264,169610365981.32886,23449871109.428825,0.0,3186442050.336603,821443955.3220212,193060237090.7577,0.0,89660.40616660006,-57104046139.19505,-60290488189.531654
seasia,2088,3953542917906.111,235567436.42443848,0.0,165171711985.13626,201840734365.47238,27797908969.568394,0.0,1455421435.636395,1520812007.992552,229638643335.04077,0.0,86047.15878400164,-64466931349.90451,-65922352785.54091
russia,2088,3600599170268.0796,110639632.71326613,6849341.916311406,147725279918.87088,174564535820.85623,21126717236.5192,11278012958.95112,0.0,1101445035.0757685,183532503193.6202,12158749863.755184,102911.42064349535,-35807223274.74933,-36687960179.55339
mena,2088,6651651880262.7295,252313717.6577766,0.0,380759450855.51355,360973853454.961,89781893263.56561,0.0,5361089347.78306,1527578222.5215979,450755746718.5266,0.0,103299.33189164315,-69996295863.01306,-75357385210.79613
ssa,2088,6883180895411.866,1484878431.440184,0.0,327176012646.6713,309784793188.43036,41341642358.540184,0.0,5232602981.687387,3709821813.6889544,351126435546.9705,0.0,52207.70938325272,-23950422900.299194,-29183025881.98658
us,2089,15290449838319.215,146143019.01473293,35879085.86446018,562837851368.9417,742769678489.7827,85657369471.0792,205522211488.9989,0.0,2714844789.246718,624516624045.6249,203910423915.23764,159780.78379441838,-61678772676.68323,-60066985102.92197
oecd-ex-us,2089,12926322916897.225,202579731.06836376,35203435.181410536,487325072114.48816,642155555948.7446,69570469567.80281,119165044377.66016,0.0,1904467719.8580558,583028052097.9957,128697973418.55142,137017.17244994192,-95702979983.50757,-105235909024.39883
china,2089,3984600959335.0317,139016823.57286018,0.0,125896929875.65688,221199051603.11044,24535205619.751053,0.0,2513737670.076044,952629639.6445731,245734257222.8615,0.0,111200.18085960185,-119837327347.20464,-122351065017.28069
india,2089,6860670246189.294,711977134.0996858,0.0,357657528845.6728,361484031755.33685,78702933220.68672,0.0,13665545240.076939,1867945173.6198273,440186964976.02356,0.0,73665.07128618739,-82529436130.35077,-96194981370.4277
latam,2089,3234449187328.3364,179803397.2743886,0.0,133568458271.32811,166738842734.53357,23024767565.84686,0.0,3291512066.3438272,792968291.036881,189763610300.38043,0.0,91784.73938678707,-56195152029.05232,-59486664095.39615
seasia,2089,3889519717673.489,231571778.60297763,0.0,162362507490.25122,198732020066.73978,27331031673.260147,0.0,1830575490.378395,1507919507.5054827,226063051739.99994,0.0,88140.24929296771,-63700544249.74872,-65531119740.12711
russia,2089,3565139473953.329,109541814.52787662,6826969.954900799,146186325617.3327,173082040739.167,20907948734.07767,11294762317.687294,0.0,1049205223.4749824,181873806802.73657,12116182670.508081,105132.1164927191,-35687481185.40387,-36508901538.224655
mena,2089,6578379929591.418,249692462.88190538,0.0,376222014714.3187,357208259372.0278,88745917606.77223,0.0,5032454277.688225,1492665870.8576903,445954176978.8,0.0,105522.44311674972,-69732162264.48126,-74764616542.1695
ssa,2089,6856589988136.099,1479782830.6576042,0.0,324501028711.1728,309211961313.31885,41153847239.8702,0.0,4342560306.6113,3616432872.8564177,350365808553.189,0.0,53879.97767244337,-25864779842.016235,-30207340148.627537
us,2090,15229678660126.617,145365512.74452975,35899868.822179034,560643424245.5458,740159703482.1478,85274295797.24419,201167505746.61618,0.0,2851891094.622229,621275049250.2611,204158950029.13193,162191.26362754081,-60631625004.71533,-63623069287.23108
oecd-ex-us,2090,12824857817328.432,200540648.90408376,35076986.54473404,484518035773.6735,637493256283.4978,68997260984.1928,118708066313.90582,0.0,1799315611.3148437,578232730806.0895,128257786461.60086,139405.2579393962,-93714695032.41595,-103264415180.111
china,2090,3867043021274.7783,134723475.16920802,0.0,122759975219.35103,215231585357.53186,23839011592.96371,0.0,2194456637.404113,947140308.2972753,239070596950.49557,0.0,113493.16033543216,-116310621731.14455,-118505078368.54866
india,2090,6767822059849.003,701477629.0106311,0.0,352071358399.5044,356841828075.25397,77537395808.86014,0.0,12494335321.923578,1954014466.2455695,434379223884.11414,0.0,75649.91904783677,-82307865484.60974,-94802200806.53333
latam,2090,3176616357054.1724,176278897.55976155,0.0,131185257533.64879,163898951496.13354,22605050802.886856,0.0,3272848498.1107173,758762989.3168528,186504002299.0204,0.0,93947.3859016295,-55318744765.3716,-58591593263.482315
seasia,2090,3826239852119.669,232009013.87103528,0.0,159523334620.00922,195627624871.61508,26866801541.430054,0.0,1671686474.6094027,1362912713.8276,222494426413.04514,0.0,90271.86994211747,-62971091793.03592,-64642778267.645325
russia,2090,3529380511462.0044,108466560.2039194,6802592.422346002,144562351749.4611,171576054895.6376,20688106740.99777,10910877761.831944,0.0,1031969634.0154997,180190880970.68564,12073280665.949783,107390.32454457547,-35628529221.22455,-36790932125.34239
mena,2090,6503439624700.368,247026704.29966137,0.0,371608727103.039,353422528562.98004,87720344762.34776,0.0,6890106291.705672,1483947622.9448555,441142873325.3278,0.0,107783.04369084485,-69534146222.28882,-76424252513.99449
ssa,2090,6895997887953.448,1474319188.765929,0.0,321772576243.5144,307589285880.06476,41818786141.751625,0.0,4431707656.091277,71475103251.74619,349408072021.8164,0.0,55591.93288358827,-27635495778.302002,-32067203434.39328
us,2091,15174399673389.262,144630520.78610653,35938836.711978614,558305883580.6151,737311513301.1172,84908853678.44635,206024640952.33936,0.0,2610855709.254861,618061223116.5308,204159143863.0334,164637.89872015742,-59755339535.91565,-57889842446.60968
oecd-ex-us,2091,12729163560840.941,198609228.77487063,34977281.94252993,481546889555.96185,632799057078.7659,68431760402.2789,122184442111.70543,0.0,1805229325.8936923,573477530186.1187,127753287294.92627,141829.8801868349,-91930640630.1568,-97499485813.37764
china,2091,3752791660845.077,130708840.41226335,0.0,119452033848.01694,209358608532.55508,23145297794.175396,0.0,2169642891.3190045,970154940.3300735,232503906326.73047,0.0,115823.82769935735,-113051872478.71353,-115221515370.03253
india,2091,6674628629193.187,691077802.9021375,0.0,346440441966.986,352238011364.33484,76391453085.04698,0.0,12846468451.442253,1842060278.0142148,428629464449.38184,0.0,77674.61505289626,-82189022482.39581,-95035490933.83807
latam,2091,3119682288321.593,172847764.15160957,0.0,128806275292.77586,161088139505.69034,22190688231.245304,0.0,3205227890.692925,743711602.2749851,183278827736.93564,0.0,96148.8731639963,-54472552444.159775,-57677780334.8527
seasia,2091,3763701429709.461,228096232.9206986,0.0,156665285134.64746,192545671901.42145,26405637671.153103,0.0,1626967410.0754733,1374569437.795498,218951309572.57455,0.0,92442.55092367926,-62286024437.92709,-63912991848.00256
russia,2091,3494249637474.4023,107421964.00484146,6788512.973326136,142861042307.8888,170050537599.1567,20465508917.402004,11521460974.246866,0.0,1002669246.8229494,178482370481.78076,12033676034.777956,109686.56763520247,-35621328173.89197,-36133543234.42306
mena,2091,6430899551369.176,244441310.90406966,0.0,366954995943.5214,349506022937.6572,86676930301.32167,0.0,4734133971.092943,1422017935.3572843,436182953238.9789,0.0,110081.65641870507,-69227957295.45746,-73962091266.5504
ssa,2091,6865149920239.732,1468402530.6303475,0.0,318971213544.55914,306872687722.12036,41612117752.17575,0.0,5100407302.147605,3766031518.1684575,348484805474.29614,0.0,57344.182622544366,-29513591929.737,-34613999231.884605
us,2092,15119861538970.713,143925770.80483338,35986101.06509168,555898115626.4702,734680305229.0709,84532443980.26015,206032922426.14978,0.0,2743576738.1638865,614846706425.1234,204366042784.2069,167121.231384038,-58948590798.6532,-57281711156.71033
oecd-ex-us,2092,12633344657871.82,196733454.24691388,34861046.02722162,478371102743.2723,628290219966.9486,67880543084.01632,120146711516.03949,0.0,1834045822.5307887,568725037405.2256,127445725645.73874,144291.57688690972,-90353934661.95331,-97652948791.65256
china,2092,3641476461726.158,126912018.28190833,0.0,115967353429.60564,203564430355.66956,22453170590.504288,0.0,2166007356.6814246,901055754.3314707,226017600946.17383,0.0,118192.71370439492,-110050247516.56819,-112216254873.24962
india,2092,6582245951594.009,692332398.149773,0.0,340772794445.3566,347590922447.80225,75244821995.7805,0.0,12201047308.859509,1881319707.911782,422835744443.58276,0.0,79739.71564335284,-82062949998.22614,-94263997307.08565
latam,2092,3063679164333.907,169507910.04688975,0.0,126431852538.61507,158299128152.09357,21781983592.058815,0.0,3065085836.19018,711221054.0414425,180081111744.15237,0.0,98389.7360427273,-53649259205.53731,-56714345041.727486
seasia,2092,3701816225604.4727,224258491.23378286,0.0,153798028098.3013,189470798016.73697,25947996336.6971,0.0,1571961595.543725,1307523745.6865993,215418794353.43408,0.0,94652.82970891536,-61620766255.13278,-63192727850.676506
russia,2092,3457819354842.67,106375281.09419726,6755393.321729582,141079367833.00513,168507425073.6797,20241252318.0763,10218590183.379412,0.0,1020436743.6386648,176740469951.6644,12008207440.091614,112021.37639158453,-35661102118.65927,-37450719375.371475
mena,2092,6358328636545.3545,245651306.28137884,0.0,362297139325.296,345678123686.76184,85662768764.3375,0.0,4921348976.966345,1394187278.94901,431340892451.09937,0.0,112418.8119040481,-69043753125.80334,-73965102102.76968
ssa,2092,6832471862473.14,1462150070.3043067,0.0,316100240211.41187,306026172585.51324,41389343503.92346,0.0,5060371870.550461,3697589981.98111,347415516089.4367,0.0,59137.33997627435,-31315275878.02484,-36375647748.5753
us,2093,15063261374991.086,143231507.45093942,36023500.56550868,553362356279.3268,732141323055.5876,84149981198.89323,203640670421.12997,0.0,2688113574.3967113,611610860288.591,204680443965.8901,169641.812065897,-58248504009.26416,-59288277554.02429
oecd-ex-us,2093,12742973071454.533,194943775.2931442,34768652.77274085,474952272233.424,623634944853.2285,69313775784.81967,121732965733.40417,0.0,205891896253.92957,565236141742.2263,127712578895.82217,146790.89390634914,-90283869508.8023,-96263482671.2203
china,2093,3532830875087.0894,126471518.4206498,0.0,112320705223.40053,197835369686.79367,21761914347.184273,0.0,2239779754.7786145,870771926.2877605,219597284033.97794,0.0,120600.3571311524,-107276578810.57741,-109516358565.35602
india,2093,6489857618899.877,682047695.5441,0.0,335086549632.0009,342953359388.90405,74108273487.78107,0.0,12211990947.63965,1798741498.1934698,417061632876.6851,0.0,81845.78390237053,-81975083244.6842,-94187074192.32385
latam,2093,3008251634511.1445,166238969.6866927,0.0,124055901791.21523,155537178222.3214,21378739275.78122,0.0,3267448662.344304,699934546.4669424,176915917498.10263,0.0,100670.51696143298,-52860015706.887405,-56127464369.23171
seasia,2093,3640524327243.1685,220485487.66969323,0.0,150932507890.1016,186406807215.5542,25493480937.21924,0.0,1595401271.4790657,1271283172.8478034,211900288152.77344,0.0,96903.2511890274,-60967780262.671844,-62563181534.15091
russia,2093,3423001088439.4277,105361764.87984087,6742928.662690534,139237128509.17465,166860086375.43,20005510473.16155,11820117283.808126,0.0,990084652.3696686,174960392362.25085,11905204486.340733,114395.28936244626,-35723263853.0762,-35808351055.60881
mena,2093,6285890823883.627,243041671.6528589,0.0,357599483260.7315,341814123865.54895,84647850763.24031,0.0,4906896797.701461,1331575504.0322487,426461974628.78925,0.0,114795.0486802117,-68862491368.05774,-73769388165.7592
ssa,2093,6798015577422.545,1455568235.48831,0.0,313174101965.2652,305080511267.0771,41154439180.04493,0.0,5051415076.616807,3655978507.880387,346234950447.122,0.0,60972.02364178916,-33060848481.85681,-38112263558.47362
us,2094,15010646358612.021,142578017.66180676,36084636.73216996,550731559315.9692,729427458126.2247,83726202143.42204,207177721499.48895,0.0,2629363075.1246943,608352452037.4681,204801208232.1786,172200.19946941396,-57620892721.4989,-55244379454.18854
oecd-ex-us,2094,12647779806216.547,193192490.84301123,34665130.339488834,471293938637.67755,619067803023.8921,68723164539.08098,119451779440.82222,0.0,1851984246.4843392,560456143907.7985,127334823655.1738,149328.385406277,-89162205270.12091,-97045249484.47249
china,2094,3426730265591.923,122833915.9796754,0.0,108546053947.81718,192135749885.9011,21072034756.94037,0.0,2290499146.7075095,851620346.561696,213207784642.84146,0.0,123047.30491720603,-104661730695.02428,-106952229841.73178
india,2094,6397830693926.929,671901625.2735991,0.0,329381459853.486,338292287697.19525,72973253336.55124,0.0,11895350794.943825,1752507002.2578828,411265541033.74646,0.0,83993.38980255922,-81884081180.26044,-93779431975.20425
latam,2094,2953716226797.619,163055631.27427867,0.0,121680130122.69441,152787675723.59506,20978926790.866203,0.0,3102889876.978846,653954555.2241298,173766602514.46127,0.0,102991.76603890731,-52086472391.76686,-55189362268.745705
seasia,2094,3579925060345.0894,216777004.97749496,0.0,148071760201.23108,183354849098.73328,25040456715.223087,0.0,1577429398.5750866,1301708113.2213192,208395305813.95636,0.0,99194.36781772005,-60323545612.72528,-61900975011.30037
russia,2094,3436277178632.3076,104376299.27613865,6750875.038532303,137369252570.85912,165185675180.75818,20316949397.92506,12706480128.842482,0.0,48702982071.858284,173560911346.21396,11941713232.46922,116808.85315073546,-36191658775.35484,-35426891878.98158
mena,2094,6212090213670.827,240388121.81840584,0.0,352848220125.38464,337929512262.39233,83632022438.6784,0.0,6426401239.08719,1339105601.9706156,421561534701.07074,0.0,117210.91334242317,-68713314575.6861,-75139715814.77328
ssa,2094,6761958770384.532,1448680054.0875812,0.0,310203047571.0756,304035807194.2387,40906830956.680244,0.0,4976145290.961136,3658928832.7876444,344942638150.91895,0.0,62848.8580589418,-34739590579.84332,-39715735870.80446
us,2095,14955704195468.627,144312362.96553314,36750831.3817175,548008155404.513,726769603387.9741,83339114979.34486,204582911522.60364,0.0,2575488296.8032284,605080786678.7217,205027931688.5971,174796.96067908395,-57072631274.20868,-57517651440.20215
oecd-ex-us,2095,12551492431342.014,191458192.7191852,34548305.0997889,467370878454.089,614380884763.9154,68149086368.56653,117098929666.58255,0.0,1772788137.2808402,555640580756.8556,126889390375.62683,151904.61396633636,-88269702302.7666,-98060163011.81088
china,2095,3323348239698.703,119331609.44446926,0.0,104690364351.48486,186455294766.8097,20386531545.907673,0.0,2005319134.0734437,774755202.0876149,206841826312.71738,0.0,125534.11228812842,-102151461961.23251,-104156781095.30595
india,2095,6305697665113.261,661861087.4635636,0.0,323670707158.37286,333624488353.9807,71842571135.60635,0.0,12009005621.088657,1672329138.6318257,405467059489.58704,0.0,86183.11035635007,-81796352331.21417,-93805357952.30283
latam,2095,2942134257363.634,159943349.01494053,0.0,119308149465.74048,150294791335.29312,21057472698.959003,0.0,3159238285.2894764,43621383419.81422,171352264034.25214,0.0,105354.04123117104,-52044114568.51166,-55203352853.80113
seasia,2095,3568990489260.2773,213123578.47291765,0.0,145222713560.94006,180529567719.99847,25169113595.57035,0.0,1641453385.1181743,51182850054.93348,205698681315.56882,0.0,101526.73975543592,-60475967754.62875,-62117421139.746925
russia,2095,3401243380671.462,103386664.74919736,6752602.680257134,135472581885.53505,163592136020.89856,20085839355.969414,12188000707.93214,0.0,983594822.5536338,171728969521.04163,11949005855.82625,119262.62254772204,-36256387635.50658,-36017392783.40069
mena,2095,6140327977960.362,237797325.34844983,0.0,348092231404.69775,333950727472.3711,82596390039.55519,0.0,4617554914.794133,1310205311.561087,416547117511.9263,0.0,119666.9606816866,-68454886107.228516,-73072441022.02264
ssa,2095,6724178623535.382,1456862763.8845959,0.0,307190750725.9012,302900288076.56165,40649385077.92304,0.0,4985034534.700267,3563810114.1358633,343549673154.4847,0.0,64768.47354701784,-36358922428.583496,-41343956963.28376
us,2096,14895103091104.596,143624924.80662054,36771986.79429606,545118333671.70575,724030043742.0028,82957175452.34581,198907129292.8374,0.0,2360651865.786501,601809743235.1793,205177475959.16907,177432.6712859258,-56691409563.47357,-62961756229.80524
oecd-ex-us,2096,12456194415998.018,189745750.01462525,34434313.844449535,463237579486.31226,609587648003.507,67562095023.6975,116838058344.42517,0.0,1776089852.4682963,550793967049.3699,126355775977.8344,154520.15071064697,-87556387563.05762,-97074105196.46684
china,2096,3222058551508.177,115914368.29168569,0.0,100782384742.71402,180828552626.9706,19707903772.331398,0.0,2336927948.7247887,801311414.7877885,200536456399.302,0.0,128061.3428901945,-99754071656.58798,-102090999605.31277
india,2096,6213790785123.871,651938942.6193618,0.0,317967296383.74713,328934918132.9614,70709976063.01862,0.0,11936318049.014214,1707035871.8604364,399644894195.98004,0.0,88415.52976846676,-81677597812.23291,-93613915861.24713
latam,2096,2888337403642.6157,156887334.39102077,0.0,116940614438.53247,147607514168.5867,20658271733.50367,0.0,3159747612.047914,688065354.5869651,168265785902.09036,0.0,107757.90847516365,-51325171463.55789,-54484919075.605804
seasia,2096,3508508728710.1816,209498393.9336459,0.0,142390594440.219,177521853848.78555,24712664123.49286,0.0,1905250111.5800247,1267413093.5454447,202234517972.2784,0.0,103900.93501527626,-59843923532.05942,-61749173643.63944
russia,2096,3365225493863.708,102377629.0982747,6739930.672737224,133543993688.03441,161949472599.1128,19850386236.61385,11235392984.844574,0.0,1002585355.0957774,169866857766.884,11933001068.842615,121757.1606687399,-36322864078.849594,-37020472162.84763
mena,2096,6067610419773.262,235167167.96878362,0.0,343350349283.24084,330064258228.3759,81582774789.46855,0.0,5661292291.781872,1240417839.2847114,411647033017.8445,0.0,122163.7538203148,-68296683734.60364,-73957976026.38551
ssa,2096,6685547332458.576,1449570090.9490135,0.0,304147481233.88245,301671589431.5853,40380216834.9597,0.0,4301127697.040235,3574161652.8958497,342051806266.54504,0.0,66731.5064450685,-37904325032.6626,-42205452729.702835
us,2097,14837645277469.742,142952269.81022462,36801544.51766665,542153706083.4806,721176058962.1327,82520495869.48628,201609312799.0374,0.0,2475722314.231756,598524840123.1577,205171714708.4604,180107.91551507643,-56371134039.677124,-59933535949.1001
oecd-ex-us,2097,12363757210411.281,188068692.86156482,34339174.63495067,458987206031.1554,604759520514.0466,66958876932.27969,118516101609.49908,0.0,1777884218.9336047,545917492465.0426,125800904981.28328,157175.5754356251,-86930286433.8872,-94215089805.6714
china,2097,3123038178039.1265,112558237.88572188,0.0,96866573950.50687,175236055538.49847,19036382403.94231,0.0,2327472119.394721,712962642.2786521,194272437942.4408,0.0,130629.56892479447,-97405863991.93393,-99733336111.32864
india,2097,6122004431264.165,642100496.6451759,0.0,312297011225.15625,324239790365.326,69579908705.1189,0.0,11877558399.264112,1613892384.8471286,393819699070.4449,0.0,90691.23959048404,-81522687845.28864,-93400246244.55275
latam,2097,2835339023875.7334,153883596.3588788,0.0,114589091618.95741,144938655860.7573,20263243510.798393,0.0,3037230652.7669764,651658638.4848775,165201899371.5557,0.0,110203.94183410333,-50612807752.59828,-53650038405.36526
seasia,2097,3448881485559.5996,205919213.73809004,0.0,139591909447.10114,174516141206.85223,24258385431.680046,0.0,1654859840.2388344,1210233881.085921,198774526638.5323,0.0,106317.52961062205,-59182617191.43115,-60837477031.66998
russia,2097,3329859349502.9697,101369118.81287418,6736605.261510892,131606022932.8475,160268721488.63437,19606689656.259724,11924325585.257515,0.0,978918266.0509171,167979299270.79977,11896111874.094395,124293.03909059986,-36373276337.95227,-36345062626.789154
mena,2097,5994871359749.653,232520687.94227004,0.0,338596920227.84863,326123892225.03644,80554988082.66612,0.0,5877102706.766811,1220002763.0098228,406678880307.7026,0.0,124701.86434913432,-68081960079.85394,-73959062786.62076
ssa,2097,6645004865569.324,1441914094.1757312,0.0,301075151094.8201,300384336103.57056,40106074654.14904,0.0,4601399970.56404,3474192744.2118225,340490410757.7196,0.0,68738.59925593257,-39415259662.899475,-44016659633.46352
us,2098,14774372962000.447,142246671.62351677,36792342.6724099,539111241363.79517,718353141441.2314,82095357750.88817,195642450823.0883,0.0,2422491535.9428706,595220023202.4714,205228475989.64868,182823.28635529845,-56108781838.67627,-65694807005.236664
oecd-ex-us,2098,12272635251605.98,186400325.79543322,34238086.83615527,454663515293.3964,600001089544.1368,66369128853.604195,118875980860.32396,0.0,1708763438.7253785,540999534374.73846,125370684023.00232,159871.4767396942,-86336019081.34204,-92830722244.0204
china,2098,3026655049761.5947,109257543.9903718,0.0,92995002133.1276,169705118740.63718,18375411009.404343,0.0,1983870179.1792178,686269518.5603462,188080529750.0415,0.0,133239.37128458417,-95085527616.91391,-97069397796.09312
india,2098,6103552798140.388,632312697.4809345,0.0,306680874037.4936,319607294469.6735,69249136073.50314,0.0,12080567898.505547,75804491280.41197,388856430543.17664,0.0,93010.83887746603,-82175556505.68304,-94256124404.1886
latam,2098,2783044987916.3276,150927077.37454987,0.0,112262186605.3603,142292279393.27368,19872973932.925255,0.0,3031549347.2291336,640580108.6611794,162165253326.19894,0.0,112692.72364453526,-49903066720.83864,-52934616068.06777
seasia,2098,3389808030535.2197,202369250.85746646,0.0,136841483293.92838,171537476556.89792,23809697148.775692,0.0,1765936642.955184,1198172030.321256,195347173705.6736,0.0,108777.10770447258,-58505690411.74524,-60271627054.700424
russia,2098,3293386864274.799,100329620.21315803,6712008.88037619,129673115996.48819,158592488357.4602,19369707118.380604,10837812173.584595,0.0,978782077.5947064,166066945992.3407,11895249483.500105,126870.83799070204,-36393829995.85251,-37451267305.76802
mena,2098,5922956952863.989,229885643.65749153,0.0,333887848908.75287,322181996921.21234,79523865168.44029,0.0,5306537551.897748,1210143847.1333764,401705862089.65265,0.0,127281.87246639207,-67818013180.89978,-73124550732.79753
ssa,2098,6603160513696.267,1433970750.0721822,0.0,297976727588.3594,298995314177.9022,39821217908.84361,0.0,4388967104.779722,3384419730.110411,338816532086.74585,0.0,70790.40079389472,-40839804498.386475,-45228771603.1662
us,2099,14714260069068.791,141552174.59390536,36788885.25443783,536033472811.187,715241933559.6552,81652704278.13725,198532860355.17862,0.0,2215411739.773235,591904924392.1759,204989713445.61584,185579.38569043114,-55871451580.98889,-62328304671.42612
oecd-ex-us,2099,12179130848946.197,184719827.17151782,34113452.16343877,450236499183.5377,595209280292.1603,65777043127.04385,115565744407.60007,0.0,1679677168.2706172,536037515690.8362,124948807728.36769,162608.45215491657,-85801016507.29846,-95184079828.06609
china,2099,2985928362457.441,106000680.42046173,0.0,89210762412.59024,165393502892.62283,18398181125.20734,0.0,2061905349.6956213,55916139650.78226,183791684017.83017,0.0,135891.3396914031,-94580921605.23993,-96642826954.93555
india,2099,6011934411567.668,622641302.9515048,0.0,301152956060.3222,314927962374.5907,68111973257.73205,0.0,11408189533.344172,1676782532.6200004,383039935632.32275,0.0,95374.93434667916,-81886979572.00055,-93295169105.34473
latam,2099,2731575659799.46,148024430.06024924,0.0,109964450540.90341,139666143397.48483,19487130322.50934,0.0,2898222876.308371,617717938.5308539,159153273719.99417,0.0,115224.84466508975,-49188823179.09076,-52087046055.39913
seasia,2099,3331417880666.582,198858406.03871694,0.0,134140856593.76337,168573165990.6982,23365720377.403374,0.0,1725941016.6340995,1133820922.3318346,191938886368.1016,0.0,111280.26176051899,-57798029774.33823,-59523970790.97233
russia,2099,3257341809289.5845,99288615.42331548,6695729.253653122,127756307636.7197,156862650341.50003,19122907308.224113,11262504901.426754,0.0,921690126.362424,164133934790.91766,11851622858.806524,129491.14628787698,-36377627154.19797,-36966745111.577736
mena,2099,5922090193526.43,227228066.6767274,0.0,329225491124.5705,318300487911.73175,79274051783.55234,0.0,5905926869.875229,73388216103.03152,397574539695.28406,0.0,129904.36711839252,-68349048570.71356,-74254975440.58879
ssa,2099,6559838446295.404,1425691186.75952,0.0,294859333452.5669,297528195327.7686,39525999329.841965,0.0,4590567896.994261,3463361701.173035,337054194657.6106,0.0,72887.56633592842,-42194861205.0437,-46785429102.037964
us,2100,14646970533368.87,140818233.5647457,36741048.42534693,532942350655.6001,712132662807.9586,81205029838.38171,190576306952.16623,0.0,2529499338.6612024,588581167744.5032,204756524901.83725,188376.82443281286,-55638817088.903076,-69819035038.5741
oecd-ex-us,2100,12084148530686.314,186422789.44103664,34628390.83358494,445712376707.3882,590256543931.4885,65180095454.74124,113109694831.71555,0.0,1632249587.2423358,531048714823.4893,124387924562.74008,165387.10828057534,-85336338116.10114,-96614567847.12567
china,2100,2892542900576.54,102797482.53096147,0.0,85547079648.95099,160013110543.026,17744823845.326805,0.0,1881061289.519321,706454148.0191213,177757934388.3528,0.0,138586.07283599087,-92210854739.40182,-94091916028.92114
india,2100,5920315694029.974,613021842.540835,0.0,295706652217.81537,310290822956.9728,66985894619.26043,0.0,11602962871.796501,1554310692.524188,377276717576.2332,0.0,97784.1405383757,-81570065358.41785,-93173028230.21436
latam,2100,2680754891585.962,145165880.36417943,0.0,107702144784.96944,137070213042.81772,19107010952.446167,0.0,2934175049.753272,588486046.5487418,156177223995.2639,0.0,117800.90422697247,-48475079210.29445,-51409254260.04772
seasia,2100,3273636781297.223,195378828.3929566,0.0,131493027837.87297,165636560835.14243,22927311744.732002,0.0,1830816898.944729,1120562271.589618,188563872579.87442,0.0,113827.59269597149,-57070844742.00145,-58901661640.94618
russia,2100,3221574555232.994,99857701.32540995,6795201.385732488,125876073147.08716,155117258991.8467,18875579443.4911,11404431143.741528,0.0,945080087.920921,162185654276.28897,11807184159.048847,132154.56178498504,-36309581129.20181,-36712334144.50913
mena,2100,5849173736385.721,224560700.73311943,0.0,324609387601.0343,314404515238.5463,78235125524.63766,0.0,6081941752.916949,1195737774.3571353,392639640763.18396,0.0,132569.94614189598,-68030253162.14966,-74112194915.0666
ssa,2100,6515691043853.424,1417209265.9597104,0.0,291730970281.20276,295970934040.49915,39222351844.02522,0.0,4041455311.24955,3356368472.59639,335193285884.52435,0.0,75030.75777647289,-43462315603.321594,-47503770914.571144
