region,year,stock,head,imm_head,investment,depreciation,writeoff,mig_in,mig_out,revaluation,charge_own,charge_imm,gdppc,net_own,net_total
us,2025,61680720532469.55,163468667.3197481,0.0,0.0,0.0,0.0,0.0,0.0,0.0,0.0,0.0,88400.0,0.0,0.0
oecd-ex-us,2025,55965034727877.445,382715206.5144276,0.0,0.0,0.0,0.0,0.0,0.0,0.0,0.0,0.0,39600.0,0.0,0.0
china,2025,32943779556976.082,754690317.0381244,0.0,0.0,0.0,0.0,0.0,0.0,0.0,0.0,0.0,13400.0,0.0,0.0
india,2025,4785150667411.713,758253586.7746348,0.0,0.0,0.0,0.0,0.0,0.0,0.0,0.0,0.0,2640.0,0.0,0.0
latam,2025,9342194945165.611,304226941.7672932,0.0,0.0,0.0,0.0,0.0,0.0,0.0,0.0,0.0,10400.0,0.0,0.0
seasia,2025,5723198969978.479,338611634.74681383,0.0,0.0,0.0,0.0,0.0,0.0,0.0,0.0,0.0,5820.0,0.0,0.0
russia,2025,4266048968412.3022,139645266.8252507,0.0,0.0,0.0,0.0,0.0,0.0,0.0,0.0,0.0,7480.0,0.0,0.0
mena,2025,4347589431198.1245,222635280.40974152,0.0,0.0,0.0,0.0,0.0,0.0,0.0,0.0,0.0,7560.0,0.0,0.0
ssa,2025,1719173758667.0684,444568199.96648616,0.0,0.0,0.0,0.0,0.0,0.0,0.0,0.0,0.0,1620.0,0.0,0.0
us,2026,61733142122410.63,166927858.18050712,942258.3709978287,2910018831464.534,3092687561567.3086,344145431380.01794,562596903269.3436,0.0,16638848154.532228,3436832992947.3267,0.0,89746.04067241945,-526814161482.7925,35782741786.55115
oecd-ex-us,2026,55526677201781.2,388233867.8746305,1321888.7014311934,2312168333737.0083,2809785517300.678,303576578770.5999,350543579554.74725,0.0,12292656683.33273,3113362096071.2783,0.0,40690.17662341509,-801193762334.27,-450650182779.52277
china,2026,32661235444134.375,761889093.3617086,0.0,1530029019744.4133,1663746064295.559,178956053165.3495,0.0,11497116645.639925,41626101520.40459,1842702117460.9087,0.0,13994.521163821468,-312673097716.49536,-324170214362.1353
india,2026,5041386406159.678,778397660.6508629,0.0,629378898211.0729,290139567866.9008,67289643295.611496,0.0,19078303489.390503,3364355188.796552,357429211162.5123,0.0,2825.1381177060907,271949687048.56055,252871383559.17004
latam,2026,9493006384774.678,309911307.48782,0.0,734158436902.6437,500540188593.73486,72959655001.56381,0.0,13743143682.990662,3895989984.7089763,573499843595.2987,0.0,10902.790223464619,160658593307.34497,146915449624.3543
seasia,2026,5868402956994.733,345582264.2807318,0.0,496381420283.32324,307299980886.04694,44072185822.84824,0.0,2620536407.27011,2815269849.0922804,351372166708.8952,0.0,6154.729305400261,145009253574.42804,142388717167.15793
russia,2026,4282970114854.943,142376758.5560886,203659.67093260528,244998978927.05588,214870797347.61618,25160242804.769386,9936447368.529346,0.0,2016760299.4413903,240031040152.38556,0.0,7880.483984467789,4967938774.670319,14904386143.199665
mena,2026,4634481295886.85,229863247.38124976,279603.65663837205,606745498408.2305,266763811316.9375,68653625806.26256,12526918929.703793,0.0,3036884473.993968,335417437123.2001,0.0,7963.496351560596,271328061285.0304,283854980214.7342
ssa,2026,1957754646713.614,471103577.885815,0.0,345411161650.72455,94673643993.06737,12822791667.80315,0.0,1621102780.6495433,2287264837.341048,107496435660.87051,0.0,1746.3532878788344,237914725989.85403,236293623209.2045
us,2027,61746285000956.24,169202027.075986,1876385.109310421,2877387902752.213,3097188749745.932,345857552876.68567,561131336466.2548,0.0,17669941949.747364,3419807346209.806,23238956412.8117,91112.271887365,-542419443457.59326,-4527063404.1502
oecd-ex-us,2027,55066813443577.94,389236706.9107023,2618449.35617851,2282479843487.0356,2798733631301.2803,301186816932.4798,345689097700.1832,0.0,11887748843.2505,3085836179544.585,14084268689.175495,41802.67165103969,-803356336057.5493,-471751507046.54156
china,2027,32832762920902.18,758191416.477752,0.0,1480493798814.4746,1649274452658.4465,181314424212.7045,0.0,9699695703.447327,531322250527.95044,1830588876871.1511,0.0,14609.167890916102,-350095078056.6765,-359794773760.12384
india,2027,5286610042106.711,788062357.0266844,0.0,626903326654.811,296483549312.43115,71815284613.89883,0.0,16809931031.388885,3429074249.942839,368298833926.32996,0.0,3020.8620758165384,258604492728.48108,241794561697.0922
latam,2027,9633064566646.18,311483914.8849567,0.0,726222212266.1914,503253691822.6851,73977064807.15085,0.0,12760681447.37807,3827407682.519598,577230756629.8359,0.0,11424.347340492875,148991455636.35547,136230774188.9774
seasia,2027,6005290862397.699,348088049.0115688,0.0,491526673240.09814,310478395372.0156,44858187327.769714,0.0,2097417229.3213007,2795232091.9768376,355336582699.78534,0.0,6504.705367941359,136190090540.3128,134092673310.9915
russia,2027,4297864326250.8687,144123489.48086154,395955.13785177254,244017554180.03983,215228398944.49915,25259014457.40195,9440324832.539356,0.0,1923745785.249767,240074073120.17648,413340281.7245751,8297.77023168526,3943481059.8633423,12970465610.678123
mena,2027,4901305098620.71,234164379.23420942,418506.85678743233,607159477906.9758,274887665001.0932,73598568730.08488,6448124641.294971,0.0,1702433916.7664466,347744799147.3634,741434583.8146971,8383.860359316734,259414678759.61243,265121368817.0927
ssa,2027,2194284693642.7915,492510972.63810176,0.0,352198166593.0456,100811381245.24829,14048048539.725569,0.0,3023368682.31544,2214678803.4216237,114859429784.97386,0.0,1880.8619992004667,237338736808.07172,234315368125.7563
us,2028,61742343636613.9,170354467.2650064,2842353.5494088484,2844351115513.0605,3100775576893.2427,347286776779.7894,583566375557.4196,0.0,16203498260.189196,3401832215690.5674,46230137982.464836,92498.99643634386,-557481100177.5068,-20144862602.552116
oecd-ex-us,2028,54580933302229.18,388436174.8888486,3879883.9902781122,2249530319022.318,2786845709537.41,298613139196.3624,338231734038.1373,0.0,11816654324.585423,3057588690363.57,27870158370.202454,42937.798777947224,-808058371341.252,-497696795673.3171
china,2028,32445897247538.797,751843667.4032925,0.0,1427968619311.4695,1637621371025.5737,178472490315.25232,0.0,11745933601.625673,13005502267.579464,1816093861340.8262,0.0,15244.38456411377,-388125242029.3567,-399871175630.98236
india,2028,5519980355474.032,796680883.1263683,0.0,624224376244.7744,302788873841.44543,76062432177.18228,0.0,15004293949.270279,3001537090.444459,378851306018.6277,0.0,3227.622480749892,245373070226.14673,230368776276.87646
latam,2028,9760993484370.55,312103868.30987054,0.0,718020681294.7981,505812295914.73987,74877502016.4499,0.0,13164075316.36265,3762109677.128317,580689797931.1898,0.0,11965.138384237656,137330883363.60828,124166808047.24562
seasia,2028,6133323757505.128,349660894.81288093,0.0,486279558264.59607,313543012522.8663,45580274252.98646,0.0,1909348076.6543365,2785971695.339003,359123286775.8527,0.0,6870.41567416437,127156271488.74335,125246923412.089
russia,2028,4310807312826.3213,144777111.9619711,594167.579708478,242197284960.6372,215544982981.72577,25344405008.136143,9785222353.082565,0.0,1849867251.5925627,240086944768.1818,802443221.6801244,8732.342915513833,2110340192.4554138,11093119323.857855
mena,2028,5149256617091.837,237623537.87466073,419827.5715987916,606696499945.1066,282607063892.1843,78203179954.24573,387591525.9190418,0.0,1677670846.5311356,359707818713.902,1102425132.5280044,8821.575871943061,246988681231.2046,246273847624.5956
ssa,2028,2429150941730.635,513999374.0544561,0.0,358802982975.5052,107036881629.31943,15268247640.222021,0.0,3735602927.439561,2103997309.3201978,122305129269.54144,0.0,2023.9294798406095,236497853705.96375,232762250778.52417
us,2029,61681369025114.875,171400651.4481304,3774077.2297177645,2807829821521.8315,3104269204865.1646,348494878617.64453,566703039079.25,0.0,17256611382.746235,3382811377796.784,69952705686.02524,93906.52165373667,-574981556274.9526,-78231222881.72787
oecd-ex-us,2029,54058259618139.56,387426511.0286184,5087325.642529353,2209739128496.544,2773948879850.929,295839371243.1272,325751394823.96277,0.0,11624043683.908695,3028536406665.671,41251844428.3859,44095.875379042096,-818797278169.127,-534297727773.5501
china,2029,32017822728401.496,744989866.8142389,0.0,1369335899998.768,1624674934403.3809,175436971656.30746,0.0,9978839771.036627,12680326694.698631,1800111906059.6882,0.0,15900.619179530266,-430776006060.92017,-440754845831.9568
india,2029,5804814253206.834,804922509.6174788,0.0,620060894815.4443,308279430226.937,80772383773.97537,0.0,14414753093.617025,68239570011.885994,389051814000.91235,0.0,3445.881032102114,231009080814.53198,216594327720.91495
latam,2029,9876222642295.955,312581301.04755485,0.0,708057966172.751,508138929605.2729,75654351586.54025,0.0,12743615507.409441,3708088451.880249,583793281191.8131,0.0,12525.634902806612,124264684980.93787,111521069473.52843
seasia,2029,6250821782022.514,351051384.62470686,0.0,479863397876.52783,316467784804.2063,46241321578.621666,0.0,2211454803.548012,2555187827.2342024,362709106382.82794,0.0,7252.355043756154,117154291493.69989,114942836690.15189
russia,2029,4320536933691.965,145369431.3047525,788946.8684586942,239399699800.84604,215827192117.72882,25413680623.961124,9676484955.305378,0.0,1894308851.1825461,240038527415.12265,1202345326.567307,9184.692248252806,-638827614.2766113,7835312014.46146
mena,2029,5441737835868.449,240888687.5383607,412195.9140167369,604503869898.7554,289119036921.4958,83180508139.01286,0.0,2247918907.1813717,62524812845.546906,371214471513.9292,1085073546.579543,9277.132723269055,233289398384.82617,229956405931.06528
ssa,2029,2683014912424.443,535810725.3552602,0.0,364824565962.851,112938252545.80363,16780455407.363674,0.0,3819783150.549723,22577895834.672714,129718707953.16731,0.0,2175.9716577931517,235105858009.68372,231286074859.134
us,2030,61582694879704.445,171673992.0823647,4706906.758866999,2768886909285.9443,3106181156865.7153,349405615131.2189,571023000627.8342,0.0,17002716672.73163,3362704748920.1406,92882023076.79442,95335.15948492616,-593817839634.1963,-115676862083.15648
oecd-ex-us,2030,53502881211771.21,385424359.7734961,6272177.251225639,2164187806368.2866,2759692121728.43,292891976552.56616,321640968430.0925,0.0,11376917114.266928,2998481345213.2456,54102753067.750656,45277.22259189186,-834293538844.959,-566755323482.6171
china,2030,31544778632193.22,737332396.7192405,0.0,1306423404838.0127,1610467353245.1963,172203084490.16617,0.0,9380372875.73768,12583309564.758566,1782670437735.3625,0.0,16578.323317657298,-476247032897.34985,-485627405773.0875
india,2030,6010069886799.968,812569440.6706854,0.0,614528262018.6213,314218481271.197,84431191607.84355,0.0,13763720757.299461,3140765210.8545537,398649672879.0406,0.0,3676.110477610731,215878589139.58075,202114868382.28128
latam,2030,10114785403357.596,312799955.1427212,0.0,696385811171.7273,509005085580.05615,77735668277.59477,0.0,12696940608.780832,141614644356.3457,586740753857.6509,0.0,13106.312894271923,109645057314.07642,96948116705.29558
seasia,2030,6439901997877.026,352185041.93628347,0.0,472371320370.7311,318336929978.43427,47735530197.80015,0.0,1556526921.1351898,84337882581.14894,366072460176.23444,0.0,7651.025521641703,106298860194.49664,104742333273.36145
russia,2030,4387848465005.558,145577058.72535425,972241.6782324542,235984832156.9493,215400843492.7934,26129106541.957733,9229294713.484192,0.0,63627354477.908745,239953635618.01315,1576314416.7380037,9655.314382651302,-3968803461.063843,3684176835.6823454
mena,2030,5654974603665.392,243805653.31474546,404195.2345990645,600618436669.4124,295972074105.00964,87146343326.46097,0.0,5942868126.134826,1679616685.1370187,382060865343.6611,1057552087.8095484,9751.02663502562,218557571325.75128,211557151111.80692
ssa,2030,2913944723071.1523,557830141.2240518,0.0,370248957630.7117,119321336582.47415,17995982847.02924,0.0,4063240169.8580003,2061412615.3590608,137317319429.50339,0.0,2337.417090888632,232931638201.20828,228868398031.35028
us,2031,62431914880236.625,171891756.55106536,5640791.760934183,2733219632087.4224,3098761303158.337,359262308526.62537,578999801378.815,0.0,995024178750.8915,3343687931057.718,114335680627.24379,96785.22655544804,-610468298970.2954,-145804178218.72424
oecd-ex-us,2031,53815319960081.99,383223143.7930045,7412558.007282005,2118653399970.8784,2738673992472.748,297882284139.2978,313694857054.4486,0.0,916646767897.4956,2970720677349.2803,65835599262.76529,46482.16540081795,-852067277378.4019,-604208019586.7185
china,2031,31026607079554.2,741542873.8626046,0.0,1243476195067.4338,1594838574721.9573,168760618464.51398,0.0,10352944247.130089,12304389727.171438,1763599193186.4712,0.0,17277.952118457462,-520122998119.03735,-530475942366.1674
india,2031,6200411038651.731,819713433.1027505,0.0,608893752338.1086,319934786540.42346,87780359945.12053,0.0,13758348382.12281,2920894381.320917,407715146485.544,0.0,3918.7945591667203,201178605852.56464,187420257470.44183
latam,2031,10201593958092.32,312854124.4686533,0.0,684439018383.392,510758353394.6622,78243212309.7689,0.0,12422184186.167416,3793286241.922625,589001565704.431,0.0,13707.652744982857,95437452678.96094,83015268492.79352
seasia,2031,6536236790596.862,353113781.3179586,0.0,464431667907.8483,320839886004.47284,48243759818.575455,0.0,1712192937.6499066,2698963572.687897,369083645823.0483,0.0,8066.9362690872285,95348022084.80005,93635829147.15015
russia,2031,4388478791903.9165,145695400.7844581,1130876.4403066088,232297854185.94302,215499175799.97012,26157324914.52188,8081351194.635666,0.0,1907622232.2769039,239712494392.3423,1944006322.149729,10144.711315170325,-7414640206.399261,-1277295333.9133246
mena,2031,5853269167223.862,246572763.92365572,396173.14328616235,596073096978.9906,302402420358.22955,90781408130.53975,0.0,6281423151.242466,1686718219.49011,392152513897.7871,1031314590.982166,10243.75912092572,203920583081.2035,196607845338.97885
ssa,2031,3142668142235.1357,580118738.5945679,0.0,375501484528.8056,125802012889.1266,19205223787.264526,0.0,3787169031.76216,2016340343.3315687,145007236676.3911,0.0,2508.7070023034917,230494247852.4145,226707078820.65234
us,2032,62276095698554.88,172062929.91921562,6581196.280842045,2699199488908.9604,3098990673757.0747,357788497295.8478,584285155620.509,0.0,17475344841.712193,3321720596594.8164,135058574458.1074,98257.04424117928,-622521107685.856,-173294526523.45435
oecd-ex-us,2032,53198903567003.945,380870004.34571177,8550942.835606849,2073569466569.7637,2722070141400.3413,293430758307.35144,313657751602.5401,0.0,11857288457.390741,2938781392816.3813,76719506891.31181,47711.03272223583,-865211926246.6177,-628273681535.3894
china,2032,30462097822293.816,732723347.3102483,0.0,1176415748352.4841,1577718301995.1775,165115375148.02728,0.0,10026167888.983091,11934839419.303793,1742833677143.2048,0.0,17999.96426055393,-566417928790.7207,-576444096679.7037
india,2032,6376272102256.116,826338919.2649544,0.0,603145380041.1106,325393594845.51196,90821065175.95111,0.0,14036013926.893963,2966357511.630765,416214660021.4631,0.0,4174.427950219552,186930720019.64752,172894706092.75357
latam,2032,10274464183373.934,312742178.7282213,0.0,672279954090.0892,512220850131.0174,78620962646.99596,0.0,12205181616.25769,3637265585.7976193,590841812778.0133,0.0,14330.139171366774,81438141312.07593,69232959695.81824
seasia,2032,6621095636554.285,353827283.38584036,0.0,455663987072.67645,323116397813.36426,48670505353.58097,0.0,1720288693.4832683,2702050745.1753645,371786903166.94525,0.0,8500.603454200542,83877083905.7312,82156795212.24794
russia,2032,4386475745476.8228,145771527.16972598,1318888.7448440369,228137054564.1481,215462796133.32095,26124186443.803726,9540008405.441172,0.0,1906873180.4382246,239356537239.09656,2230445338.0281706,10653.390790807385,-11219482674.948456,-3909919607.5354548
mena,2032,6036186398066.959,249174194.4614281,392235.7890137927,590859829547.2821,308566283288.66644,94000811916.44284,0.0,7019139990.072955,1643636490.9966433,401692794735.18774,874300469.9215516,10755.837392387764,189167034812.09436,181273594352.09985
ssa,2032,3368289145346.2783,602575724.6019938,0.0,380597765730.5507,132390767613.84103,20410252972.460285,0.0,4226060980.38223,2050318947.2753556,152801020586.30133,0.0,2690.2953039581853,227796745144.2494,223570684163.86716
us,2033,62091313486546.73,172184467.95959496,7522467.93853594,2666440088070.2285,3098593975287.806,356285123075.21564,586425540871.347,0.0,17231257413.29608,3298813069559.4404,156066028803.58188,99750.9387395794,-632372981489.2119,-202013469421.44675
oecd-ex-us,2033,52556590496399.055,378357450.3197935,9673663.343083126,2029511023586.332,2704484959191.796,288940078884.89777,310119663369.1574,0.0,11481280516.280481,2905746865725.606,87678172351.08786,48964.15749123618,-876235842139.2739,-653794351121.2043
china,2033,29851033834350.664,723297964.7416354,0.0,1107769390099.5317,1559070665331.0508,161266302724.65155,0.0,10055877409.362501,11559467422.395065,1720336968055.7024,0.0,18744.82194459593,-612567577956.1707,-622623455365.5332
india,2033,6538635509282.645,843309144.6227541,0.0,597399069378.965,330585619841.0159,93567010317.99542,0.0,13727900616.299053,2844868422.875371,424152630159.01135,0.0,4443.516184943813,173246439219.9536,159518538603.65457
latam,2033,10333872625584.781,312466572.67143697,0.0,659986888478.2698,513384426481.98016,78869810374.08398,0.0,11927661231.142414,3603451819.7903476,592254236856.0642,0.0,14974.261165393867,67732651622.20557,55804990391.063156
seasia,2033,6694561377508.293,354318916.4148584,0.0,446808283123.37305,325152209815.4399,49012152845.72601,0.0,1937926350.0739684,2759746841.8732867,374164362661.1659,0.0,8952.550142210952,72643920462.20715,70705994112.13318
russia,2033,4380044509211.634,145769328.88014534,1504478.2852830556,223662996218.23465,215373551117.79803,26078359729.747776,9451785579.700966,0.0,1905892784.4235835,238872301148.62335,2579609698.9224396,11181.866209787402,-15209304930.388702,-8337129049.610176
mena,2033,6203882384115.414,251609400.35270226,390292.41200341843,584984575158.5791,314437484306.33435,97003338049.84299,0.0,7448386463.880854,1600619709.9351692,410642574480.75146,798247875.4259123,11287.774266201595,174342000677.82764,166095366338.52087
ssa,2033,3590766285587.687,625206100.31962,0.0,385537800069.65894,139055482297.48114,21605126482.274944,0.0,4450104070.97887,2050053022.4849958,160660608779.75607,0.0,2882.648607941777,224877191289.90286,220427087218.92398
us,2034,61886188721243.95,172271176.46334502,8483965.697725134,2629634591064.3164,3097487722349.276,354690494041.18646,600405466371.7816,0.0,17013393651.57184,3275019539222.482,177158677167.9814,101267.24114200068,-645384948158.1655,-222138158954.36533
oecd-ex-us,2034,51889353495348.33,375689571.5816182,10790113.463977408,1982976283496.2664,2685825000499.9204,284443892715.35815,309275266576.09814,0.0,10780342092.188604,2871675744862.2026,98593148353.07602,50241.876749399744,-888699461365.9363,-678017343142.9142
china,2034,29195919903136.496,713284696.3667156,0.0,1038065730509.4524,1538841256545.3284,157199393357.0948,0.0,8935751977.361897,11796740156.166794,1696040649902.423,0.0,19512.99088087284,-657974919392.9707,-666910671370.3326
india,2034,6686107351563.448,848883057.588409,0.0,591205878872.3982,335540423998.3973,96036677179.44353,0.0,15037751293.976673,2880815880.222566,431577101177.8408,0.0,4726.575579557144,159628777694.55737,144591026400.5807
latam,2034,10379278670840.994,312020751.29281735,0.0,646522839306.0314,514250865722.53644,78996716489.45059,0.0,11377192761.521833,3507980923.68747,593247582211.987,0.0,15640.511943870753,53275257094.04431,41898064332.52248
seasia,2034,6757032619869.137,354604294.4841153,0.0,437824322788.66644,326940499787.80975,49275992366.42986,0.0,1716321553.505324,2579733279.922034,376216492154.2396,0.0,9423.3061859056,61607830634.42682,59891509080.92149
russia,2034,4368879352981.7104,145682734.08132687,1688257.7756402784,218727714864.8556,215168717511.01065,26008739237.8132,9397034996.31512,0.0,1887550657.72698,238252128750.22055,2925327998.6032767,11730.656536414275,-19524413885.36496,-13052706887.653116
mena,2034,6355594755612.353,257150528.39203757,388246.03681806213,578001726285.4774,320012437493.71625,99787737964.70467,0.0,8076057691.645784,1586878361.5258462,419005992780.69324,794182677.7277167,11840.088074427504,158995733504.78418,150125493135.41068
ssa,2034,3810089356883.171,653333126.0617926,0.0,389976200066.4988,145799559465.9602,22791520683.093956,0.0,4096734078.38874,2034685456.427535,168591080149.05417,0.0,3086.246226139067,221385119917.4446,217288385839.05588
us,2035,61636046655300.14,172283115.77298224,9430674.631918637,2588465608389.573,3095978256986.9067,353194752492.34045,593799419060.412,0.0,16765916085.43924,3250228982586.057,198944026893.19193,102806.28750708298,-661763374196.4839,-266907982029.26382
oecd-ex-us,2035,51188538555563.38,372830017.2344366,11871140.51470949,1933134601942.0305,2666110725393.352,279928735685.17236,300876030615.30695,0.0,11213888736.243158,2836472294894.5747,109567166183.95023,51544.53173383963,-903337692952.5442,-712028828521.1875
china,2035,28982485274322.684,702643519.9171418,0.0,968041664569.1233,1515239995546.7568,157796507856.33044,0.0,10208336150.214445,501768546170.35596,1673036503403.0874,0.0,20304.940281241514,-704994838833.9641,-715203174984.1786
india,2035,6819440466103.053,853925486.1620992,0.0,584327735508.4872,340180363572.8977,98224125432.98862,0.0,15243291443.174212,2653159480.1751585,438404489005.88635,0.0,5024.1331461987065,145923246502.60083,130679955059.42662
latam,2035,10409961227587.004,316095401.2729213,0.0,632003713184.4302,514802162863.4917,78996839104.45096,0.0,11042365109.380663,3520210638.902765,593799001967.9426,0.0,16329.38890171762,38204711216.48755,27162346107.106888
seasia,2035,6808275405104.988,354666407.2159187,0.0,428408153651.4154,328497117299.7349,49463138992.151985,0.0,1756456324.7657106,2551344201.0905004,377960256291.8869,0.0,9913.408116592947,50447897359.5285,48691441034.762794
russia,2035,4352890855743.4346,147729965.96336016,1873270.6593172126,213405226961.0819,214837938545.4256,25915319783.674095,9497433003.516937,0.0,1862101126.2264335,237483407733.70044,3269850595.3991838,12300.286210367707,-24078180772.61853,-17850598364.50078
mena,2035,6491603869469.297,259213052.559949,385999.55364046793,570150715975.3735,325251112878.81976,102279560064.76959,0.0,8151565805.592332,1540636630.7548232,426736936237.1893,793736706.400172,12413.302576808775,143413779738.18427,134468477226.19176
ssa,2035,4025797986650.1577,676300747.8297184,0.0,393897570537.70575,152629031563.4235,23969122332.306026,0.0,3616247700.823067,2025460825.836002,176598153895.72952,0.0,3301.5801582735317,217299416641.97623,213683168941.15317
us,2036,61349002494352.695,175046940.43381357,10370688.509699583,2548811832339.2676,3093221333657.7407,351503300809.8358,592325464948.097,0.0,16543176232.764694,3224246872385.7925,220477762081.78442,104368.41893524992,-675435040046.5249,-303587337180.2123
oecd-ex-us,2036,50457742427115.61,376415250.10964245,12927425.0215454,1883162933083.8677,2645002402906.747,275298227425.554,295488664511.495,0.0,10852904289.136072,2800042638051.314,120257992280.98598,52872.467967465614,-916879704967.4463,-741649032736.9373
china,2036,28237878390935.14,691420942.6834455,0.0,898989529169.2886,1492169911997.77,153332100243.5892,0.0,9636275438.872665,11541875123.398354,1645502012241.3591,0.0,21121.142855423528,-746512483072.0706,-756148758510.9432
india,2036,6939764160174.483,858485834.7397546,0.0,577100325866.4457,344537371159.75146,100140856271.45174,0.0,14764518950.269676,2666114586.4576073,444678227431.2032,0.0,5336.726499795078,132422098435.2425,117657579484.97281
latam,2036,10426279937766.998,315280981.97638476,0.0,617769364405.8357,515003593361.51324,78871172478.33832,0.0,10972940719.227789,3397052333.242254,593874765839.8516,0.0,17041.39356937338,23894598565.98413,12921657846.756342
seasia,2036,6848591944195.145,359551966.6429357,0.0,419140000997.4804,329800103079.93085,49572934569.36614,0.0,2006164528.2249255,2555740270.195366,379373037649.297,0.0,10423.399035956936,39766963348.18341,37760798819.95849
russia,2036,4332281210100.367,147472145.07985482,2055378.4217118535,208240302296.62183,214376169001.47922,25795908428.601177,9403005957.586685,0.0,1919123532.8026247,236551577817.67062,3620499612.409765,12891.285060719585,-28311275521.048798,-22528769175.871876
mena,2036,6613174320070.691,261110244.48507762,383549.3371608018,562463913104.6852,330157948419.4285,104481297131.32047,0.0,7807466905.173233,1553249952.6299675,433846811575.7981,792433974.9509236,13007.946875968004,128617101528.88708,120017200648.76292
ssa,2036,4236710309905.8174,699292325.982985,0.0,397633323870.94946,159532878859.76462,25135769516.75113,0.0,4067314836.93495,2014962598.1585631,184668648376.51575,0.0,3529.1550686151922,212964675494.43372,208897360657.49878
us,2037,61037084414267.43,174951231.97431412,11316242.9413219,2512172964992.3086,3089431864135.1606,349638941466.5496,598505901796.902,0.0,16473858727.268425,3197134053642.11,241936751959.60092,105953.98164432251,-684961088649.8013,-328391938812.50024
oecd-ex-us,2037,49703741261297.82,373223189.3668031,13971070.63959166,1834935233086.4758,2622601151859.8726,270575095759.86423,293524711320.58856,0.0,10715137394.866901,2762392588529.09,130783659090.64784,54226.03535046611,-927457355442.614,-764716303212.6732
china,2037,27451955355095.586,679611051.1660588,0.0,828009730972.0646,1467586135827.6052,148705235154.43933,0.0,8671566369.999907,11030170540.443361,1616291370982.0444,0.0,21962.074811721315,-788281640009.9799,-796953206379.9797
india,2037,7112806575722.047,862487670.4564204,0.0,569830907411.4392,347238063579.67255,102578589921.03091,0.0,15463498383.433363,68491660020.26233,449816653500.7035,0.0,5664.903758356327,120014253910.73572,104550755527.30235
latam,2037,10429022124902.959,314289023.1823021,0.0,603792434548.8774,514852699923.78125,78626493649.05054,0.0,10855233761.671684,3284179921.5808063,593479193572.8318,0.0,17777.031574463068,10313240976.045654,-541992785.62603
seasia,2037,6879247116071.239,359203449.6989977,0.0,410219739948.87415,330845893451.6566,49608796637.7031,0.0,1681347376.4474072,2571469393.0249643,380454690089.35974,0.0,10953.828509157442,29765049859.514404,28083702483.066998
russia,2037,4307195762283.2197,147128473.81768543,2226267.4976923596,203653161657.51883,213783189826.31244,25658143841.289734,8910429557.824785,0.0,1792294635.1125233,235470295479.3946,3971038188.207444,13504.188222933637,-31817133821.875763,-26877742452.258423
mena,2037,6721008970161.451,262846560.40608788,380856.21892113343,555078771383.106,334763976687.2366,106415625050.63297,0.0,7615119683.686397,1550600129.2114477,440389557035.49554,790044702.3739344,13624.555335646633,114689214347.61041,106284049961.55008
ssa,2037,4443061812461.834,722330222.8263158,0.0,401144299321.55804,166469333356.509,26284413856.517483,0.0,4092044347.959969,2052994795.444982,192753747213.0265,0.0,3769.4882516368543,208390552108.53156,204298507760.5716
us,2038,60704132076007.36,174813373.9902753,12266581.348538605,2478983373713.2295,3084956109070.852,347821281766.1155,604567861315.3068,0.0,16273817548.34068,3169179349510.992,263598041325.97366,107563.32704626724,-690195975797.7627,-349226155808.42957
oecd-ex-us,2038,48933393228129.68,369892912.7637409,15011488.156194288,1790160427439.6328,2599071570403.319,266121871682.00653,294240614569.455,0.0,10444366908.136755,2723968032474.9893,141225409610.3364,55605.58825300452,-933807605035.3564,-780792400076.2378
china,2038,26633677729556.867,667269353.2573029,0.0,764984843920.7393,1441463676207.576,144402576365.95306,0.0,8327047178.664566,10930830292.713762,1585866252573.529,0.0,22828.21586219474,-820881408652.7898,-829208455831.4543
india,2038,7206698435498.02,865841546.639587,0.0,562412331271.4026,350971410929.724,104808686461.78127,0.0,15446473968.910456,2706099864.9862976,455780097391.50525,0.0,6009.223437159021,106632233879.89734,91185759910.98688
latam,2038,10418530552596.395,313109053.4327273,0.0,589794350564.3727,514360169267.2285,78886111750.67226,0.0,10310468889.538544,3270827036.502994,593246281017.9008,0.0,18536.812607851545,-3451930453.528076,-13762399343.06662
seasia,2038,6900227258231.031,358638508.14197975,0.0,401703842532.17145,331671488279.1594,49971342231.300995,0.0,1625748513.5406313,2544878651.6278343,381642830510.46045,0.0,11505.252459523927,20061012021.711,18435263508.17037
russia,2038,4279519228263.3394,146728997.58459932,2406441.8720839503,199665701751.21478,213058617175.8654,25506782734.503708,9422192977.546083,0.0,1800971161.7275732,234269910663.82974,4295489246.539438,14139.536059101101,-34604208912.61496,-29477505181.608315
mena,2038,6814640804494.3955,264364850.12166613,377851.215012536,548290803286.0277,339077520653.6459,108857828528.38008,0.0,8245997318.294283,1522377547.2374573,447149109033.03,786240148.9959514,14263.667502236302,101141694252.99768,92109456785.70744
ssa,2038,4669306626449.92,745315566.3308086,0.0,404403506281.0003,172246565762.12698,27881782987.483986,0.0,4505262165.386162,26474918622.083405,200128348749.61096,0.0,4023.109586934896,204275157531.38934,199769895366.00317
us,2039,60331406386287.41,174602275.57962832,13186872.810240172,2448168958251.686,3079877369343.2427,345932490930.098,590017256710.6262,0.0,14897955591.046703,3140366922071.5894,285442938201.7512,109196.81182509553,-692197963819.9033,-387623645311.0283
oecd-ex-us,2039,48140362579550.79,366397459.1805736,16011056.748484274,1748027576221.571,2574579650284.428,261602857256.56036,285099856734.6169,0.0,10024426005.902018,2684501889353.825,151680618187.16306,57011.48560912753,-936474313132.2542,-803055074584.8003
china,2039,25793775606256.35,666668210.0433369,0.0,711646872054.0706,1413957712077.0454,139967485816.3452,0.0,7656047537.241335,10032250076.053164,1553925197893.3906,0.0,23720.04923233234,-842278325839.3201,-849934373376.5614
india,2039,7288132631759.735,868591724.9018588,0.0,554742170536.9133,354385467775.80237,106737625334.8908,0.0,14883852813.890816,2698971649.386297,461123093110.6932,0.0,6370.2543372850805,93619077426.22015,78735224612.32935
latam,2039,10527876141324.424,311734790.9861361,0.0,575996453242.4878,512116410337.8358,80387298428.72594,0.0,10409992820.013266,136262837072.113,592503708766.5618,0.0,19321.250394197512,-16507255524.073975,-26917248344.087242
seasia,2039,6911711873683.47,357850464.4321391,0.0,393501766010.833,332258261540.8621,50249906092.47471,0.0,2010821614.0182836,2501838688.9552455,382508167633.33685,0.0,12078.233065179787,10993598377.496155,8982776763.47787
russia,2039,4248642288762.473,146259597.5144218,2576238.9701098367,195994503724.2187,212254146945.78824,25340960259.560432,8976275704.989552,0.0,1747388275.2759354,232955425781.96945,4639681423.379208,14797.874081653881,-36960922057.75076,-32624327776.14042
mena,2039,6960991922329.84,265732366.19173184,374663.9751884488,542346334076.0116,341416787268.9035,111758133757.3846,0.0,7261857427.581465,64441562213.30088,452402925355.3066,771995670.9814996,14925.828029839227,89943408720.70502,81909555622.14204
ssa,2039,4865983874409.535,768254832.7238202,0.0,407417663219.01904,179147986843.9443,29139696753.730286,0.0,4606355241.124833,2153623579.39484,208287683597.6746,0.0,4290.5614837617595,199129979621.34445,194523624380.2196
us,2040,59938649693441.28,174339811.2629638,14103874.873126114,2420515714971.708,3073510923334.816,347337585088.8589,591737454337.3298,0.0,15838646268.517984,3114301557934.6978,306546950488.977,110854.79801593185,-693785842962.9897,-408595339114.6369
oecd-ex-us,2040,47336399069963.54,362758578.00920916,17016094.271791592,1708817356211.6082,2548851164876.8994,262785797819.95142,288452038559.04865,0.0,10404058338.938873,2649907296426.6,161729666270.25128,58444.0910118841,-941089940214.992,-814367567926.1946
china,2040,24937890630559.598,653466439.6537544,0.0,667645432069.9097,1385328167389.7896,139526861638.41205,0.0,8464332802.285027,9788954063.827223,1524855029028.2017,0.0,24638.061675244735,-857209596958.292,-865673929760.577
india,2040,7355104820758.313,870501791.1851395,0.0,547185465832.88855,357502014128.6018,110170302020.21281,0.0,15249725735.570541,2708765050.0742626,467672316148.81464,0.0,6748.575428995726,79513149684.07391,64263423948.50337
latam,2040,10491245579416.326,310146327.4062713,0.0,562819262147.2009,510911978838.1854,82030586275.97672,0.0,9976569418.028917,3469310476.896886,592942565114.1621,0.0,20130.86266711208,-30123302966.96118,-40099872384.9901
seasia,2040,6913870375108.877,356822760.81000984,0.0,385754129254.9329,332596668259.7304,51366766351.93939,0.0,2124350264.2796903,2492157046.429461,383963434611.6698,0.0,12673.33865792487,1790694643.2631226,-333655621.0165677
russia,2040,4276859519906.394,145749490.52960804,2768867.1339835417,192556221228.57574,210781250805.87924,26054837040.20044,10220784824.390963,0.0,62276312937.033455,231932820206.23886,4903267639.840928,15479.752880785261,-39376598977.66312,-34059081793.113083
mena,2040,7031786451778.907,266867849.51063785,371201.72778368474,536844341195.1269,345057848125.3316,115157029571.69763,0.0,7450009419.713009,1615075370.6799092,459449313928.2961,765563768.7331334,15611.586609083437,77395027266.83081,69179454078.38466
ssa,2040,5057152822083.881,791111453.2882979,0.0,410193889722.0199,186065242963.03452,30516909253.40512,0.0,4632225641.57354,2189435810.338798,216582152216.43964,0.0,4572.398815546518,193611737505.58026,188979511864.0067
us,2041,60518810679464.98,174026093.38933226,15015096.488970133,2394047203154.653,3058429350139.433,357542345394.1827,595694958417.9669,0.0,1006390519984.7518,3092720897455.5576,323250798078.0579,112537.65308526807,-698673694300.9048,-426229533960.9958
oecd-ex-us,2041,46525151242697.05,358990002.31660044,18033786.393441655,1670856345518.1472,2522150556937.5244,263551592107.9809,293942397773.87305,0.0,9655578486.964577,2613825096893.882,171877052151.62372,59903.77280965474,-942968751375.7346,-820903405753.4854
china,2041,24078804276467.145,639937615.411269,0.0,634686513098.3855,1355573439471.7405,138886670613.98813,0.0,8794758674.863222,9482001569.749691,1494460110085.7285,0.0,25582.743490400717,-859773596987.343,-868568355662.2063
india,2041,7408859809872.7705,882078795.5039116,0.0,539566612527.2479,360195900284.51184,113204932636.36024,0.0,14840506142.367575,2429715650.4488435,473400832920.8721,0.0,7144.7757304283,66165779606.375854,51325273464.00828
latam,2041,10441811211219.5,308339781.4112914,0.0,550068898815.4082,509310142776.6204,83483277036.21567,0.0,10095558844.107069,3385711644.711396,592793419812.836,0.0,20966.171149016278,-42724520997.42786,-52820079841.53493
seasia,2041,6988945854305.255,355577342.0775773,0.0,378521314955.617,331548922146.18054,53309177813.73957,0.0,2023198214.0092673,83435462414.6847,384858099959.9201,0.0,13291.143624693046,-6336785004.303101,-8359983218.312368
russia,2041,4241890359086.8237,145168984.6005991,2951388.8863851745,189262682497.23462,209832828653.6682,26090016783.145954,9801097534.438898,0.0,1889904585.5707116,230654321715.2126,5268523721.601538,16185.728055796613,-41391639217.97797,-36859065405.14061
mena,2041,7090303883637.778,267766146.29567906,367432.615008826,531588779825.75916,348322001835.9466,118208116755.58437,0.0,8143708273.788229,1602478898.4313335,465772490294.97815,757628296.5527824,16321.497899907019,65816289530.781006,56914952960.439995
ssa,2041,5242411575138.237,813846433.0395124,0.0,412675569025.397,192988696371.05392,31869788190.442917,0.0,4763540943.855928,2205209534.314151,224858484561.49683,0.0,4869.18884480715,187817084463.90015,183053543520.04422
us,2042,60113106278993.96,173707335.35427892,15957054.915528325,2364714857128.6494,3050639876278.422,354544638785.77515,618725738415.7761,0.0,16039519048.680885,3061227562885.3965,343956952178.79956,114245.75001242182,-696512705756.7471,-421743919519.7705
oecd-ex-us,2042,46570582481379.15,355125873.1698738,19059504.064634796,1634493532868.889,2492875986599.3535,267448420651.29324,300097426275.77936,0.0,871164686788.1493,2580608675266.326,179715731984.32062,61390.904203691774,-946115142397.4373,-825733448105.9785
china,2042,23227958489989.824,626214907.3902372,0.0,608105512079.9376,1324996794789.71,134642415646.48874,0.0,8697854251.318245,9385766130.261597,1459639210436.1987,0.0,26554.58854692056,-851533698356.2611,-860231552607.5793
india,2042,7453143970583.103,882841686.9524006,0.0,531581388588.33057,362499365875.143,111650348282.52086,0.0,15619967298.10375,2472453577.769475,474149714157.6639,0.0,7559.454182110447,57431674430.66669,41811707132.562935
latam,2042,10383494119557.78,306399728.896964,0.0,537349942416.8985,507299444417.799,81964191907.0467,0.0,9731866484.572561,3328468730.794151,589263636324.8457,0.0,21827.701535782464,-51913693907.947205,-61645560392.51977
seasia,2042,6977438101593.884,354205379.3237485,0.0,371441639753.7175,331379381966.6429,52559095868.48515,0.0,1621697047.6369035,2610782417.6802354,383938477835.12805,0.0,13932.2283118906,-12496838081.410522,-14118535129.047426
russia,2042,4205858486970.318,144555775.0571043,3142665.9050878324,186376746173.76065,208782046228.0088,25764997013.94521,10317740490.003555,0.0,1820684461.6840632,228932788392.8399,5614254849.114002,16916.360150576682,-42556042219.079254,-37852556578.1897
mena,2042,7141919718611.913,268599201.65738976,363409.8896867712,526490524465.13904,351199993754.2562,117119191806.43097,0.0,8153060310.322131,1597556380.0030642,467571056364.2543,748129196.4329466,17056.12146851386,58919468100.884766,50018278594.12969
ssa,2042,5422251599538.53,836570106.267474,0.0,414843106446.5548,199902166894.13818,32319626036.763206,0.0,5076092593.576853,2294803478.2156,232221792930.9014,0.0,5181.511138883547,182621313515.6534,177545220922.07657
us,2043,59675516495496.82,173324191.29038247,16869555.12880486,2334691977570.7246,3042924010504.6426,351199773304.5111,605722436086.3566,0.0,16119586654.974718,3028758741552.835,365365042256.31885,115979.46737221669,-694066763982.1104,-453709370152.07263
oecd-ex-us,2043,45746820908827.72,351137145.7939555,20048281.676151104,1601495248485.482,2465108270375.418,262844125062.0916,292696535223.93744,0.0,9999039176.60651,2537984290795.0625,189968104642.44708,62905.863346872175,-936489042309.5806,-833760611728.0901
china,2043,22830579498459.938,612380203.2203664,0.0,585766581788.2783,1295233708305.03,134769196985.54585,0.0,7034390370.984017,453891722343.4067,1430002905290.576,0.0,27554.09431143462,-844236323502.2976,-851270713873.2816
india,2043,7489239684261.031,883318925.3396008,0.0,523228710070.8896,364599526895.84625,109991004947.041,0.0,14987347615.511084,2444883065.4367094,474590531842.88727,0.0,7993.2195177911335,48638178228.00232,33650830612.491234
latam,2043,10315975126095.67,304318447.00592136,0.0,524575503586.9551,505033770974.63116,80326620799.06114,0.0,9950268224.52415,3216162949.159279,585360391773.6923,0.0,22715.98348623534,-60784888186.73718,-70735156411.26134
seasia,2043,6959740908084.631,352691276.26551193,0.0,364332427467.8832,331068751118.6368,51747768862.9312,0.0,1779702764.4837112,2566601768.9184556,382816519981.568,0.0,14597.178932909723,-18484092513.684814,-20263795278.168526
russia,2043,4168073217082.0225,143892583.92813185,3317560.075078693,183902052586.05957,207685618161.6034,25413794700.770912,9601770927.490349,0.0,1810319460.5296247,227121212077.22546,5978200785.148857,17672.21459340837,-43219159491.16589,-39595589348.8244
mena,2043,7185546755467.082,269338766.08338255,359070.1349383403,521177841462.8837,353966814755.4023,115981771806.15825,0.0,9180392665.59618,1578174619.450035,469211382041.41534,737204520.1452214,17816.0217286915,51966459421.46838,42048862235.72699
ssa,2043,5596840854725.786,864469561.1155586,0.0,416702246311.8091,206834901455.95428,32732683594.64057,0.0,4836207791.025304,2290801717.0653157,239567585050.59485,0.0,5509.95747694357,177134661261.21423,172298453470.18893
us,2044,59227243126064.74,172906531.018438,17767370.910287112,2315726796573.9893,3034048870558.776,347691352558.0892,601868643671.9087,0.0,15871413438.902447,2995719010324.0913,386021212792.77216,117739.18941890316,-679992213750.102,-464144782870.9655
oecd-ex-us,2044,44933603934308.3,347085035.7726276,21024470.62152626,1579476461773.6394,2436398216460.315,258013556967.31744,291948284626.4775,0.0,9770052508.105776,2494597090986.6406,199814682440.9906,64449.0334436657,-915120629213.0012,-822987027027.5143
china,2044,22010403913624.3,598495297.6979837,0.0,571082544305.441,1264339994200.5757,130242700448.69998,0.0,5935743074.60999,9260308582.797243,1394582694649.2756,0.0,28581.761880509763,-823500150343.8346,-829435893418.4446
india,2044,7518249506953.246,883549784.5925611,0.0,516451115004.6762,366551499136.28674,108335102750.3454,0.0,15035340285.268661,2480649859.441206,474886601886.63214,0.0,8446.690132091298,41564513118.04407,26529172832.775406
latam,2044,10242496754964.938,306711395.80454874,0.0,514163341801.0441,502491679184.89075,78676329035.3315,0.0,9649697066.481659,3175992354.9176435,581168008220.2223,0.0,23631.550616579083,-67004666419.17816,-76654363485.65982
seasia,2044,6937423692736.322,351068048.75546175,0.0,358664724738.0041,330595302565.4207,50939323012.25394,0.0,2004115465.6582444,2556800957.0160465,381534625577.6747,0.0,15286.587479099358,-22869900839.670593,-24874016305.32884
russia,2044,4130936642976.8184,143223029.04453233,3505302.884426544,182314645390.45636,206513007996.22992,25056790908.86146,10330935601.89973,0.0,1787643807.528223,225262181395.10696,6307617509.984359,18453.861641285952,-42947536004.650604,-38924217912.73523
mena,2044,7224472486805.853,270060810.8421053,354542.87177478423,517073964685.13934,356572483683.1274,114836060580.89552,0.0,8346984876.80894,1607295794.459604,470683820667.8966,724723596.126312,18601.76788767002,46390144017.24274,37318435544.30749
ssa,2044,5765768691822.696,887232303.890238,0.0,418836796297.146,213800706210.83023,33165437500.990517,0.0,5219930811.774032,2277115323.3579473,246966143711.82074,0.0,5855.13174873582,171870652585.32526,166650721773.55124
us,2045,58782024714521.67,172471346.03777942,18654457.75482574,2306386561938.992,3024601611460.9995,344245366027.44604,600758273736.8298,0.0,16483730269.504595,2962518998609.156,406327978879.2893,119525.30617133812,-656132436670.1636,-461702141812.62305
oecd-ex-us,2045,44141100300941.79,343000262.5027183,21986831.508386735,1567122991743.745,2407256355179.2397,253171690374.94357,291052114147.3587,0.0,9749306296.568783,2450897543804.9,209530501749.28226,66020.80285132185,-883774552061.1548,-802252939663.0784
china,2045,21215223154955.0,584568485.5277679,0.0,562530930787.1753,1233322804873.3616,125819924602.5014,0.0,7427486297.989723,8858526317.376406,1359142729475.863,0.0,29638.09601764058,-796611798688.6877,-804039284986.6775
india,2045,7612692284766.04,883672277.987911,0.0,511295440110.9143,366644033960.5844,107568572419.7753,0.0,14487322913.523079,71847266995.76213,474212606380.35974,0.0,8920.493945478458,37082833730.554565,22595510817.031487
latam,2045,10165115298496.57,304463036.5994938,0.0,506109303810.24365,499761534525.7397,77065570144.17944,0.0,9781439836.789347,3117784228.1042676,576827104669.9192,0.0,24574.940499808527,-70717800859.67554,-80499240696.46489
seasia,2045,6912534813497.677,349390277.55167794,0.0,354423989101.06885,329995660418.1305,50161475979.62625,0.0,1670990245.4207304,2515258303.4644423,380157136397.7567,0.0,16001.051634463527,-25733147296.687866,-27404137542.108597
russia,2045,4095096134632.8276,144737628.0246853,3700482.951773912,181644315906.91525,205336984550.1289,24715780514.507805,10804234589.842733,0.0,1763706223.8876116,223390178697.63998,6662586366.996787,19261.876328913786,-41745862790.72473,-37604214567.878784
mena,2045,7259606139222.931,273974965.8243642,349807.0049342926,514326799887.6395,359142957612.1217,113753749175.73172,0.0,7874905931.107568,1578465248.3989058,472185700309.20447,711006478.6489513,19413.933896688868,42141099578.43506,33555187168.67854
ssa,2045,5929461681496.273,910016118.9405478,0.0,421273879047.9135,220775806176.21027,33622643873.285095,0.0,5595416204.819088,2412976879.981394,254398450049.49536,0.0,6217.649845581959,166875428998.41815,161280012793.59906
us,2046,58334910834012.75,174779405.3166188,19525317.75397145,2295885699101.9907,3014920964979.854,340887682286.88184,596602451878.8408,0.0,16206615777.020956,2929496543337.5615,426312103929.1744,121338.21349944253,-633610844235.5708,-463320496285.90436
oecd-ex-us,2046,43372566781601.8,338897807.8922362,22949106.51407557,1554804238226.87,2377925878758.111,248400356556.91165,293977925670.85547,0.0,9010552077.294771,2407270372996.1895,219055862318.83188,67621.5651822803,-852466134769.3193,-777544071417.2958
china,2046,20445624638704.49,570612561.8845528,0.0,553811027308.5558,1202206185073.137,121514273208.90712,0.0,8410307460.192433,8721222183.172596,1323720458282.0442,0.0,30723.605194797066,-769909430973.4884,-778319738433.6808
india,2046,7632879996796.522,883671465.1406913,0.0,505899283436.2532,368378253693.2997,106071467002.34935,0.0,13832560720.958963,2570710010.838488,474449720695.64905,0.0,9415.268267069667,31449562740.604126,17617002019.645164
latam,2046,10084134953434.0,302147653.420404,0.0,497900539218.15564,496886157930.9729,75548049292.57579,0.0,9506871263.55587,3060194206.3738613,572434207223.5487,0.0,25546.694670153513,-74533668005.39307,-84040539268.94894
seasia,2046,6884474905482.875,352561292.86100906,0.0,350063754007.5104,329331870159.18164,49446501556.58638,0.0,1814626440.006955,2469336133.46339,378778371715.768,0.0,16741.174694344645,-28714617708.25763,-30529244148.264584
russia,2046,4060343811222.6353,144073806.33734143,3897328.1365803946,181136421145.35693,204172145276.87027,24393757619.636402,10994746756.238935,0.0,1682411584.7160394,221539088274.04437,7026814622.4624195,20096.838422545912,-40402667128.68744,-36434734994.91092
mena,2046,7289482000521.879,274650984.06948215,344790.62438209425,511400857242.31866,361699315336.48016,112777087828.27496,0.0,8647525323.25048,1598932544.635251,473780380335.978,696022828.7770379,20253.09840642708,37620476906.34064,28276928754.313118
ssa,2046,6087679293694.149,932811301.250954,0.0,423421737217.4755,227775453455.5478,34158175682.650265,0.0,5660959219.988913,2390463338.5879583,261933629138.19806,0.0,6598.139544118599,161488108079.27747,155827148859.28854
us,2047,57904665720875.67,174330035.95972577,20413313.09968903,2284113497810.8657,3004870831994.869,337586668839.0009,612931187078.2921,0.0,15167702807.65184,2896623318122.1357,445834182711.7353,123178.31321195595,-612509820311.27,-445412815944.7132
oecd-ex-us,2047,42619309042440.55,341247957.1419201,23875249.224299498,1542248919724.7866,2348536360015.0576,243683887555.9612,287347968955.3774,0.0,9365619729.623758,2363713692471.328,228506555099.69028,69251.71940781044,-821464772746.5415,-762623358890.8544
china,2047,19702661963503.85,568578224.2005327,0.0,544741364143.45325,1171017287658.2478,117324029801.69151,0.0,7819890298.360911,8457168414.216274,1288341317459.9392,0.0,31838.8016385158,-743599953316.486,-751419843614.8469
india,2047,7645904889720.936,883402589.1514548,0.0,500207338657.7028,370052466503.2751,104683603076.04453,0.0,14846963562.777548,2400587408.80598,474736069579.3196,0.0,9931.659655765648,25471269078.38324,10624305515.605692
latam,2047,9999544055444.809,299765699.7422664,0.0,489487210759.1912,493878058451.1052,74125984071.70984,0.0,9104860317.135576,3030794091.5704837,568004042522.8151,0.0,26547.35863259764,-78516831763.62384,-87621692080.75941
seasia,2047,6853143474642.453,350739382.08741486,0.0,345535697443.46356,328578162056.481,48790715200.2756,0.0,1934460344.339028,2436209317.2096195,377368877256.7566,0.0,17507.565488336695,-31833179813.29303,-33767640157.632057
russia,2047,4026347483308.272,143402566.21905735,4088748.8012806345,180702399112.2917,203012414736.6767,24095693192.290718,10842775104.60658,0.0,1566605797.7109668,219713983445.32523,7394124483.642303,20959.33237881406,-39011584333.03354,-35562933712.06926
mena,2047,7315524961833.063,275324477.1663991,339600.67474058043,508267481337.5133,364167664231.5618,111882939069.92853,0.0,7794072234.866793,1620155510.0270057,475376869220.44714,673734081.0431429,21119.844727440486,32890612117.066162,24422805801.156227
ssa,2047,6276413002330.943,955631114.4991105,0.0,425281027540.7936,232855490103.52466,35128588428.44971,0.0,5227494651.612491,36664254279.58782,267984078531.97437,0.0,6997.24038331377,157296949008.8192,152069454357.20673
us,2048,57464999085886.99,173845649.25150758,21277929.01827026,2270925458704.45,2995108611394.21,334340719611.11426,604989817405.3944,0.0,13867419906.738527,2863857858824.582,465591472180.74176,125046.01314550765,-592932400120.1318,-453534054895.4792
oecd-ex-us,2048,41893055289699.22,337091677.1650183,24811449.74430789,1529303526209.9697,2318766421441.686,238991190734.43677,293211684887.8716,0.0,8988648336.98174,2320246253913.8657,237511358262.2558,70911.66996288628,-790942727703.896,-735242401078.2803
china,2048,18985668271324.55,554650401.7070957,0.0,535162611703.4693,1139832069528.575,113267180961.36281,0.0,6912515513.161355,7855462120.316705,1253099250489.9377,0.0,32984.2013805167,-717936638786.4685,-724849154299.6299
india,2048,7652717275830.9375,882923636.1881953,0.0,494200039086.8732,371578709700.39496,103370149017.52777,0.0,14856341295.594788,2417547036.648679,474948858717.9227,0.0,10470.323780215898,19251180368.9505,4394839073.355713
latam,2048,9910745817994.46,297306536.05240196,0.0,480833308290.5891,490736109825.22955,72794158865.61766,0.0,9051910888.535076,2950633838.4445953,563530268690.8472,0.0,27577.481877504393,-82696960400.25806,-91748871288.79314
seasia,2048,6818573558557.998,348841364.8720177,0.0,340814565376.66205,327729377019.6549,48190446248.24122,0.0,1907253263.1502306,2442595069.9289117,375919823267.8961,0.0,18300.83830766018,-35105257891.23407,-37012511154.3843
russia,2048,3993206150695.356,142721937.15043578,4273153.976046528,180237757094.23874,201845279927.33002,23810868520.21366,10614138739.04346,0.0,1662920001.3448439,217909393009.55057,7746755437.993084,21849.947308680075,-37671635915.31183,-34804252614.26145
mena,2048,7337500457464.125,275992575.9463377,334246.9884711924,504908882812.6592,366601969260.6575,111086436862.60849,0.0,6830899141.851631,1585918083.5207343,477057872826.1297,630533297.1362226,22014.760795738046,27851009986.52948,20389577547.541626
ssa,2048,6424715032576.673,978341190.9026389,0.0,426832334073.4628,239802338321.01453,35819275481.80412,0.0,5632341654.753209,2723651629.836675,275621613802.81866,0.0,7415.603535295988,151210720270.64417,145578378615.89096
us,2049,57040522736722.734,173359310.1571601,22145273.341037076,2262508722057.8438,2984741798272.4,331048733334.4759,613150119420.1056,0.0,15655340964.699509,2831090358828.8306,484700172778.04675,126941.72725502381,-568581636770.9868,-440131690128.928
oecd-ex-us,2049,41183230255093.78,332887322.39291203,25699012.119025163,1521329185094.9307,2289030454843.3135,234409914171.28894,283493516000.46094,0.0,8792633313.724047,2276863218421.8843,246577150592.71838,72601.82685230467,-755534033326.9536,-718617667919.211
china,2049,18295657159272.45,540723986.8357428,0.0,528181075330.2404,1108659787849.1855,109337243826.19627,0.0,7698386596.653169,7503230889.702582,1217997031675.3818,0.0,34160.3243128236,-689815956345.1414,-697514342941.7946
india,2049,7655488012603.36,882371352.4176309,0.0,489073355221.83704,372987855907.05743,102129951461.19472,0.0,13615368846.394638,2430557765.2295675,475117807368.25214,0.0,11031.925278110091,13955547853.5849,340179007.19026184
latam,2049,9946239621301.625,294771946.98309535,0.0,473423817732.2325,486319585371.21857,72847017561.03441,0.0,9735864224.336576,130972452731.51476,559166602932.2529,0.0,28637.617900376204,-85742785200.02045,-95478649424.35703
seasia,2049,6781248069238.248,346875619.7002865,0.0,336789975181.4467,326786773542.8394,47642676010.93256,0.0,2061760979.4527304,2375746032.027236,374429449553.772,0.0,19121.612837217854,-37639474372.32526,-39701235351.777985
russia,2049,3960734948540.973,142029788.64910254,4443549.3744938765,180111581450.14792,200668571011.46268,23546181008.4877,10046697777.321867,0.0,1585270638.094121,216128640255.8993,8086111764.051143,22769.276946637303,-36017058805.75137,-34056472792.480648
mena,2049,7355527344780.909,276648933.09025484,328700.9890599543,502266682916.9352,368979274179.2091,110379528987.7459,0.0,6431557256.8647375,1550564823.66936,478808686421.75476,550116745.2003335,22938.43914361822,23457996495.18042,16476322493.115349
ssa,2049,6566818181431.303,1000953706.8747731,0.0,428492028986.1008,246731533477.01147,36568526133.24909,0.0,5849789702.824637,2760969181.6121516,283300059610.26056,0.0,7853.8916705447455,145191969375.84027,139342179673.01562
us,2050,56629101314220.73,172871629.7156221,23009858.840856608,2258945998814.6,2974466627945.0977,327877262552.6733,618342415393.1195,0.0,13634053788.0215,2798568831214.463,503775059283.30774,128865.8757054912,-539622832399.8628,-425055476290.051
oecd-ex-us,2050,40515694436726.17,328728052.11297476,26615036.66164789,1518153214142.242,2258932958096.1035,229874489342.2135,294584470289.28577,0.0,8533944639.172518,2233738331212.8794,255069116225.43637,74322.60575805472,-715585117070.6375,-676069763006.7881
china,2050,17637167392477.27,526874821.0882236,0.0,523586287723.24347,1077480727177.0146,105536226810.29607,0.0,6178985542.195467,7119885011.078228,1183016953987.3108,0.0,35367.69424736245,-659430666264.0674,-665609651806.2628
india,2050,7652799745031.487,891766250.0355557,0.0,484793846917.23846,374357143943.1926,100988204162.24916,0.0,14501675985.950073,2364909602.2853894,475345348105.4418,0.0,11617.137615285379,9448498811.796692,-5053177174.153381
latam,2050,9853206477696.62,292212730.80436516,0.0,467254186683.7448,482903958011.49725,71666417542.65033,0.0,8742438049.425838,3025483314.824272,554570375554.1476,0.0,29728.32422676462,-87316188870.40277,-96058626919.82861
seasia,2050,6742367241295.556,344874419.86169213,0.0,333426042147.7149,325758425781.8399,47145619591.0251,0.0,1763100817.420747,2360276099.880151,372904045372.865,0.0,19970.514092537156,-39478003225.150085,-41241104042.57083
russia,2050,3988232823901.4087,141342392.9393778,4611985.074626093,180272766879.1187,199085074837.44977,23933346502.495037,10125428618.391514,0.0,60118101202.87379,214714197889.112,8304223450.832807,23717.91962527425,-34441431009.993286,-32620225842.434578
mena,2050,7443220228683.384,277285436.6073236,322936.4633942844,500291582338.8594,369290230132.6901,110584076697.83896,0.0,6688841693.104252,73964450087.25201,479365772783.12585,508534047.4032565,23891.476875874967,20925809555.73352,13728433815.226011
ssa,2050,6702822615193.633,1023461593.1089178,0.0,430277508097.0726,253646386401.867,37368937787.77998,0.0,6079104763.714181,2821354618.6222544,291015324189.647,0.0,8312.778818000137,139262183907.4256,133183079143.71141
us,2051,57216597542277.805,172382949.53022864,23873793.85541988,2253643614276.4834,2957931724370.647,334189748009.8459,628468188162.0459,0.0,997505897999.0345,2775633879929.602,516487592450.89044,130818.88496509715,-521990265653.11865,-410009669941.9632
oecd-ex-us,2051,39877771123807.42,324569729.4606289,27516826.528104212,1513966061415.5796,2229298769245.0073,225509056350.5967,294379751640.2045,0.0,8538699621.107172,2191038023300.725,263769802294.87793,76074.42814794816,-677071961885.1455,-646462012539.8188
china,2051,17006252048400.998,513045307.8736214,0.0,517786921324.2776,1046481092586.7452,101887092238.74394,0.0,6996023084.946311,6661942509.879544,1148368184825.4893,0.0,36606.83898000766,-630581263501.2117,-637577286586.158
india,2051,7644654987197.8955,890838633.9295166,0.0,480166403186.77576,375612827659.7816,99927967350.39244,0.0,15170973258.289242,2400607248.089233,475540795010.1741,0.0,12226.642945132038,4625608176.601685,-10545365081.687557
latam,2051,9757802410610.916,289594232.4043929,0.0,460789368128.4737,479436636312.7544,70587464603.69366,0.0,9132846294.43833,2963511996.7195926,550024100916.448,0.0,30850.162442342775,-89234732787.9743,-98367579082.41263
seasia,2051,6781633247612.085,342803275.65263176,0.0,329753583441.46204,323639162981.99896,47549515337.35366,0.0,2196049244.1248693,82897150438.54195,371188678319.3526,0.0,20848.17236179224,-41435094877.890564,-43631144122.015434
russia,2051,3958747522912.1953,140658250.23631647,4780023.444476077,180252295201.4757,197926910726.0291,23696571427.099182,10234630621.925161,0.0,1651255340.5143738,213022384882.1567,8601097270.97155,24696.478255302754,-32770089680.681,-31136556329.727386
mena,2051,7453882729529.447,277881862.507601,316941.3213605413,497948384673.45917,371594725091.92053,110062374544.53566,0.0,7275344918.92745,1646560727.9871137,481184953307.0282,472146329.42799234,24874.475651472174,16763431366.43097,9015940118.075527
ssa,2051,6833757359380.62,1045958824.7178938,0.0,431777807893.94403,260541944019.53204,38210878490.36555,0.0,5021271580.407758,2931030383.3493137,298752822509.8976,0.0,8792.950220656143,133024985384.04645,128003713803.63869
us,2052,56819076928057.164,171864374.83395624,24710458.76260383,2246228161184.858,2947998793518.9907,331143500852.33905,619360575054.4668,0.0,16032943911.396881,2744134792950.6924,535007501420.64,132801.1878997671,-497906631765.8345,-413553558132.0077
oecd-ex-us,2052,39267869251492.57,320410685.5029059,28405424.938079335,1508399210395.3108,2199725771678.204,221252317332.4224,294562960528.23785,0.0,8114045772.226293,2148755038222.3796,272223050788.247,77857.72138552081,-640355827827.0688,-618015918087.078
china,2052,16762702360201.184,499232581.9082119,0.0,510587790508.18134,1020556978338.5901,102509773730.2882,0.0,7738201005.355075,376667474366.2399,1123066752068.8782,0.0,37878.2903590434,-612478961560.6968,-620217162566.0519
india,2052,7632802253674.663,889852555.6897023,0.0,475233832166.4289,376752326860.5815,98941471992.16722,0.0,13748215637.781288,2355448800.869019,475693798852.7487,0.0,12861.131968771713,-459966686.3198242,-14208182324.101112
latam,2052,9660537313393.031,286929297.605913,0.0,454007356850.4419,475844305413.74677,69589081757.39981,0.0,8791592416.675808,2952525519.4850006,545433387171.1466,0.0,32003.698228144727,-91426030320.70471,-100217622737.38052
seasia,2052,6737903728742.186,340668998.9013894,0.0,325746266706.1685,322482951522.60046,47148136459.11999,0.0,2248167926.7799935,2403470332.4301395,369631087981.72046,0.0,21755.223153085473,-43884821275.55194,-46132989202.33193
russia,2052,3931188382133.158,139987723.366928,4961457.696855166,180022950444.4444,196779915218.9338,23474892691.64696,11035105330.257408,0.0,1637611356.8416684,211361155561.03027,8893652349.55057,25705.56031114211,-31338205116.585876,-29196752135.879036
mena,2052,7459593202477.03,278429139.92850935,310726.80534952856,495185070759.24646,373700435018.5878,109611298898.88103,0.0,7862978888.750155,1700114994.551098,482993313894.55414,318420022.914721,25888.041670774517,12191756864.692322,4010357953.0274453
ssa,2052,6957512211505.367,1073240746.7005199,0.0,432992454845.3116,267456651020.8438,39092343233.041565,0.0,5664498539.395737,2975890072.7130513,306548994253.8854,0.0,9295.102187206881,126443460591.42621,120778962052.03047
us,2053,56430053040420.33,171337565.65111297,25544399.522664007,2236486012142.4683,2937581192095.8267,327987339066.818,625345315081.8792,0.0,14713316301.479855,2712905710446.443,552662820716.2003,134813.22386912012,-476419698303.9746,-403737203938.2958
oecd-ex-us,2053,39439468320477.305,316209043.04050136,29242407.585746188,1501142520957.0977,2173216512474.2925,224758546254.69846,286079196736.1117,0.0,782352410020.4705,2120731467229.9937,277243591498.9972,79672.91884121638,-619588946272.896,-610753341035.7815
china,2053,16175827713764.104,485474601.49230427,0.0,501984604814.59534,990066473126.6957,99034851928.08824,0.0,6291735031.653452,6533808834.7626295,1089101325054.7839,0.0,39182.584358003725,-587116720240.1886,-593408455271.842
india,2053,7615744859884.962,888699613.3694351,0.0,470007851816.8353,377854042998.9258,98037857142.89323,0.0,13486609073.055216,2313263608.3417726,475891900141.81903,0.0,13521.30379647312,-5884048324.983704,-19370657398.038918
latam,2053,9560328956850.43,284199494.6339165,0.0,446895541352.648,472152000344.5138,68669003438.386795,0.0,9091192658.836113,2808298546.48903,540821003782.9006,0.0,33189.50140096996,-93925462430.25256,-103016655089.08868
seasia,2053,6691807141839.186,338481310.8000581,0.0,321398805067.03503,321243633531.7818,46783666757.26598,0.0,1870982080.3591049,2402890399.371758,368027300289.0478,0.0,22692.30714715541,-46628495222.01276,-48499477302.371864
russia,2053,3902959270001.101,139280942.69331473,5110548.623010065,179537569735.85962,195661808363.84985,23269343578.959663,9568943266.855968,0.0,1595526808.0317752,209721903736.5656,9209248206.243948,26745.777822140135,-30184334000.705994,-29824638940.09397
mena,2053,7462296622589.474,278989409.9293412,304425.95367557165,491992966633.2741,375635552485.863,109216725762.77533,0.0,6039157938.128983,1601889665.943259,484762071484.60815,90206764.03017457,26932.785668412474,7230895148.665955,1101530446.5067976
ssa,2053,7074122905092.769,1095277290.9968364,0.0,433900302085.42847,274313342185.00275,39992132562.58362,0.0,6037139063.7951,3053005313.3551693,314305474747.58636,0.0,9819.941940318153,119594827337.8421,113557688274.047
us,2054,56023370674637.99,170756971.4810212,26327016.57318292,2228790103999.3447,2927113792185.845,324835943376.39606,602028626258.086,0.0,14448639522.464693,2681854307751.466,570095427810.7776,136855.43882386404,-453064203752.1211,-421131005304.8126
oecd-ex-us,2054,38868227248678.88,312020394.19720554,30075579.13831396,1495759362878.2996,2143830769258.5217,220588534394.21298,288975117957.47894,0.0,8443751018.584366,2079640494817.7651,284778808834.9683,81520.46000486457,-583881131939.4656,-579684822816.955
china,2054,15615188925088.125,471764922.8646147,0.0,494072022653.9885,959683171314.7596,95675659453.68082,0.0,5693067029.4465275,6341086467.91165,1055358830768.4404,0.0,40520.261152852596,-561286808114.4519,-566979875143.8984
india,2054,7670148394748.938,887372481.3294384,0.0,465258089887.3446,376943268410.72955,97954747582.98509,0.0,13686139193.05018,77729600163.39508,474898015993.71466,0.0,14207.865810759648,-9639926106.370056,-23326065299.420235
latam,2054,9458492092645.705,285879484.67186546,0.0,440463899058.9074,468319715747.06635,67812828953.93515,0.0,8890811157.65285,2722592595.03045,536132544701.00146,0.0,34408.14595894525,-95668645642.09406,-104559456799.7469
seasia,2054,6642922482022.099,336219187.5464514,0.0,317344056691.5296,319931644527.17285,46452206763.25738,0.0,2201498810.0035863,2356633591.8205547,366383851290.43024,0.0,23660.070155665373,-49039794598.900635,-51241293408.90422
russia,2054,3875822452663.02,138572478.69487438,5261674.417838404,179067995287.55472,194489703489.78763,23064773664.538948,9811688933.92031,0.0,1537975594.7726357,208094554884.65283,9459922269.67376,27817.74736950175,-29026559597.098114,-28674792932.851562
mena,2054,7458652047109.35,279502133.0885864,297937.2526572672,489063466660.63947,379190912673.82825,108851375521.70644,0.0,6329650763.356433,1663896818.1226685,488037324923.80597,4963271.728698291,28009.32291184901,1026141736.8334961,-5308472298.251636
ssa,2054,7184542870074.574,1117143855.793362,0.0,434835248537.6929,281108441162.7131,40899707320.44991,0.0,5548837432.017609,3141702359.293052,322008148483.16296,0.0,10368.187462097567,112827100054.5299,107278262622.5123
us,2055,55616921669840.87,170148014.24280536,27080693.42619591,2222948378647.0503,2915611277140.545,321447677613.51843,592404845336.4583,0.0,15256725973.428844,2651032895014.807,586026059739.2554,138928.28540465157,-428084516367.75684,-421705730770.55396
oecd-ex-us,2055,38319704150400.17,307815686.74872917,30868664.497950096,1492131548339.7676,2114600006776.3289,216558297937.9973,282226831225.5759,0.0,8276826870.2622,2038958652497.0513,292199652217.27344,83400.7905994666,-546827104157.2837,-556799925148.9812
china,2055,15080082370985.945,458093603.6706607,0.0,486753573074.23004,929386144671.2354,92419625608.06888,0.0,6068732274.434055,6014375377.337525,1021805770279.3042,0.0,41891.86520346222,-535052197205.07416,-541120929479.50824
india,2055,7645602283394.191,885952816.3855319,0.0,460991463956.24225,377812018027.03625,97159906848.42317,0.0,13018297280.372385,2452646844.842474,474971924875.4594,0.0,14921.533531651929,-13980460919.217163,-26998758199.589546
latam,2055,9355821398197.238,283073699.4892062,0.0,434733499390.7527,464386606796.189,67020563218.93255,0.0,8722751703.242235,2725727879.139315,531407170015.1216,0.0,35660.21013223068,-96673670624.3689,-105396422327.61113
seasia,2055,6591968977348.547,333903636.643887,0.0,313598915087.2878,318521318263.4102,46147305475.917725,0.0,2182922393.395804,2299126371.889188,364668623739.32794,0.0,24659.16308521412,-51069708652.04016,-53252631045.43597
russia,2055,3849269339184.312,139999597.4710503,5402712.946688829,178616306354.86496,193319018036.75702,22867573230.053307,9459264246.668755,0.0,1557907186.5721388,206475962470.7529,9710628796.057552,28922.09008898598,-27859656115.88794,-28111020665.276737
mena,2055,7448121233691.26,283065288.19931346,291250.8678614543,486365024972.48236,383061611885.2784,108466846064.7358,0.0,7035935770.045355,1668555329.4853745,491528457950.01416,0.0,29118.273205705656,-5163432977.531799,-12199368747.577154
ssa,2055,7288666137201.436,1138815390.7552452,0.0,435821740590.10583,287873539597.25757,41811929033.19858,0.0,5178279557.678904,3165274724.890051,329685468630.4562,0.0,10940.567337335895,106136271959.64966,100957992401.97075
us,2056,55224791931729.055,169535225.1106888,27832827.737766955,2214685969249.4277,2902475842857.726,317968251304.6486,599645676111.0331,0.0,13982710690.057402,2620540159867.38,599903934294.9933,141032.22304241956,-405854190617.95215,-406112448801.91235
oecd-ex-us,2056,37795221446698.266,303603382.9363633,31634667.22243494,1486350923431.0647,2085161384739.27,212567218218.60205,279012559100.9104,0.0,7882416723.997885,1998758652668.6455,298969950289.2273,85314.36269630221,-512407729237.5808,-532365120425.8977
china,2056,14569512817620.375,444458780.0214498,0.0,477930449557.77344,899158221939.7668,89247299799.52632,0.0,6276892404.941948,6182411220.887821,988405521739.2932,0.0,43297.94533934589,-510475072181.5198,-516751964586.46173
india,2056,7615045432490.269,884391580.6990818,0.0,456445337503.3301,380317210274.2834,96383696849.03334,0.0,12752650478.39897,2451369194.4663167,476700907123.3167,0.0,15663.030484476243,-20255569619.986633,-33008220098.385605
latam,2056,9251796251943.25,280223682.83611184,0.0,428687806770.41693,460368520615.2786,66289824151.7039,0.0,8757735411.860083,2703127154.4386516,526658344766.98254,0.0,36946.27643885103,-97970537996.56561,-106728273408.42569
seasia,2056,6538890218073.244,331531884.5985947,0.0,309553156787.73376,317034698079.2435,45865713233.85122,0.0,2090655905.3087428,2359151155.360639,362900411313.0947,0.0,25690.24190719776,-53347254525.36096,-55437910430.66971
russia,2056,3824028180892.872,139285324.9029775,5554578.410970414,177882566334.76248,192084962077.78973,22674785854.901436,10150595262.178045,0.0,1485428044.3118892,204868368033.54993,9891379899.141207,30059.431679422305,-26985801698.787445,-26726586335.750607
mena,2056,7431235125611.046,283481863.1105354,284417.6031691165,483202955503.11005,386784614248.11584,108048278502.52315,0.0,6930086040.27108,1673915207.5881832,494832892750.639,0.0,30260.260901896276,-11629937247.52893,-18560023287.80001
ssa,2056,7385816331563.628,1160192835.1908016,0.0,436525453806.0296,294596036820.54614,42714990584.77251,0.0,5339939252.762486,3275707214.242924,337311027405.31866,0.0,11537.820595089723,99214426400.71094,93874487147.94846
us,2057,54871749753029.23,171669579.86122975,28609443.722858913,2204476261019.7124,2878845456690.0986,314652709493.9022,622993243218.8052,0.0,12986483245.714808,2590307317732.67,603190848451.3295,143167.71806023322,-385831056712.9575,-366028661945.4818
oecd-ex-us,2057,37301820933033.2,299397159.10352504,32391384.098804083,1478496893110.7893,2051407389649.1208,208738315614.05707,280688222597.5213,0.0,7560075889.784325,1959001277665.868,301144427597.3092,87261.63483137233,-480504384555.0786,-500960589554.8665
china,2057,14082375658634.963,442575743.72942746,0.0,467651806521.27454,868973311973.6074,86159077712.20573,0.0,5248342894.52467,5591767073.654568,955132389685.8131,0.0,44739.05484959959,-487480583164.5386,-492728926059.06323
india,2057,7578013524785.444,882664366.5408419,0.0,451630567356.01117,383008936651.46893,95596336293.72038,0.0,12593197678.378891,2535995562.729446,478605272945.18933,0.0,16433.088070656555,-26974705589.17816,-39567903267.55705
latam,2057,9146048520889.41,277325359.77513635,0.0,422322645783.3326,456247627581.44476,65611452880.55715,0.0,8822548578.760008,2611252203.592088,521859080462.0019,0.0,38266.931745629154,-99536434678.66931,-108358983257.42932
seasia,2057,6483576404171.134,333927899.4377878,0.0,305213901026.02704,315467940320.08185,45600829198.16052,0.0,1830292842.350861,2371347432.4548697,361068769518.2424,0.0,26753.96763363965,-55854868492.21533,-57685161334.56619
russia,2057,3799449542833.3267,138558498.21985886,5705438.337334211,176875339066.08194,190688705958.05215,22491568991.315437,10259793187.366907,0.0,1466504636.3692122,203261413665.8949,9918861283.472742,31230.402417088386,-26386074599.812958,-26045142695.918793
mena,2057,7406255403607.409,283834410.4109486,277427.26948072284,479595696135.76117,391428382385.702,107572061078.95154,0.0,7256258225.368724,1681283550.6256816,499000443464.65356,0.0,31435.91491560759,-19404747328.892395,-26661005554.26112
ssa,2057,7528143357819.013,1181193555.952438,0.0,436948740214.7731,298569481616.1336,44102923674.83555,0.0,5903077716.677993,53953769048.260345,342672405290.9692,0.0,12160.696549171456,94276334923.8039,88373257207.1259
us,2058,54551045567375.53,171084941.45110923,29397063.16385306,2192477539473.626,2853383716125.0337,311666222289.9928,638499735594.5015,0.0,13368477693.181322,2560281124880.1357,604768813534.8909,145335.24377665832,-367803585406.50977,-334072663346.8992
oecd-ex-us,2058,36847044750249.195,295213228.37386954,33158550.379984602,1468704339633.3372,2013401688650.5647,205182957099.52335,287796650025.5637,0.0,7307473307.1587515,1919652573744.8162,298932072005.2707,89243.07212319384,-450948234111.479,-462083656091.186
china,2058,13615663067122.24,429027326.95943403,0.0,455962162229.50275,838880540437.1643,83159699356.83232,0.0,5865347518.141209,5230833569.908481,922040239793.9966,0.0,46215.751577004776,-466078077564.49384,-471943425082.6351
india,2058,7533785882852.413,880712876.7976357,0.0,446548405450.0566,385541484238.42426,94785246514.11232,0.0,12956058569.826052,2506741939.271705,480326730752.53656,0.0,17232.44544189424,-33778325302.47998,-46734383872.30603
latam,2058,9039016656966.97,274389953.9968505,0.0,415652060670.4642,452013439346.6708,64976330897.17676,0.0,8282593902.840566,2588439553.78551,516989770243.84753,0.0,39622.76733419304,-101337709573.38336,-109620303476.22392
seasia,2058,6425451321482.135,331439113.26465416,0.0,300605236069.7949,313822540879.4261,45350169459.00782,0.0,1834364805.1294487,2276756384.772141,359172710338.4339,0.0,27851.0062990932,-58567474268.63898,-60401839073.768425
russia,2058,3774551349579.6807,137800548.25495985,5840733.65211397,175584659478.32547,189274392856.00415,22310307031.46114,9644340541.414211,0.0,1457506614.0819004,201646191565.11868,9938508322.346476,32435.637175982032,-26061532086.793213,-26355699867.72548
mena,2058,7372251472618.902,284134816.3862938,270319.8182796811,475557944881.3345,397314885579.26715,107000255963.70078,0.0,6940550697.403689,1693816370.5313027,504315141542.9679,0.0,32645.868747156834,-28757196661.633423,-35697747359.03711
ssa,2058,7612988701934.807,1201841199.6825185,0.0,437098673421.5239,305028057089.87036,44977574278.10605,0.0,5888224449.096129,3640526511.342883,350005631367.97644,0.0,12809.95463810694,87093042053.54749,81204817604.45135
us,2059,54227441681598.91,170451205.9307546,30143935.76142508,2178323458449.9775,2828022563047.19,308952781689.17053,622724637517.6631,0.0,12323362992.062231,2530455076093.7197,606520268642.6401,147535.28061068428,-352131617643.7422,-335927248768.71924
oecd-ex-us,2059,36412910742085.38,290991759.12759423,33879980.45309968,1456906310881.9692,1975936938955.371,201964892476.45078,279875142796.9189,0.0,6986369589.140316,1880682737164.4724,297219094267.34863,91259.14639196204,-423776426282.5032,-441120377752.9329
china,2059,13168888110254.135,415510801.03651696,0.0,443032605325.4015,808767207101.2795,80252187874.4255,0.0,5561874770.491915,4773707552.699672,889019394975.7051,0.0,47728.598016243275,-445986789650.3036,-451548664420.79553
india,2059,7481540041595.559,888348856.9934579,0.0,441204475057.6014,388166451094.94684,93927488674.43692,0.0,13834002500.321182,2477625955.251504,482093939769.3838,0.0,18061.849378125215,-40889464711.78241,-54723467212.10359
latam,2059,9051168784251.855,271392779.7641976,0.0,408711043096.1889,446998017529.9907,65580441281.588036,0.0,8779328189.22382,124798871189.49388,512578458811.57874,0.0,41014.37897202417,-103867415715.38983,-112646743904.61365
seasia,2059,6364408331513.832,328870869.2182342,0.0,295762059688.14264,312077213168.8483,45104207780.75905,0.0,1945492213.7520542,2321863506.9132366,357181420949.60736,0.0,28982.02894871075,-61419361261.46472,-63364853475.216774
russia,2059,3750020102347.8486,137026980.26978618,5979996.704626689,174015327010.89856,187815473896.13815,22134597388.048706,10008405896.240297,0.0,1395091145.2164297,200015581534.1358,9934489750.050964,33675.77545401176,-26000254523.237244,-25926338377.047913
mena,2059,7331184366437.481,284380302.0668942,263111.9548385601,471112235660.11707,401143937035.03687,106347690826.30045,0.0,6479552479.534579,1791838499.3331711,507491627861.3373,0.0,33890.76050974846,-36379392201.220215,-42858944680.75479
ssa,2059,7691799530024.298,1222233964.7632217,0.0,436985358190.5201,311397748261.9777,45812634828.182304,0.0,4672833045.040727,3708686034.1701155,357210383090.16003,0.0,13486.364265113823,79774975100.36005,75102142055.31932
us,2060,53901783832039.41,169766188.548916,30849436.098735813,2162019542426.1245,2802273601071.495,306355850274.4903,606723272947.075,0.0,14228786413.356745,2500714804777.628,607914646568.3594,149768.3161882208,-338695262351.5034,-339886635972.78784
oecd-ex-us,2060,36006430579889.66,293166901.9550301,34589396.58227786,1443175627697.811,1938572441127.3203,198945800387.9487,281098655627.7552,0.0,6763795993.99783,1842040138405.007,295478103110.2616,93310.33628009885,-398864510707.19604,-413243958189.70245
china,2060,12740840344812.717,402015453.35897774,0.0,429059529607.6878,778678682223.1245,77440590205.46571,0.0,5672782999.4729395,4684760378.952909,856119272428.5902,0.0,49278.161416174094,-427059742820.9024,-432732525820.37537
india,2060,7420060025761.445,885978408.6134934,0.0,435608417467.9115,393691955363.35724,92951861050.33374,0.0,12959877536.23457,2515260647.9040937,486643816413.691,0.0,18922.054169629206,-51035398945.77948,-63995276482.01405
latam,2060,8938012678535.934,268342442.51458135,0.0,401539151507.7256,443581384839.5345,64966583728.998764,0.0,8738890945.249706,2591602290.139317,508547968568.53326,0.0,42442.36698851091,-107008817060.80768,-115747708006.05739
seasia,2060,6299118679741.999,326222929.91241086,0.0,290718371457.9086,311448070073.53973,44817409558.66202,0.0,1977401920.5620584,2234858323.0242124,356265479632.2018,0.0,30147.71163256032,-65547108174.29315,-67524510094.85521
russia,2060,3780392042616.376,136249301.99346623,6138033.307672784,172198305040.91443,186273069951.55353,22560812108.9815,11167114985.922062,0.0,55840402302.22286,198844941350.82217,9988940709.712826,34951.46140512218,-26646636309.907745,-25468462033.69851
mena,2060,7286681292697.717,284570678.29932594,255820.67170810583,466302325070.57306,401042557499.78955,105644135596.80907,0.0,5817319898.543106,1698614184.8057551,506686693096.59863,0.0,35171.23296314377,-40384368026.02557,-46201687924.56868
ssa,2060,7762720133995.796,1242131073.5044355,0.0,436607873590.7336,317709139967.8289,46597871206.645836,0.0,5260298388.492199,3880039943.7345037,364307011174.47473,0.0,14190.704638645137,72300862416.25885,67040564027.76665
us,2061,53603038300995.05,169083897.0021882,31569055.15246765,2144272850247.227,2776159188031.0137,303885873251.5762,624737930738.3765,0.0,12288749252.627064,2471336363612.1646,608708697670.4249,152034.84545019252,-327063513364.9375,-311034280296.98596
oecd-ex-us,2061,35628075749746.55,288944250.0121559,35296639.092200294,1427796258676.3174,1901543854174.1582,196191291132.34814,285085208580.58545,0.0,6498847906.477758,1803683810987.163,294051334319.3444,95397.12737420443,-375887552310.8457,-384853678049.6047
china,2061,12331279715642.572,388559914.50077516,0.0,414217379293.0755,748583555645.9207,74734075078.69989,0.0,5018964087.696146,4558586349.090363,823317630724.6206,0.0,50865.01388612071,-409100251431.5451,-414119215519.2413
india,2061,7348630121525.01,883322526.0390453,0.0,429779465518.4858,398446395210.3412,91858525283.07674,0.0,13543186026.927626,2638736765.419722,490304920493.4179,0.0,19813.821503650557,-60525454974.93213,-74068641001.85976
latam,2061,8820891089754.717,265246635.8131444,0.0,394189005130.8025,441169744180.9737,64296884142.73937,0.0,8325593599.655146,2481628011.3428955,505466628323.7131,0.0,43907.3363559668,-111277623192.91058,-119603216792.56573
seasia,2061,6229475646996.344,323493303.76216376,0.0,285509757149.78625,310956201980.1249,44468242709.27308,0.0,2009669530.5004764,2281324324.453213,355424444689.39795,0.0,31348.73540626094,-69914687539.6117,-71924357070.11217
russia,2061,3754822628990.278,135420591.9113777,6271241.874885319,170131728353.2806,184844995000.3868,22384328488.166943,10106391795.259228,0.0,1421789713.918325,197180735684.49176,10048587804.061958,36263.34387736256,-27049007331.21115,-26991203340.01388
mena,2061,7326032180561.425,284634367.47523206,248370.52566101425,461154738389.286,399074083178.40845,105859824425.3781,0.0,7289641062.709547,90419698140.91644,504933907603.78656,0.0,36487.93355324961,-43779169214.50055,-51068810277.2101
ssa,2061,7825934496447.904,1261632661.6698556,0.0,435977016616.27844,324692483890.23596,47284393460.47834,0.0,4665392850.050639,3879616036.5933967,371976877350.7143,0.0,14923.764614032692,64000139265.56415,59334746415.51351
us,2062,53314152906467.15,168205657.6113551,32104592.475915913,2125562466113.5918,2750829663791.2104,301623408549.6366,626051325606.7023,0.0,11953886092.608757,2442421590622.105,610031481718.7427,154335.37076225487,-316859124508.5132,-300839280620.5536
oecd-ex-us,2062,35268725748479.24,284496475.11125815,35777620.89940517,1410908676114.0127,1866442314525.2651,193673341926.03168,283613659752.2227,0.0,6243319317.743337,1767139529742.674,292976126708.6238,97520.01232843124,-356230853628.6614,-365593320585.06244
china,2062,12191986175299.824,375135507.4644503,0.0,398687484136.11566,727252668303.8048,75195541066.05643,0.0,4867696496.955475,269334881387.95856,802448209369.8612,0.0,52489.73250611683,-403760725233.74554,-408628421730.70105
india,2062,7277319920391.585,880550661.1756384,0.0,423790865871.15216,394926681428.9063,90744474878.46233,0.0,11975311730.500738,2545401033.292706,485671156307.36865,0.0,20737.920355874096,-61880290436.21649,-73855602166.71722
latam,2062,8699594230490.8,262093201.1424741,0.0,386711991617.641,438575568295.11615,63564373858.65124,0.0,8425586356.502487,2556677628.7130995,502139942153.7674,0.0,45409.89677557063,-115427950536.1264,-123853536892.62889
seasia,2062,6238170510792.94,320673570.43455935,0.0,280174906713.2507,308796764074.7229,44940248822.56192,0.0,2240153206.703671,84497123187.33615,353737012897.2848,0.0,32585.78633799667,-73562106184.03412,-75802259390.7378
russia,2062,3729303207915.3247,134555261.1096223,6396814.466524073,167842137066.71637,183429576350.7181,22193565036.604687,10869594226.184544,0.0,1391989019.4667156,195540575314.26178,10082566073.060947,37612.07645689957,-27698438247.54541,-26911410094.421814
mena,2062,7273017395049.523,284609776.79980147,226262.56924749073,455721486434.8082,398664253267.69916,105006204282.90703,0.0,6916641773.629951,1850827377.5276031,503670457550.6062,0.0,37841.514457625235,-47948971115.79797,-54865612889.427925
ssa,2062,7879730341159.432,1285434822.7603912,0.0,435100215880.65967,331617054440.02496,47866019376.56572,0.0,5717173047.65687,3895875695.119077,379483073816.5907,0.0,15686.342536753697,55617142064.06897,49899969016.4121
us,2063,53914339568975.15,167300853.66877013,32625797.151101254,2105979188338.3862,2731488199315.6396,307980336660.1698,628026096653.6023,0.0,905649913491.827,2425563142054.647,613905393921.1627,156670.40202615608,-319583953716.26074,-305463250983.82117
oecd-ex-us,2063,34933283458134.727,280056337.16038585,36266139.81843727,1392729069956.3354,1831569469216.074,191360830135.6635,288673580179.4458,0.0,6085358871.449419,1730939318993.275,291990980358.4628,99679.49098930064,-338210249036.93945,-341527649215.9565
china,2063,11802583591379.799,361750805.10408926,0.0,382577588414.8105,699289627067.9789,72568228104.56897,0.0,4337247056.986176,4214929894.6873136,771857855172.5479,0.0,54152.89944105794,-389280266757.73737,-393617513814.7235
india,2063,7204125119895.478,877500932.2125123,0.0,417676510959.23914,391509214253.6558,89629123301.38457,0.0,12280142327.13869,2547168426.8357573,481138337555.0404,0.0,21695.126887083516,-63461826595.80127,-75741968922.93996
latam,2063,8574197568152.788,258883223.65417168,0.0,379146174751.2765,435773515878.6576,62765888056.50387,0.0,8485347651.729969,2481914497.6069026,498539403935.16144,0.0,46950.66276818214,-119393229183.88495,-127878576835.61491
seasia,2063,6160854075784.337,317782650.3634318,0.0,274767567909.91788,307975790292.781,44477350557.690544,0.0,1985424936.0350342,2354562867.9815283,352453140850.47156,0.0,33859.555521958944,-77685572940.55368,-79670997876.58871
russia,2063,3702201071399.356,133641848.82096179,6505283.528570312,165372432092.04254,181994617804.2973,21999327532.751152,10125626350.36099,0.0,1393750378.6792946,193851030240.9246,10142915096.123878,38998.31751796809,-28478598148.88205,-28495886894.644936
mena,2063,7218613155906.758,284526713.57474345,211526.19906322466,450077723412.072,395970894318.2953,104114496553.45262,0.0,6209926553.196394,1813354870.1056657,500085390871.7479,0.0,39232.632636899216,-50007667459.6759,-56217594012.8723
ssa,2063,7925358734234.971,1303807510.0376217,0.0,433977194906.78284,338330320783.96423,48320702272.92686,0.0,5687805586.558791,3990026812.2009954,386651023056.8911,0.0,16479.24608783171,47326171849.89172,41638366263.33293
us,2064,53614622510446.35,166091141.45280483,32854533.41197643,2085650589641.6572,2706062879815.82,305730760597.1001,614333316401.4579,0.0,12092675841.01297,2396920054039.4956,614873586373.4241,159040.45679276958,-311269464397.8384,-311809734369.80457
oecd-ex-us,2064,34607813523473.87,275184696.8556359,36323553.26949935,1373471379888.5925,1796858637242.389,189292964494.48117,281360848359.6769,0.0,5849438827.74973,1694925724579.708,291225877157.1626,101876.07052198201,-321454344691.1155,-331319373488.6012
china,2064,11424708153422.56,348370675.50125796,0.0,366051148548.78107,672109681996.3326,70044854607.7745,0.0,5406425129.052342,3634375227.1496453,742154536604.1072,0.0,55855.10205870551,-376103388055.3261,-381509813184.3785
india,2064,7218796083231.442,874251241.822582,0.0,411440440007.19934,387254288357.41266,89443059750.56322,0.0,11709654935.747337,91637526372.48392,476697348107.9759,0.0,22686.22434531332,-65256908100.77655,-76966563036.5239
latam,2064,8443027669091.15,255623812.36696792,0.0,371528857016.10284,434989733812.84985,61864931217.81249,0.0,8274686311.624123,2430595264.5491147,496854665030.66235,0.0,48530.25376998424,-125325808014.55951,-133600494326.18362
seasia,2064,6078755243580.16,314813853.2972275,0.0,269338263106.38028,307951836433.62885,43931834451.18842,0.0,1903352120.8174708,2349927695.081294,351883670884.81726,0.0,35170.73909825706,-82545407778.43698,-84448759899.25446
russia,2064,3673919458480.9355,132624344.45810062,6542315.14450181,162757577302.53287,180469972223.9031,21799792707.988598,9911886956.450333,0.0,1318687754.48849,192111235114.5294,10158529817.362286,40422.73027874743,-29353657811.99652,-29600300672.908474
mena,2064,7162515581485.8,284273587.15737116,116437.28299058256,444282821114.3974,392836960829.4452,103195872075.26721,0.0,6165620278.580871,1818057647.9384775,496032832904.7124,0.0,40661.949892082004,-51750011790.315,-57915632068.895874
ssa,2064,7963376866975.0,1321656497.6758254,0.0,432641933272.53595,344856129273.36804,48640203644.404434,0.0,5390982866.349714,4263515251.618259,393496332917.77246,0.0,17303.29213186974,39145600354.76349,33754617488.413773
us,2065,53332154262362.74,164708652.0744406,32922754.95099312,2064857180217.2827,2679893550444.831,303646290817.8072,624454513098.2488,0.0,11759899863.502142,2368275680913.087,615264160349.5527,161446.06037682205,-303418500695.8042,-294228147947.10815
oecd-ex-us,2065,34295854892072.793,270064697.71252584,36132838.758376025,1353349877987.0515,1763523330424.9883,187447197840.9727,280050635702.0362,0.0,5611383175.780041,1660679830139.6248,290290698126.3364,104110.26553805625,-307329952152.57324,-317570014576.8735
china,2065,11060990954330.666,335054287.9025493,0.0,349369847918.5365,644786333370.4967,67625662449.7684,0.0,4273410157.585818,3598358967.422324,712411995820.2651,0.0,57596.933051490865,-363042147901.72864,-367315558059.31445
india,2065,7143253869097.821,870747716.9736885,0.0,405128291917.3699,383254009058.3049,88306173748.26366,0.0,11601598487.087336,2491275242.667937,471560182806.56854,0.0,23712.002973788793,-66431890889.19867,-78033489376.28601
latam,2065,8303802852853.991,256652213.38065225,0.0,363893508650.7393,436280710124.4064,60819272223.56273,0.0,8454969933.478825,2436627393.541581,497099982347.9691,0.0,50149.29423290093,-133206473697.2298,-141661443630.70862
seasia,2065,5989829956411.671,311745361.516082,0.0,263924805849.7587,309607155528.2119,43264171577.287636,0.0,2360805327.5359826,2382039414.7881804,352871327105.4996,0.0,36520.038279326945,-88946521255.74088,-91307326583.27686
russia,2065,3644413464309.635,133766264.25280434,6653705.877708746,160059814666.5661,178883732475.9066,21592090521.125534,9557347671.238266,0.0,1352666487.9255676,190309983792.70657,10165839204.325502,41885.98286314405,-30250169126.140472,-30858660659.227707
mena,2065,7104686343261.592,283933575.9653446,26210.54234306378,438398412636.33453,389632497945.04877,102237454021.29848,0.0,6157928755.681117,1800229861.4845328,491869951966.3472,0.0,42130.13292775362,-53471539330.012695,-59629468085.69381
ssa,2065,7994206148204.707,1338930463.7390137,0.0,431125188743.7955,350453917096.8936,48858395907.34901,0.0,5304511707.33806,4320917197.488739,399312313004.2426,0.0,18159.30656819896,31812875739.552856,26508364032.214798
us,2066,53054376177261.63,163323185.48888758,32999229.40631841,2044264011604.4106,2668734661143.0684,301580899799.90686,636889630670.3701,0.0,11383833567.081327,2354451809257.384,615863751685.5923,163887.7459733425,-310187797652.97314,-289161918668.1953
oecd-ex-us,2066,34558222742687.375,264975452.60162845,35971761.20026934,1332755371585.8674,1752161949696.7798,191046471200.8667,284757435352.195,0.0,588063464574.1748,1652045393192.5063,291163027705.1389,106382.5982247856,-319290021606.6389,-325695613959.5828
china,2066,10709931392339.42,321775217.48169965,0.0,332796641435.5703,617451420527.5105,65344264508.5745,0.0,4579286919.812343,3518768529.077111,682795685036.085,0.0,59378.990562065235,-349999043600.51465,-354578330520.32697
india,2066,7066381282042.224,866955852.821334,0.0,398762754158.41583,379201170822.1897,87147540015.32268,0.0,11904065008.245535,2617434631.741828,466348710837.5124,0.0,24773.259924931786,-67585956679.09656,-79490021687.34209
latam,2066,8160785175847.691,253294971.729914,0.0,356278555163.2385,433855302321.54364,59678276931.81346,0.0,8156991423.961191,2394338507.7836766,493533579253.3571,0.0,51808.41372973725,-137255024090.11859,-145412015514.07977
seasia,2066,5897139403191.336,308616010.6731396,0.0,258567234349.65024,309111880131.12445,42504610831.81554,0.0,1982256705.4918137,2340960098.444188,351616490962.94,0.0,37908.159382859325,-93049256613.28976,-95031513318.78159
russia,2066,3613542032663.345,132658885.50547777,6662543.261142861,157335846568.80695,178314127301.9267,21354902723.184742,10181992652.17828,0.0,1279759157.8366897,189513533622.52722,10155496402.584274,43388.74836845583,-32177687053.720276,-32151190804.12627
mena,2066,7045717683426.947,283586484.5167151,1328.058789880473,432487558554.86053,386372939796.2576,101236371587.45784,0.0,5588858308.209761,1741951302.4209623,487609311383.71545,0.0,43637.85342110022,-55121752828.85492,-60710611137.06468
ssa,2066,8017717858133.647,1355564091.7154052,0.0,429438382191.20795,355695436605.0935,48976861228.8309,0.0,5546943764.102774,4292569335.7646737,404672297833.92444,0.0,19048.124185611377,24766084357.28351,19219140593.180733
us,2067,52774647856630.41,161943782.17402264,33091395.55120141,2024368345921.3142,2663348526179.6157,299333460852.7874,647612376541.3668,0.0,10972943938.514118,2345699376018.9595,616982611013.4426,166366.0547758583,-321331030097.64526,-290701264569.72107
oecd-ex-us,2067,34229808630845.87,259929591.5552919,35850818.92382108,1312023822816.389,1745320733607.0168,188804814974.97644,288030730323.04846,0.0,5656883601.070912,1643631464638.7356,290494083943.25793,108693.59847591247,-331607641822.3467,-334070995442.55615
china,2067,10362644452238.604,308538162.79297334,0.0,316563011715.4003,598863229703.7001,63054392937.55918,0.0,5088856783.678417,3156527608.7213492,661917622641.2593,0.0,61201.87831254347,-345354610925.85895,-350443467709.53735
india,2067,6988263887186.718,862906961.5625371,0.0,392390365197.22375,375088839254.86426,85972040790.35384,0.0,11832271194.98124,2385391187.4705853,461060880045.2181,0.0,25870.799180693393,-68670514847.99432,-80502786042.97556
latam,2067,8019208380971.735,249893434.42307508,0.0,348733490526.53076,426245881476.1511,58539087838.67823,0.0,7948681837.295355,2423365749.635834,484784969314.82935,0.0,53508.24706398657,-136051478788.29858,-144000160625.59393
seasia,2067,5804869809771.149,305414057.98872113,0.0,253295240955.30487,304208092167.5266,41747142678.1024,0.0,1943000419.1788228,2333400889.3196516,345955234845.629,0.0,39335.8138712595,-92659993890.32416,-94602994309.50298
russia,2067,3580892617395.5483,131526042.1791829,6677596.640220885,154640873075.4313,177921067061.5342,21095717550.895267,10471462750.438498,0.0,1255033518.7589982,188845022908.65036,10171761703.779251,44931.7049388879,-34204149833.219055,-33904448786.559807
mena,2067,6983526586068.283,286147227.6293641,1280.1749677283979,426567054956.7895,383104760737.8198,100204595248.06363,0.0,7150406716.45197,1701610386.8787227,483309355985.8834,0.0,45185.78809676785,-56742301029.09393,-63892707745.545906
ssa,2067,8036551956213.802,1371613026.4858997,0.0,427600687208.7054,359073260649.1735,49025636465.89023,0.0,5187114307.806674,4519422294.317815,408098897115.0637,0.0,19970.588521128837,19501790093.641663,14314675785.834988
us,2068,52486737988617.11,160549935.27840054,33177465.222997863,2005091344250.6606,2649013721852.1567,297139046130.66254,643406346810.0562,0.0,9745208908.791424,2327659517390.644,618493250592.1744,168881.53609636417,-322568173139.9834,-297655076922.1017
oecd-ex-us,2068,33883779312263.41,254876075.36286858,35716368.819258295,1291288949964.8574,1736624888220.767,186392756052.0971,280015681514.38135,0.0,5683694211.130868,1632913227244.3167,290104417028.547,111043.80402401144,-341624277279.4592,-351713012793.6249
china,2068,10009804521314.943,306864582.8630504,0.0,300943369933.9645,592293238661.0443,60526169899.35158,0.0,4139862031.668386,3175969734.446004,652819408560.3959,0.0,63066.20573738835,-351876038626.4314,-356015900658.0998
india,2068,6910325183632.383,858700157.2893603,0.0,386068362252.76105,370939847717.9433,84783017358.32547,0.0,10678792403.802298,2394591672.9738355,455722865076.2688,0.0,27005.431479457744,-69654502823.50775,-80333295227.31004
latam,2068,7878991580963.672,246450863.55016235,0.0,341290098865.03,418657974298.04926,57409279433.27814,0.0,7703588852.538785,2263943710.7735214,476067253731.3274,0.0,55249.4343842485,-134777154866.29736,-142480743718.83615
seasia,2068,5713153663428.16,306869543.79435664,0.0,248130919357.75604,299305532394.2512,40992869846.44456,0.0,1881948875.8302147,2333285415.780921,340298402240.6958,0.0,40803.71839764284,-92167482882.93976,-94049431758.76997
russia,2068,3547546928850.0312,130362276.61514111,6691535.9026556155,152011570763.18033,176150062239.14972,20832969488.250336,10338274045.147537,0.0,1287498373.557954,186781964861.73453,10201066865.66545,46515.53584488449,-34770394098.5542,-34633186919.07211
mena,2068,6920585217080.048,285616444.8096412,0.0,420670236033.5876,379725972221.2378,99120307754.12708,0.0,6447099604.484198,1681774558.0263917,478846279975.36487,0.0,46774.61880749696,-58176043941.77728,-64623143546.26148
ssa,2068,8124936043131.177,1386923534.5588977,0.0,425626450372.528,358991380614.9937,49970608523.7495,0.0,5944353529.948255,77663979213.53725,408961989138.7432,0.0,20927.55172324423,16664461233.78479,10720107703.836536
us,2069,52214894012368.62,162473076.1218628,33897129.92255988,1986626323989.4849,2632255350019.1875,294913712103.81085,657247638489.4978,0.0,11451123395.520182,2307484660620.682,619684401502.3152,171434.74748709082,-320858336631.19727,-283295099644.01465
oecd-ex-us,2069,33540558495309.566,249849147.49780563,35599376.54914109,1270804722613.0684,1715569155361.8257,183956083987.92896,279774217266.2788,0.0,5725482516.577274,1610051358730.1948,289473880619.5615,113433.76057441812,-339246636117.12646,-348946299470.4092
china,2069,9659859721149.541,293810118.0023865,0.0,286110629855.683,577182409157.7969,57945975782.16739,0.0,4047638285.973137,3120593204.851124,635128384939.9642,0.0,64972.58811988389,-349017755084.28125,-353065393370.2544
india,2069,6831212731925.215,863836796.9252136,0.0,379807821305.1849,366812453986.1786,83596822442.87733,0.0,10888706044.569695,2377709461.2741723,450409276429.0559,0.0,28177.97424974465,-70601455123.87103,-81490161168.44073
latam,2069,7740224911662.787,242968945.43950257,0.0,333972605287.68585,411110079998.78625,56292367627.4867,0.0,7498185264.425448,2161358302.1254077,467402447626.27295,0.0,57032.621303199725,-133429842338.5871,-140928027603.01254
seasia,2069,5622062072408.628,303550462.99700385,0.0,243116742391.71143,294419027351.2598,40249329333.12093,0.0,1681309879.7873726,2141333152.9234757,334668356684.38074,0.0,42312.59485836207,-91551614292.66931,-93232924172.45668
russia,2069,3513139707592.506,129159657.43743606,6694480.362220229,149469010974.00638,174301621019.65433,20573962588.68118,9762653458.231205,0.0,1236697918.572157,184645920678.8479,10229662929.487585,48140.929568236956,-35176909704.84152,-35643919176.0979
mena,2069,6855529926314.686,284974610.6524797,0.0,414848584839.8362,376372124731.7964,98019549478.87585,0.0,7120205761.997084,1608004367.4778733,474391674210.67224,0.0,48405.03262049658,-59543089370.83606,-66663295132.833145
ssa,2069,8137173110199.568,1401613861.5199285,0.0,423529459021.4689,360388759449.9055,49985544359.37099,0.0,5580336202.128892,4662248058.33021,410374303809.2765,0.0,21919.874420053413,13155155212.192383,7574819010.063491
us,2070,51922443415494.234,161055209.80583557,33967177.883952945,1968947576225.7495,2616177382721.2285,292862910561.3207,637005693084.2272,0.0,10636427098.223358,2287652197276.547,621388096006.001,174026.25486410034,-318704621050.79736,-303087023972.57117
oecd-ex-us,2070,33196625750477.03,244831417.731788,35478612.31523567,1250869268396.7866,1694773301021.0046,181589564159.5675,276201070306.3116,0.0,5359781644.937659,1587488922565.3755,288873942615.1973,115864.02194076081,-336619654168.58887,-349292526477.4746
china,2070,9322373498091.984,280856491.83492947,0.0,272172716578.3825,553483517226.971,55491072161.73247,0.0,3694081057.3988132,3009730810.157192,608974589388.7034,0.0,66921.64673214607,-336801872810.32086,-340495953867.71967
india,2070,6751711141182.202,859172842.2236332,0.0,373638356356.52637,362646480295.234,82399975374.50412,0.0,10316355424.257154,2222863994.455499,445046455669.73816,0.0,29389.25155092199,-71408099313.21179,-81724454737.46895
latam,2070,7717505935071.423,239446314.54368138,0.0,326810612137.569,404358492027.4846,56442439076.57974,0.0,7576506315.1027155,118847848690.24252,460800931104.06433,0.0,58858.45902105898,-133990318966.49536,-141566825281.59808
seasia,2070,5531582290973.493,300158944.755078,0.0,238279079318.8165,289578498702.6636,39512421890.67195,0.0,1908238661.209436,2240298500.5928726,329090920593.3355,0.0,43863.17045205494,-90811841274.51901,-92720079935.72845
russia,2070,3478090022400.97,127934079.65290852,6699926.057428223,147039769697.98978,172423262600.8186,20315808807.172543,9446935277.629086,0.0,1202681240.840081,182506645200.94284,10232426207.048409,49808.57989292352,-35466875502.953064,-36252366432.37239
mena,2070,6789462059458.924,284252686.33440477,0.0,409126777401.6,372976153660.0201,96885130880.58711,0.0,6954393475.275048,1621033758.5163078,469861284540.6072,0.0,50077.72190951285,-60734507139.0072,-67688900614.28225
ssa,2070,8146088236080.287,1415645169.2486105,0.0,421334016591.34576,361634874425.4128,49981383866.01466,0.0,5413327038.846929,4610694619.644719,411616258291.4274,0.0,22948.425592678817,9717758299.918335,4304431261.071406
us,2071,51656566153097.12,159667966.9764938,34070859.18997274,1952197963885.3203,2600072775504.8,290715997727.3022,663042927400.7717,0.0,9670619548.865667,2268234184828.154,622554588403.948,176656.63263273548,-316036220942.8335,-275547881946.00977
oecd-ex-us,2071,32856733097480.27,240091881.76599225,35369191.993196756,1231693713960.8274,1674382148478.303,179242409333.29153,276378257617.2115,0.0,5659933236.788559,1565322902190.602,288301655620.99286,118335.15018212017,-333629188229.77466,-345552586233.556
china,2071,8997009598820.393,268009098.79248294,0.0,259317408259.76202,530591092932.09686,53170694531.287125,0.0,3703230410.311942,2783710342.3488507,583761787463.384,0.0,68914.0089786207,-324444379203.622,-328147609613.93396
india,2071,6670440591700.522,854165298.1950247,0.0,367585326158.7943,358488596950.98444,81197100343.64316,0.0,11395262591.17315,2225084245.3262525,439685697294.62756,0.0,30640.094021122608,-72100371135.83325,-83495633727.00641
latam,2071,7580128887907.683,235896926.81881556,0.0,319825404203.8657,396964379135.6588,55325392422.99095,0.0,7134990429.241116,2222310620.281383,452289771558.6498,0.0,60727.604453487,-132464367354.78406,-139599357784.02518
seasia,2071,5442391005768.515,296732559.52284044,0.0,233635744864.55557,284780887202.5415,38783053984.32794,0.0,1437610090.1496167,2174521207.4863,323563941186.86945,0.0,45456.17774519401,-89928196322.31387,-91365806412.46349
russia,2071,3490914468068.0693,126664391.73121037,6683953.721579426,144745471592.52338,170604106319.5373,20608502033.001347,8682091866.545126,0.0,50609490560.56605,180951660380.00363,10260947972.535067,51519.18600163276,-36206188787.480255,-37785044893.47019
mena,2071,6723417921004.623,283486292.1211383,0.0,403557907340.5639,369591708215.9772,95729798078.43338,0.0,5886756666.310604,1606217165.8538249,465321506294.4105,0.0,51793.38445254291,-61763598953.84662,-67650355620.15723
ssa,2071,8151944534214.751,1429010273.7612827,0.0,419049212853.99854,362723906973.46765,49953927327.501656,0.0,5224097837.369544,4709017418.802367,412677834300.9693,0.0,24014.082454367453,6371378553.029236,1147280715.6596918
us,2072,51368255145483.78,158283498.95427334,34134820.14676182,1936507531231.0552,2585184499174.644,288698064558.7715,639598027091.6417,0.0,9465997797.338568,2249274389785.8823,624608173947.5326,179326.46381495113,-312766858554.82715,-297777005410.718
oecd-ex-us,2072,32513655564198.8,242136123.40995154,35986384.33730156,1213436959261.126,1654476223149.2227,176943135559.6174,269680987672.55115,0.0,5223878493.7134695,1543696399921.9102,287722958786.9304,120847.71574184383,-330259440660.7842,-348301411775.16345
china,2072,8683371171246.011,255267737.72581467,0.0,247641996218.63947,508586690424.238,50987081324.71819,0.0,4345033203.928771,2638381159.858674,559573771748.9562,0.0,70950.30854301885,-311931775530.3167,-316276808734.2455
india,2072,6589282513630.472,848988320.9344156,0.0,361673393393.41486,354268351718.27826,79978471839.49043,0.0,10657092891.008171,2072444985.31298,434246823557.7687,0.0,31931.33883254415,-72573430164.35382,-83230523055.362
latam,2072,7444481349805.729,233302027.51125863,0.0,313042404528.8865,389677963459.23267,54223465510.5793,0.0,6994585898.6929865,2206072237.6613746,443901428969.81195,0.0,62640.720363861175,-130859024440.92548,-137853610339.61847
seasia,2072,5353719699804.153,294417390.79513943,0.0,229185276394.50583,280074804764.0346,38070043631.96614,0.0,1743613071.667694,2031879108.7994468,318144848396.00073,0.0,47092.354744113596,-88959572001.4949,-90703185073.1626
russia,2072,3455642046101.8003,125447033.2138961,6688096.492302601,142616667955.5892,168700800831.71945,20345857247.823742,9946043495.62143,0.0,1211524662.0639796,178840532055.75848,10206126023.784725,53273.45257791885,-36223864100.16928,-36483946628.33258
mena,2072,6656912923975.318,283514557.8563649,0.0,398176140882.21234,366272727886.71136,94571921778.0891,0.0,5399471954.431511,1562983707.7159524,460844649664.8005,0.0,53552.72353514161,-62668508782.588135,-68067980737.019646
ssa,2072,8154472646627.752,1444135348.01835,0.0,416681499082.05005,363666229459.9669,49909023456.26176,0.0,5193716248.156725,4615582495.3399105,413575252916.2287,0.0,25117.730335627708,3106246165.82135,-2087470082.3353748
us,2073,51097408961410.66,157183029.44743338,34214946.589874,1921797433339.0652,2569808763038.6724,286552909571.5546,653703373560.4978,0.0,10014681637.579454,2230740694638.2705,625620977971.9552,182036.34017855526,-308943261299.2053,-280860865710.6627
oecd-ex-us,2073,32168345527124.36,237694375.7075507,35837278.616790585,1196187480857.066,1634779935694.6675,174662396917.80713,262752090261.56375,0.0,5192724419.380824,1522668992843.0396,286773339769.4358,123402.29758804318,-326481511985.97363,-350502761493.8457
china,2073,8382063438140.364,243670931.46350184,0.0,237163757106.80414,487528777630.20935,48944234476.2596,0.0,4301449954.894781,2302971848.918985,536473012106.46893,0.0,73031.18553864161,-299309254999.6648,-303610704954.5596
india,2073,6508789400620.392,846616215.7734028,0.0,355937356046.00464,350082547235.27277,78763455055.34576,0.0,9783268185.343592,2198801419.873698,428846002290.6185,0.0,33263.82965429428,-72908646244.61389,-82691914429.95749
latam,2073,7310415704235.191,230576296.7398117,0.0,306473699316.8621,382493521537.8127,53138835945.211586,0.0,7047823459.402672,2140836055.0256307,435632357483.0243,0.0,64598.47549986505,-129158658166.16217,-136206481625.56485
seasia,2073,5341643146997.209,291869267.27835596,0.0,224918830186.3939,275784305939.1858,38243315997.30814,0.0,1953083232.5898948,78985322175.7451,314027621936.49396,0.0,48772.444973482736,-89108791750.10007,-91061874982.68996
russia,2073,3420007818014.938,124247140.01363224,6683883.443427823,140659425046.80334,166865933459.10242,20095435636.865665,9491165186.271011,0.0,1176550776.033781,176764189999.9826,10197179095.985497,55072.08991393358,-36104764953.17926,-36810778862.893745
mena,2073,6670454662286.402,283277008.68933094,0.0,392974062265.0342,362600679313.88654,94299296149.81966,0.0,5673543850.749106,83141195360.50821,456899975463.7062,0.0,55356.44805926547,-63925913198.672,-69599457049.4211
ssa,2073,8153552434227.055,1460726950.441555,0.0,414239889297.9853,364455950518.1451,49847314630.809685,0.0,5408328171.861029,4551491622.131981,414303265148.9548,0.0,26260.262575750465,-63375850.96948242,-5471704022.830511
us,2074,50820863083487.77,156989528.47389048,34275889.956469715,1908284148243.872,2554856283502.706,284553355993.867,644306200820.3956,0.0,10273412509.407894,2212638498792.2114,626771140704.3627,184786.8623683893,-304354350548.33936,-286819290432.3064
oecd-ex-us,2074,31829638766642.094,236938590.66186345,35704879.09614112,1180168674948.903,1615313024758.34,172452003151.6925,263887425286.12338,0.0,5002167192.729236,1502265036291.2834,285499991618.75006,125999.48335580046,-322096361342.3804,-343708927675.0071
china,2074,8252151427170.345,232121997.10387745,0.0,227935568197.73303,473073689993.1573,48953028539.50557,0.0,3662699693.290018,167841839058.1949,522026718532.66284,0.0,75157.28666204686,-294091150334.9298,-297753850028.21985
india,2074,6504632570084.739,843708158.2807319,0.0,350370162174.93463,345782994339.7433,78383881755.98846,0.0,10398064306.29243,80037947691.44011,424166876095.73175,0.0,34638.41662292826,-73796713920.79712,-84194778227.08955
latam,2074,7178512596290.159,230271967.89023095,0.0,300133055346.89386,375409565770.1698,52074323793.89326,0.0,6565829118.420921,2013555390.562367,427483889564.06305,0.0,66601.54473433236,-127350834217.16919,-133916663335.59012
seasia,2074,5254061201554.519,291832515.04157746,0.0,220853329780.96393,271209130500.30908,37539757796.37951,0.0,1869015095.4736655,2182628168.510907,308748888296.6886,0.0,50497.197561187284,-87895558515.72467,-89764573611.19833
russia,2074,3385068642545.619,123812185.16532265,6689416.581418057,138860432663.77405,165048327552.3745,19851374300.996895,9964034861.09592,0.0,1136058859.1794791,174733936070.85486,10165765782.516602,56915.81402367751,-35873503407.08081,-36075234328.501495
mena,2074,6601028951766.155,284360232.58243525,0.0,387926064633.26086,359307117355.55286,93123632906.65549,0.0,6493131638.89629,1572106747.5943942,452430750262.2084,0.0,57205.272657595546,-64504685628.94751,-70997817267.8438
ssa,2074,8150045387899.641,1474053753.1732812,0.0,411746195369.5585,365086894128.53375,49767257149.82742,0.0,4882169457.386041,4483079038.780439,414854151278.3612,0.0,27442.58042104131,-3107955908.8027344,-7990125366.188775
us,2075,51393392490001.01,157212242.56787738,34390445.27665349,1896313494574.2798,2539974618328.731,290452734971.56464,680164593666.8427,0.0,826478671572.4225,2199934964332.4126,630492388967.882,187578.64003947578,-303621469758.1328,-253949265059.17212
oecd-ex-us,2075,31510343930650.61,236752504.33715495,35633291.66497981,1165666080464.3276,1596552411408.314,170325571068.57098,276959931031.9442,0.0,4957134989.1587515,1482500989423.0217,284376993053.8614,128639.86949111462,-316834908958.6941,-324251970980.61127
china,2075,7969554607101.3955,228820589.87124032,0.0,219887643151.98834,453818570165.1719,47095688236.33183,0.0,3983916403.321165,2413711583.8883324,500914258401.5037,0.0,77329.26535001278,-281026615249.5154,-285010531652.83655
india,2075,6421965820256.486,846026149.8219423,0.0,344955902338.1499,341637088055.19934,77179360447.90219,0.0,10919530905.25717,2113327241.9552042,418816448503.10156,0.0,36055.95632081042,-73860546164.95166,-84780077070.20883
latam,2075,7048505416485.486,229438589.08878514,0.0,294027411163.10077,368470544300.65155,51034076303.33175,0.0,6523008112.257686,1993037748.4655612,419504620603.9833,0.0,68650.60921028565,-125477209440.8825,-132000217553.1402
seasia,2075,5167720607866.102,290721546.89395684,0.0,216986189382.977,266729123325.94525,36854687606.43718,0.0,1797375835.310395,2054403696.297557,303583810932.38245,0.0,52267.36732957917,-86597621549.40546,-88394997384.71585
russia,2075,3350494470976.197,123485250.71203575,6694686.51262005,137216810964.63019,163300893263.66296,19619380453.356606,10001985240.450249,0.0,1127305942.5165787,172758801540.64252,10161472176.376873,58805.34676170965,-35541990576.01233,-35701477511.93895
mena,2075,6530923060032.227,284473516.2561251,0.0,383028794577.8999,355977468786.4949,91940651478.88898,0.0,6722902638.123545,1506336591.6795769,447918120265.38385,0.0,59099.91781327841,-64889325687.48395,-71612228325.6075
ssa,2075,8143545881395.502,1488572032.8567233,0.0,409204939185.6733,365592159273.3263,49670986088.78775,0.0,4998709730.010766,4557409402.305295,415263145362.114,0.0,28665.59293007152,-6058206176.440735,-11056915906.4515
us,2076,51137356539281.73,156007829.69350964,34480653.142577015,1885693153381.51,2526766028153.487,288725978640.8999,664420591176.5574,0.0,9342311517.06648,2182671002076.0525,632821004718.335,190412.2919921637,-296977848694.5425,-265378262236.32007
oecd-ex-us,2076,31194458197169.91,233301722.68165246,35562671.10850807,1152644039482.1636,1578892295718.3586,168357550704.6165,273970306066.72223,0.0,4749767393.38724,1463433928112.7246,283815918310.2506,131324.06139661575,-310789888630.56104,-320635500874.0894
china,2076,7700133496688.593,224864568.44293532,0.0,212914089934.78668,435646125174.82104,45383365444.776215,0.0,3409944479.7590947,2104234751.766941,481029490619.5973,0.0,79547.78193975333,-268115400684.8106,-271525345164.5697
india,2076,6339896421729.893,847303794.7933003,0.0,339694919622.0437,337483279710.36206,75978666166.24683,0.0,10449786195.726643,2147413923.697408,413461945876.6089,0.0,37517.31176241617,-73767026254.56519,-84216812450.29182
latam,2076,6920640485954.967,229672956.18021742,0.0,288156356469.10486,361674425521.7737,50017637087.952156,0.0,6242280171.73971,1913055781.839724,411692062609.7258,0.0,70746.35649010987,-123535706140.62097,-129777986312.36069
seasia,2076,5083185413794.147,285585236.8045894,0.0,213299718332.08395,262351963863.85724,36186975303.86331,0.0,1316551722.2426498,2020578485.9224524,298538939167.7206,0.0,54083.71489304563,-85239220835.63663,-86555772557.87927
russia,2076,3317002192376.5483,124315186.1294488,6823397.49208721,135721208443.76166,161603867434.152,19396839844.59351,10663342415.499662,0.0,1123877819.835609,170848181514.80612,10152525763.939497,60741.41594725345,-35126973071.044464,-34616156419.4843
mena,2076,6460955120236.554,281570303.63812596,0.0,378306995854.5257,352642052553.2882,90763336845.29153,0.0,6304851923.808986,1435305672.188642,443405389398.5797,0.0,61041.10998502265,-65098393544.054016,-71403245467.863
ssa,2076,8133767811048.058,1501386433.2985153,0.0,406608187960.8379,365952040275.97504,49557382553.46521,0.0,5439422789.036362,4562587310.196697,415509422829.44025,0.0,29930.216886236485,-8901234868.602356,-14340657657.638718
us,2077,50877245625352.64,154821358.3940969,34549304.57678945,1875931084226.2246,2513636556549.756,286881376260.6408,654604665648.5105,0.0,9871269006.5235,2166009227185.692,634508705624.7046,193288.44630930084,-290078142959.4673,-269982182935.66138
oecd-ex-us,2077,30880633202178.324,229926549.47772056,35472878.73060445,1140840973058.9626,1561849701974.8254,166455905127.5146,268934919765.4511,0.0,4704719286.343136,1445140382024.4348,283165225077.90594,134052.67357907773,-304299408965.47217,-318529714277.927
china,2077,7443199389667.885,215278279.20055422,0.0,206923794180.9108,418650252581.404,43809830998.861626,0.0,3463496080.196408,2065678458.8388894,462460083580.2656,0.0,81813.50383234337,-255536289399.35483,-258999785479.55124
india,2077,6257965847018.203,835303699.5648597,0.0,334601473513.9208,333374289308.2414,74797038029.59018,0.0,10458115029.543785,2097394141.7680857,408171327337.83154,0.0,39023.35238867662,-73569853823.91077,-84027968853.45456
latam,2077,6794648518336.883,225012745.09594154,0.0,282515773228.0903,355039757976.5137,49027276834.189,0.0,6288965861.34727,1848259825.875855,404067034810.7027,0.0,72889.48070880193,-121551261582.61243,-127840227443.9597
seasia,2077,4999278732394.599,280483416.3886978,0.0,209767965347.2379,258101378013.742,35541149382.762886,0.0,1936638719.1387045,1904519368.8602116,293642527396.5049,0.0,55947.00676184711,-83874562049.26697,-85811200768.40567
russia,2077,3283248316729.9785,122849471.47471482,6832132.329276081,134352819068.41263,159980561957.38834,19189581752.83395,9993895166.574265,0.0,1069553828.6644219,169011905334.85043,10158238375.37181,62724.755493634555,-34659086266.437805,-34823429475.23535
mena,2077,6389973967298.188,278614090.8035417,0.0,373742851598.84033,349331806720.67804,89603273996.3883,0.0,7225390472.447151,1436466652.3109283,438935080717.06635,0.0,63029.58173748612,-65192229118.22601,-72417619590.67316
ssa,2077,8121978182343.475,1501355703.1978178,0.0,403970672003.48816,366163449806.5104,49430425096.435356,0.0,4501973017.90278,4335547212.774133,415593874902.94574,0.0,31237.376717891282,-11623202899.45758,-16125175917.36036
us,2078,50624440695218.0,153680185.39017126,34622757.965518646,1867258349939.275,2500825292665.5615,285128010483.285,655239435343.6833,0.0,10650587731.228043,2149986729826.9404,635966573321.9064,196207.74049546398,-282728379887.6655,-263455517865.88855
oecd-ex-us,2078,30580644080450.89,226684438.07588446,35412755.85742012,1130303100655.4268,1545342186200.056,164636036613.8179,275073362688.7183,0.0,4612637742.296075,1427663139623.0054,282315083190.86816,136826.32979876036,-297360038967.5786,-304601759469.72845
china,2078,7198719839638.319,206112703.9807879,0.0,201792966302.90347,402813585631.3045,42363890582.491035,0.0,2991715279.1397543,1896675160.4705696,445177476213.79553,0.0,84127.10565931232,-243384509910.89206,-246376225190.0318
india,2078,6175566114463.584,823289100.8793378,0.0,329651914131.76465,329291712688.83777,73632250430.46542,0.0,11121597929.2628,1993914362.1830251,402923963119.3032,0.0,40574.954069454,-73272048987.53857,-84393646916.80138
latam,2078,6670629388219.155,220419402.02903962,0.0,277090622974.1489,348549932227.1845,48061126336.7968,0.0,6290355262.160316,1791660734.265112,396611058563.9813,0.0,75080.68273123786,-119520435589.8324,-125810790851.9927
seasia,2078,4916978242902.466,275463542.0698628,0.0,206370562723.75833,253919839386.79926,34906440308.16406,0.0,1796407566.2497828,1951635045.3186607,288826279694.9633,0.0,57858.01545216799,-82455716971.20499,-84252124537.45477
russia,2078,3249993635286.5903,121397903.35399704,6836678.64251383,133087165829.7991,158396955240.40356,18982733735.692223,9984616933.562956,0.0,1053224769.3471905,167250989896.266,10128699079.829767,64756.10554298446,-34163824066.46689,-34307906212.733696
mena,2078,6320186702644.18,275691872.2345073,0.0,369328675100.1442,345974993735.2846,88446760345.00092,0.0,6129744937.112499,1435559263.240877,434421754080.2855,0.0,65066.07187688802,-65093078980.1413,-71222823917.2538
ssa,2078,8107607639369.423,1500795664.6253092,0.0,401287710881.9753,366283202944.4929,49290877468.975365,0.0,4545903074.441318,4461729631.880547,415574080413.46826,0.0,32588.004426314117,-14286369531.492981,-18832272605.9343
us,2079,50362420214342.08,152555175.5785671,34670341.809615046,1859426828797.9824,2488458471463.0327,283443326239.5016,641634355113.5724,0.0,8820132915.049744,2134637351783.6057,637264445918.93,199170.82161827773,-275210522985.6233,-270840613790.98096
oecd-ex-us,2079,30780007868008.652,223538543.2160356,35333222.09740081,1120981855967.0237,1531243974615.7126,167763334540.21515,270947502666.34937,0.0,506441738080.32104,1415709876996.2769,283297432159.65027,139645.66322061207,-294728021029.2532,-307077950522.5541
china,2079,6965113292418.81,197361860.10455468,0.0,197356580136.59766,388169845641.08923,41036025259.85341,0.0,3520595748.0985966,1763339292.9317746,429205870900.9426,0.0,86489.26945236686,-231849290764.34497,-235369886512.44357
india,2079,6094815030567.606,811461120.0401034,0.0,324846538777.6866,325209141351.40125,72478332015.3601,0.0,9896513409.961206,1986364103.0544765,397687473366.76135,0.0,42172.999114221966,-72840934589.07477,-82737447999.03598
latam,2079,6548633290658.801,215898721.54538107,0.0,271871932006.28223,342209121407.69714,47119670417.006615,0.0,6266613076.009513,1727375334.07842,389328791824.70374,0.0,77320.6703134004,-117456859818.42151,-123723472894.43102
seasia,2079,4835887940646.115,276027509.63477623,0.0,203095934392.7655,249841917925.1128,34290450291.68296,0.0,1904299155.3786283,1850430723.06135,284132368216.7958,0.0,59817.5196023214,-81036433824.03027,-82940732979.4089
russia,2079,3216842667227.912,119966289.67265843,6834628.635644806,131906893734.112,156876399602.4543,18785241761.760567,9580123048.962984,0.0,1023656522.4615866,165559604142.00168,10102037222.213154,66836.21260614297,-33652710407.88968,-34174624581.13985
mena,2079,6252321026556.822,277262205.04756105,0.0,365098333763.2399,342671457346.5671,87322722704.86,0.0,4367928219.870258,1398098420.70255,429994180051.42706,0.0,67151.32559177882,-64895846288.18713,-69263774508.05739
ssa,2079,8167699994564.163,1499617202.8366537,0.0,398533160844.6059,364936624356.25494,50119034763.31559,0.0,5332908522.710442,81947761992.41847,415055659119.57056,0.0,33983.039521729675,-16522498274.96466,-21855406797.675102
us,2080,50103468225503.79,151467399.86299413,34713268.32830021,1852091082264.5427,2476048208141.854,281778413711.96344,637225677859.4005,0.0,9557872891.607756,2119860974495.2815,637965647358.5334,202178.346451853,-267769892230.73877,-268509861729.8717
oecd-ex-us,2080,30488593735345.348,220520675.19842985,35258997.68075296,1112702743402.5251,1516071083620.0266,166075266263.34488,273422874727.79404,0.0,4606599089.7527895,1399525112021.1555,282621237862.2148,142511.31656736566,-286822368618.6304,-296020731753.05115
china,2080,6742325228328.153,196352948.69189855,0.0,193445338556.0754,374658568748.5518,39805680506.008575,0.0,3440766920.294277,1671613528.1186497,414464249254.5604,0.0,88900.68481620551,-221018910698.48502,-224459677618.7793
india,2080,6014230658351.284,813481784.7792368,0.0,320177406698.15765,321226070897.6211,71357348623.77292,0.0,10084477880.272308,1906118487.1884246,392583419521.39404,0.0,43818.37629101227,-72406012823.23639,-82490490703.5087
latam,2080,6428809652181.37,211466353.8931211,0.0,266842876787.4917,336019882947.5994,46202674249.71388,0.0,6108320538.50513,1664362470.894547,382222557197.3133,0.0,79610.15826751044,-115379680409.8216,-121488000948.32672
seasia,2080,4756193686615.936,271101559.67085224,0.0,199924291024.67145,245851131863.5722,33689408169.716457,0.0,1896925083.7558863,1818920062.1928306,279540540033.28864,0.0,61826.30409504516,-79616249008.61719,-81513174092.37308
russia,2080,3184876462687.125,118574424.91019253,6838380.185852488,130801235908.05045,155401347344.1763,18591130550.218784,10220483704.892815,0.0,1004553740.6654794,163928193646.03455,10064284248.36057,68965.8297076915,-33126957737.9841,-32970758281.45186
mena,2080,6184682213431.947,274399663.47201914,0.0,361012068080.7872,339450509886.38226,86241433837.96773,0.0,4305808003.496118,1346870522.1812487,425691943724.35,0.0,69286.09459889973,-64679875643.562805,-68985683647.05893
ssa,2080,8147981234614.586,1497968739.6160712,0.0,395716737788.02234,364800110551.211,49953548768.43172,0.0,5198696423.675954,4516858005.721119,414753659319.6427,0.0,35423.428967605796,-19036921531.62036,-24235617955.296314
us,2081,49901932375019.62,150492780.7649269,34828440.45509445,1845818005269.4004,2463979749254.0234,280041708700.2706,687554609096.4209,0.0,9112993104.261362,2105632637119.5803,638388820834.7145,205230.98162237732,-259814631850.17993,-210648843588.4735
oecd-ex-us,2081,30214028918164.688,217647018.53620863,35206234.01011597,1105435199970.7366,1501587404156.8713,164426784308.77466,281347119775.13245,0.0,4667051539.080727,1384102705238.0632,281911483227.5833,145423.9422745595,-278667505267.32666,-279231868719.7775
china,2081,6529861761388.555,188168834.20685256,0.0,189954828034.1634,362302693516.96466,38658971466.819534,0.0,3097345370.797457,1640715380.827678,400961664983.7842,0.0,91362.04910438931,-211006836949.6208,-214104182320.41824
india,2081,5933118457203.391,801604896.8062278,0.0,315584460701.8697,317260556544.33453,70253346090.71074,0.0,11136172308.505857,1953413093.785024,387513902635.0453,0.0,45511.98085367603,-71929441933.1756,-83065614241.68146
latam,2081,6311115385637.593,207130398.34420243,0.0,261991145616.09656,329984884316.2593,45310765830.77021,0.0,5970009877.23206,1580247864.3867629,375295650147.0295,0.0,81949.86863100762,-113304504530.93292,-119274514408.16498
seasia,2081,4677997981681.362,266281512.84279978,0.0,196842818471.5946,241948293705.21344,33103045392.00321,0.0,1780366030.3916252,1793181721.4406993,275051339097.2167,0.0,63885.160185823814,-78208520625.62207,-79988886656.0137
russia,2081,3153497832453.518,117221799.08463775,6843391.782253691,129757882574.80887,154004380861.89264,18406132031.842705,10300423790.634373,0.0,973576294.6843432,162350001481.70752,10060511412.027927,71145.7165360483,-32592118906.89865,-32352206528.292206
mena,2081,6117843385505.626,271570821.8573,0.0,357017550927.3821,336223978793.0137,85181078649.50851,0.0,3799058680.344547,1347737269.164312,421405057442.5222,0.0,71471.13729406356,-64387506515.14014,-68186565195.48468
ssa,2081,8125541663719.687,1495823263.720566,0.0,392848264587.5681,364549316093.1977,49775160092.9808,0.0,5437336694.206337,4473977397.917232,414324476186.17847,0.0,36910.127133418704,-21476211598.61035,-26913548292.81669
us,2082,49674674436875.24,152293100.8453096,35523160.540724725,1840209170977.2517,2453791081543.231,278689065474.7889,655825471922.236,0.0,9187565974.16784,2091911529507.8022,640568617510.2172,208329.4037558892,-251702358530.55054,-236445504118.53174
oecd-ex-us,2082,29938097220052.152,214866009.32507375,35124802.88658615,1098895569221.4089,1488162756282.3386,162899411078.36707,271772500432.97186,0.0,4462399593.792732,1369409669532.184,281652497828.52167,148384.20264751813,-270514100310.77515,-280394097706.32495
china,2082,6327341429251.572,180462418.19797254,0.0,186764133131.30945,350998536709.7596,37580652924.0119,0.0,2368623220.580012,1663347586.0582817,388579189633.7715,0.0,93874.06759823511,-201815056502.46204,-204183679723.04205
india,2082,5853025840985.471,789917305.3280258,0.0,311047236923.4786,313257221093.0607,69160378060.58022,0.0,10551748116.748964,1829494128.9942064,382417599153.6409,0.0,47254.71457749628,-71370362230.16235,-81922110346.91132
latam,2082,6286745570940.761,202897698.14621276,0.0,257309718510.74347,324578312904.2748,45438062719.18012,0.0,5728709515.220682,94065551931.10216,370016375623.4549,0.0,84340.53083932605,-112706657112.71143,-118435366627.93211
seasia,2082,4600945268855.171,261561651.59999034,0.0,193826397277.7539,238131968514.3173,32532913723.768456,0.0,1877201668.3893964,1662973802.5313249,270664882238.08575,0.0,65994.8856371687,-76838484960.33185,-78715686628.72124
russia,2082,3164858229830.315,115886059.84277345,6824691.030877647,128730564841.79037,152537652645.8371,18702494049.5688,9300398998.76882,0.0,44569580231.64482,161133710291.58926,10106436403.816662,73376.63959855666,-32403145449.79889,-33209182854.84673
mena,2082,6050741533698.8125,268739133.8532667,0.0,353080165942.02234,333008561495.3588,84147503622.71379,0.0,4357163681.180368,1331211050.4164479,417156065118.07263,0.0,73707.21890798764,-64075899176.05029,-68433062857.23066
ssa,2082,8101172966576.989,1493285467.3914294,0.0,389940706567.078,364170923733.1161,49581223563.60505,0.0,5019588472.121364,4462332059.068947,413752147296.7211,0.0,38444.09575606398,-23811440729.643127,-28831029201.764492
us,2083,49454279176188.945,151313119.21315324,35586963.52138211,1834572099992.398,2442868653904.3267,277289839789.1858,657057674099.3383,0.0,8133458915.545453,2078686033949.3765,641472459744.1348,211474.29962826887,-244113933956.97852,-228528719601.77502
oecd-ex-us,2083,29675175717009.727,212225120.84404147,35063651.939852245,1092916762466.194,1474855465972.029,161407713815.00278,275884370453.2867,0.0,4540543825.12568,1355394043641.0095,280869136146.02246,151392.7700203261,-262477281174.81555,-267462046867.55133
china,2083,6132815814071.175,173208313.92819476,0.0,183725380889.69458,340603780328.8324,36562652183.34302,0.0,2541812707.31091,1457249149.3946865,377166432512.1754,0.0,96437.45368869966,-193441051622.48083,-195982864329.79175
india,2083,5773121974155.223,778327971.6330252,0.0,306552296774.9192,309296879080.44775,68093842501.42471,0.0,10849164555.939528,1783722532.643521,377390721581.87244,0.0,49047.48580317608,-70838424806.95325,-81687589362.89278
latam,2083,6172214711250.789,198765356.20466745,0.0,252768321575.72928,318818378889.8374,44575609021.19252,0.0,5542461414.0252495,1637268059.3533504,363393987911.0299,0.0,86782.88190241341,-110625666335.30063,-116168127749.32588
seasia,2083,4525367869829.217,256960433.72038275,0.0,190846508862.83954,234386189769.05682,31974191995.225727,0.0,1707227070.2091749,1643700945.6982753,266360381764.28256,0.0,68156.28485878608,-75513872901.44302,-77221099971.65219
russia,2083,3134228453402.209,114616604.07805689,6829125.180834038,127707112374.58849,151186221291.7578,18517927482.97109,10381825084.934395,0.0,985434887.1003063,159632314698.4542,10071834076.274763,75659.37238149672,-31925202323.865707,-31615211315.206078
mena,2083,5983085743390.083,265896822.00465643,0.0,349158829662.741,329740102549.89124,83127628180.00362,0.0,5233946007.000567,1287056765.4283276,412867730729.89484,0.0,75995.11166701022,-63708901067.15381,-68942847074.15437
ssa,2083,8074743258587.213,1490334196.6210215,0.0,387001820415.4007,363697339296.07526,49375298448.50073,0.0,4830441874.893452,4471551214.289903,413072637744.576,0.0,40026.303910072806,-26070817329.175293,-30901259204.068745
us,2084,49236394479145.76,150370427.94310895,35648712.74330783,1829022949008.0837,2432399602668.9873,275907652824.5084,651951777682.7925,0.0,9447831759.384445,2065896341783.3633,642410913710.1315,214666.3663174795,-236873392775.27954,-227332528802.61853
oecd-ex-us,2084,29414276157581.414,209689223.13344306,34985407.10176716,1087363801341.3267,1462270664917.018,159973288010.68292,269538036976.8083,0.0,4442555181.271402,1342029309619.6973,280214643308.0029,154450.32691682968,-254665508278.3706,-265342114609.56525
china,2084,5944777896231.692,166388909.31192875,0.0,180673721957.0004,330909781821.6434,35582926015.6367,0.0,3687155615.2693114,1468223656.0642097,366492707837.2801,0.0,99052.92906122516,-185818985880.2797,-189506141495.549
india,2084,5694893436649.324,766988032.1100945,0.0,302095516222.0239,305331257986.6435,67043857980.87048,0.0,9653684197.873234,1704746437.4633353,372375115967.514,0.0,50891.20948921626,-70279599745.49005,-79933283943.36328
latam,2084,6059614989525.025,194728223.8093533,0.0,248334173585.8778,313204391597.65607,43734283624.45136,0.0,5605764874.275136,1610544784.741782,356938675222.1074,0.0,89277.66658494255,-108604501636.22961,-114210266510.50475
seasia,2084,4513371324736.636,252468802.16883802,0.0,187882083643.32748,230893370160.17804,32140023241.49477,0.0,1717624758.3153765,64872389424.076866,263033393401.67282,0.0,70370.16905356148,-75151309758.34534,-76868934516.66072
russia,2084,3103447855256.329,113378118.54811504,6819828.235045709,126675604049.38855,149902736100.89908,18341142831.0176,9807136482.453362,0.0,980540254.1926636,158170245483.6424,10073633448.274258,77994.69551495189,-31494641434.253845,-31761138400.07474
mena,2084,5916438350272.363,263106349.70693466,0.0,345257543665.9112,326399241992.7219,82116508147.08562,0.0,4621011612.122934,1231824968.293982,408515750139.80756,0.0,78335.59495862135,-63258206473.89636,-67879218086.019295
ssa,2084,8045491942060.343,1501584795.8427572,0.0,384013134840.0348,363125249964.50446,49160853259.21391,0.0,5241736616.271609,4263388473.084201,412286103223.7184,0.0,41657.727986776015,-28272968383.683594,-33514704999.955204
us,2085,48993302326537.18,149414289.73192966,35656991.312513776,1823061692311.5645,2422278566912.002,274595644829.06586,621436062285.5503,0.0,9284304535.39266,2053595703775.179,643278507965.8901,217906.31135809154,-230534011463.6145,-252376457143.95435
oecd-ex-us,2085,29155129854374.3,207248096.87944472,34879804.64002907,1081941794763.7103,1450080512516.0962,158586003078.04007,263477591699.01456,0.0,4100825924.293155,1329280402298.5542,279386113295.58154,157557.56621370252,-247338607534.84387,-263247129131.41086
china,2085,5764229366026.206,160040133.50606206,0.0,177549377592.11844,321696234615.70496,34625563241.17028,0.0,3252854616.0205,1476744675.2917051,356321797856.87524,0.0,101721.22388351873,-178772420264.7568,-182025274880.7773
india,2085,5616440443313.663,755708297.902589,0.0,297655950864.42615,301436820492.3764,66025303749.074036,0.0,10251054135.826643,1604234177.1916068,367462124241.45044,0.0,52786.80727268532,-69806173377.02429,-80057227512.85094
latam,2085,5948756573315.134,190791453.95674917,0.0,243987735036.32697,307720590360.17975,42912424094.205185,0.0,5691926853.963643,1478790062.1277792,350633014454.38495,0.0,91825.63759016682,-106645279418.05798,-112337206272.02162
seasia,2085,4439437211097.948,248087461.41282395,0.0,184915981639.11682,227292094154.01346,31594354829.03952,0.0,1682223049.9378266,1718576755.1873317,258886448983.05298,0.0,72637.35636928685,-73970467343.93616,-75652690393.87398
russia,2085,3072394819417.7915,112167136.5148233,6792601.43087489,125596837209.65767,148619298109.46622,18164306802.619217,9155384168.671658,0.0,978347695.2182858,156739180019.0845,10044424893.001066,80383.396942461,-31142342809.426834,-32031383533.75624
mena,2085,5851225439713.2295,260387190.6170005,0.0,341391544562.4798,323064945335.58435,81130904164.3249,0.0,3648876881.468446,1240271259.7677574,404195849499.90924,0.0,80729.4555017401,-62804304937.42944,-66453181818.89789
ssa,2085,8014792592984.609,1498033840.2943056,0.0,380977385388.3411,362428345048.86346,48931844548.9327,0.0,4486271915.772511,4169727049.4974284,411360189597.79614,0.0,43339.35168254134,-30382804209.455017,-34869076125.22752
us,2086,48780511821706.48,148542136.93284762,35709771.35120155,1816911158358.4187,2411704814282.285,273178159325.03323,646500357450.4374,0.0,8680952967.749088,2041701787180.5764,643181186426.7406,221194.85289812554,-224790628822.1577,-221471457798.46094
oecd-ex-us,2086,28904093601707.03,209156666.716802,35471516.39883374,1076562958455.527,1438394472920.3403,157193544311.98962,263747254621.4803,0.0,4241551488.0609813,1317056878225.5732,278531139006.7573,160715.19130561053,-240493919770.04626,-255277804155.3233
china,2086,5693091735829.59,154154391.72444785,0.0,174323066899.10764,314281596734.86017,34896929512.81441,0.0,2854588345.610318,106572417497.56017,349178526247.67456,0.0,104443.07699624042,-174855459348.56693,-177710047694.17725
india,2086,5605496057364.772,744481022.2746129,0.0,293190958767.5785,297449746927.7747,65742712647.53612,0.0,11091685377.017708,70148800235.85909,363192459575.31085,0.0,54735.207538375005,-70001500807.73236,-81093186184.75006
latam,2086,5839789956241.935,186960691.29179835,0.0,239712102236.86285,302335006502.4546,42106826288.18221,0.0,5670994124.155504,1434107604.731267,344441832790.6368,0.0,94427.55574737253,-104729730553.77393,-110400724677.92943
seasia,2086,4366454663911.6123,243809873.31452593,0.0,181934730252.5516,223742432384.74768,31057651035.751354,0.0,1767353423.2456183,1650159404.8583899,254800083420.49902,0.0,74958.67205605608,-72865353167.94742,-74632706591.19304
russia,2086,3041588403349.931,110997159.96172671,6762710.014666729,124468227498.13771,147362827600.94812,17981976076.410015,9122561166.83591,0.0,947598944.5251898,155329797669.16602,10015006008.192156,82826.27209538795,-30861570171.028305,-31754015012.384552
mena,2086,5857916231416.833,257666687.1094638,0.0,337507457136.60785,319563120476.86676,80963773322.39586,0.0,4644018442.751354,74354246809.01303,400526893799.26263,0.0,83177.48752167002,-63019436662.654785,-67663455105.40614
ssa,2086,7982539434944.818,1494146957.100828,0.0,377896599669.26404,361658354009.5414,48692591223.205925,0.0,3995493038.67815,4196680562.3657746,410350945232.7473,0.0,45072.16599619333,-32454345563.483276,-36449838602.16142
us,2087,48573213012238.38,147700033.91597512,35755847.69039916,1810761836657.1,2402515930937.869,271711005750.457,647659093401.0795,0.0,8507197162.093332,2030013944570.8076,644212992117.5167,224532.71985824735,-219252107913.70752,-215806006630.14478
oecd-ex-us,2087,28660885628434.812,206860414.15507713,35382730.924110405,1071160950238.7717,1427020889124.9136,155809409373.91483,264449044409.08292,0.0,4012330578.749578,1305188602047.0945,277641696451.73505,163923.91627251354,-234027651808.32275,-247220303850.97488
china,2087,5522445201388.578,148695670.0806483,0.0,170910531216.30365,305808044180.14667,33959117966.938572,0.0,3204965213.9321795,1415061703.7093163,339767162147.08527,0.0,107219.23610657679,-168856630930.78162,-172061596144.7138
india,2087,5527844178558.894,733526803.343601,0.0,288729739567.9214,293509774878.5553,64732804617.53524,0.0,9757990759.921013,1618951882.2091396,358242579496.0905,0.0,56737.34549632476,-69512839928.16913,-79270830688.09015
latam,2087,5732948877690.976,183238526.93487546,0.0,235493780056.71115,297023264213.0367,41316425742.621445,0.0,5427024743.281837,1431856091.2667644,338339689955.65814,0.0,97084.19020288302,-102845909898.94699,-108272934642.22882
seasia,2087,4294464065617.1685,239632856.08922103,0.0,178933553035.34888,220216349877.11792,30527245560.353413,0.0,1806847465.7592864,1626291573.4378643,250743595437.47134,0.0,77334.94862925357,-71810042402.12247,-73616889867.88176
russia,2087,3011888987059.6743,109884062.19681022,6750852.5125517445,123300600506.30681,146110654430.1683,17797511414.510345,9944766662.03187,0.0,963382386.0829439,153925565832.75766,9982600011.920872,85324.12407194146,-30624965326.45085,-30662798676.339855
mena,2087,5791627718348.704,254966061.4282975,0.0,333560210974.9366,316209777274.8381,80002220014.69308,0.0,4953681264.297521,1316954510.7605593,396211997289.5311,0.0,85680.49292966643,-62651786314.59454,-67605467578.89207
ssa,2087,7947418327654.166,1489740120.028691,0.0,374741422881.5663,360798011567.39825,48443955102.684685,0.0,4915958325.165173,4295394823.030861,409241966670.08295,0.0,46857.16923570927,-34500543788.51666,-39416502113.68184
us,2088,49145886763882.41,146922555.6573736,35833362.58196818,1804465341461.839,2391414854678.844,277714983311.44495,672343625723.2351,0.0,764994622449.2297,2021403206831.2634,647726631159.0254,227920.65209335147,-216937865369.42432,-192320870805.2146
oecd-ex-us,2088,28434318877149.84,204699912.34539366,35322022.112336315,1065708300453.8523,1415981233995.51,154480396682.47845,274066650507.3789,0.0,4119928431.8071713,1293507129045.7283,276954501632.26044,167184.46604914046,-227798828591.87598,-230686679716.7575
china,2088,5357228398253.834,143658141.40368456,0.0,167255590936.48944,297598853785.5983,33029579583.21733,0.0,3191197337.3146114,1347236634.890995,330628433368.8157,0.0,110050.45798467913,-163372842432.32623,-166564039769.64084
india,2088,5450428977998.344,722696627.9026237,0.0,284276013425.98474,289635199879.0051,63749596417.3871,0.0,9869869822.117327,1563452131.9792452,353384796296.3922,0.0,58794.163267689815,-69108782870.40747,-78978652692.5248
latam,2088,5628126667121.423,183423152.4406957,0.0,231323342716.34415,291796009509.99744,40542073988.11819,0.0,5213445099.037386,1405975311.2608833,332338083498.1156,0.0,99796.3186145718,-101014740781.77145,-106228185880.80884
seasia,2088,4223802071276.611,235567436.42443848,0.0,175918757956.21167,216716836248.3702,30002212109.40152,0.0,1486309659.1781235,1624605720.1807733,246719048357.77173,0.0,79767.02603806002,-70800290401.56006,-72286600060.73819
russia,2088,2981642686068.7764,110639632.71326613,6849341.916311406,122078364725.60956,144882368773.88083,17619562954.60245,9264968134.398302,0.0,912297877.5751941,152513011897.82672,9988919830.65649,87877.76382077849,-30434647172.217163,-31158598868.475353
mena,2088,5726240232682.26,252313717.6577766,0.0,329577885264.4418,312814701791.7703,79048168368.08987,0.0,4412106262.580605,1309605491.5528882,391862870159.8602,0.0,88239.28150704937,-62284984895.41846,-66697091157.99906
ssa,2088,7909852671748.533,1484878431.440184,0.0,371502771995.4916,359785045739.0488,48175844742.49144,0.0,5442848967.8272085,4335311548.242482,407960890481.5403,0.0,48695.367034269366,-36458118486.048706,-41900967453.875916
us,2089,48947838424184.77,146143019.01473293,35879085.86446018,1797836722315.6528,2383122594524.808,276477594492.1744,655026527662.536,0.0,8688599341.14491,2009964661179.5532,649635527837.428,231359.40055656846,-212127938863.9004,-206736939038.79236
oecd-ex-us,2089,28195893398888.53,202579731.06836376,35203435.181410536,1059861003548.492,1405462428476.583,153194485148.06555,256206087642.42944,0.0,4164344172.408877,1281987438311.1345,276669475313.5141,170497.57659667626,-222126434762.64258,-242589822433.72723
china,2089,5196974256353.448,139016823.57286018,0.0,163363691408.58365,289559044482.7147,32107415551.377785,0.0,3191956778.3167624,1240583503.4433615,321666460034.0925,0.0,112937.50866294744,-158302768625.50888,-161494725403.82565
india,2089,5373113370317.317,711977134.0996858,0.0,279803959576.31836,285751545204.77826,62776694577.00085,0.0,10060035574.895844,1468708099.3292623,348528239781.7791,0.0,60906.60997891933,-68724280205.46075,-78784315780.3566
latam,2089,5524843553874.996,179803397.2743886,0.0,227183313836.03525,286653984836.41144,39782713969.51896,0.0,5385836471.394712,1356108194.8634753,326436698805.9304,0.0,102564.7273498438,-99253384969.89517,-104639221441.28989
seasia,2089,4153673842896.488,231571778.60297763,0.0,172879225764.45407,213263453614.4238,29484379589.580395,0.0,1869443952.6384544,1609823012.0666409,242747833204.00418,0.0,82255.75183939919,-69868607439.55011,-71738051392.18857
russia,2089,2951536201188.8506,109541814.52787662,6826969.954900799,120786488894.6251,143607678548.72446,17432715090.64549,9278684543.764235,0.0,868735321.0596589,151086301079.23196,9954092560.137882,90488.01032912603,-30299812184.606857,-30975220200.980503
mena,2089,5661421363309.859,249692462.88190538,0.0,325576328718.20306,309422186504.8468,78110451569.15755,0.0,4141617132.280121,1279057115.6804345,387532638074.00433,0.0,90854.67109379746,-61956309355.80127,-66097926488.08139
ssa,2089,7871228168874.619,1479782830.6576042,0.0,368210712818.50726,358643099788.4939,47893570573.62619,0.0,4516840306.439924,4218294976.142896,406536670362.1201,0.0,50587.77237572461,-38325957543.612854,-42842797850.05278
us,2090,48739481028363.58,145365512.74452975,35899868.822179034,1790427808803.4,2373916578043.609,275159748138.3721,641167406281.944,0.0,9123715275.451826,1998629274246.6094,650447051935.3723,234849.72746573202,-208201465443.20947,-217481111096.63782
oecd-ex-us,2090,27962127858367.117,200540648.90408376,35076986.54473404,1053424245356.7881,1394486098959.154,151860754008.6692,255225087007.26276,0.0,3931980082.345314,1270621064702.579,275725788265.2445,173863.9950766999,-217196819345.79102,-237697520603.77277
china,2090,5041864367695.894,134723475.16920802,0.0,159263006740.84842,281630023235.12976,31188684116.038853,0.0,2787053348.213578,1232865300.975089,312818707351.16864,0.0,115881.16363814408,-153555700610.32022,-156342753958.5338
india,2090,5297107148554.244,701477629.0106311,0.0,275321573708.3038,281854251834.7776,61809434199.64875,0.0,9198955103.47663,1534845666.5260456,343663686034.42633,0.0,63075.641864202975,-68342112326.12256,-77541067429.59918
latam,2090,5423226672831.49,176278897.55976155,0.0,223056040551.2991,281579287351.08105,39034450646.82449,0.0,5355751106.93704,1296567510.036419,320613737997.9055,0.0,105390.21168704594,-97557697446.60641,-102913448553.54346
seasia,2090,4084439346669.9165,232009013.87103528,0.0,169810818310.57172,209822051447.14633,28970390497.450203,0.0,1707005255.786131,1454132663.2379556,238792441944.59653,0.0,84801.98137724976,-68981623634.02481,-70688628889.81094
russia,2090,2921218668933.9634,108466560.2039194,6802592.422346002,119425381214.29538,142315174035.0539,17245200632.501152,8963278397.268713,0.0,854182801.101729,149641540081.8053,9918834585.749874,93155.69081535721,-30216158867.50992,-31171715055.991077
mena,2090,5595333924048.675,247026704.29966137,0.0,321513075166.35645,306017856397.63,77183253010.73598,0.0,5670392188.304407,1270987169.132844,383201109408.36597,0.0,93527.4877815598,-61688034242.00952,-67358426430.31393
ssa,2090,7908887487091.018,1474319188.765929,0.0,364870103108.2721,356389670507.924,48606770663.327,0.0,4609461104.784762,82395117384.16263,404996441171.25104,0.0,52535.40562953165,-40126338062.97894,-44735799167.7637
us,2091,48549187320971.64,144630520.78610653,35938836.711978614,1782576896877.3604,2363985987540.1973,273902617835.81158,656668428658.5408,0.0,8349572448.137427,1987418134323.3574,650470471052.6514,238392.4064723437,-204841237445.99707,-198643279840.10767
oecd-ex-us,2091,27741391186936.688,198609228.77487063,34977281.94252993,1046644596731.0408,1383477143442.4587,150547593773.58057,262700885009.46857,0.0,3942584045.096975,1259380257801.1155,274644479414.92358,177284.48002741163,-212735661070.0747,-224679255475.52972
china,2091,4891206827537.929,130708840.41226335,0.0,154942938982.6228,273832887368.4112,30273865396.7985,0.0,2755979679.3087654,1262253303.933974,304106752765.2097,0.0,118882.20807632271,-149163813782.5869,-151919793461.8957
india,2091,5221047076761.354,691077802.9021375,0.0,270811117691.62808,277997575242.55035,60859501947.26138,0.0,9459309982.789618,1445197688.0791109,338857077189.81177,0.0,65302.22237613722,-68045959498.183685,-77505269480.9733
latam,2091,5323328220005.089,172847764.15160957,0.0,218940786875.14627,276566509312.771,38297066804.180115,0.0,5245513816.806046,1269850232.207262,314863576116.9511,0.0,108273.57602027064,-95922789241.80484,-101168303058.61089
seasia,2091,4016097632957.134,228096232.9206986,0.0,166725249622.0085,206410781972.45505,28460521762.431736,0.0,1661357871.02967,1465698271.1241455,234871303734.88678,0.0,87406.57796724634,-68146054112.878265,-69807411983.90793
russia,2091,2891451144691.0938,107421964.00484146,6788512.973326136,118001385717.8172,141007789785.79755,17055600374.439585,9464823684.796127,0.0,829656514.7541932,148177470758.58362,9885919401.653482,95881.64092595955,-30176085040.76642,-30597180757.62377
mena,2091,5531320802877.919,244441310.90406966,0.0,317418652114.3298,302510360188.59216,76242761266.01857,0.0,3896051920.2230954,1217400089.7480834,378753121454.6107,0.0,96258.56611102387,-61334469340.280945,-65230521260.50404
ssa,2091,7865997584059.994,1468402530.6303475,0.0,361458567451.8147,355109692240.9719,48305330308.881004,0.0,5304727324.046411,4371279391.059632,403415022549.8529,0.0,54539.29459519024,-41956455098.03821,-47261182422.08462
us,2092,48361805505904.95,143925770.80483338,35986101.06509168,1774516433629.3528,2354771169693.554,272612906431.4079,656714851673.8142,0.0,8770975755.11605,1976239989735.6433,651144086389.3198,241988.22283307195,-201723556106.29053,-196152790821.79614
oecd-ex-us,2092,27520981278153.312,196733454.24691388,34861046.02722162,1039433815714.8608,1372897362022.9016,149268849310.66425,258321106227.55438,0.0,4001380607.784364,1248182114952.6404,273984096380.92566,180759.80154219028,-208748299237.77954,-224411289391.15082
china,2092,4744514231241.12,126912018.28190833,0.0,150396053169.49838,266147063588.2612,29361686212.84596,0.0,2751733656.3066545,1171833991.1039395,295508749801.1072,0.0,121941.43702056078,-145112696631.6088,-147864430287.91544
india,2092,5145784839145.6875,692332398.149773,0.0,266278626199.06546,274120270028.22964,59911531285.76396,0.0,8983176346.738884,1474113846.0042024,334031801313.9936,0.0,67587.3223045561,-67753175114.92813,-76736351461.66702
latam,2092,5225189363961.557,169507910.04688975,0.0,214837937684.2103,271602755631.26584,37570939214.49123,0.0,5016543422.225492,1213444540.240209,309173694845.7571,0.0,111215.63406751849,-94335757161.54678,-99352300583.77228
seasia,2092,3948549955586.9224,224258491.23378286,0.0,163632711085.03436,203013382327.7285,27955206222.50779,0.0,1605202249.2620227,1393402344.2542484,230968588550.23627,0.0,90070.4130864944,-67335877465.201904,-68941079714.46393
russia,2092,2860648836094.364,106375281.09419726,6755393.321729582,116511994115.09196,139688039446.4823,16864798598.751656,8394477314.592809,0.0,844058018.8186765,146687701736.18594,9865136309.047993,98666.70493683434,-30175707621.09398,-31646366615.549164
mena,2092,5467378819577.976,245651306.28137884,0.0,313324351476.09705,299081233138.4347,75328192245.84755,0.0,4049946423.8985305,1193037032.1375973,374409425384.2822,0.0,99048.74927357964,-61085073908.18518,-65135020332.08371
ssa,2092,7821311903504.079,1462150070.3043067,0.0,357979551971.1717,353699357471.65735,47988139364.73871,0.0,5262832202.909508,4285096512.216937,401687496836.39606,0.0,56600.47455620622,-43707944865.224365,-48970777068.13387
us,2093,48168382060583.54,143231507.45093942,36023500.56550868,1766061705468.9429,2345878919485.2095,271306215773.70795,649109238300.021,0.0,8590746168.552252,1965026824444.9717,652158310813.9451,245637.9735838236,-198965118976.0288,-202014191489.95288
oecd-ex-us,2093,27747634601739.953,194943775.2931442,34768652.77274085,1031708382897.2994,1362230638240.1355,152338883422.09204,261726034204.58704,0.0,447788428146.994,1240017775159.3264,274551746502.89996,184290.74145052125,-208309392262.02698,-221135104560.3399
china,2093,4601436045718.068,126471518.4206498,0.0,145641528205.76965,258555458687.11044,28451078494.236656,0.0,2845139215.1248484,1131962667.6511128,287006537181.3471,0.0,125059.6556014859,-141365008975.57745,-144210148190.7023
india,2093,5070704582522.8,682047695.5441,0.0,261738036825.61087,270260725277.5897,58973427919.984764,0.0,8992246761.58627,1408106510.6622872,329234153197.57446,0.0,69931.91990346459,-67496116371.96359,-76488363133.54987
latam,2093,5128219457848.02,166238969.6866927,0.0,210736964726.37527,266696447498.73096,36855601295.03096,0.0,5348125860.105703,1193303813.9580252,303552048793.7619,0.0,114217.20908218788,-92815084067.38663,-98163209927.49232
seasia,2093,3881731853040.066,220485487.66969323,0.0,160544743902.19766,199633752815.00836,27453969300.20063,0.0,1629147687.9253838,1354023354.0792289,227087722115.20898,0.0,92794.3665685247,-66542978213.01132,-68172125900.93671
russia,2093,2831201653925.133,105361764.87984087,6742928.662690534,114973550513.95633,138284445447.3948,16664490199.133404,9710064238.532213,0.0,818138724.8089669,145168212745.96466,9780722900.563593,101511.7359588684,-30194662232.00833,-30265320894.03971
mena,2093,5403636741067.934,243041671.6528589,0.0,309199195473.78467,295627878568.90424,74414325614.35559,0.0,4038033697.1774154,1138963896.6117208,370042204183.2598,0.0,101898.88931722144,-60843008709.47516,-64881042406.65257
ssa,2093,7774888225855.524,1455568235.48831,0.0,354449117527.7051,352190682778.44354,47659298295.93714,0.0,5253258489.074944,4230444387.1934347,399849981074.3807,0.0,58719.98834359017,-45400863546.6756,-50654122035.75054
us,2094,47988169303041.83,142578017.66180676,36084636.73216996,1757317624138.3625,2336466135796.5703,269867756002.41394,660403308357.8558,0.0,8400201761.037675,1953772669309.3042,652561222489.6814,249342.46771642676,-196455045170.94165,-188612959302.7672
oecd-ex-us,2094,27529406583187.887,193192490.84301123,34665130.339488834,1023475953416.027,1351581105465.7532,150976547548.90613,256822722016.12042,0.0,4030959030.424535,1228815306619.0823,273742346395.57712,187878.09350133606,-205339353203.0553,-222258977582.512
china,2094,4461802401498.285,122833915.9796754,0.0,140723409867.3035,251011139656.07346,27542605331.17017,0.0,2909909879.6083007,1106600779.7677858,278553744987.24365,0.0,128237.6792505889,-137830335119.94016,-140740244999.54846
india,2094,4996071021531.799,671901625.2735991,0.0,257188922422.28027,266394509473.4177,58038625867.51624,0.0,8760032423.756044,1370684351.4098604,324433135340.93396,0.0,72337.0010260076,-67244212918.65369,-76004245342.40973
latam,2094,5032924453121.75,163055631.27427867,0.0,206640596278.74756,261822986714.39957,36147617884.7618,0.0,5079113896.937169,1114117491.0791874,297970604599.1614,0.0,117279.13406786269,-91330008320.41382,-96409122217.35098
seasia,2094,3815743161596.724,216777004.97749496,0.0,157464471523.6128,196272969677.32553,26955066958.05529,0.0,1610802125.4847252,1385675793.908869,223228036635.38083,0.0,95579.32680331363,-65763565111.768036,-67374367237.25276
russia,2094,2841449960462.273,104376299.27613865,6750875.038532303,113414879215.92879,136869404004.74242,16917249568.47947,10437934552.983932,0.0,40182146341.44825,143976382009.9776,9810271563.244255,104417.59614772107,-30561502794.048813,-29933839804.309135
mena,2094,5338860113073.941,240388121.81840584,0.0,305031138418.41895,292163358906.7458,73500884757.99634,0.0,5288450328.798179,1144927581.1290543,365664243664.7421,0.0,104809.84735663193,-60633105246.32318,-65921555575.12136
ssa,2094,7726917813511.094,1448680054.0875812,0.0,350878547803.52405,350583756882.7485,47318134845.62494,0.0,5174722910.880219,4227654491.3018613,397901891728.3734,0.0,60898.88640889042,-47023343924.849365,-52198066835.72958
us,2095,47801011411541.58,144312362.96553314,36750831.3817175,1748291646640.2642,2327258143890.9443,268551011385.75272,652134145326.7131,0.0,8225471809.496871,1942506345217.1724,653302810059.5258,253102.52635796397,-194214698576.9082,-195383363309.72083
oecd-ex-us,2095,27309356475321.418,191458192.7191852,34548305.0997889,1014681717482.0327,1340700600571.1946,149653037783.362,251765256157.9519,0.0,3856556848.1148486,1217566431757.3496,272787206597.2062,191522.66354880566,-202884714275.3169,-223906664714.5712
china,2095,4325824345801.6323,119331609.44446926,0.0,135702563531.32948,243498960095.5567,26640094672.110332,0.0,2547870950.8341765,1006306490.5161873,270139054767.66702,0.0,131476.33391631875,-134436491236.33754,-136984362187.17172
india,2095,4921531393722.966,661861087.4635636,0.0,252641347659.14548,262534102808.1097,57109082396.03663,0.0,8844631729.250338,1306841465.4167507,319643185204.14636,0.0,74803.55926740222,-67001837545.000885,-75846469274.25122
latam,2095,5011130167709.135,159943349.01494053,0.0,202554797908.46414,257443573467.91373,36258989869.84671,0.0,5171751433.285109,74525231449.96437,293702563337.76044,0.0,120402.25199637088,-91147765429.2963,-96319516862.5814
seasia,2095,3802804021375.964,213123578.47291765,0.0,154399157244.91693,193183326352.52664,27077715375.41634,0.0,1676183806.3299882,54598928068.59644,220261041727.943,0.0,98426.19094229734,-65861884483.02606,-67538068289.35605
russia,2095,2811874416592.969,103386664.74919736,6752602.680257134,111833347937.10428,135512518852.42322,16720989735.403652,10011964061.128742,0.0,812652720.2917621,142416922200.94202,9816586386.88482,107385.15691777172,-30583574263.837738,-30388196589.59382
mena,2095,5275843413952.072,237797325.34844983,0.0,300862330583.81903,288627018667.29614,72571917565.79152,0.0,3799876673.0636888,1119783200.464626,361198936233.08765,0.0,107782.4937873936,-60336605649.268616,-64136482322.332306
ssa,2095,7677263308246.056,1456862763.8845959,0.0,347271677194.6919,348887123919.9352,46967825916.94599,0.0,5183142220.881128,4111909598.032042,395854949836.88116,0.0,63138.22690674803,-48583272642.18927,-53766414863.0704
us,2096,47596288244588.69,143624924.80662054,36771986.79429606,1738748045301.248,2317815139531.2354,267253272906.19852,634060169350.2717,0.0,7537030832.997134,1931271116839.7866,653797295597.6475,256918.9829527953,-192523071538.53857,-212260197785.9143
oecd-ex-us,2096,27091942990810.14,189745750.01462525,34434313.844449535,1005443926480.3252,1329621089502.9768,148303627298.2826,251205534224.4324,0.0,3861771585.2093453,1206279865051.24,271644851750.0192,195225.26974063006,-200835938570.9148,-221275256096.5016
china,2096,4192701461885.4785,115914368.29168569,0.0,130616205845.1297,236063275318.979,25746731929.097206,0.0,2969458913.368724,1040376400.1604832,261810007248.0762,0.0,134776.45628295626,-131193801402.9465,-134163260316.31523
india,2096,4847329171310.225,651938942.6193618,0.0,248105233532.5986,258668386847.0746,56179981212.53308,0.0,8791938590.205954,1332850704.473478,314848368059.60767,0.0,77332.59611575623,-66743134527.00906,-75535073117.21501
latam,2096,4917363569616.358,156887334.39102077,0.0,198480515526.0913,252693878357.3583,35554115293.19405,0.0,5172866410.338792,1173746442.025654,288247993650.55237,0.0,123587.41602909003,-89767478124.46106,-94940344534.79985
seasia,2096,3737105774970.3994,209498393.9336459,0.0,151354252540.4299,189879784942.96405,26576222325.706238,0.0,1945557672.2593243,1349065994.9344494,216456007268.6703,0.0,101335.86510830866,-65101754728.24039,-67047312400.49971
russia,2096,2781520587524.5786,102377629.0982747,6739930.672737224,110226355719.55676,134116439259.31079,16521240058.523561,9229381117.286278,0.0,828113412.600468,140834197654.21805,9803481663.616312,110415.29916017491,-30607841934.661285,-31181942480.991318
mena,2096,5212118075702.598,235167167.96878362,0.0,296708926662.49506,285172940570.4996,71662306927.19939,0.0,4658750287.441743,1059732873.1704034,356835247497.699,0.0,110817.70850427616,-60126320835.20392,-64785071122.64566
ssa,2096,7626849910428.758,1449570090.9490135,0.0,343639794550.6772,347098262389.2697,46606487185.07468,0.0,4471843915.09855,4123401121.468436,393704749574.34436,0.0,65439.07578695062,-50064955023.667175,-54536798938.765724
us,2097,47402050928524.984,142952269.81022462,36801544.51766665,1728978818468.8657,2308029958934.1235,265780579495.3953,642692320753.0686,0.0,7902083143.899096,1920020962062.5664,653789576366.9519,260792.683447312,-191042143593.70068,-202139399207.58398
oecd-ex-us,2097,26881175058583.477,188068692.86156482,34339174.63495067,995964626539.8516,1318490126563.896,146920740238.5251,254814534002.07047,0.0,3863774033.826753,1194958224139.5085,270452642662.91287,198986.7427088673,-198993597599.65698,-214631706260.4994
china,2097,4062648589825.685,112558237.88572188,0.0,125521889148.98468,228679496333.84833,24862889700.433052,0.0,2957677237.7487807,925302063.251704,253542386034.28137,0.0,138138.89399226673,-128020496885.29669,-130978174123.04547
india,2097,4773374959038.935,642100496.6451759,0.0,243600464383.21057,254809194378.9201,55254589333.95097,0.0,8749451990.03115,1258559048.4038184,310063783712.8711,0.0,79925.12111069182,-66463319329.66052,-75212771319.69168
latam,2097,4825096349789.982,153883596.3588788,0.0,194437216024.8238,247985190065.5808,34857592802.916466,0.0,4972555994.221034,1110903011.519424,282842782868.49725,0.0,126835.48974147762,-88405566843.67346,-93378122837.8945
seasia,2097,3672388610575.9224,205919213.73809004,0.0,148347195795.42026,186584283147.52084,26077755420.699615,0.0,1689867010.8204925,1287545389.145586,212662038568.22046,0.0,104309.26461036761,-64314842772.8002,-66004709783.6207
russia,2097,2751731426074.764,101369118.81287418,6736605.261510892,108612478532.25313,132690522452.05124,16314705896.471642,9795252992.922094,0.0,808335373.5351635,139232139061.41583,9773089287.107014,113508.91346497281,-30619660529.162704,-30597496823.347622
mena,2097,5148450157780.775,232520687.94227004,0.0,292548638170.17035,281680433556.3309,70741736726.17538,0.0,4836304581.681847,1041918772.197744,352422170282.5062,0.0,113916.38112355041,-59873532112.33588,-64709836694.01772
ssa,2097,7574562302967.509,1441914094.1757312,0.0,339984736807.9538,345253548860.1163,46241281996.730515,0.0,4783806117.055808,4006292704.699465,391494830856.8468,0.0,67802.50689595228,-51510094048.893005,-56293900165.948814
us,2098,47189721450571.08,142246671.62351677,36792342.6724099,1718973985026.813,2298374477786.36,264347714389.51752,623688791242.8923,0.0,7729937952.257602,1908735409990.046,653986782185.8306,264724.48647746147,-189761424963.2329,-220059415906.17114
oecd-ex-us,2098,26673709773451.152,186400325.79543322,34238086.83615527,986338477519.1709,1307535484729.408,145569480667.57468,255589440874.3731,0.0,3711761871.141795,1183575335125.0908,269529630271.89194,202807.92576334614,-197236857605.91992,-211177047003.43875
china,2098,3936128424218.8057,109257543.9903718,0.0,120486994387.91057,221383235319.6528,23992998487.478218,0.0,2521237742.3688912,890311554.7123818,245376233807.131,0.0,141564.50586793304,-124889239419.22044,-127410477161.58934
india,2098,4756749820808.04,632312697.4809345,0.0,239143195107.49762,251055030200.8705,54953507802.29391,0.0,8899722934.064156,59139927598.83375,306008538003.1644,0.0,82582.15200969014,-66865342895.66681,-75765065829.73096
latam,2098,4734169151242.496,150927077.37454987,0.0,190439329241.04684,243324010121.94205,34170320636.36272,0.0,4963509459.119039,1091312428.8891926,277494330758.30475,0.0,130147.34735080677,-87055001517.2579,-92018510976.37694
seasia,2098,3608344829233.7085,202369250.85746646,0.0,145393627749.11218,183322382109.9057,25585815329.100506,0.0,1803290282.0790894,1274078629.7585056,208908197439.0062,0.0,107347.31416325804,-63514569689.89401,-65317859971.9731
russia,2098,2721062128913.8354,100329620.21315803,6712008.88037619,107003608875.01596,131269676754.40799,16113915553.139612,8902685863.960817,0.0,808000407.6398737,137611309972.66782,9772282334.879736,116666.90034721693,-30607701097.651855,-31477297568.570778
mena,2098,5085534309691.571,229885643.65749153,0.0,288429650948.1491,278192683443.94904,69819217361.5189,0.0,4366746694.683264,1033148462.7955652,348011900805.46796,0.0,117079.41120928117,-59582249857.31885,-63948996552.00211
ssa,2098,7521032706324.643,1433970750.0721822,0.0,336309539200.2566,343307935446.18384,45866039172.840225,0.0,4562735318.85483,3897574094.759365,389173974619.02405,0.0,70229.60208781747,-52864435418.767456,-57427170737.622284
us,2099,46987891550916.44,141552174.59390536,36788885.25443783,1708868838119.4287,2287826834355.7188,262860182804.87234,632921083210.0386,0.0,7067196176.465903,1897443852961.6177,653243164198.9731,268715.2635590853,-188575014842.18896,-208897095831.12354
oecd-ex-us,2099,26461580079149.76,184719827.17151782,34113452.16343877,976500067403.4137,1296534888504.0347,144215126780.32068,248473392710.3003,0.0,3646860869.245269,1172124080958.247,268625934326.1097,206689.6750877065,-195624013554.83337,-215776555170.6428
china,2099,3882342634268.7266,106000680.42046173,0.0,115567237176.3878,215713579527.5632,24016308322.74642,0.0,2620723400.4693956,72997584124.31058,239729887850.30963,0.0,145054.16214277354,-124162650673.92183,-126783374074.39122
india,2099,4683158353088.492,622641302.9515048,0.0,234759742177.1993,247227186243.41837,54025572175.823265,0.0,8405083150.693534,1306631673.189894,301252758419.24164,0.0,85304.7149620685,-66493016242.04233,-74898099392.73586
latam,2099,4644771547343.169,148024430.06024924,0.0,186494401061.20685,238706550870.7042,33491710831.95233,0.0,4745449236.617083,1051705978.7403038,272198261702.65652,0.0,133523.87394709117,-85703860641.44968,-90449309878.06676
seasia,2099,3545101863476.722,198858406.03871694,0.0,142495069450.53146,180081134436.9215,25099527375.422966,0.0,1762444719.3698835,1205071324.1949701,205180661812.34448,0.0,110450.94811182481,-62685592361.81302,-64448037081.1829
russia,2099,2690771711687.705,99288615.42331548,6695729.253653122,105408819445.70976,129806406420.86374,15904993660.407312,9251498535.191057,0.0,760664874.2398624,135975064071.77844,9736336009.492537,119890.17047705351,-30566244626.06868,-31051082100.370163
mena,2099,5083433269517.51,227228066.6767274,0.0,284353871441.36456,274778209121.36478,69566150879.96454,0.0,4859745529.706463,62749193915.609184,344344360001.32935,0.0,120307.70850355488,-59990488559.96478,-64850234089.67125
ssa,2099,7466098865691.203,1425691186.75952,0.0,332621929299.5672,341286105237.99146,45480905698.41599,0.0,4772092275.325468,3983333278.71949,386767010936.4075,0.0,72721.45134453833,-54145081636.84027,-58917173912.16574
us,2100,46763594560602.2,140818233.5647457,36741048.42534693,1698732981115.8894,2277310485532.655,261359292987.25235,607572821056.4203,0.0,8066986033.385838,1886151797312.7764,652517981207.1299,272765.89928111236,-187418816196.88696,-232363976347.59656
oecd-ex-us,2100,26246707569397.42,186422789.44103664,34628390.83358494,966462607906.0897,1285213895738.8118,142852143099.55197,243188638763.59473,0.0,3542282416.3409038,1160641833340.941,267424205497.42398,210632.85993811308,-194179225434.8512,-218414792168.68045
china,2100,3759893517716.517,102797482.53096147,0.0,110805524366.33653,208624460421.78348,23156408239.297398,0.0,2391046020.4895196,917273763.0266491,231780868661.08087,0.0,148608.74468875126,-120975344294.74434,-123366390315.23386
india,2100,4609715529429.874,613021842.540835,0.0,230444701264.08536,243440909705.15555,53107677675.85547,0.0,8549265012.094776,1210327470.400651,296548587381.011,0.0,88093.84469050016,-66103886116.92563,-74653151129.0204
latam,2100,4556608285187.641,145165880.36417943,0.0,182612876848.01096,234149059674.49655,32823871121.39549,0.0,4804536959.790235,1001328752.143831,266972930795.89203,0.0,136965.96572718452,-84360053947.88107,-89164590907.67131
seasia,2100,3482583296769.222,195378828.3929566,0.0,139654594005.9905,176874288301.56158,24619765167.31367,0.0,1869532193.9840975,1190424949.3724816,201494053468.87524,0.0,113621.11065992808,-61839459462.884735,-63708991656.868835
russia,2100,2660736631531.405,99857701.32540995,6795201.385732488,103844967972.60037,128331924831.90172,15695746484.040138,9367852234.932243,0.0,779770952.1110309,134327882078.7515,9699789237.190392,123179.64491372979,-30482914106.151123,-30814851108.40927
mena,2100,5019791348645.694,224560700.73311943,0.0,280320778840.31635,271339363823.39642,68638462689.72626,0.0,5004529724.359377,1019656525.3498179,339977826513.1227,0.0,123602.1931605998,-59657047672.806335,-64661577397.16571
ssa,2100,7410419910255.22,1417209265.9597104,0.0,328930621080.31726,339175766201.65765,45088203912.29551,0.0,4201068113.981025,3855461711.63488,384263970113.9532,0.0,75279.15290566675,-55333349033.635925,-59534417147.61695
