region,year,stock,head,imm_head,investment,depreciation,writeoff,mig_in,mig_out,revaluation,charge_own,charge_imm,gdppc,net_own,net_total
us,2025,42639557939018.625,162138811.0979146,0.0,0.0,0.0,0.0,0.0,0.0,0.0,0.0,0.0,61050.561392568336,0.0,0.0
oecd-ex-us,2025,56603431199798.375,373603082.6157364,0.0,0.0,0.0,0.0,0.0,0.0,0.0,0.0,0.0,40746.2474376583,0.0,0.0
china,2025,55610130372156.73,723333573.4440682,0.0,0.0,0.0,0.0,0.0,0.0,0.0,0.0,0.0,23526.530999766437,0.0,0.0
india,2025,13432790794733.725,696813286.2778133,0.0,0.0,0.0,0.0,0.0,0.0,0.0,0.0,0.0,7962.740251283043,0.0,0.0
latam,2025,12113727717431.943,286095852.0302951,0.0,0.0,0.0,0.0,0.0,0.0,0.0,0.0,0.0,14201.148310712375,0.0,0.0
seasia,2025,11793890747867.21,315002617.1195088,0.0,0.0,0.0,0.0,0.0,0.0,0.0,0.0,0.0,12765.330691481528,0.0,0.0
russia,2025,11571800464167.205,138151881.7280025,0.0,0.0,0.0,0.0,0.0,0.0,0.0,0.0,0.0,20297.66333329072,0.0,0.0
mena,2025,11255423634219.51,208459570.59207657,0.0,0.0,0.0,0.0,0.0,0.0,0.0,0.0,0.0,20496.517103421746,0.0,0.0
ssa,2025,3186481932811.3413,382842660.2026748,0.0,0.0,0.0,0.0,0.0,0.0,0.0,0.0,0.0,3497.158670690358,0.0,0.0
us,2026,42678146345115.21,165496216.10310102,942258.3709978288,2009709087373.9312,2138811110249.9873,232541106229.20477,389146550472.8816,0.0,11084984728.968027,2371352216479.192,0.0,61980.16024673619,-361643129105.26074,27503421367.62085
oecd-ex-us,2026,56160736461575.56,378368035.427815,1321888.7014311936,2379095531413.2886,2875188063695.157,322664202387.6927,361242911914.0762,0.0,14819084532.634474,3197852266082.85,0.0,41618.333088470004,-818756734669.5615,-457513822755.48535
china,2026,55147644216678.4,728119820.7740949,0.0,2686289191310.387,2882043400081.474,341731389091.0347,0.0,20232540199.20676,95231982583.01047,3223774789172.509,0.0,24228.855750619772,-537485597862.1216,-557718138061.3284
india,2026,14219392383421.607,712979996.5266826,0.0,1898326017459.6528,862298791030.4762,205489904390.2665,0.0,57779315720.5158,13843582369.48068,1067788695420.7427,0.0,8334.796268499304,830537322038.9102,772758006318.3944
latam,2026,12326043728209.857,290500927.89059424,0.0,1002489696732.2322,674038564587.7336,104332623919.96327,0.0,18826841095.642586,7024343649.011938,778371188507.6969,0.0,14736.250277982586,224118508224.53528,205291667128.8927
seasia,2026,12120241789173.246,320423417.00192314,0.0,1088741061687.955,662673618483.5667,102245046422.5801,0.0,5764951624.40034,8293596148.632427,764918664906.1467,0.0,13267.526588403778,323822396781.8082,318057445157.4079
russia,2026,11618664719914.703,140781638.45721278,203659.67093260528,664827111131.199,583463286092.3903,67029431376.0583,27017607146.215824,0.0,5512254938.530682,650492717468.4486,0.0,20949.93751363234,14334393662.750366,41352000808.96619
mena,2026,12043017286330.111,214725361.9158697,279603.65663837205,1644995963696.8845,717486762482.661,184979136364.6892,34018003403.07695,0.0,11045583857.995653,902465898847.3502,0.0,21152.088069819238,742530064849.5343,776548068252.6112
ssa,2026,3707796239584.215,406403116.9543982,0.0,745652863530.9015,196383388090.68268,31119611395.38634,0.0,3510955190.0943036,6675397918.136215,227502999486.06903,0.0,3706.02193117199,518149864044.83246,514638908854.73816
us,2027,42688964373535.9,167912558.69082907,1876407.5321344617,1987173606416.374,2142464692101.56,233788267701.92407,388133342447.8258,0.0,11764039359.975954,2360275384042.4487,15977575761.035564,62923.70303705832,-373101777626.0747,-946010939.2844658
oecd-ex-us,2027,55696023667229.06,379561879.46893924,2618471.3165480522,2348547688742.1797,2863651479053.3076,320162810763.9487,356240114364.4142,0.0,14313692364.155598,3169375885762.662,14438404054.594248,42505.07432557021,-820828197020.4824,-479026486710.6625
china,2027,55307333470513.13,724699452.933839,0.0,2599319645729.1577,2854298713615.27,345375642857.3109,0.0,17054051339.35446,777098015917.5154,3199674356472.581,0.0,24946.710040432743,-600354710743.4233,-617408762082.7778
india,2027,14972392020755.348,722861072.4031128,0.0,1890859224552.0854,881787692584.845,219303299337.40158,0.0,50861294026.68739,14092698730.591717,1101090991922.2466,0.0,8720.209769160245,789768232629.8389,738906938603.1515
latam,2027,12523907794854.596,292184995.6113965,0.0,991652821435.1757,677523307683.2445,105696829710.68878,0.0,17462861464.860695,6894244068.358302,783220137393.9333,0.0,15286.446916063733,208432684041.2423,190969822576.38162
seasia,2027,12428896983358.984,323061507.46301156,0.0,1078092874156.9825,669167530961.6178,103885010369.80249,0.0,4607763508.923471,8222624869.096608,773052541331.4203,0.0,13784.578329939995,305040332825.56226,300432569316.6388
russia,2027,11659832056608.004,142669348.99166253,395954.78788163775,662163925422.3898,584590538540.5574,67328556823.90294,25668094629.89644,0.0,5254412005.482569,650802706855.9431,1116388508.5172029,21617.743494906772,11361218566.446655,35912924687.82589
mena,2027,12774909963015.826,219119249.8318292,418478.138592507,1646118336431.8713,739388211172.2904,198489036717.13547,17512250840.872833,0.0,6139337302.397003,935864036112.0347,2013211777.391234,21823.19412143207,710254300319.8367,725753339383.3182
ssa,2027,4223184406412.001,427965614.37464565,0.0,760304242038.3436,210770598549.701,34065715294.80959,0.0,6539591850.768723,6459830484.726134,244836313844.5106,0.0,3924.81990741194,515467928193.833,508928336343.0643
us,2028,42687490631122.664,169107801.19109595,2842436.7480974304,1964357832575.23,2145440935338.454,234825293582.46512,403652131557.9903,0.0,10782522374.498013,2348488409761.9854,31777819158.934013,63881.398876560765,-384130577186.7554,-12256264787.69909
oecd-ex-us,2028,55204773033088.62,378813635.2616938,3879967.723611248,2314644419126.2065,2851199808700.337,317461538603.64545,348555127903.2396,0.0,14211166134.14197,3140095766210.5127,28565581093.469803,43406.67576409311,-825451347084.3062,-505461800274.5363
china,2028,54650681063172.31,718434391.2694592,0.0,2507100596188.43,2831798813457.0454,340049498636.18805,0.0,20645927639.201992,28741236203.190502,3171848312093.2334,0.0,25680.32047045773,-664747715904.8032,-685393643544.0052
india,2028,15688945362047.299,731620503.5096121,0.0,1882779002483.4531,901086666032.3589,232267023847.5719,0.0,45392675321.14669,12520704009.573841,1133353689879.9307,0.0,9119.297570303788,749425312603.5225,704032637282.3757
latam,2028,12705446901106.248,292838709.23145103,0.0,980453671656.3622,680775066275.5209,106898902746.48172,0.0,18012430570.38525,6771834187.6822605,787673969022.0026,0.0,15852.009111984375,192779702634.35962,174767272063.97437
seasia,2028,12718677015599.986,324682702.37365323,0.0,1066584084150.3657,675406264869.7678,105384632503.63481,0.0,4193364924.7934413,8180210388.834539,780790897373.4026,0.0,14316.766516730313,285793186776.96313,281599821852.1697
russia,2028,11695513388058.348,143347611.76392063,594168.4128335802,657224458605.3595,585595007392.7522,67588484112.244156,26605347880.260056,0.0,5035016469.715449,651016453028.1743,2167038476.8221936,22301.31967664412,6208005577.185181,30646314980.623043
mena,2028,13455498783210.33,222610590.804974,419757.93913001654,1644863120067.5908,760176453481.2828,211072377099.7323,1052748789.1713183,0.0,5921781918.738773,968256391553.4734,2992439027.5418777,22510.072830855686,676606728514.1174,674667038275.7468
ssa,2028,4733483189486.257,449578940.2804965,0.0,774562322828.6128,225316376061.52432,36995445657.17299,0.0,8081306966.990205,6129588931.328892,262311821718.69733,0.0,4153.888135378867,512250501109.91547,504169194142.92523
us,2029,42646088801579.836,170199123.57660076,3774276.145003547,1939135598401.615,2148309065598.9436,235696052854.531,391987994912.54895,0.0,11479695596.444384,2335929944856.771,48075173596.70397,64853.46001565609,-396794346455.156,-52881525139.31103
oecd-ex-us,2029,54675928051373.14,377860471.98397523,5087528.083989397,2273701447030.191,2837658103311.6753,314545321549.86053,335694009268.27826,0.0,13962986847.535206,3109929469862.3496,42273954999.18669,44323.34507815357,-836228022832.1587,-542807968563.06714
china,2029,53923893632207.1,711673241.8186901,0.0,2404158470180.156,2807010151032.8945,334387486051.3334,0.0,17535464098.200928,27987200037.079,3141397637084.228,0.0,26429.915961202536,-737239166904.0723,-754774631002.2732
india,2029,16506119044597.94,740026922.1974145,0.0,1870221153558.1516,917840468289.1948,246313887099.33606,0.0,43616563230.3123,154723447611.32904,1164154355388.5308,0.0,9532.379329332112,706066798169.6208,662450234939.3086
latam,2029,12869905992465.46,293355724.8972397,0.0,966849633673.1348,683689095297.8651,107930533783.73996,0.0,17435107385.766567,6664194153.452531,791619629081.6051,0.0,16433.209741931896,175230004591.52966,157794897205.7631
seasia,2029,12985730788476.898,326129654.00779676,0.0,1052511161620.5931,681335368750.0762,106751737435.44753,0.0,4855990295.8020525,7485707737.633665,788087106185.5237,0.0,14864.373793171797,264424055435.06946,259568065139.2674
russia,2029,11722290141743.041,143965892.89945215,788952.1523253231,649632955701.6627,586494529168.7095,67801843864.53427,26309211138.821663,0.0,5130959877.450715,651049724296.5012,3246648736.7423964,23000.90659669084,-1416768594.838501,21645793807.240765
mena,2029,14222308078179.74,225911857.74651855,412090.34195287817,1638918506410.6448,777696291825.0342,224364299834.79477,0.0,6107155047.314867,136058535265.91975,999116782327.8273,2943809332.0018926,23212.963919281494,639801724082.8175,630750759703.5007
ssa,2029,5261781968207.946,471521199.3722411,0.0,787561354406.0685,239381747456.4029,40314222143.71039,0.0,8266411783.233646,28699805698.968998,279695969600.1133,0.0,4393.567717593679,507865384805.9552,499598973022.72156
us,2030,42578234085564.37,170474124.70955014,4707335.2108542025,1912240952991.4062,2150045604589.1099,236335279705.5162,394976215411.34845,0.0,11308999876.430605,2322573463897.968,63807420396.65833,65840.10188919432,-410332510906.5615,-79163715891.8714
oecd-ex-us,2030,54113781151983.14,375870907.26837814,6272638.447711408,2226831612622.352,2822665879042.98,311427556119.52423,331458429905.4874,0.0,13656493244.688616,3078674117693.7715,55419317468.73271,45255.29305182552,-851842505071.4194,-575803392634.6647
china,2030,53120603510644.43,704101730.6651921,0.0,2293702293488.2036,2779983714111.8667,328382662883.27325,0.0,16481499640.985968,27855461585.21858,3108366376995.14,0.0,27195.727807779884,-814664083506.9365,-831145583147.9225
india,2030,17137686698015.057,747847719.2685412,0.0,1853533684669.2004,935890875282.7771,257482451490.84943,0.0,41646008435.85619,13053303957.395819,1193373326773.6265,0.0,9959.777508732528,660160357895.574,618514349459.7178
latam,2030,13163112896884.863,293612658.1737176,0.0,950911364031.2926,684536777848.3069,110569060595.79909,0.0,17373953453.473175,154775332285.69116,795105838444.106,0.0,17030.323695723804,155805525587.18665,138431572133.71347
seasia,2030,13367111265811.482,327319970.20872635,0.0,1036078370052.259,684905151550.4458,109703039052.42732,0.0,3418224161.8140216,143328522047.01978,794608190602.8732,0.0,15427.68486150673,241470179449.38586,238051955287.57184
russia,2030,11904622341810.66,144176010.93821204,972268.2323063787,640366400385.6783,585544935273.4656,69672657499.46365,25093735644.16433,0.0,172089656810.7098,650963761651.4016,4253831121.5277452,23716.746981368073,-10597361265.723267,10242543256.913319
mena,2030,14809134954785.965,228861287.0042478,404077.349001941,1628384399447.7568,796087887240.44,235218682371.78677,0.0,16148675342.88878,5897722113.578658,1028440619320.593,2865950291.6335797,23932.10930710392,599943780127.1638,580929154492.6415
ssa,2030,5760834055749.978,493671516.3374953,0.0,799271205242.1667,254235549738.90247,43227521124.051025,0.0,8797056868.12363,6041010030.939657,297463070862.9535,0.0,4644.205249223411,501808134379.21326,493011077511.0896
us,2031,43171766130460.664,170693781.10020733,5641630.198635009,1887608517512.7397,2145551958299.7378,242887531070.40228,400502519553.92554,0.0,693860497199.7382,2309948341778.864,78491147591.27637,66841.54316421963,-422339824266.124,-100328452303.47485
oecd-ex-us,2031,54368955929426.63,373684113.8348654,7413511.913861776,2179979183582.0564,2800396471004.124,316394597181.9701,323275154425.58765,0.0,868711507621.9498,3049401943159.0464,67389125027.047714,46202.73363074432,-869422759576.99,-613536730178.4501
china,2031,52241041244096.74,705906426.2379457,0.0,2183185167964.597,2750424078997.9595,322035620920.42084,0.0,18185034705.97389,27897300112.06715,3072459699918.3804,0.0,27977.989736417916,-889274531953.7834,-907459566659.7573
india,2031,17723769416353.383,755183768.6015286,0.0,1836538935794.48,953197418196.1997,267703050122.11542,0.0,41629947068.135864,12074197930.307558,1220900468318.3152,0.0,10401.817343343451,615638467476.1648,574008520408.0289
latam,2031,13289604030764.295,293710045.49361914,0.0,934598077855.8599,686605925510.3721,111237743673.1932,0.0,16998174662.522558,6734899869.6541605,797843669183.5653,0.0,17643.627903711116,136754408672.29456,119756234009.772
seasia,2031,13589021069300.256,328312602.51356053,0.0,1018663887360.827,689873444295.0957,110737486708.56589,0.0,3760296259.1390443,7617143390.738654,800610931003.6616,0.0,16006.98649853841,218052956357.1654,214292660098.02637
russia,2031,11906431037775.326,144297007.29290912,1130956.0841406903,630361448838.52,585927597895.9463,69766835397.39017,21972204061.630775,0.0,5169476357.841972,650451134580.2803,5243298713.056004,24449.08579715517,-20089685741.760254,-3360780393.185482
mena,2031,15355539030630.82,231664138.65896532,396073.39132556244,1616061167608.3926,813310337343.1971,245173801789.73383,0.0,17072686978.973425,5899734348.364947,1055693255770.4008,2790883362.530216,24667.753166027112,560367911837.9918,540504341496.48816
ssa,2031,6253771904547.338,516092065.33007777,0.0,810610044738.8975,269261595323.37247,46120014353.24962,0.0,8203035364.839567,5912449099.924475,315381609676.6221,0.0,4906.152742525057,495228435062.2754,487025399697.43585
us,2032,43064103940492.86,170867152.48142457,6582691.784001259,1864113621136.0356,2146064207490.5835,241837764760.4903,404158401964.9729,0.0,11967759182.281345,2295237394835.326,92664577415.74881,67858.00578844365,-431123773699.2905,-119629949150.06644
oecd-ex-us,2032,53744899646455.99,371347266.55371076,8552712.896831492,2133590266768.3008,2782875689223.5176,311683604010.92096,323237492273.2103,0.0,13675251222.28937,3016078850432.541,78480442801.89774,47165.883974343735,-882488583664.2402,-637731534192.9276
china,2032,51282316330583.55,697191415.155334,0.0,2065446385987.1753,2718233465386.261,315337705080.5615,0.0,17609628192.7937,27009499159.25808,3033571170466.8228,0.0,28776.937962116455,-968124784479.6475,-985734412672.4412
india,2032,18266066350876.945,762018994.6454548,0.0,1819200755692.712,969654877924.9515,276979518183.7412,0.0,42471554721.23166,12202129660.768414,1246634396108.6929,0.0,10858.826810265658,572566359584.019,530094804862.78735
latam,2032,13397354097840.822,293645916.7295362,0.0,917994935995.4098,688257740442.4156,111729032827.78325,0.0,16701817938.918743,6443722290.240641,799986773270.1989,0.0,18273.401366102265,118008162725.21094,101306344786.29219
seasia,2032,13786338901626.666,329097105.3613121,0.0,999433243845.6493,694337252911.3281,111594649331.95222,0.0,3778535292.8438797,7595026016.894198,805931902243.2804,0.0,16602.567574975026,193501341602.3689,189722806309.52502
russia,2032,11900981664405.523,144375956.08344492,1319067.7111063618,619070738956.1033,585933450510.6615,69691669291.73007,25937712707.585533,0.0,5167294768.902168,649613136522.0577,6011983280.333828,25198.170303876817,-30542397565.954468,-10616668138.702763
mena,2032,15860313493996.87,234304364.5728206,392180.57025498577,1601927063762.0005,829789987434.198,254004300684.1777,0.0,19082978212.652245,5724665935.083237,1081429657403.3442,2364630715.031254,25420.141972649904,520497406358.65625,499049797430.9728
ssa,2032,6738657240809.313,538680229.6903177,0.0,821611590413.5635,284484305217.2395,48992620539.621025,0.0,9157683868.171597,5908355473.444615,333476925756.86053,0.0,5179.767549924288,488134664656.70294,478976980788.5314
us,2033,42936176042962.37,170991249.6043728,7524933.26939128,1841489415116.9321,2146112601696.458,240745833627.12863,405638800262.3506,0.0,11802322413.795525,2279836142304.0938,107022293019.49274,68889.71503944589,-438346727187.1616,-139730219944.30377
oecd-ex-us,2033,53094754374063.68,368852870.372682,9676659.741689086,2088256523851.1072,2764302567835.48,306915863248.9954,319592086941.6543,0.0,13224547899.414507,2981580144311.762,89638286772.71367,48144.96450873834,-893323620460.655,-663369820291.7144
china,2033,50244046687219.0,687878337.143776,0.0,1944923201251.4167,2683349760111.6836,308287370913.8003,0.0,17660840756.675835,26105127166.206383,2991637131025.484,0.0,29592.811247434103,-1046713929774.0671,-1064374770530.7429
india,2033,18767469091468.832,775169019.1389859,0.0,1801868793872.3167,985243312188.5223,285358378254.96796,0.0,41540554177.19762,11676191340.260668,1270601690443.4902,0.0,11331.136601512213,531267103428.8264,489726549251.6288
latam,2033,13487081724753.521,293422587.69262445,0.0,901208816000.5286,689481941111.3961,112044433598.4661,0.0,16323017477.6708,6368203099.704571,801526374709.8622,0.0,18919.925184693802,99682441290.66638,83359423812.99557
seasia,2033,13959282617779.297,329666879.61695534,0.0,980009534323.533,698265342127.9357,112266927318.59883,0.0,4257309863.1096377,7723761138.745647,810532269446.5345,0.0,17214.719077399044,169477264876.9984,165219955013.88876
russia,2033,11883411030715.457,144376754.36222324,1504817.0135920017,606929972908.1287,585784248789.3059,69578789183.45566,25697476251.646393,0.0,5164955122.92067,648413722202.5029,6949315770.258598,25964.250109372333,-41483749294.37427,-22735588812.986473
mena,2033,16323902345498.904,236781230.12289435,390307.75167611905,1585998194441.233,845456451187.2362,262246141394.8133,0.0,20256029830.888298,5549279473.732376,1105544999725.1533,2157592856.896444,26189.52456350803,480453194716.0796,458039572028.29486
ssa,2033,7215519632842.59,561439253.4538388,0.0,832275839748.453,299831375436.7191,51835519387.082245,0.0,9647124852.35392,5900571960.976711,351666894823.8014,0.0,5465.412286013566,480608944924.6516,470961820072.29767
us,2034,42793979339241.64,171080850.70568708,8487695.548890913,1816070905450.151,2145643142657.264,239589178066.55942,415308721578.3169,0.0,11655989974.619839,2263784775574.5454,121447545149.27846,69936.8995746124,-447713870124.39453,-153852693695.35608
oecd-ex-us,2034,52419519968690.8,366204858.4439963,10794715.643772684,2040374805816.8413,2744586727713.9946,302145752043.62866,318722851019.6681,0.0,12400417548.224613,2945971963159.6235,100760516597.99962,49140.198980262394,-905597157342.7822,-687634822921.1138
china,2034,49130938514165.7,677985332.2968321,0.0,1822543700643.7183,2645677484923.743,300859594330.1088,0.0,15693121979.94595,26578327536.779522,2946537079253.852,0.0,30425.850962392054,-1123993378610.1338,-1139686500590.0798
india,2034,19223992198122.055,780985213.6345345,0.0,1783188957762.277,1000054221433.5769,292895782690.38196,0.0,45510062919.1481,11794215934.05667,1292950004123.959,0.0,11819.080099483755,490238953638.3181,444728890719.17004
latam,2034,13558039699719.441,293033307.01533234,0.0,882823723773.8284,690283164457.7122,112194272739.70502,0.0,15570999492.871126,6182687882.374419,802477437197.4172,0.0,19583.48259699224,80346286576.41113,64775287083.54001
seasia,2034,14108588542072.123,330037045.8871178,0.0,960304512916.0272,701645735726.9318,112771955997.44962,0.0,3771312406.6162496,7190415507.787654,814417691724.3813,0.0,17843.734132856633,145886821191.64587,142115508785.02963
russia,2034,11852902193419.922,144293316.27402788,1688812.8114557068,593537636094.4982,585310870292.4181,69399882588.20456,25548275493.553623,0.0,5116003997.039742,646832746763.1953,7878006117.427182,26747.577225625948,-53295110668.69714,-35624841292.5707
mena,2034,16744275127509.764,241387958.2201147,388343.8572253301,1567066437647.8284,860300344873.706,269897540880.45853,0.0,21970353472.247826,5474583589.444278,1128051843451.0667,2146042303.0978684,26976.152191552625,439014594196.7617,414898198421.4161
ssa,2034,7684345055562.596,586685813.8872256,0.0,841857191003.3544,315312268673.9895,54652601708.96142,0.0,8885691206.142256,5818793305.745516,369964870382.9509,0.0,5763.4547487528625,471892320620.40344,463006629414.26117
us,2035,42620477467327.195,171095973.19448745,9435929.609916586,1787638897483.4773,2144868009437.26,238502081490.17593,410739011020.2252,0.0,11490310509.323069,2247008301231.777,136361789695.65826,70999.79148182356,-459369403748.29956,-184992182423.7326
oecd-ex-us,2035,51710448032788.34,363366884.8374859,11877673.029752782,1989090424773.461,2723749637855.6597,297361537150.0856,310068067779.11475,0.0,12880746550.739216,2909154967097.9355,111956207907.80835,50151.81450967642,-920064542324.4746,-721952682453.1682
china,2035,48649669354183.28,667471727.1993253,0.0,1699601658996.3418,2600659088156.6973,301682896758.8673,0.0,17932550707.05335,739403716643.8173,2902341984915.5645,0.0,31276.301145481142,-1202740325919.2227,-1220672876626.2761
india,2035,19637686868549.652,786283488.8320787,0.0,1762443174043.372,1013861883533.6997,299579713908.86707,0.0,46139714798.42812,10832808625.215656,1313441597442.567,0.0,12322.993355349145,449001576600.8052,402861861802.3771
latam,2035,13609300301657.209,295869894.2251423,0.0,862997929216.6362,690636913629.4653,112172148872.1545,0.0,15113980483.855019,6185715706.608428,802809062501.6199,0.0,20264.359012709418,60188866715.01636,45074886231.16134
seasia,2035,14233833658027.352,330190513.8719189,0.0,939651503829.441,704513144825.2606,113112223811.94263,0.0,3860508464.185726,7079489227.177722,817625368637.2032,0.0,18489.90803605888,122026135192.2378,118165626728.05206
russia,2035,11809225499669.66,146248092.65090337,1874090.4410044411,579094578933.2268,584485625165.2012,69155401661.6634,25821594454.093758,0.0,5048159689.281019,644836525160.0187,8804501666.84577,27548.40612633718,-65741946226.79187,-48724853439.543884
mena,2035,17122189089750.314,243497635.0019746,386179.1985431132,1545780939354.1533,874212367568.6503,276758328614.66223,0.0,22183585778.654243,5287304848.3643675,1148825522147.2004,2145174036.1120648,27780.278584044616,396955417206.9529,372626657392.1866
ssa,2035,8144210291935.753,609766809.7894721,0.0,850322409981.3608,330937749751.5217,57442893483.74401,0.0,7846437216.1838665,5769906843.245257,388380643235.26575,0.0,6074.267840154052,461941766746.0951,454095329529.91125
us,2036,42421297246035.086,173769906.2959608,10377670.202911954,1760253317288.8354,2143206899466.8796,237295896502.3761,409726832182.62195,0.0,11342425205.680185,2229384847134.465,151117948834.79053,72078.62633090236,-469131529845.6294,-210522646497.79797
oecd-ex-us,2036,50971171051906.234,366210031.5502844,12936116.593811192,1937672293860.1416,2701445720404.5015,292476955823.8412,304525994434.6164,0.0,12447407051.422453,2871046211289.4824,122876464938.86186,51180.04164705318,-933373917429.3408,-751724387933.5862
china,2036,47384880904902.445,656383946.0904896,0.0,1578366046751.246,2557879615704.7173,293577159574.82434,0.0,16927963653.762995,25230242901.23183,2851456775279.5415,0.0,32144.40856575911,-1273090728528.2954,-1290018692182.0583
india,2036,20012281501160.742,791113002.5087725,0.0,1740643937047.4648,1026760476812.081,305443012008.23975,0.0,44699241268.142555,10853425652.085794,1332203488820.3208,0.0,12843.215070404938,408440448227.14404,363741206959.00146
latam,2036,13641312991074.465,295120797.2009527,0.0,843560996705.9412,690497190487.2311,111979831536.6229,0.0,15021081585.428085,5949796320.595706,802477022023.854,0.0,20962.8420526122,41083974682.08716,26062893096.659073
seasia,2036,14335697449681.006,333603036.0324529,0.0,919323147553.3909,706820124115.1409,113285975429.69753,0.0,4410633395.109099,7057377040.220464,820106099544.8384,0.0,19153.538279183922,99217048008.55249,94806414613.44339
russia,2036,11752938096466.393,145993699.4717903,2056497.7375132206,565079084015.978,583295097845.2596,68840221674.14809,25564563273.884537,0.0,5204269026.283403,642386679170.6416,9748640348.766075,28366.993805910806,-77307595154.66357,-61491672229.54511
mena,2036,17461136774747.871,245444489.76857924,383761.07439145603,1524940636905.7805,887204925808.349,282834309988.22705,0.0,21254901769.21139,5301185657.567787,1167896233739.0356,2143002057.540269,28602.160001844866,357044403166.7449,333646499339.9932
ssa,2036,8592641922177.789,632863443.3648041,0.0,858386929833.7767,346681414692.25653,60201754993.97603,0.0,8828025974.66853,5755896069.163638,406883169686.23254,0.0,6398.229486727132,451503760147.5442,442675734172.8757
us,2037,42204641629299.33,173677700.04923832,11325092.951473828,1734949884932.2778,2140811433103.8325,235984962638.25183,414001799191.28516,0.0,11189094882.718695,2210959536274.1377,165836859467.94717,73173.64322583453,-476009651341.85986,-227844711618.52188
oecd-ex-us,2037,50208696230940.016,363042971.4855948,13982051.052479124,1888048612106.5337,2677781217161.139,287515518613.33215,302503418461.36597,0.0,12269884240.371088,2831655291889.822,133641443884.6478,52225.114427354754,-943606679783.2881,-774744705206.57
china,2037,46049787654611.39,644715821.3913056,0.0,1453746015210.638,2512442839632.1567,285195609752.0109,0.0,15233948284.623085,24033132167.094654,2797638449384.1675,0.0,33030.42278602598,-1343892434173.5295,-1359126382458.1526
india,2037,20487953057860.47,795395011.7971394,0.0,1718717993511.4424,1034711345974.4404,312505730758.3477,0.0,46829545300.932144,151000185222.00247,1347217076732.788,0.0,13380.086580480644,371500916778.6543,324671371477.72217
latam,2037,13655167881497.846,294198111.6949389,0.0,824475568453.3367,689862674177.0902,111627266122.1644,0.0,14862404188.493872,5731666457.795556,801489940299.2546,0.0,21679.22158970571,22985628154.08203,8123223965.58816
seasia,2037,14416927918485.643,333359474.05820996,0.0,899757841343.8031,708561546938.6074,113300821900.3178,0.0,3697787322.9516835,7032783622.695325,821862368838.9252,0.0,19834.92458426673,77895472504.87793,74197685181.92624
russia,2037,11684443949532.46,145653542.1553806,2227706.9287200295,552631458834.8324,581739618535.6444,68475244355.66349,24225107411.68388,0.0,4864149710.861058,639521413560.2703,10693449331.037611,29203.599839846298,-86889954725.43787,-73358296644.7916
mena,2037,17763025201152.42,247232895.18705404,381018.71895134775,1504918191984.148,899364824339.7694,288187370628.53613,0.0,20739020804.437737,5261450193.153147,1185414229139.4092,2137965828.8962948,29442.055300080377,319503962844.7388,296626976211.4047
ssa,2037,9030241976959.078,655997036.6868502,0.0,865966212697.7748,362450769618.3206,62912875747.80996,0.0,8884209989.530647,5881697439.174167,425363645366.13055,0.0,6735.7225599628055,440602567331.6442,431718357342.1136
us,2038,41973292109656.19,173543377.7592241,12277383.60829639,1712028581991.354,2137919391258.0696,234706719060.1656,418194857082.6339,0.0,11053151601.158686,2191918682633.2122,180707427685.02322,74285.08485777202,-479890100641.85815,-242402671244.24747
oecd-ex-us,2038,49430120914859.91,359739005.493426,15024793.159133244,1841977770948.4697,2652928342915.7676,282807270003.1861,303242890051.00397,0.0,11939635839.376713,2791403101782.5127,144332511136.442,53287.270426712654,-949425330834.043,-790514951919.4811
china,2038,44660387406879.234,632523151.7589501,0.0,1343092510809.9075,2464306682875.4253,277288208862.5954,0.0,14629719906.44081,23731853102.407692,2741594891738.0205,0.0,33934.596227066046,-1398502380928.113,-1413132100834.554
india,2038,20783756721980.938,799044622.8169417,0.0,1696342162133.61,1045613671120.5093,318867887804.22296,0.0,46789369130.25209,10732430041.844297,1364481558924.7322,0.0,13933.95184345038,331860603208.8779,285071234078.62585
latam,2038,13651496563403.297,293091782.8809545,0.0,805361254344.7062,688749585651.263,111850162129.62175,0.0,14119235738.26534,5686411079.88922,800599747780.8846,0.0,22413.789792727977,4761506563.821533,-9357729174.443808
seasia,2038,14477577998758.27,332906748.58561724,0.0,881079448447.0776,709821282696.9117,113905436588.95917,0.0,3576857931.704577,6874209043.128249,823726719285.8708,0.0,20534.368938161053,57352729161.20679,53775871229.50221
russia,2038,11608934411585.576,145257666.3197276,2408208.7078050836,541811122105.80115,579817067881.9032,68069337716.30868,25616205312.42442,0.0,4949540233.085289,636317811256.8389,11568594341.373018,30058.486446507162,-94506689151.03772,-80459078179.98631
mena,2038,18026939786542.816,248806482.73937607,377879.7132981745,1486514791957.793,910717220776.0615,294551458413.49316,0.0,22465932669.232388,5134405291.3846245,1203140289099.9797,2128390089.574954,30300.225990167473,283374502857.81323,258780180099.0059
ssa,2038,9486152009632.156,679069184.3527353,0.0,873001992869.2487,376283428677.1646,66252881844.15128,0.0,9782944511.112755,35227294836.25629,442536310521.3159,0.0,7087.134797121599,430465682347.93274,420682737836.82
us,2039,41714313934194.65,173335749.01888692,13199655.590568036,1690747616347.5635,2134589555880.52,233391116846.84628,408129889962.8151,0.0,10124990955.430868,2172265059585.8306,195715613141.53616,75413.19755883177,-481517443238.2671,-269103166416.98813
oecd-ex-us,2039,48628905710070.195,356271027.6394369,16026635.00457209,1798625357287.228,2627059112868.4336,278044651681.88007,293824323644.6587,0.0,11438878828.759993,2750055853237.1206,155047911313.19354,54366.75081942342,-951430495949.8926,-812654083618.4275
china,2039,43235178804262.42,629541937.9665658,0.0,1249446432557.2322,2413746456605.2173,269155347810.05075,0.0,13449542295.00376,21696311536.221992,2682901804415.268,0.0,34857.18423294564,-1433455371858.036,-1446904914153.0396
india,2039,21043044142254.85,802106458.7996165,0.0,1673207503946.3643,1055479941505.2894,324315679405.0522,0.0,45097411241.49787,10972948479.39296,1379795620910.3416,0.0,14505.157429905297,293411883036.0227,248314471794.52484
latam,2039,13775386484156.873,291795561.7831374,0.0,786520294128.9302,684999410331.2256,113610314642.74803,0.0,14259602458.191673,150238954056.81424,798609724973.9736,0.0,23166.841171932578,-12089430845.043457,-26349033303.23513
seasia,2039,14518080506069.303,332238307.12317747,0.0,863089376427.8813,710553227080.3197,114325395697.03043,0.0,4425875143.992187,6717628804.502788,824878622777.3501,0.0,21252.175630055888,38210753650.53125,33784878506.539062
russia,2039,11524717996742.63,144791929.56220978,2578329.9842587123,531848990878.2868,577669491102.3696,67624160483.90963,24403668848.827446,0.0,4824577016.23759,632795978653.9645,12497672932.314985,30931.918550251008,-100946987775.67767,-89040991859.1652
mena,2039,18406826549285.566,250232691.71375564,374477.40668690944,1470398268831.621,916524430579.9423,301933661959.8245,0.0,19795188620.001152,147741775070.90164,1216368845824.0964,2089246715.67029,31176.93630317324,254029423007.52466,232144987671.8532
ssa,2039,9900883428731.56,702085123.0831972,0.0,879508773777.0349,391911880264.15063,69120560418.21442,0.0,10004489201.06533,6259575205.801912,461032440682.36505,0.0,7452.858722594691,418476333094.66986,408471843893.60455
us,2040,41441405556040.836,173076599.37807006,14118612.198518258,1671649810617.1572,2130350091979.1143,234299382775.24533,409319781752.6059,0.0,10771504230.80367,2154424054702.6584,210225420051.70197,76558.2313567015,-482774244085.5012,-283679882384.5973
oecd-ex-us,2040,47817424826158.08,352660798.8517176,17033811.405283067,1758280172271.7996,2599894870306.2764,278996552724.4736,297281129472.2029,0.0,11849237374.557043,2713535008416.5127,165356414614.23807,55463.80043567204,-955254836144.7131,-823330121286.7483
china,2040,41784569131499.22,616505897.6320109,0.0,1172192608540.686,2361225900345.6587,267785760688.80768,0.0,14871217253.193073,21080596983.811516,2629011661034.4663,0.0,35798.4451373568,-1456819052493.7803,-1471690269746.9734
india,2040,21259855086336.668,804346222.883167,0.0,1650415050645.6836,1064387613182.1998,333992411879.0929,0.0,46219830034.238045,10995748531.668507,1398380025061.2927,0.0,15094.052517035112,252035025584.39087,205815195550.15283
latam,2040,13737656933378.832,290289983.451915,0.0,768526905180.5873,682857118042.8354,115621633555.60289,0.0,13669149901.766245,5891445541.577684,798478751598.4384,0.0,23938.672627134798,-29951846417.851074,-43620996319.61732
seasia,2040,14538924568539.928,331338299.64558965,0.0,846096052498.9224,710738635709.9398,116484567807.38431,0.0,4677807939.694394,6649021428.72016,827223203517.3241,0.0,21988.651291527007,18872848981.598267,14195041041.903873
russia,2040,11601107465684.926,144285555.24327958,2771267.531729252,522518897223.0318,573792042457.5267,69471233268.84427,27787728725.852894,0.0,169346118719.78482,630057565650.512,13205710075.858788,31824.163845901876,-107538668427.48016,-92956649777.48605
mena,2040,18610604037502.43,251430843.8552941,370724.4121623147,1455481378463.108,925977863767.5132,310641198147.22754,0.0,20316661841.19171,5231833509.683146,1234548185240.4082,2070876674.3326612,32072.453254497323,220933193222.6997,198545654707.17532
ssa,2040,10303053539103.209,725007978.2716004,0.0,885501924756.5226,407523108123.4908,72214026445.54396,0.0,10062424025.658056,6467744209.816529,479737134569.0347,0.0,7833.2915700960575,405764790187.48785,395702366161.8298
us,2041,41840958276499.37,172765881.3960448,15031711.960128851,1653370200824.6565,2120543691845.3735,240928463081.66217,412066582414.54614,0.0,695588092146.3246,2139816156297.3252,221655998629.71082,77720.4400300647,-486445955472.6687,-296035371687.8334
oecd-ex-us,2041,46999315991162.8,348921790.2371215,18053432.427334163,1719220355738.9873,2571699673016.5396,279545184660.45026,302941912448.5277,0.0,10973754494.21676,2675471078524.269,175773779152.71976,56578.66781999596,-956250722785.2817,-829082589489.4738
china,2041,40330980447538.25,603150575.2057368,0.0,1114326263100.2114,2306738945129.6826,266047598113.48798,0.0,15453914161.676046,20325510343.628418,2572786543243.1704,0.0,36758.64033099737,-1458460280142.959,-1473914194304.635
india,2041,21437706445090.496,812239761.075757,0.0,1627435145386.045,1071957526423.7375,342448922196.49524,0.0,44998415570.68716,9821077558.695791,1414406448620.233,0.0,15700.988885761122,213028696765.812,168030281195.12485
latam,2041,13683142567166.447,288571370.8621549,0.0,751116347421.9086,680156106529.8093,117361229371.67337,0.0,13835863964.553652,5722486231.73966,797517335901.4827,0.0,24729.583497995896,-46400988479.5741,-60236852444.12775
seasia,2041,14682224099100.316,330229084.7687895,0.0,830231917385.3751,707552435570.2788,120198971759.73454,0.0,4457227375.574236,145276247880.5927,827751407330.0133,0.0,22744.10493910228,2480510055.3618164,-1976717320.2124195
russia,2041,11505582955170.045,143708827.01304838,2954073.028452215,513581578995.23566,571243790263.5619,69542234588.03069,26646492336.933987,0.0,5033443004.540997,626593372982.4983,14192651869.09404,32735.492864546854,-113011793987.26263,-100557953519.42268
mena,2041,18782017015920.625,252396185.16616604,366595.2756575599,1441232608159.4932,934377522404.5032,318379249484.1997,0.0,22218301895.114986,5155444042.522664,1250709063825.2632,2047708063.4396763,32987.046709856564,190523544334.22998,166257534375.67532
ssa,2041,10691750653193.254,747798041.6446167,0.0,890859224937.8053,423101658339.2792,75237663140.68657,0.0,10349178395.661867,6526389027.867935,498339321479.96576,0.0,8228.835205939338,392519903457.83954,382170725062.1777
us,2042,41558901725270.95,172450212.80144486,15975424.390700996,1633112777839.944,2115272734879.7446,238896475482.42108,427998003850.77856,0.0,11001877443.053965,2118264349536.2266,235904860825.9395,78900.0811648572,-485151571696.2825,-293058428671.4434
oecd-ex-us,2042,47003667738186.59,345090488.32109153,19080800.980470896,1681804998119.394,2539961416126.4746,283339672810.17664,309292668509.24615,0.0,836555169331.7965,2639519926599.898,183781162336.75122,57711.60529050268,-957714928480.5039,-832203422308.009
china,2042,38894895149739.4,589617372.744821,0.0,1067657700080.41,2250828227281.014,257646959564.5908,0.0,15286158185.493963,20018347151.860332,2508475186845.605,0.0,37738.03432997924,-1440817486765.1948,-1456103644950.6887
india,2042,21587653904988.477,813379460.37978,0.0,1603350196873.194,1078287420890.233,337683102061.6847,0.0,47378900071.14054,9946686047.846733,1415970522951.9177,0.0,16326.320921157347,187379673921.27637,140000773850.13583
latam,2042,13617190159028.97,286729050.937708,0.0,733748675674.5317,676883460045.8275,115073372040.15279,0.0,13341327667.88317,5597075941.855182,791956832085.9803,0.0,25539.87561651919,-58208156411.44861,-71549484079.33177
seasia,2042,14675464676791.068,329007822.7116911,0.0,814703670797.6555,706578640492.6003,118260476648.7972,0.0,3574470217.617685,6950494252.118627,824839117141.3976,0.0,23518.848019317935,-10135446343.742065,-13709916561.35975
russia,2042,11407170258240.73,143099890.4237332,3145598.2868001997,505750327137.58997,568410051221.2275,68655015483.0915,28050891089.25353,0.0,4851151548.150513,621937711361.7936,15127355342.52567,33666.17904063973,-116187384224.20361,-103263848477.47575
mena,2042,18935270684485.84,253304149.1378075,362151.1180664416,1427410322683.7578,941703491523.3143,315301284971.63055,0.0,22253985741.900967,5102108118.293344,1254985105507.5461,2019670987.3986716,33920.9894525558,172425217176.21167,148151560446.91202
ssa,2042,11068034837371.822,770574344.83103,0.0,895538374497.341,438608634885.9835,76418896665.56215,0.0,11029476074.143053,6802817306.914198,515027531551.54565,0.0,8639.896053646182,380510842945.7953,369481366871.6522
us,2043,41254772664533.92,172070830.6802421,16889512.034302875,1612378460513.7815,2110037803858.0596,236537078656.83667,419003073696.2119,0.0,11064287567.891022,2095930515889.5085,250644366625.3884,80097.41621136758,-483552055375.72705,-315193348304.90356
oecd-ex-us,2043,46175996520262.95,341140777.3803676,20070892.133499306,1647851557197.5632,2510583415992.4824,277990973992.26355,301667498496.13165,0.0,11384116367.42133,2594260634821.632,194313755163.11334,58862.86899885407,-946409077624.0686,-839055334291.0503
china,2043,38125220949807.39,575997725.7173395,0.0,1028436988437.9966,2194146061090.0007,256323482974.0418,0.0,12367068747.207048,664725424441.2385,2450469544064.0425,0.0,38736.89484525687,-1422032555626.046,-1434399624373.253
india,2043,21713642114196.664,814281466.3732345,0.0,1578156935722.8706,1084007050604.0933,332468868136.6637,0.0,45476704511.625656,9783896737.693352,1416475918740.7568,0.0,16970.405616190892,161681016982.11377,116204312470.48811
latam,2043,13539467723808.62,284761288.710164,0.0,716305242942.7865,673272293834.8087,112488970343.11609,0.0,13645048996.89309,5378635011.677234,785761264177.9248,0.0,26369.85336173106,-69456021235.1383,-83101070232.0314
seasia,2043,14656064317517.549,327666322.2922269,0.0,799110638875.8998,705318397348.2157,116052139838.52863,0.0,3924786807.7459598,6784325845.067931,821370537186.7444,0.0,24313.194456241592,-22259898310.844604,-26184685118.590565
russia,2043,11304019573631.945,142442118.11077964,3320695.735271925,499035020012.4283,565449357273.5715,67666238085.75103,26104181271.867176,0.0,4825709466.248839,617003798053.5682,16111797305.753984,34616.498780395115,-117968778041.13995,-107976394075.02676
mena,2043,19067477399076.355,254131456.05418405,357336.81354039913,1413006685379.4214,948719834337.4562,312012744617.32416,0.0,25069757659.772915,5002365825.653414,1258772325044.3765,1960253910.403827,34874.557252028826,154234360335.04492,127204348764.86818
ssa,2043,11432284741600.799,795584855.6378614,0.0,899551773941.662,454127643447.86176,77463396526.10434,0.0,10512340983.60706,6801511244.887216,531591039973.96606,0.0,9066.885020125652,367960733967.6959,357448392984.08887
us,2044,40943167526608.91,171657526.35671642,17788710.37832586,1599280780120.5425,2103997501353.221,234125773445.15536,416337078396.74835,0.0,10900278356.048775,2073249430262.685,264873844535.69116,81312.71054219437,-473968650142.1426,-322505416281.0854
oecd-ex-us,2044,45360568990819.73,337135355.38625467,21048007.795964554,1625195422560.2463,2480259950288.6924,272358310100.59427,300898699152.40796,0.0,11096609233.383743,2548184044200.502,204434216188.78613,60032.718991030866,-922988621640.2556,-826524138676.6338
china,2044,36752418218404.445,562360127.0796541,0.0,1002656058360.2573,2137709333411.5647,246726660221.1389,0.0,10437831568.662464,19415035438.174854,2384435993632.7036,0.0,39755.4928530693,-1381779935272.4463,-1392217766841.1086
india,2044,21818962957121.375,814997073.1692393,0.0,1557714424722.6301,1089309657764.4774,327317402697.131,0.0,45639075221.24173,9872553884.924011,1416627060461.6084,0.0,17633.602578807277,141087364261.02173,95448289039.78
latam,2044,13454424013258.287,285985904.5773768,0.0,702087487773.8583,669309290359.366,109858301150.42128,0.0,13238044438.895535,5274437624.491404,779167591509.7872,0.0,27219.823716519313,-77080103735.92896,-90318148174.8245
seasia,2044,14627463875845.125,326243075.97163004,0.0,786679350283.4738,703741650679.054,113824523992.21445,0.0,4422080798.231287,6708463513.59947,817566174671.2684,0.0,25127.46070143643,-30886824387.794678,-35308905186.02596
russia,2044,11202647518909.566,141779245.00457084,3508590.227383596,494727445570.02216,562282046568.575,66671351729.73829,28086320587.189613,0.0,4767577418.713846,611950162049.8302,17003236248.483202,35586.731531457146,-117222716479.80804,-106139632141.10164
mena,2044,19187577429625.973,254957761.21077824,352292.4019623579,1401880338743.7898,955300092364.5956,308730079937.8042,0.0,22804500784.43288,5054364892.666558,1262170904058.8271,1859268243.572783,35848.02893363414,139709434684.96265,115045665656.95699
ssa,2044,11783604551404.447,818421139.1252389,0.0,904159712206.6267,469697084294.5685,78566374304.70601,0.0,11347110619.743893,6770666816.04224,548263458599.2745,0.0,9510.217423656746,355896253607.35223,344549142987.60834
us,2045,40633504001837.53,171227108.65907156,18676941.792273402,1592830253333.1567,2097556049342.7102,231837653190.91702,415568460193.39905,0.0,11331464235.681017,2050523641590.1345,278870060943.49243,82546.23351107248,-457693388256.9778,-320994989007.07117
oecd-ex-us,2045,44567828031722.13,333106165.4426375,22010870.680431996,1612484373404.8987,2449530403459.0024,266717016296.07812,299977176507.9121,0.0,11044910744.68468,2501823864147.8286,214423555607.25168,61221.419268890946,-889339490742.9299,-803785869842.2695
china,2045,35427051330103.88,548718871.7951776,0.0,987641894141.1903,2081191421112.4521,237215125377.68417,0.0,13064232577.508253,18461996625.889633,2318406546490.136,0.0,40794.10266638937,-1330764652348.9458,-1343828884926.454
india,2045,22069708381666.17,815673271.9989556,0.0,1542163932298.7334,1088906345954.7042,324565697783.96295,0.0,43992983931.69201,166046519916.4406,1413472043738.6672,0.0,18316.274042381192,128691888560.06616,84698904628.37415
latam,2045,13364820005205.357,283895534.83692586,0.0,691089738926.9862,665127944911.3428,107289092780.47139,0.0,13423675919.777454,5146966631.685292,772417037691.8142,0.0,28090.096326601,-81327298764.828,-94750974684.60545
seasia,2045,14594079523250.932,324797417.5898196,0.0,777377908224.9463,701942950228.7648,111679365802.38658,0.0,3689089341.1410255,6549144553.152944,813622316031.1514,0.0,25961.96578634,-36244407806.20508,-39933497147.3461
russia,2045,11104869293167.012,143205753.57638472,3703865.711976133,492908445278.6725,559104405056.5452,65737765976.39456,29373553162.742523,0.0,4781946848.966855,606878213720.3723,17963957312.56746,36577.15985382762,-113969768441.69983,-102560172591.52477
mena,2045,19297835327914.105,258019403.1301472,347007.2803192843,1394432281831.3726,961883722297.9941,305686833824.9212,0.0,21528713089.08617,4924885668.757281,1265772579131.6436,1797976991.2716491,36841.68644969097,128659702699.729,105333012619.37119
ssa,2045,12123027508217.582,841300874.4921942,0.0,909420740029.4889,485263074990.9423,79755716603.92017,0.0,12163630955.026295,7184639333.537873,565018791594.8625,0.0,9970.312923898071,344401948434.62634,332238317479.60004
us,2046,40322320632270.92,173445655.9628509,19548682.13309244,1585578176734.6804,2090945992449.102,229686308619.11676,412700395526.60583,0.0,11170359240.351957,2027982267871.4248,292650033196.7961,83798.25851258238,-442404091136.7444,-322353728806.93463
oecd-ex-us,2046,43800947656930.83,329068643.76145214,22973195.624357745,1599809045654.3398,2418656280292.8354,261208473433.23953,302994622058.35333,0.0,10180711222.112164,2455645314090.3013,224219439635.77267,62429.23785253541,-855836268435.9614,-777061086013.3809
china,2046,34150117920644.625,535092695.336737,0.0,972332261342.331,2024663145982.97,227865950667.25998,0.0,14796987041.665323,18060412890.295773,2252529096650.23,0.0,41853.00200737502,-1280196835307.899,-1294993822349.5642
india,2046,22149534911811.234,816298744.2701162,0.0,1525888101254.963,1093637176702.0729,320177176102.9685,0.0,42019091060.30861,9771872755.439709,1413814352805.0415,0.0,19018.784879548366,112073748449.92139,70054657389.61278
latam,2046,13270954669743.805,281763587.93955255,0.0,679880711675.0664,660798257047.1235,104916834057.52563,0.0,13051777501.563324,5020821469.593248,765715091104.6492,0.0,28980.983561591496,-85834379429.58276,-98886156931.14609
seasia,2046,14554448981175.748,326666818.716993,0.0,767814361341.4626,700070666287.7327,109744431989.55884,0.0,4009121004.411698,6379315865.0578165,809815098277.2915,0.0,26817.031377029933,-42000736935.82886,-46009857940.240555
russia,2046,11010035759593.58,142550806.08319545,3900746.757103444,491530226444.60126,555957804816.095,64881558149.38861,29891216801.442734,0.0,4584386146.008337,601889487596.0289,18949875369.454987,37588.069492039314,-110359261151.42767,-99417919719.43993
mena,2046,19394008938111.145,258840126.18717393,341419.43131608836,1386499526080.9165,968529886352.8425,303052315773.4304,0.0,23651804000.91519,4908090243.308616,1269819671582.5723,1762530543.7007482,37855.814951741886,116679854498.34424,91265519953.7283
ssa,2046,12449796995500.484,864199074.9209453,0.0,914057407203.0054,500872711410.5115,81236487996.51419,0.0,12305990862.442274,7127270349.354727,582109199407.0256,0.0,10447.5954541405,331948207795.97974,319642216933.5375
us,2047,40022648003705.27,173001108.81717044,20437274.563248828,1577448091919.6409,2084068615006.6453,227642853067.67316,423994826677.72125,0.0,10595920911.326998,2005594108313.663,306117359760.6551,85069.06304275487,-428146016394.0222,-310268549476.95605
oecd-ex-us,2047,43050960797179.586,330712624.84639156,23898920.524087846,1586890305393.1152,2387775132073.9795,255826374602.68622,296172155472.66046,0.0,10552186059.601925,2409660961448.9326,233940545227.73227,63656.44684349634,-822770656055.8174,-760539045810.8892
china,2047,32923243247105.953,530873547.0213805,0.0,956408551520.5977,1968194147372.8418,218724636079.65314,0.0,13759714379.768902,17395272773.002518,2186918783452.4949,0.0,42932.47208081798,-1230510231931.8972,-1244269946311.666
india,2047,22207657562559.332,816729218.6488729,0.0,1508720117241.2344,1098258739105.7527,316300787072.59406,0.0,45115310993.9951,9077370679.204632,1414559526178.3467,0.0,19741.502619429262,94160591062.8877,49045280068.89259
latam,2047,13172683069695.582,279591496.0543788,0.0,668392353479.6345,656341301581.0251,102759103559.39372,0.0,12504652880.112701,4941104492.668351,759100405140.4188,0.0,29892.800578146176,-90708051660.7843,-103212704540.897
seasia,2047,14508194283677.229,325148023.10255545,0.0,757882722264.1788,698074018688.7842,108030693214.89742,0.0,4276393295.6609254,6243685436.6482935,806104711903.6816,0.0,27692.981831348305,-48221989639.50281,-52498382935.163734
russia,2047,10917197757251.91,141889011.15736067,4092142.263018162,490352468007.9183,552825362247.7104,64114411529.54278,29477767432.07824,0.0,4271535995.58892,596995445220.1189,19944328557.134617,38619.74944856086,-106642977212.20062,-97109538337.25699
mena,2047,19479849158299.25,259679569.18975827,335648.1212981482,1378004381527.4385,974979446137.1288,300775430149.883,0.0,21326876065.41445,4917591013.095951,1274079692604.6853,1675183682.3264873,38890.70286402895,103924688922.75317,80922629175.01222
ssa,2047,12814045583149.383,887111326.7330384,0.0,918071131447.1552,513168598370.7624,83506110999.97423,0.0,11362657982.439526,54214823554.91901,596674709370.7366,0.0,10942.493156010009,321396422076.4186,310033764093.97906
us,2048,39716115480471.42,172521204.94566894,21302191.925824385,1568340205142.335,2077377830266.0393,225690574730.5446,418500217489.584,0.0,9695459130.770378,1983317479017.103,319750925979.481,86358.92876058511,-414977273874.76807,-316227982364.6651
oecd-ex-us,2048,42329746765230.59,326641911.03062516,24834227.25734453,1573570199147.3428,2356560496325.0464,250538808122.88113,302217358119.29834,0.0,10097715232.297808,2363892963501.8496,243206340946.07855,64903.32248876088,-790322764354.5068,-731311747181.2871
china,2048,31744906115415.613,517382264.9060426,0.0,939591027922.2119,1911935378657.7737,209867054911.46927,0.0,12167270686.028194,16041544642.693571,2121802433569.243,0.0,44032.797648586326,-1182211405647.031,-1194378676333.059
india,2048,22246867743748.496,817023614.7909336,0.0,1490600963417.689,1102504308770.1196,312822776146.4949,0.0,45157641624.6832,9093944312.782425,1415327084916.6145,0.0,20484.797468250978,75273878501.07446,30116236876.391266
latam,2048,13069031077894.89,277369348.7299996,0.0,656575492669.7251,651757923432.8314,100812051815.80122,0.0,12436722008.170877,4779212786.393151,752569975248.6327,0.0,30825.865385146346,-95994482578.9076,-108431204587.07848
seasia,2048,14455227454317.58,323590880.77736247,0.0,747527599915.2306,695946288414.2369,106539129250.31029,0.0,4218715172.844825,6209703562.505616,802485417664.5472,0.0,28590.144258355347,-54957817749.31665,-59176532922.161476
russia,2048,10826607409509.88,141218074.94434696,4276459.985143956,489091619444.691,549671464209.1843,63403551871.360504,28855878003.533447,0.0,4537170890.296736,592175545857.7441,20899470222.800644,39672.49205842056,-103083926413.05316,-95127518632.32036
mena,2048,19554558379161.906,260535086.00618106,329714.76058527536,1368898618021.0627,981369964788.4303,298897928688.54535,0.0,18699083120.52747,4777579439.099902,1278777142451.1055,1490751025.8702195,39946.64195817134,90121475569.95728,69931641423.55959
ssa,2048,13116952794264.566,909884333.349012,0.0,921419998787.6631,528631304560.42053,85519975411.67584,0.0,12241824165.004213,7880316464.620372,614151279972.0964,0.0,11455.438316819087,307268718815.56665,295026894650.56244
us,2049,39419619756404.83,172038823.526934,22169535.915432237,1562527461959.4312,2070255131711.9172,223749790007.3859,424143312360.2344,0.0,10838423333.056658,1961060352547.5881,332944569171.7148,87668.14155046945,-398532890588.157,-307334147399.6374
oecd-ex-us,2049,41626284629166.43,322533791.66959107,25720420.092574406,1565365035606.2905,2325441126853.118,245434884916.7551,292201742244.0822,0.0,9847097855.356207,2318339058162.22,252536953607.652,66170.14524564594,-752974022555.9297,-713309233919.4995
china,2049,30616637708740.176,503951884.18410903,0.0,927333465839.319,1855924496666.8518,201327108271.02917,0.0,13555611675.622993,15205344098.775646,2057251604937.8809,0.0,45154.26710505791,-1129918139098.562,-1143473750774.185
india,2049,22273508288247.85,817318754.1115314,0.0,1475137913429.9136,1106466504852.7341,309729521664.59375,0.0,41397153161.296906,9095810748.05412,1416196026517.328,0.0,21249.04233336922,58941886912.58569,17544733751.288788
latam,2049,13102992604680.7,275099449.0740018,0.0,646457870138.3745,645007759154.4998,100637118858.42787,0.0,13381852171.534576,146530386831.8984,745644878012.9276,0.0,31780.498910900722,-99187007874.5531,-112568860046.08768
seasia,2049,14396392682285.447,322004742.8537246,0.0,738700241712.5471,693693213567.9752,105269594900.44487,0.0,4563092907.785417,5990887631.523456,798962808468.42,0.0,29508.848580083053,-60262566755.872925,-64825659663.65834
russia,2049,10737748650865.457,140535527.43383417,4446707.075542367,488749230307.7102,546485346992.9067,62763881488.211914,27312927656.065323,0.0,4328311872.915141,587434132455.8405,21815096025.27794,40746.5930650372,-98684902148.13025,-93187070517.34286
mena,2049,19616826967520.38,261400344.42562115,323601.6528016975,1361735139799.718,989142251073.9724,297349610878.93585,0.0,17612184527.12472,4637495038.773769,1285100870770.7007,1390991182.2076914,41023.92742903323,76634269029.01733,57631093319.68491
ssa,2049,13405517268979.701,932511884.1867713,0.0,925002848450.893,544010016605.9353,87719421924.43031,0.0,12713308345.74756,8004373140.370907,631729438530.3656,0.0,11986.867309756126,293273409920.52734,280560101574.7798
us,2050,39131808055631.95,171554349.75936282,23033816.11613417,1560066983972.0288,2063112239338.4062,221929431047.77017,427733115192.7975,0.0,9429870448.466652,1938985505088.029,346056165298.14905,88996.99158557889,-378918521116.00024,-297241571221.3518
oecd-ex-us,2050,40967110688960.23,318481847.84771454,26634606.20911684,1562097134134.2432,2293982579210.147,240449271823.29474,303634089138.8142,0.0,9526687554.205225,2273181802357.4395,261250048676.00378,67457.1998475385,-711084668223.1963,-668700627760.3859
china,2050,29546034492524.383,490662579.31969005,0.0,919266345460.7103,1800146955039.0786,193149956928.51962,0.0,10884605151.406607,14311955442.477175,1993296911967.5981,0.0,46297.17255354267,-1074030566506.8878,-1084915171658.2944
india,2050,22283129831004.99,823627999.7772393,0.0,1462230105462.9714,1110373392267.3748,307091286985.3425,0.0,44114347855.91795,8970464402.810184,1417464679252.7173,0.0,22034.612850688347,44765426210.25415,651078354.3361969
latam,2050,12994554424731.48,272832998.22084796,0.0,638033269605.495,640137283308.3368,99073946988.96977,0.0,12020855330.639505,4760636073.225655,739211230297.3065,0.0,32757.025072334047,-101177960691.81152,-113198816022.45103
seasia,2050,14334154957844.674,320422579.50162363,0.0,731321939719.4912,691336710290.2277,104222413840.5471,0.0,3904261424.64056,5903721395.1500435,795559124130.7748,0.0,30449.427595558445,-64237184411.28357,-68141445835.92413
russia,2050,10811649153930.041,139857334.69793218,4614935.317308637,489186621694.2718,542289060130.8715,63827239187.07572,27527483750.18671,0.0,163302696938.07568,583723358555.3124,22392940762.63497,41842.35169724694,-94536736861.04059,-89402193873.48886
mena,2050,19838900633051.426,262267139.4513995,317293.0173294043,1356380287580.2063,994496132827.2981,297940929672.2638,0.0,18322184623.082474,176452625073.49594,1291094179667.1165,1342882832.445306,42122.857971771475,65286107913.08984,45621040457.562065
ssa,2050,13679997838303.285,954969300.450271,0.0,928857233484.3938,559301091913.5027,90059000931.75705,0.0,13210249199.695782,8193677884.138401,649360092845.2598,0.0,12537.220537092928,279497140639.13403,266286891439.43826
us,2051,39534629219605.56,171067958.3419871,23897146.87893126,1556405065954.254,2052061368443.888,226356684757.91397,434744739795.2037,0.0,690089411425.9653,1923740927094.637,354677126107.1654,90345.77339218327,-367335861140.38306,-287268247452.3448
oecd-ex-us,2051,40339097328139.83,314442401.86930674,27534105.77140783,1557788781582.2268,2263012711553.0625,235711555554.88754,303423374191.55554,0.0,9498750513.77523,2228596307877.531,270127959230.4178,68764.77537051654,-670807526295.304,-637512111334.1663
china,2051,28525709182451.02,477460538.306096,0.0,909084332523.0779,1744945574457.4297,185411640579.1237,0.0,12329256292.57496,13276828732.723305,1930357215036.5535,0.0,47461.80988369256,-1021272882513.4756,-1033602138806.0505
india,2051,22269183070186.363,823692059.3207605,0.0,1448272858321.6448,1120577593815.3262,304552849350.3401,0.0,46158122222.46325,9068946247.862207,1425130443165.6663,0.0,22841.88741547334,23142415155.978516,-23015707066.484734
latam,2051,12882834399836.475,270535455.7993546,0.0,629205591999.2208,635259238299.332,97736520890.91312,0.0,12562158253.833391,4632300549.857521,732995759190.2451,0.0,33755.77084613456,-103790167191.02429,-116352325444.85768
seasia,2051,14412678189077.092,318810177.03532165,0.0,723266931156.5826,686015933973.7677,105013280752.45361,0.0,4865739232.846987,151151254034.90735,791029214726.2213,0.0,31412.217047066246,-67762283569.63867,-72628022802.48566
russia,2051,10730695751138.809,139181723.06152612,4782711.291067058,489131069926.8033,539141463059.23553,63286362160.68803,27824060167.43377,0.0,4519292334.447103,579235683218.1731,23192142001.750202,42960.07074751609,-90104613291.36981,-85472695125.68625
mena,2051,19871313908093.453,263114860.74954757,310786.74652879057,1350027458079.469,1006086612106.845,296729858420.7986,0.0,19930845571.52134,5133133061.710181,1301507813435.0222,1308657092.6213644,43243.73586005359,48519644644.44678,27280141980.304073
ssa,2051,13942737937313.535,977334172.828928,0.0,932095990548.137,574482260828.4756,92487833609.24611,0.0,10910172342.726864,8524375242.558617,666970094437.7217,0.0,13106.942376581273,265125896110.41528,254215723767.68842
us,2052,39255637738069.914,170550598.9145641,24732921.00260621,1551283826426.8333,2045116806450.7585,224670338174.69864,428441522001.23944,0.0,11070314661.710773,1902364029083.881,367423115541.57513,91714.78591494045,-351080202657.04785,-290061796197.38354
oecd-ex-us,2052,39740419658426.48,310414178.1297921,28419988.00790174,1552060794483.2256,2232186567902.5327,231157594100.2124,303612123958.2989,0.0,8993573847.86382,2184576095743.2903,278768066259.4546,70093.1653008658,-632515301260.0647,-607671243561.2205
china,2052,28077240945030.504,464346312.7929069,0.0,896444737424.8492,1695617147246.8743,185007448936.95163,0.0,13645491318.41298,549357112656.85345,1880624596183.826,0.0,48648.478849898616,-984179858758.9767,-997825350077.3896
india,2052,22237353966469.984,823766598.231057,0.0,1433395289455.7249,1130369702121.024,302046227794.9654,0.0,41832055353.96188,9023592097.838053,1432415929915.9893,0.0,23671.247216544125,979359539.7355957,-40852695814.22629
latam,2052,12768399641261.11,268219618.90322426,0.0,619944789306.5042,630274560168.4429,96592569382.93631,0.0,12096861811.444147,4584443480.94853,726867129551.3792,0.0,34777.06634183235,-106922340244.875,-119019202056.31915
seasia,2052,14340087920343.012,317174225.16918373,0.0,714477459797.213,683517936016.7397,104399723767.7929,0.0,4983688180.590728,5833619433.829736,787917659784.5326,0.0,32397.555688620294,-73440199987.31958,-78423888167.91031
russia,2052,10654879063019.406,138518809.5908551,4963832.272850757,488508721976.8731,536018929364.4254,62791445344.714424,29999925818.800007,0.0,4485038794.076695,574829469709.8348,23980904999.304974,44100.05665133066,-86320747732.96173,-80301726913.4667
mena,2052,19884815143194.453,263933941.50351197,304103.78296369524,1342535618012.699,1017293158039.9767,295562366701.9848,0.0,21539428665.37134,5360570495.645239,1311601426951.0972,1254097790.8642714,44386.86702543747,30934191061.601807,8140664605.366194
ssa,2052,14189204766216.836,1001480737.8446158,0.0,934718097410.9783,589629756409.4186,94974906283.5099,0.0,12310445679.507841,8663839864.75711,684604662692.9285,0.0,13696.481131199938,250113434718.0498,237802989038.54196
us,2053,38982197573411.49,170023768.6823884,25565703.301838778,1544555730632.6255,2037823298072.2917,222917242696.10226,432578177045.93866,0.0,10166468431.42551,1881149260902.8423,379591279865.5518,93104.33258316491,-336593530270.2168,-283606633089.82996
oecd-ex-us,2053,39889123807830.83,306355694.6913515,29253862.15177872,1544594055507.7793,2203387535328.227,234389369972.64752,294871911877.39856,0.0,747015087320.0507,2153970170358.175,283806734942.70013,71442.66760350799,-609376114850.3958,-598310937915.6973
china,2053,27140565861818.617,451360820.71035796,0.0,881340027356.424,1641739000340.7527,177992022914.88538,0.0,11100299327.474592,12816212014.799974,1819731023255.6382,0.0,49857.483150675725,-938390995899.2142,-949491295226.6888
india,2053,22183569754122.33,823739811.3897017,0.0,1417632742454.9207,1139804768023.7437,299558107457.6635,0.0,41034565377.40788,8980486056.238527,1439362875481.4072,0.0,24523.07627383923,-21730133026.486572,-62764698403.894455
latam,2053,12649661582992.62,265866656.78221545,0.0,610233640590.8701,625214971557.3694,95635473608.7018,0.0,12513060611.310833,4391806918.020738,720850445166.0712,0.0,35821.244876781,-110616804575.20105,-123129865186.51189
seasia,2053,14261767578111.758,315524005.55674636,0.0,704941929643.9365,680926382649.7994,103974303448.88986,0.0,4149436890.8720603,5787851114.383037,784900686098.6893,0.0,33405.785356613196,-79958756454.7528,-84108193345.62486
russia,2053,10577146881396.084,137818507.30054548,5112563.203939021,487191597082.31067,532968847410.9339,62341483199.73541,26013770876.848064,0.0,4372781028.184266,570476675850.039,24833654760.630215,45262.61956775428,-83285078767.72827,-82104962651.51042
mena,2053,19885480053711.434,264785643.88382936,297388.9720048591,1333881250709.2734,1027409541857.0635,294382307845.6888,0.0,16540194800.871246,5115704311.331706,1321096524810.1562,695324892.5957654,45552.56113790504,12784725899.117188,-4450793794.349824
ssa,2053,14419329068098.822,1023168730.1946851,0.0,936677903489.6431,604903265612.2443,97426247852.4594,0.0,13118427481.836176,8894339338.895351,702329513464.7036,0.0,14306.28898240429,234348390024.93945,221229962543.10327
us,2054,38696231492338.16,169441788.75050032,26346920.747974597,1539240804019.9182,2030476826806.2725,221166329831.40546,416445505016.3643,0.0,9990766528.082981,1860019913573.8552,391623243063.8216,94514.72137809041,-320779109553.937,-295956847601.3943
oecd-ex-us,2054,39332608011721.055,302323013.7967184,30083574.440502834,1539055078460.4373,2172859611290.7324,230051853553.9337,297855878674.8441,0.0,9484711599.591936,2111378589370.2698,291532875474.3952,72813.58479135598,-572323510909.8325,-566000507709.3835
china,2054,26250497975543.625,438499983.18931246,0.0,867447817693.0123,1588353588644.3333,171430908747.15964,0.0,10049354075.179264,12318147498.678879,1759784497391.493,0.0,51089.130509036084,-892336679698.4806,-902386033773.6599
india,2054,22295147829164.797,823599943.062889,0.0,1403306560447.3574,1141741114876.5164,299118376383.1234,0.0,41640261784.76355,190771267639.52234,1440859491259.6396,0.0,25397.76147933236,-37552930812.28223,-79193192597.04578
latam,2054,12527895292529.588,266649477.8198455,0.0,601451265004.8258,620451330647.4482,94816442605.46489,0.0,12243349522.543156,4293567307.605217,715267773252.9131,0.0,36888.643053015316,-113816508248.08728,-126059857770.63043
seasia,2054,14175113885344.791,313837602.2586631,0.0,696048423821.9307,679806341473.6403,103636206231.16594,0.0,4884244715.488133,5624675831.386832,783442547704.8062,0.0,34437.25104261359,-87394123882.87549,-92278368598.36362
russia,2054,10502296927894.613,137115203.22336432,5263286.837248844,485917363918.9939,529766533237.5871,61892186479.40857,26673443833.991554,0.0,4217958462.5426564,566145600852.4739,25513118864.52149,46448.073461147105,-80228236933.47998,-79067911964.00992
mena,2054,19871775914459.85,265608561.23614082,290546.57884063106,1325938850405.8896,1034329910184.685,293292960784.86365,0.0,17332907455.10901,5312788767.18779,1327461250439.9255,161620529.6231752,46741.13168754314,-1522400034.0358887,-19016928018.768074
ssa,2054,14633918659694.668,1044562569.8485705,0.0,938696209719.3761,621633397968.5631,99686836224.47285,0.0,12055246139.106552,9268862208.60331,721320234193.036,0.0,14936.821947020975,217375975526.3401,205320729387.23352
us,2055,38410931423082.73,168829981.95477143,27098985.95542723,1535206407953.6423,2021582474105.4834,219265546813.55008,409784438966.02454,0.0,10557104743.91439,1838999741528.2058,401848279390.8283,95946.26490114183,-303793333574.5635,-295857173999.36725
oecd-ex-us,2055,38799589274672.914,298287491.66256595,30872900.871986974,1535322254499.7063,2142581127289.7522,225922757593.84378,290898839596.0669,0.0,9264053739.684834,2069345577502.9363,299158307380.6612,74206.22399561237,-534023323003.23,-542282790787.8243
china,2055,25405192720099.793,425755576.61773866,0.0,854598733296.8619,1535433078922.8823,165316980981.3682,0.0,10718372975.173393,11564444138.714056,1700750059904.2505,0.0,52343.732753853445,-846151326607.3885,-856869699582.5619
india,2055,22212109324175.582,823424727.4088467,0.0,1390437608159.9495,1147151667473.0537,296570882503.6454,0.0,39601014344.07123,9847451171.613184,1443722549976.6992,0.0,26295.69264128282,-53284941816.749756,-92885956160.82098
latam,2055,12401623746784.562,264274636.93389544,0.0,593626432738.7563,618240424975.6161,93978806401.93076,0.0,12014192109.07175,4335445002.836735,712219231377.5469,0.0,37979.6008359586,-118592798638.79053,-130606990747.86227
seasia,2055,14079995660708.277,312134739.7881545,0.0,687833995803.963,680344535276.0586,103252816248.47255,0.0,4844125079.65386,5489256163.707793,783597351524.5311,0.0,35492.30096828057,-95763355720.56812,-100607480800.22197
russia,2055,10429008417297.453,138449824.7601853,5403886.683871367,484691664736.2252,526514224294.91205,61457300404.754906,25715818829.231323,0.0,4275530537.0456657,561872377193.6908,26099147505.975983,47656.73618403935,-77180712457.46558,-77564041134.21024
mena,2055,19842813795258.65,268527317.4868821,283573.1817011948,1318622890589.2366,1041395784537.0199,292185591260.0819,0.0,19271466314.40839,5267832321.061389,1333572949875.5513,8425921.550605273,47952.896067365655,-14950059286.314697,-34229951522.273693
ssa,2055,14833194195452.303,1065626068.4653373,0.0,940825789493.8595,638060116705.321,101730439601.47093,0.0,11247923220.591223,9488225791.156406,739790556306.792,0.0,15588.539837920822,201035233187.0675,189787309966.4763
us,2056,38136027103597.67,168212769.6986634,27849331.19158702,1529500245824.9082,2011544254000.8652,217308445504.96173,414788930818.54987,0.0,9659203377.328209,1818474789241.3328,410377910264.495,97399.28044323107,-288974543416.42456,-284563522862.3697
oecd-ex-us,2056,38292539311963.48,294257952.9292889,31634899.871079557,1529374305689.749,2110871248994.4114,221927192846.5917,287584054416.63794,0.0,8790119025.185762,2028128735095.1882,304669706745.81647,75620.897037027,-498754429405.4392,-515840081734.61774
china,2056,24602373463311.79,413127206.23584616,0.0,839107875914.4229,1482966215324.223,159628244029.2315,0.0,11092368238.879528,11759694889.916145,1642594459353.4543,0.0,53621.60590222103,-803486583439.0315,-814578951677.911
india,2056,22114280215752.043,823159913.5736068,0.0,1376725629336.4548,1151583697470.9973,294041670926.01526,0.0,38785578903.748726,9856209540.753754,1445625368397.0127,0.0,27217.262531797656,-68899739060.55786,-107685317964.30658
latam,2056,12270359683381.867,261881249.7277357,0.0,585371069513.5288,615800535701.0487,93106777897.80838,0.0,12063292349.791924,4335473032.415979,708907313598.857,0.0,39094.46163495332,-123536244085.32825,-135599536435.12018
seasia,2056,13976513757008.855,310411170.54996943,0.0,678960208417.0878,680598462894.0984,102803199294.58122,0.0,4639769109.773599,5599319181.941172,783401662188.6796,0.0,36571.286662365186,-104441453771.5918,-109081222881.3654
russia,2056,10359033022491.111,137737662.26521367,5555284.938592002,482700594161.06445,523338122798.0151,61014861951.349785,27595062620.435326,0.0,4081933161.519462,557751975613.6597,26601009135.705345,48888.929561153695,-75051381452.59521,-74057327967.86523
mena,2056,19792420735221.234,269288102.747662,276526.3884510185,1310049952631.4062,1055816861324.2194,290880042206.52686,0.0,18976762293.54814,5230653155.478099,1346696903530.746,0.0,49188.17565727204,-36646950899.33984,-55623713192.887985
ssa,2056,15016182800189.14,1086251599.559403,0.0,942344923305.4319,654146811848.312,103507648090.5021,0.0,11596533571.937332,9894674942.1589,757654459938.8141,0.0,16261.906228593742,184690463366.6178,173093929794.68048
us,2057,37883472327352.08,170245625.55833182,28624019.656159908,1522449245609.0889,1999594165191.172,215343003989.96472,430942531518.66724,0.0,8990615807.788132,1798175438062.5103,416761731118.6294,98874.09005509256,-275726192453.4214,-261545392053.38354
oecd-ex-us,2057,37813692014919.85,290248432.48928076,32387430.559097625,1521292935416.6982,2079815139004.7869,218037587142.57114,289309030107.6489,0.0,8403463579.377286,1988945268923.9175,308907457223.43945,77057.92049813074,-467652333507.21924,-487250760623.00977
china,2057,23835969480623.137,409746579.1457158,0.0,821061546508.921,1434560062644.8145,154142091495.44263,0.0,9278681756.468376,10515306699.162008,1588702154140.257,0.0,54923.070242806665,-767640607631.336,-776919289387.8044
india,2057,22001074433616.93,822775557.5908574,0.0,1362203370225.5713,1155704641112.4385,291462424385.0266,0.0,38293462644.83334,10051375781.616606,1447167065497.465,0.0,28162.86693768108,-84963695271.8938,-123257157916.72714
latam,2057,12133825143431.102,259464131.74152118,0.0,576679473821.3032,613105665910.6876,92178330001.90402,0.0,12152113682.669048,4222095823.197693,705283995912.5917,0.0,40233.572385589876,-128604522091.28845,-140756635773.9575
seasia,2057,13864811520179.682,311926497.61449623,0.0,669442676672.5686,680553227960.7902,102266599972.27213,0.0,4063610893.186615,5738525324.506332,782819827933.0623,0.0,37674.56303976907,-113377151260.49365,-117440762153.68027
russia,2057,10290376050435.447,137011328.39279953,5705657.771473749,479967390952.53674,519990981891.96655,60568600712.3717,27891752114.172077,0.0,4043467481.963694,553587040531.6998,26972542072.638283,50144.97947457216,-73619649579.16309,-72700439537.6293
mena,2057,19717512170018.527,269999819.5184183,269400.01481722674,1300270024943.6624,1071352326104.707,289312036010.44324,0.0,19862766091.7946,5348538060.576409,1360664362115.1504,0.0,50447.295909138105,-60394337171.48804,-80257103263.28264
ssa,2057,15262630167791.385,1106349274.2549052,0.0,943258688573.6558,664956818956.5581,105933285474.24434,0.0,12816723245.711628,86895506705.10493,770890104430.8025,0.0,16957.388421739994,172368584142.85327,159551860897.14163
us,2058,37652627534000.24,169653167.70166895,29409614.653844383,1514162722007.4863,1982451578963.4502,213529204974.78738,441663792654.1899,0.0,9309475924.718313,1777880015843.2534,418100768094.9835,100371.02061867379,-263717293835.7671,-240154269276.56073
oecd-ex-us,2058,37371073967824.39,286275495.2633607,33150292.27111718,1511216930188.4463,2044272358283.613,214343132674.6481,296633130628.4208,0.0,8147383045.936521,1950112206254.7944,308503284703.466,78517.6157964613,-438895276066.34814,-450765430141.3934
china,2058,23099899089544.75,397366429.2776986,0.0,800537906299.4723,1387205884288.7334,148822245475.33817,0.0,10374950351.803263,9794782738.022127,1536028129764.0715,0.0,56248.450420209425,-735490223464.5992,-745865173816.4025
india,2058,21858981728560.934,822206970.031985,0.0,1346874606902.8125,1170877271730.0842,288538734332.68665,0.0,39384443863.83797,9833137967.792278,1459416006062.771,0.0,29132.904714544275,-112541399159.9585,-151925843023.79645
latam,2058,11992976948967.088,257033309.65939742,0.0,567570823003.3153,610051435217.6755,91178876118.09137,0.0,11406689569.952099,4217983438.389053,701230311335.7668,0.0,41397.28363380884,-133659488332.45154,-145066177902.40363
seasia,2058,13744311216904.36,310150985.744077,0.0,659334234711.6501,679745465123.1112,101656286673.03188,0.0,4072099645.9232254,5639313455.095544,781401751796.1431,0.0,38802.488482630935,-122067517084.49292,-126139616730.41614
russia,2058,10220723840441.844,136252232.4315673,5840456.041347677,476465013981.4898,516260073019.42413,60102045229.94762,26218479826.070065,0.0,4026414448.219573,549351345854.07806,27010772395.293606,51425.215950043705,-72886331872.58826,-73678624441.8118
mena,2058,19631134695939.934,270672811.7038495,262238.3050556434,1289322956472.0063,1074440762472.326,287630472093.8358,0.0,18995589701.46564,5366393717.026586,1362071234566.1619,0.0,51730.586433036086,-72748278094.15552,-91743867795.62115
ssa,2058,15420100858149.053,1125939088.4050412,0.0,943582355372.4294,676877851389.5599,107353738504.43028,0.0,12782167374.46783,10902092253.697763,784231589893.9902,0.0,17675.45742198309,159350765478.4392,146568598103.97137
us,2059,37419285457418.484,169009844.99487826,30154409.296298135,1504387670056.246,1965255109597.3757,211821859017.36,430746716230.7197,0.0,8600505746.01483,1757579295857.1743,419497672757.56256,101890.40391959701,-253191625800.92822,-241942582327.77106
oecd-ex-us,2059,36948069923635.65,282279628.37578833,33867366.976035096,1499077399916.2283,2007392493792.9102,210940162534.36465,288465421836.58344,0.0,7785790385.7281685,1911601429159.183,306731227168.091,80000.30925879869,-412524029242.95483,-430789834574.4624
china,2059,22393243781994.18,385097423.01672804,0.0,777837337544.429,1339869794553.9521,143677850858.7372,0.0,9842894742.131481,8897895059.788965,1483547645412.6895,0.0,57598.07552032315,-705710307868.2605,-715553202610.392
india,2059,21685816033442.94,827283259.4411123,0.0,1330756300222.4878,1186556833061.0571,285172869251.22406,0.0,42052262484.91203,9859969456.734589,1471729702312.2812,0.0,30127.777844146694,-140973402089.79346,-183025664574.7055
latam,2059,11991957590215.164,254562683.49341047,0.0,558092898003.3591,603202686848.9298,91761126697.17903,0.0,12090435429.985258,147941992220.8033,694963813546.1089,0.0,42585.949621752676,-136870915542.74976,-148961350972.73502
seasia,2059,13615711924819.701,308325148.20106906,0.0,648711425758.2198,677757434189.2621,100994387717.63333,0.0,4317748467.888522,5758852531.901814,778751821906.8954,0.0,39955.42492341192,-130040396148.67554,-134358144616.56406
russia,2059,10152005267426.236,135475882.99012664,5979222.750865054,472206486965.2019,512368999705.7268,59625891828.39631,27208101679.879112,0.0,3861729873.425206,544979881054.97644,27015010479.146664,52729.97324442975,-72773394089.77454,-72580302889.04208
mena,2059,19535743126832.44,271302759.66836834,255060.33446131725,1277269840719.424,1074552621717.4114,285875656113.07275,0.0,17733959062.691593,5500827066.259164,1360428277830.4841,0.0,53038.38108458171,-83158437111.06006,-100892396173.75165
ssa,2059,15567319381245.283,1145116816.3689678,0.0,943337737259.6971,688271119299.2139,108648515378.68105,0.0,10142410010.820293,10942830525.240976,796919634677.8949,0.0,18416.58791280044,146418102581.80225,136275692570.98195
us,2060,37184632631072.34,168313479.37104148,30857824.325583737,1493127905054.5093,1947284501306.2454,210121569874.23154,419672851644.948,0.0,9952488134.857773,1737066601994.9836,420339469185.4928,103432.57672070769,-243938696940.47437,-244605314481.01917
oecd-ex-us,2060,36552142958591.73,283901603.1974048,34572444.99221412,1484949273287.1929,1970448562037.1711,207695878251.5741,289734789910.6493,0.0,7533412046.972533,1873285357964.9678,304859082323.77734,81506.33219642733,-388336084677.7749,-403460377090.90295
china,2060,21713836121901.582,372927916.8709269,0.0,753304651049.2891,1292636787110.623,138720951353.9511,0.0,10043497430.336962,8688924753.041883,1431357738464.5742,0.0,58972.279156712764,-678053087415.2852,-688096584845.6221
india,2060,21508768141762.48,826355025.8922946,0.0,1313877530139.942,1179720912199.0479,281746485494.7989,0.0,39387861587.432335,9929837460.851946,1461467397693.8467,0.0,31147.89149493792,-147589867553.9048,-186977729141.33713
latam,2060,11843399813492.973,252059417.07776532,0.0,548299715684.50165,598206081549.5364,90755615698.96637,0.0,12032008918.492792,4136213760.3067403,688961697248.5027,0.0,43799.92837534408,-140661981564.00104,-152693990482.49384
seasia,2060,13478733056957.42,306446064.81199056,0.0,637648822980.9568,675528023095.1006,100263356692.30367,0.0,4387337405.054121,5551026349.219298,775791379787.4043,0.0,41133.737929951545,-138142556806.4475,-142529894211.50162
russia,2060,10232522265549.79,134693833.46517915,6136774.279107058,467275831856.12024,508060339112.2477,60711067828.58541,30358876760.609028,0.0,151653696447.65695,541602742604.3984,27168664336.43461,54059.58993428599,-74326910748.27814,-71136698324.10373
mena,2060,19430703125565.547,271887730.6077604,247884.36673446337,1264229309679.1438,1074520484307.8132,284009660244.119,0.0,15921021676.989447,5181855282.883644,1358530144551.9321,0.0,54371.018053407126,-94300834872.78833,-110221856549.77777
ssa,2060,15700392433502.955,1163642267.9498637,0.0,942522846184.8851,699567709113.0623,109798722416.64746,0.0,11416427646.519808,11333065249.025562,809366431529.7097,0.0,19181.258237758997,133156414655.17542,121739987008.65561
us,2061,36968951892536.48,167618048.59759355,31575401.35181792,1480871734009.455,1928849782602.3054,208440005469.27203,432127948478.5897,0.0,8609367047.6644,1716397244774.1885,420892543297.3904,104997.88083672643,-235525510764.7334,-224290105583.53406
oecd-ex-us,2061,36184957297523.695,279935160.57102126,35275440.64599682,1469124738550.202,1932611237271.172,204756715952.67856,293840348912.0986,0.0,7217204693.507269,1834018493833.7139,303349459390.1368,83036.0209814421,-364893755283.51196,-374402865761.5502
china,2061,21061217307698.86,360875042.1042949,0.0,727246120491.0859,1245398531595.093,133975977588.00882,0.0,8889239933.826225,8398814423.123193,1379374509183.1018,0.0,60371.39955800997,-652128388692.0159,-661017628625.842
india,2061,21325810655121.203,825161490.7153877,0.0,1296296306537.4849,1169697485683.0918,278324942440.0892,0.0,41163643333.63843,9932278278.067116,1448022428123.181,0.0,32193.654085767605,-151726121585.69604,-192889764919.33447
latam,2061,11691332920688.066,249529601.5450391,0.0,538263127337.95056,593072272830.7461,89715917926.54016,0.0,11460473630.973997,3918644245.398514,682788190757.2863,0.0,45039.58179356868,-144525063419.3357,-155985537050.3097
seasia,2061,13333632464087.443,304509033.8650275,0.0,626224478636.0144,673048588162.1328,99436899577.17393,0.0,4457559907.322153,5617976140.643073,772485487739.3068,0.0,42337.796792466674,-146261009103.29236,-150718569010.6145
russia,2061,10161418397573.57,133859236.17167702,6269522.66456503,461667987222.6953,503919125111.87714,60217774300.36172,27475158073.0856,0.0,3889886140.2424765,536807595347.78503,27329304064.453903,55414.4090055795,-75139608125.08972,-74993754116.45802
mena,2061,19529093285009.85,272354489.73149675,240630.88091622168,1250273278137.5635,1068845081667.6238,284421581332.1411,0.0,19951122433.524162,221334666740.03406,1353266662999.765,0.0,55728.83995275932,-102993384862.20142,-122944507295.72559
ssa,2061,15821260137176.434,1181617371.858511,0.0,941160990050.2052,710617720153.6371,110772851803.68759,0.0,10124998127.680805,11222283708.285904,821390571957.3247,0.0,19969.95038613435,119770418092.8805,109645419965.19969
us,2062,36760870703408.89,166712755.07470572,32096855.41257953,1467950020715.0088,1910608612547.867,206837876348.14185,433030479716.7174,0.0,8384799336.704856,1695621233337.2993,421825255558.7095,106586.66321002076,-227671212622.29053,-216465988464.2826
oecd-ex-us,2062,35838552777580.91,275745449.48834574,35738783.00585762,1451748334062.6375,1895238241558.7642,202147649657.93567,292319783894.19,0.0,6913253317.09884,1795206136557.6086,302179754659.09076,84589.71712411611,-343457802494.9712,-353317773259.87195
china,2062,20815346357783.77,348928003.77636975,0.0,699980108563.225,1208256953551.276,134430787651.95482,0.0,8626117769.3477,405462800494.25836,1342687741203.2307,0.0,61795.77965633607,-642707632640.0057,-651333750409.3534
india,2062,21142570084062.44,823865163.767492,0.0,1278233555226.6353,1159758458792.698,274858320029.22488,0.0,36400137365.05535,9542789901.581211,1434616778821.9229,0.0,33265.47735272943,-156383223595.2876,-192783360960.34296
latam,2062,11532144744382.717,246959559.87497762,0.0,528053302547.41156,591094403807.5569,88547448361.3981,0.0,11594477148.597628,3994850464.7928476,679641852168.955,0.0,46305.27573944089,-151588549621.5434,-163183026770.14102
seasia,2062,13336911872534.932,302502784.7725755,0.0,614523253548.0468,670683946585.4454,100199208047.9654,0.0,4967349541.637723,164606659074.48975,770883154633.4109,0.0,43567.9746124665,-156359901085.36414,-161327250627.00186
russia,2062,10090947406486.111,132984963.74997047,6393027.963017921,455454972101.63684,499593712327.7144,59685706911.49575,29549987847.902943,0.0,3803468202.205968,531904782179.3989,27374637059.81123,56794.77794454128,-76449810077.76208,-74274459289.67038
mena,2062,19400731078298.492,272738495.2401255,217624.154105474,1235542756760.2947,1068203987843.796,282200029478.90356,0.0,18928585056.9559,5427638908.003577,1350404017322.6997,0.0,57112.193910224676,-114861260562.40503,-133789845619.36093
ssa,2062,15925529061690.844,1200875693.3736517,0.0,939268205300.1826,722133713895.1641,111542187303.74088,0.0,12412233086.643488,11088853499.767132,833675901198.9049,0.0,20783.149982983297,105592304101.27771,93180071014.63422
us,2063,37170496375453.06,165778693.8026346,32603671.398959298,1454425472048.9126,1897192763446.6692,210981507200.80588,434399598449.612,0.0,628974872193.1274,1683661526853.6738,424512743793.8018,108199.27598751363,-229236054804.76123,-219349200148.95105
oecd-ex-us,2063,35517842154537.734,271578610.14252245,36209523.387148395,1433042507526.7817,1858141687761.843,199847079423.80722,297530760202.0922,0.0,6704876413.600261,1756857983371.715,301130783813.9354,86167.76735134819,-323815475844.93335,-327415499456.77655
china,2063,20195319481914.43,337092773.88406646,0.0,671695783108.7256,1161750844628.5142,130017000841.07616,0.0,7688441519.212842,7733628010.733614,1291767845469.5903,0.0,63245.7671767599,-620072062360.8647,-627760503880.0776
india,2063,20952898510266.46,822297713.8032387,0.0,1259791502208.5596,1150224123866.233,271405031771.12024,0.0,37327740234.239006,9493819867.057594,1421629155637.353,0.0,34363.77641910372,-161837653428.79346,-199165393663.03247
latam,2063,11361964545800.377,244348692.0608007,0.0,517722217219.4373,593051855954.2361,87129469737.76181,0.0,11670343676.705854,3949253566.9310765,680181325691.9979,0.0,47597.380132632774,-162459108472.5606,-174129452149.26645
seasia,2063,13167436032372.65,300443179.00021404,0.0,602663035681.1356,674692792116.7941,98877690895.49907,0.0,4399482372.186964,5831089541.065655,773570483012.2931,0.0,44824.64839355761,-170907447331.15747,-175306929703.34442
russia,2063,10016163120768.6,132061357.61328204,6499500.638527145,448753202033.6579,495749436166.58386,59129529175.40583,27527467337.272617,0.0,3814010253.5499897,527337050838.2137,27541914503.775978,58201.04882965528,-78583848804.55579,-78598295971.05914
mena,2063,19262563046801.31,273069509.5347489,202595.6987190764,1220241502087.9175,1066926163111.54,279800037860.5624,0.0,16985001160.577034,5301668547.567531,1346726200972.1025,0.0,58521.43165958126,-126484698884.18506,-143469700044.7621
ssa,2063,16014913408921.768,1217419936.2682345,0.0,936843895092.6761,734336129236.323,112024604543.3535,0.0,12349108976.110868,11250294894.038694,846360733779.6765,0.0,21621.346283731466,90483161312.99963,78134052336.88876
us,2064,36947138051400.35,164509007.64256158,32789207.6364389,1440386191927.1982,1888159386859.5222,209014642600.44662,424922182994.69836,0.0,8507330485.375879,1671996676001.0532,425177353458.9165,109836.07659874536,-231610484073.85498,-231865654538.07312
oecd-ex-us,2064,35185754702662.41,266953809.2269021,36207255.46622904,1413227391249.5596,1844440725720.4,197275856265.94165,289989148357.51855,0.0,6412590503.934379,1741379328169.0352,300337253817.30853,87770.52368620806,-328151936919.4756,-338500042379.26556
china,2064,19593694981301.1,325331146.51113105,0.0,642680126405.4482,1115320411184.8345,125983023603.684,0.0,9586559070.569193,6585366840.299156,1241303434788.5186,0.0,64721.71472780017,-598623308383.0703,-608209867453.6395
india,2064,20971497478759.97,820530530.2683617,0.0,1240982330549.5955,1137465303486.882,270443187634.12747,0.0,35590695681.33261,221115824746.2551,1407908491121.0095,0.0,35488.96986836225,-166926160571.41406,-202516856252.74667
latam,2064,11185513659016.086,241702421.67589948,0.0,507320807711.06995,590779714384.3146,85555402305.56306,0.0,11374191967.85475,3937614162.3745875,676335116689.8777,0.0,48916.26904374654,-169014308978.80774,-180388500946.66248
seasia,2064,12988557294297.842,298320513.8214921,0.0,590754638560.5161,673976617236.6353,97358395150.13824,0.0,4214493101.7013006,5916128853.150908,771335012386.7734,0.0,46108.19913411375,-180580373826.25732,-184794866927.95862
russia,2064,9935672618759.45,131024280.71351998,6526351.481417301,441657554683.0014,494307144697.6527,58463673045.05243,26946457170.43722,0.0,3676303880.1163454,525159580831.4902,27611236911.21516,59633.57842478583,-83502026148.48877,-84166805889.26671
mena,2064,19119326747374.81,273223452.42811173,97005.83406719902,1204530481710.0146,1058950112582.8663,277326717946.8891,0.0,16854661463.512928,5364710856.758246,1336276830529.7554,0.0,59956.90963378121,-131746348819.74072,-148601010283.25366
ssa,2064,16092559776347.193,1233305989.6255612,0.0,933961412498.9436,744249091045.6335,112275512617.8868,0.0,11705911854.323631,11915470444.32888,856524603663.5204,0.0,22485.03217332957,77436808835.42322,65730896981.09959
us,2065,36726734870797.23,163108541.55796376,32858122.218203135,1426025905517.4292,1879962042069.1301,206783422980.4967,431914899771.76447,0.0,8401479157.290622,1661260215182.9775,425485249866.64996,111497.4278351071,-235234309665.54834,-228804659760.43384
oecd-ex-us,2065,34843266358048.176,262158491.16504252,36019236.00912736,1392523459550.1277,1835729910088.0005,194264547602.141,288633151453.8892,0.0,6349502071.871324,1730606344180.2573,299388113509.8837,89398.34352859801,-338082884630.12964,-348837846686.12415
china,2065,18996569469562.047,313699166.2284339,0.0,613392578913.3683,1087583098324.3918,121790308694.94002,0.0,7576648561.43338,6431964928.367294,1209373407019.3318,0.0,66223.97989298165,-595980828105.9635,-603557476667.3969
india,2065,20772737265169.7,818503130.2788843,0.0,1221943695827.2683,1127353372892.5369,266919895877.34128,0.0,35256050715.13383,8825410067.477625,1394273268769.8782,0.0,36641.479820197834,-172329572942.60986,-207585623657.74368
latam,2065,11007855874704.826,242058980.24162668,0.0,496894777466.7927,582770977177.1606,83967617848.54245,0.0,11625014663.434639,3811047911.0814295,666738595025.7031,0.0,50262.32079021263,-169843817558.9104,-181468832222.34503
seasia,2065,12804228057336.33,296109952.5439149,0.0,578881000748.6647,668026398516.212,95773093239.1807,0.0,5224655824.7191725,5813909869.9390335,763799491755.3927,0.0,47419.01192178601,-184918491006.72803,-190143146831.4472
russia,2065,9849960084969.623,132058858.25945252,6637075.344291465,434336929316.9608,492142490650.95746,57690831810.3136,25983380690.473972,0.0,3800478664.003618,522206522615.2014,27626799846.069588,61092.72827344632,-87869593298.2406,-89513012453.83621
mena,2065,18970987940834.84,273313499.3641941,17705.024710533275,1188576794009.7322,1050652236554.1921,274746688143.01593,0.0,16823140087.055754,5306464234.557825,1325398924697.208,0.0,61418.98905906667,-136822130687.47583,-153645270774.5316
ssa,2065,16161693257686.266,1248492661.3103197,0.0,930687155536.038,749293453029.8335,112466183259.24323,0.0,11520486303.08263,11726448395.180225,861759636289.0767,0.0,23374.704170024008,68927519246.9613,57407032943.87868
us,2066,36524251998599.79,161701855.8694521,32933916.985969312,1411803908858.2927,1858319328618.0784,204736142850.7791,440507735399.47,0.0,8260955013.676803,1637059191119.8564,425996280349.00134,113183.69793026232,-225255282261.56372,-210743827211.0951
oecd-ex-us,2066,35087280159600.17,257409620.84955603,35861105.5456639,1371332831931.9692,1817372051594.1665,197150866335.8798,293482672383.80914,0.0,593721215166.2848,1714203697046.9026,300319220883.1453,91051.58973704923,-342870865114.93335,-349707413614.26953
china,2066,18386392862978.062,302166963.73416126,0.0,584294813533.7388,1076013215707.3091,116991076551.56998,0.0,8111360254.385157,6644232395.53308,1193004292258.8792,0.0,67752.92532345594,-608709478725.1404,-616820838979.5255
india,2066,20568932524674.59,816175858.4015778,0.0,1202744027746.0994,1116283486617.1978,263337531010.97696,0.0,36167141745.16235,9239391132.118568,1379621017628.1748,0.0,37821.73200954054,-176876989882.07544,-213044131627.2378
latam,2066,10829553692252.822,239338132.29425627,0.0,486496596326.8721,574847375497.256,82356392531.33028,0.0,11213388059.462816,3618377309.1781116,657203768028.5863,0.0,51635.91803379614,-170707171701.71423,-181920559761.17706
seasia,2066,12616432325482.7,293847264.7044138,0.0,567129940284.3793,661974314429.2705,94111194163.9282,0.0,4384515110.0329685,5544351565.220125,756085508593.1987,0.0,48757.47602983019,-188955568308.81946,-193340083418.85242
russia,2066,9765074417105.521,130940491.29425038,6646268.1131475605,426945193036.3538,486154126604.29047,56917180394.17695,27681691011.44327,0.0,3558755086.5780706,515471355047.60986,27599951950.857475,62578.86479421303,-88526162011.25604,-88444422950.67026
mena,2066,18819164028936.703,273393498.5580741,831.7194614494459,1172551407531.3247,1042194633823.351,272052429355.49738,0.0,15258132632.271627,5129876381.664346,1314247063178.8484,0.0,62908.03605022361,-141695655647.52368,-156953788279.79532
ssa,2066,16221368163757.443,1262926054.9776702,0.0,927045778893.3472,754108954614.9098,112593288774.97487,0.0,12049243663.704906,11380614231.420794,866702243389.8846,0.0,24290.862433779952,60343535503.462524,48294291839.757614
us,2067,36340645390807.445,160301829.29227215,33027828.410293467,1398063619726.7104,1834541339466.4229,202880578916.387,447915838420.9525,0.0,7835852442.775968,1610721166162.9463,426700752219.862,114895.26064177512,-212657546436.23584,-191442460235.14532
oecd-ex-us,2067,34760821752854.855,252720089.10407037,35743718.97039329,1350001195166.1348,1785419725477.4324,194177779804.33563,296849806078.3132,0.0,6288097292.02089,1680033286300.4834,299564218981.28424,92730.63071167233,-330032091134.34863,-332746504037.3197
china,2067,17776257998180.434,290735348.1189184,0.0,555793246903.1188,1051274904292.9098,111960704283.72932,0.0,9002610796.11015,6310107672.001035,1163235608576.6392,0.0,69308.91883169785,-607442361673.5204,-616444972469.6305
india,2067,20360202930052.098,813574129.8330204,0.0,1183523695140.7524,1104994303475.6438,259711172586.73972,0.0,35939522857.97032,8391709157.109663,1364705476062.3835,0.0,39030.15586852175,-181181780921.6311,-217121303779.60144
latam,2067,10651178907320.893,236582134.09408337,0.0,476193848065.35297,566584482823.9714,80730991307.2204,0.0,10922397063.629038,3669238197.540001,647315474131.1919,0.0,53037.44787969574,-171121626065.83893,-182044023129.46796
seasia,2067,12426282782678.953,291517875.8278455,0.0,555566583053.7736,654589892245.3304,92406236882.5102,0.0,4293684362.05202,5573687632.367503,746996129127.8406,0.0,50123.98501522879,-191429546074.06702,-195723230436.11905
russia,2067,9680225670207.74,129795255.87554245,6660958.793807469,419632136263.5355,480202881406.55096,56179405482.43181,28468803713.178253,0.0,3432600014.485042,508732326962.07166,27649959926.911304,64092.359377288594,-89100190698.53613,-88281346912.26918
mena,2067,18658162771729.62,275406038.7180835,782.6467314221197,1156499859481.2275,1033712827430.0552,269275625972.6445,0.0,19519518826.412853,5006855540.8104725,1302988453402.6997,0.0,64424.42170697852,-146488593921.47217,-166008112747.885
ssa,2067,16274046244505.74,1276676253.443484,0.0,923078673373.5061,758234913406.6459,112645600580.79338,0.0,11269076077.756145,11748997439.994257,870880513987.4392,0.0,25234.010779387794,52198159386.066895,40929083308.310745
us,2068,36158768008449.96,158883904.70276067,33113977.65981739,1384750590609.5288,1817175866583.032,201208859240.25626,444998691956.1483,0.0,6758060900.147004,1590672464122.8535,427712261700.437,116632.49533396293,-205921873513.3247,-188635443257.6134
oecd-ex-us,2068,34436451937512.484,248036495.85795432,35611185.88469428,1328666138100.5566,1756346359396.0032,191414090165.8497,288582779129.0622,0.0,6141716989.858106,1648659158591.5286,299101290970.32275,94435.84047828078,-319993020490.9719,-330511532332.2325
china,2068,17181698111445.307,288322519.4234502,0.0,528369665815.34283,1014609263206.6003,107072942662.93523,0.0,7321686113.733631,6074339432.794598,1121682205869.5356,0.0,70892.33348628934,-593312540054.1929,-600634226167.9265
india,2068,20151024102528.16,810792534.1573008,0.0,1164455336309.4636,1093553716727.5527,256050793477.7717,0.0,32426091264.46046,8396437636.390538,1349604510205.3245,0.0,40267.18461134687,-185149173895.86084,-217575265160.3213
latam,2068,10473956085775.568,233792633.23912355,0.0,466029933746.15186,556965794376.106,79124858861.09418,0.0,10580517481.878685,3418415427.6022587,636090653237.2002,0.0,54467.301977220064,-170060719491.04834,-180641236972.92703
seasia,2068,12236841266489.082,292294464.5769618,0.0,544239388381.9744,644393000606.9095,90714262747.69914,0.0,4158547024.5463843,5584905807.312351,735107263354.6086,0.0,51518.936818586604,-190867874972.63422,-195026421997.1806
russia,2068,9593879208854.865,128619256.85095397,6675181.024789859,412497284240.0712,474949255705.5166,55447294649.203636,28106852770.40193,0.0,3445951991.371053,502681870989.92426,27714679364.796104,65633.58848222111,-90184586749.85303,-89792413344.2472
mena,2068,18494744217704.496,275290231.7044185,0.0,1140512524836.3613,1024932145445.6447,266356775440.0594,0.0,17587221015.969513,4945063040.187454,1291288920885.704,0.0,65968.5222115444,-150776396049.34277,-168363617065.3123
ssa,2068,16429614826162.238,1289603865.5210795,0.0,918816809503.3615,758138574058.9796,114221676356.38843,0.0,12916820823.187674,122028843391.69032,872360250415.368,0.0,26204.65669427675,46456559087.99341,33539738264.805733
us,2069,35987019119662.57,160681098.84740603,33829765.09678371,1371998329828.1948,1806720790361.087,199525643655.58536,454574529937.8176,0.0,7924685463.275378,1577633299356.2234,428613134660.44836,118395.7870619919,-205634969528.02856,-179673574250.6593
oecd-ex-us,2069,34114008099923.156,243395184.8249074,35496730.03008208,1307588981629.7168,1735821159555.5676,188665951625.3538,288327058520.75146,0.0,6127233441.15381,1626052556423.4531,298434554757.46826,96167.59877370705,-318463574793.7363,-328571071030.4531
china,2069,16601690602635.404,277180133.95836574,0.0,502327656915.1064,978570821386.7627,102370345930.8983,0.0,7152328104.656821,5758329697.316576,1080941167317.661,0.0,72503.5477078036,-578613510402.5547,-585765838507.2115
india,2069,19937273248540.477,813388901.2968305,0.0,1145572358507.164,1082157254692.2059,252404904116.0967,0.0,33071850728.44376,8310797041.900019,1334562158808.3027,0.0,41533.25532203722,-188989800301.13867,-222061651029.58243
latam,2069,10298005329857.775,230969814.64156708,0.0,456037932635.1376,547409295533.014,77541980509.96286,0.0,10292845962.40112,3255433452.4497194,624951276042.9768,0.0,55925.87662202794,-168913343407.83923,-179206189370.24036
seasia,2069,12048200266067.041,289851389.4693202,0.0,533241514306.8595,634243546118.9015,89049723129.39827,0.0,3711504354.4225903,5122258873.822358,723293269248.2998,0.0,52942.733865779526,-190051754941.4403,-193763259295.86288
russia,2069,9504400146210.842,127404175.53264028,6678477.207695194,405597815977.3151,470195898623.6712,54727595120.16766,26542066495.541756,0.0,3304548626.953571,497132031494.6281,27791462249.210804,67202.93373678495,-91534215517.31299,-92783611270.98204
mena,2069,18325207723222.42,275058585.5849274,0.0,1124728983399.4722,1016186075280.2512,263392816686.30917,0.0,19409294155.838882,4722708240.846706,1279578891966.5603,0.0,67540.71892732262,-154849908567.08813,-174259202722.927
ssa,2069,16468565714165.963,1301842731.6122015,0.0,914289950561.5596,761051983845.513,114216420903.70337,0.0,12127282162.825245,12056624354.20547,875268404749.2163,0.0,27203.31136105278,39021545812.34326,26894263649.518017
us,2070,35800088602628.73,159235849.4811741,33899888.5483674,1359789082365.5967,1796665235091.8718,197968191430.3345,440566636224.2274,0.0,7347190898.522514,1564807778587.97,429825647934.2367,120185.52665723414,-205018696222.3733,-194277707932.38257
oecd-ex-us,2070,33788921793539.664,238776247.2681383,35376857.752591535,1287076482885.305,1716509528985.526,186010871544.54605,284637680788.4772,0.0,5719930472.763399,1604663274938.9226,297857125591.1477,97926.29113233121,-317586792053.6177,-330806236856.2882
china,2070,16040907198357.443,266184753.5146341,0.0,477856705512.8329,939669446606.1233,97924632646.28424,0.0,6520675609.09751,5474645070.710636,1037594079252.4075,0.0,74142.94536580284,-559737373739.5746,-566258049348.6721
india,2070,19721290463976.086,810093474.4822656,0.0,1126964083175.5115,1070637792643.6809,248732991558.42145,0.0,31322498174.725586,7746414636.923044,1319370784202.1023,0.0,42828.80904500152,-192406701026.59082,-223729199201.3164
latam,2070,10260524406611.48,228110938.05118284,0.0,446258266584.64557,538118260406.4523,77562185132.87054,0.0,10396265083.050209,142337520791.4275,615680445539.3228,0.0,57413.57285991986,-169422178954.6772,-179818444037.7274
seasia,2070,11860385842783.805,287333989.4296376,0.0,522630798001.10815,624187081406.7227,87403128872.40933,0.0,4208030759.016193,5353019753.802622,711590210279.132,0.0,54395.78317133767,-188959412278.0238,-193167443037.04
russia,2070,9412936187417.936,126166484.39148614,6684725.024929623,399005847852.1924,465348779123.028,54012388819.51975,25683888950.659927,0.0,3207472346.797214,491570120090.226,27791047852.32186,68800.78203703089,-92564272238.03363,-94671431139.69556
mena,2070,18152602051634.426,274741403.7277714,0.0,1109216136306.8406,1007283676481.5635,260337529805.8084,0.0,18943096432.543217,4742494825.079227,1267621206287.3718,0.0,69141.39849876885,-158405069980.53125,-177348166413.07446
ssa,2070,16500409248304.65,1313370206.1882458,0.0,909550561345.1974,763674019209.6063,114171370166.58372,0.0,11765521212.41695,11903883382.097395,877845389376.1901,0.0,28230.489684771463,31705171969.007324,19939650756.590374
us,2071,35630814705173.1,157819468.7516879,34003385.93377357,1348221511817.055,1786374614943.7046,196353721152.11874,458566520004.8544,0.0,6666406818.262855,1552209624849.1785,430518711246.64624,122002.11081390503,-203988113032.12354,-175940304273.9154
oecd-ex-us,2071,33466315435728.95,234278807.36350185,35269077.02195136,1267345879708.4897,1697417651924.4849,183398106900.57596,284838869071.24445,0.0,6024652234.586276,1583658253308.6946,297157505516.36646,99712.30897384175,-316312373600.20483,-328631010045.32684
china,2071,15498704199010.998,255337371.79099947,0.0,455286495835.99854,902172589499.9451,93745462701.30621,0.0,6528452526.978833,4957009545.793731,995918052201.2512,0.0,75810.91587696323,-540631556365.2527,-547160008892.2315
india,2071,19498968322931.586,806422145.1286696,0.0,1108706997115.7717,1059128039968.2755,245048432142.64694,0.0,34585039525.747246,7732373476.408311,1304176472110.9224,0.0,44154.29087839742,-195469474995.15063,-230054514520.8979
latam,2071,10086018326585.988,225228626.11142164,0.0,436719999868.5221,528758842809.05334,75994834988.44969,0.0,9784093888.530012,3311691792.018801,604753677797.503,0.0,58930.79659216935,-168033677928.98096,-177817771817.51096
seasia,2071,11674868895411.719,284777531.4152267,0.0,512446313495.9895,614211302331.5791,85775931137.6464,0.0,3166712445.246441,5190685046.397063,699987233469.2255,0.0,55878.49644354476,-187540919973.23596,-190707632418.4824
russia,2071,9449687387359.938,124882403.86017095,6667177.178449026,392780060348.05286,460440656342.9458,54722850504.4801,23605318846.001125,0.0,135529327595.36795,487306318974.0721,27857187873.35373,70427.52564851407,-94526258626.01923,-98778127653.37183
mena,2071,17979810258945.277,274373286.924643,0.0,1094117929897.7456,998357646547.7721,257225762850.15173,0.0,16022661232.738033,4696348043.767347,1255583409397.9238,0.0,70770.95295243149,-161465479500.17822,-177488140732.91626
ssa,2071,16525753987071.299,1324196642.342635,0.0,904618264307.6113,765978404988.5022,114077079806.6596,0.0,11355151627.8111,12137110882.0099,880055484795.1619,0.0,29286.71032495047,24562779512.449463,13207627884.638363
us,2072,35445327693815.14,156373275.9044804,34067569.28281343,1337385428988.6025,1776907934879.5837,194836145624.35733,442358358735.4897,0.0,6513281421.9302025,1539861843050.6477,431882237453.29425,123845.94217700062,-202476414062.04517,-192000292779.84973
oecd-ex-us,2072,33138690372479.98,235940329.86286274,35880342.646039814,1248560671516.503,1678824564143.9395,180853307850.76126,277945976811.2225,0.0,5546160418.030807,1563120600949.308,296557271045.3926,101526.0496922491,-314559929432.8052,-333171223666.9753
china,2072,14974538126974.707,244633394.64916787,0.0,434787843349.39294,866156767346.7275,89834423248.1294,0.0,7648071575.229594,4685346784.403439,955991190594.8569,0.0,77507.8543043423,-521203347245.464,-528851418820.6936
india,2072,19275971926816.91,802546527.0783931,0.0,1090875487648.436,1047401590941.8339,241321983272.08133,0.0,32331338023.24629,7183028474.02775,1288723574213.9153,0.0,45510.1500702435,-197848086565.47925,-230179424588.72552
latam,2072,9913194076567.389,222569874.83647713,0.0,427457847524.6861,519516903556.4989,74452669089.75826,0.0,9593573720.465986,3281048823.4327974,593969572646.2572,0.0,60477.95868238401,-166511725121.5711,-176105298842.03708
seasia,2072,11489954648276.248,282418165.3212065,0.0,502684852713.82513,604418183679.3286,84186490431.29578,0.0,3840234743.9218097,4845809005.24631,688604674110.6244,0.0,57391.29019123729,-185919821396.79926,-189760056140.72107
russia,2072,9357426041962.36,123613159.03531808,6671305.999024238,387003357202.9761,455559673055.23895,54000838777.6462,27043429340.640003,0.0,3252379891.6970673,481815114778.475,27745397054.41006,72083.56230870844,-94811757575.4989,-95513725289.26897
mena,2072,17805546907761.957,274150716.47529143,0.0,1079526994942.6893,989554387213.5833,254107118513.5329,0.0,14695688172.880798,4566847773.986452,1243661505727.1162,0.0,72429.77979917241,-164134510784.42688,-178830198957.30768
ssa,2072,16543905810055.275,1334689892.9410517,0.0,899506986068.5479,767983840190.2059,113946169549.14189,0.0,11293533067.129309,11868379721.915068,881930009739.3478,0.0,30372.495732320363,17576976329.200073,6283443262.070765
us,2073,35271178421239.7,155230006.82920593,34147379.05600889,1327226382218.8557,1767134281113.0132,193239883919.39764,452120769409.9441,0.0,6877740828.152231,1527772413481.1082,432601751551.3033,125717.4294315536,-200546031262.25244,-181027013403.61163
oecd-ex-us,2073,32807084487723.77,231795861.0116924,35732619.997789666,1230811895879.5742,1660397390907.708,178344517734.57062,270823714660.00488,0.0,5500413346.491881,1543104496696.8381,295637411945.43933,103367.91674617272,-312292600817.2639,-337106298102.69836
china,2073,14469570866521.598,234353579.26630488,0.0,416391080865.24664,831679470902.161,86194402614.86847,0.0,7564775290.12755,4080307488.790912,917873873517.0295,0.0,79234.16145780362,-501482792651.7829,-509047567941.91046
india,2073,19054108253793.48,799119370.3215834,0.0,1073574512091.9639,1035744660878.6431,237610239775.93213,0.0,29685119847.15243,7601835386.336659,1273354900654.5752,0.0,46896.84011724288,-199780388562.61133,-229465508409.76376
latam,2073,9741857642414.658,219795328.64209145,0.0,418488313204.94507,510396353593.0426,72937935437.31949,0.0,9668621833.8127,3178163506.5024137,583334289030.362,0.0,62055.47506488737,-164845975825.417,-174514597659.2297
seasia,2073,11455655342346.268,279834509.11877674,0.0,493327018225.1711,595010723029.0123,84402254923.4817,0.0,4302558782.271754,156089212579.61752,679412977952.494,0.0,58934.585832287856,-186085959727.32294,-190388518509.5947
russia,2073,9263954819361.498,122366864.18734515,6667052.785015035,381692199766.6116,450814517290.03406,53312772812.84539,25808158303.57714,0.0,3155709431.827534,476409908165.8954,27717381936.983772,73769.29533061812,-94717708399.28381,-96626932032.69043
mena,2073,17832429815273.227,273659178.0916322,0.0,1065423225981.0046,979589119978.8641,253210892057.7222,0.0,15447606851.326124,209707300418.18036,1232800012036.5864,0.0,74118.28213758035,-167376786055.5818,-182824392906.9079
ssa,2073,16554541589034.154,1345999579.810508,0.0,894236185558.1873,769682038585.2744,113778306963.18039,0.0,11764272566.451075,11624211535.58737,883460345548.4548,0.0,31488.37219030703,10775840009.732422,-988432556.7186527
us,2074,35092202116059.375,154764980.31071967,34209266.60887141,1317893874964.112,1757791335264.1013,191747434396.77725,445623271656.2328,0.0,7045317860.217894,1515961230638.714,433577539022.16327,127616.98739322874,-198067355674.60205,-186021623040.53253
oecd-ex-us,2074,32480637284862.3,230485915.37964398,35602571.875299476,1214329415344.478,1642144102587.126,175922274975.61758,272002114929.99103,0.0,5287644426.815867,1523642600750.271,294423776812.4724,105238.31975042193,-309313185405.79297,-331734847288.27435
china,2074,14239325966777.004,224163123.82111272,0.0,400189045608.45844,806502051998.1383,85943851269.64801,0.0,6437316365.113275,268449274279.84583,892445903267.7864,0.0,80990.24399561516,-492256857659.32794,-498694174024.4412
india,2074,19024620531050.246,795186126.1558216,0.0,1056782800454.1362,1022622458834.9286,236200276352.51556,0.0,31564343189.56351,204116555179.6515,1258822735187.444,0.0,48314.81886627933,-202039934733.30786,-233604277922.87137
latam,2074,9572800474676.197,218811643.41848066,0.0,409830195377.739,501403735923.81244,71453515971.95935,0.0,9014289306.690231,2984178086.2601633,572857251895.7717,0.0,63663.76685461372,-163027056518.0327,-172041345824.72296
seasia,2074,11272792220048.168,279040815.11111385,0.0,484409929376.08765,585480403710.711,82842772606.85785,0.0,4119432517.575447,5169557160.953803,668323176317.5688,0.0,60508.80980375839,-183913246941.4812,-188032679459.05664
russia,2074,9172137534774.57,121675709.34658024,6672492.863934856,376810469588.8197,446124278819.25024,52642360158.47602,27094843017.998074,0.0,3044041783.983752,471117924231.864,27648714745.862488,75485.13370759635,-94307454643.04431,-94861326370.90872
mena,2074,17650332693365.35,274107622.55664986,0.0,1051737198229.9897,970807229420.4435,250049920367.92752,0.0,17684995783.260128,4707825433.7697525,1220857149788.371,0.0,75836.86875858804,-169119951558.38135,-186804947341.64148
ssa,2074,16559568878864.648,1354903308.1559782,0.0,888852948926.1837,771060263930.9456,113571280867.42332,0.0,10623335671.995697,11429221374.680452,884631544798.3689,0.0,32634.869861233794,4221404127.8148193,-6401931544.180878
us,2075,35493194900854.97,154756328.3231611,34324168.43701769,1309626735521.073,1747533224538.7744,195394124679.81824,470435606907.64386,0.0,563857791585.46,1506817272640.3022,436110076578.28925,129545.03710027701,-197190537119.22925,-162865006789.87463
oecd-ex-us,2075,32172762128916.676,229804773.89512202,35532487.167588994,1199407033946.586,1624395910183.1458,173600760444.3419,285484785718.6274,0.0,5229695016.658878,1504782120413.709,293214550213.7799,107137.6745688923,-305375086467.12305,-313104850962.2756
china,2075,13764929044765.723,220154473.05036095,0.0,386059212916.4801,775162707335.854,82681950737.21349,0.0,7009669055.666724,4398192200.975449,857844658073.0675,0.0,82776.51452723765,-471785445156.5874,-478795114212.25415
india,2075,18795551904722.86,794855118.3766466,0.0,1040452366843.0486,1011050487820.7903,232534508308.31546,0.0,33163367406.371727,7227370365.030343,1243584996129.1057,0.0,49764.5486185481,-203132629286.05713,-236295996692.42886
latam,2075,9405690688484.125,217256958.41912466,0.0,401492968590.577,492582734766.5292,70004334761.7337,0.0,8965043241.183336,2949357986.798684,562587069528.263,0.0,65303.260458509474,-161094100937.6859,-170059144178.86926
seasia,2075,11092154642600.016,277054140.1262758,0.0,475927914597.6185,576138227181.3302,81324053757.27072,0.0,3965914829.658178,4862703722.490782,657462280938.601,0.0,62114.39367371054,-181534366340.98242,-185500281170.6406
russia,2075,9081130157674.92,121110098.22017264,6677764.264334311,372350351955.596,441568939837.5357,52005802621.22904,27198852788.905895,0.0,3018160614.6074,465964882045.6044,27609860413.160538,77231.49221938399,-93614530090.00836,-94025537714.263
mena,2075,17466195123315.703,273484326.5225755,0.0,1038459819995.8916,961909361538.8356,246869284434.21695,0.0,18326213203.20064,4507469130.706093,1208778645973.0525,0.0,77585.95425130561,-170318825977.1609,-188645039180.36154
ssa,2075,16558138259480.76,1364347818.948684,0.0,883367037754.6284,772187193650.0438,113328536473.93762,0.0,10881213522.05661,11599286507.515867,885515730123.9814,0.0,33812.5228372265,-2148692369.3530273,-13029905891.409637
us,2076,35328139092181.805,153660854.10391176,34414554.28260182,1302292145113.8423,1739145741191.1555,194101262788.44043,459546084757.578,0.0,6352965435.01754,1495599156680.7197,437647847298.8755,131502.00590686913,-193307011566.87744,-171408774108.17493
oecd-ex-us,2076,31866972322101.023,226689525.24243873,35462959.96347544,1186008061623.288,1607747163923.8098,171452690656.73526,282400980033.1863,0.0,5001006108.394512,1486579262624.3184,292620591956.22675,109066.40340879868,-300571201001.0303,-310790812924.07074
china,2076,13311303038944.441,215415150.52765614,0.0,373815666950.5834,745582422315.8524,79681471041.98547,0.0,6008670175.457592,3830890761.428893,825263893357.8379,0.0,84593.39171732057,-451448226407.2545,-457456896582.7121
india,2076,18567418368080.59,793429164.3729825,0.0,1024584246072.2747,999405064735.122,228882423838.15414,0.0,31758430276.576763,7328136135.31962,1228287488573.2761,0.0,51246.49623628344,-203703242501.00146,-235461672777.57822
latam,2076,9240912356859.955,216924320.91860652,0.0,393476072585.7943,483912482371.67883,68589445701.41996,0.0,8579529756.740365,2827053619.8785944,552501928073.0988,0.0,66974.38768843569,-159025855487.30444,-167605385244.0448
seasia,2076,10915041251470.639,272390460.0014429,0.0,467842171977.47705,566987220311.5117,79843383268.94296,0.0,2904762865.0962663,4779803338.69282,646830603580.4547,0.0,63751.77425466119,-178988431602.97766,-181893194468.0739
russia,2076,8992862720699.03,121831130.50280064,6805838.188080833,368291897884.8727,437168349574.74677,51395095250.01021,28998138097.23913,0.0,3005971866.7576017,460969434132.69006,27594010692.066654,79008.79153937967,-92677536247.81738,-91273408842.64491
mena,2076,17282262362948.883,270840724.7977841,0.0,1025658176041.8499,952993605107.8104,243703460016.8383,0.0,17185576411.942177,4291705127.911274,1196697065124.6487,0.0,79365.95911008262,-171038889082.79883,-188224465494.741
ssa,2076,16549583779811.812,1372104473.3960402,0.0,877761327222.802,773013725081.2753,113047677386.52737,0.0,11848694227.511196,11594289803.562235,886061402467.8026,0.0,35021.86919580021,-8300075245.00061,-20148769472.511806
us,2077,35159625174483.34,152578489.92367923,34483495.39520112,1295550292146.837,1730789892044.4404,192733829648.94537,452756602886.9684,0.0,6702908961.128507,1484737861456.6726,438785860236.7137,133488.32757782933,-189187569309.8357,-175216826659.581
oecd-ex-us,2077,31561970659964.25,223635802.24737823,35373702.171339415,1173863347860.5898,1591635907081.0056,169382228629.3557,277208476188.96545,0.0,4944649524.034569,1469078343103.0234,291939792607.33813,111024.93491626681,-295214995242.4336,-309946311660.8063
china,2077,12877410549595.023,206501269.8179968,0.0,363298437193.0215,717919128910.7423,76926671721.09566,0.0,6103633056.523917,3758507145.932671,794845800631.838,0.0,86441.30039092338,-431547363438.8165,-437650996495.34045
india,2077,18338865811480.156,783117608.1992162,0.0,1009221447457.5433,987862046097.9995,225288611096.3567,0.0,31777733346.60008,7154386482.970394,1213150657194.3562,0.0,52761.133252046384,-203929209736.81287,-235706943083.41293
latam,2077,9078135379791.287,212781850.04927912,0.0,385773884204.58594,475424079717.5191,67211482902.95659,0.0,8642873754.916704,2727575102.138225,542635562620.4757,0.0,68677.58587556785,-156861678415.88977,-165504552170.8065
seasia,2077,10738880560315.871,267749046.08117568,0.0,460095781123.14935,558076110527.3698,78410250617.57152,0.0,4272588262.5221996,4502477129.555607,636486361144.9413,0.0,65421.393718672996,-176390580021.79193,-180663168284.31412
russia,2077,8903699508034.475,120468037.10440573,6814967.181167679,364578648306.03754,432952260112.8687,50825522175.76067,27177316892.74444,0.0,2858604425.2901597,456147765964.6044,27630016324.024815,80817.45834315551,-91569117658.56683,-92021817089.84721
mena,2077,17095435390592.572,268142840.74039552,0.0,1013283961650.4294,944125731399.525,240583759686.79337,0.0,19693564599.443905,4292121679.030841,1184709491086.3184,0.0,81177.30984281303,-171425529435.88892,-191119094035.33282
ssa,2077,16536582497015.723,1373463388.7676086,0.0,872067616235.5614,773527292084.9169,112737744984.73373,0.0,9804756882.414286,11000894920.417147,886265037069.6506,0.0,36263.45106010196,-14197420834.089233,-24002177716.503517
us,2078,34995627951365.93,151537861.72410876,34558399.71829769,1289560752587.7097,1722537475730.8572,191436915718.3353,453195189803.94745,0.0,7221225940.114983,1474256773218.4253,439717618230.76605,135504.44238479,-184696020630.71558,-171218449057.53418
oecd-ex-us,2078,31269934605723.855,220702341.70065814,35315126.72811097,1163020449971.1719,1576027876383.1116,167401933243.64572,283533524801.0274,0.0,4839780614.178873,1452307178509.7935,291122631116.96484,113013.70427330532,-289286728538.6216,-296875834854.559
china,2078,12463361417871.94,197975800.1216845,0.0,354290184870.1554,692123045430.8148,74393475658.60031,0.0,5272749144.311492,3449953640.4836535,766516521089.4152,0.0,88320.67163998078,-412226336219.25977,-417499085363.5712
india,2078,18108037801261.117,772751825.3813905,0.0,994292638473.2971,976375768765.6118,221745486118.1319,0.0,33787705831.27041,6788312022.68666,1198121254883.7437,0.0,54308.93598053645,-203828616410.44653,-237616322241.71695
latam,2078,8917530174092.162,208689956.57260448,0.0,378365868496.49756,467100131219.8439,65867577682.931694,0.0,8643979516.991491,2640614224.1456795,532967708902.7756,0.0,70413.29798628995,-154601840406.278,-163245819923.2695
seasia,2078,10565887948002.244,263177314.14361888,0.0,452644068411.6676,549283194154.71075,77001561803.3952,0.0,3962933630.1344247,4611008862.942486,626284755958.106,0.0,67123.69971407067,-173640687546.43835,-177603621176.57278
russia,2078,8815739631034.44,119115704.84179266,6818770.530143185,361144182619.6651,428811513926.29425,50257135460.51195,27151772827.864048,0.0,2812816939.239629,451504336753.8163,27564312632.98974,82657.92541823213,-90360154134.15118,-90772693939.27689
mena,2078,16911778113675.34,265476876.3178815,0.0,1001316336769.0737,935079581431.3177,237473987699.82748,0.0,16706268146.673058,4286223591.5112934,1172553569131.1453,0.0,83020.43908049716,-171237232362.07153,-187943500508.7446
ssa,2078,16518108703733.818,1374328193.6000266,0.0,866275800958.2626,773841810481.401,112404697652.5001,0.0,9898579408.397392,11395493302.127285,886246508133.9011,0.0,37537.814663780075,-19970707175.63855,-29869286584.035942
us,2079,34824657758922.152,150506756.32804805,34605705.71261362,1284152169304.5237,1714689181349.0388,190189461400.71817,443785094547.15845,0.0,5971186454.319444,1464190417892.4263,440688224857.33154,137550.79720378885,-180038248587.9026,-176941378898.07568
oecd-ex-us,2079,31474242298139.61,217847550.7966787,35234931.357618496,1153429395867.6206,1561527020360.6082,170289763875.5851,279282898896.66315,0.0,503412181887.65454,1439678116161.5168,292138668074.6767,115033.15329618064,-286248720293.89624,-299104489471.9098
china,2079,12066520561577.098,189831986.94768983,0.0,346501171685.93677,668283717407.1901,72059971653.3145,0.0,6205442086.7300825,3207103166.4415207,740343689060.5045,0.0,90231.9429310311,-393842517374.56775,-400047959461.29785
india,2079,17881474978359.69,762533954.7572539,0.0,979798715839.0391,964816075115.2437,218235303796.8333,0.0,30060655275.128544,6750495446.73812,1183051378912.077,0.0,55890.38563289244,-203252663073.03784,-233313318348.16638
latam,2079,8759203252832.154,204654898.6530072,0.0,371239771917.4158,458940686622.9202,64558133505.599266,0.0,8610555458.908657,2542682409.99973,523498820128.5195,0.0,72181.97273958141,-152259048211.1037,-160869603670.01236
seasia,2079,10395198046296.568,263169237.9905047,0.0,445461643405.3416,540687014422.0716,75633344324.00177,0.0,4200303016.2989097,4369116651.350442,616320358746.0734,0.0,68859.14548377527,-170858715340.73175,-175059018357.03067
russia,2079,8727934152786.051,117781464.506217,6816963.913942021,357941406464.5937,424815819812.93414,49714154468.81694,26051509604.888393,0.0,2731579963.8813467,447033816705.67413,27496157576.076942,84530.63177512835,-89092410241.08044,-90537058212.26898
mena,2079,16733284566192.594,266532908.34424147,0.0,989847122011.7762,926156827590.0027,234451999045.06342,0.0,11902720971.135368,4170878111.680951,1160608826635.0662,0.0,84895.7856880763,-170761704623.28992,-182664425594.4253
ssa,2079,16614854011825.842,1374606876.6125162,0.0,860329443830.4622,771112372555.1268,113739502237.5494,0.0,11611969208.576967,132879708262.8161,884851874792.6763,0.0,38845.510420446924,-24522430962.21411,-36134400170.79108
us,2080,34655289709357.38,149508146.0049231,34648683.04238665,1279085976497.9614,1706692067761.1294,188960778312.6584,440735565865.3207,0.0,6463254145.71723,1454483223309.2485,441169622764.5391,139627.84561433026,-175397246811.2871,-175831303710.50555
oecd-ex-us,2080,31190291596869.734,215104266.8481486,35160225.947175965,1144910639071.7297,1547054853965.4663,168459683079.23767,281832286491.8777,0.0,4820910211.252552,1424119012093.8008,291395524950.9032,117083.73053521746,-279208373022.07104,-288771611481.09656
china,2080,11687032631771.14,188449816.7819216,0.0,339634160768.64343,646211519167.4966,69888422658.85843,0.0,6063096734.73612,3040947986.4974155,716099941826.355,0.0,92175.55821422764,-376465781057.71155,-382528877792.4477
india,2080,17654769489321.22,762274176.0125164,0.0,965715728737.4398,953429320361.2394,214824768663.05283,0.0,30633026694.7167,6465897943.092195,1168254089024.2922,0.0,57505.96843344803,-202538360286.85242,-233171386981.56912
latam,2080,8603399831959.949,200690482.38178298,0.0,364372622011.1843,450947987963.7688,63282650105.89319,0.0,8392283828.396145,2446879014.672564,514230638069.662,0.0,73984.06472589637,-149858016058.47766,-158250299886.8738
seasia,2080,10227263132494.58,258693084.45070693,0.0,438505101063.5608,532250743913.6758,74297442480.67209,0.0,4183732033.5389113,4291903562.339409,606548186394.3479,0.0,70628.18998525,-168043085330.7871,-172226817364.32602
russia,2080,8643234981961.617,116481704.44668867,6819420.4493459,354941102946.51666,420930568898.4789,49180564113.13376,27792551806.264347,0.0,2678307434.3980117,442718717976.79895,27392415034.813316,86436.02275970095,-87777615030.28229,-87377478258.83127
mena,2080,16555327649636.516,263931534.6040664,0.0,978768522216.8663,917462082747.3032,231545135366.73413,0.0,11732741637.851254,4014520978.940956,1149007218114.0374,0.0,86803.79487655582,-170238695897.17102,-181971437535.02228
ssa,2080,16584977629103.22,1374438233.9991078,0.0,854249518946.1019,770869716863.0762,113352827438.07336,0.0,11317883590.885187,11414526223.310947,884222544301.1495,0.0,40187.09299769866,-29973025355.047607,-41290908945.93279
us,2081,34525181047482.95,148617090.1269385,34762842.70338007,1274753681563.4338,1698872779853.0264,187688003198.421,475545212683.8389,0.0,6153226929.739654,1445118977246.0476,441441805805.3988,141736.04799993217,-170365295682.61377,-136261888804.17365
oecd-ex-us,2081,30922638561342.19,212489539.28831935,35107417.44907285,1137432731926.8916,1533289135916.187,166671945578.3614,289998100884.2124,0.0,4877213155.855367,1409242567440.7307,290718514053.8187,119165.89137604754,-271809835513.8391,-272530248683.44543
china,2081,11324365296210.998,180861632.4865966,0.0,333505832112.0185,625844091934.0502,67855655646.41196,0.0,5458469041.821946,2985048950.128759,693699747580.4622,0.0,94151.96803365333,-360193915468.44366,-365652384510.2656
india,2081,17425942468790.748,752022462.6415383,0.0,951862533299.3293,942014264059.0663,211466958324.94067,0.0,33821592650.051582,6613261204.263869,1153481222384.0068,0.0,59156.17573890943,-201618689084.6775,-235440281734.72906
latam,2081,8450089587220.289,196802804.74061263,0.0,357747607210.34894,443135034915.2289,62041607520.12994,0.0,8201527517.383179,2320318002.7330995,505176642435.3588,0.0,75820.03452753642,-147429035225.0099,-155630562742.39307
seasia,2081,10062335771723.082,254305614.73973683,0.0,431746335400.889,523982495022.8508,72993074295.89407,0.0,3926376838.646138,4228249985.0084095,596975569318.7449,0.0,72431.29801205244,-165229233917.8559,-169155610756.50204
russia,2081,8560044136314.812,115218634.23349757,6824855.663362848,352109868361.51624,417231651128.4214,48672146782.43984,28009631071.649,0.0,2593452830.894715,438540601399.5101,27363196511.35141,88374.55016679152,-86430733037.99384,-85784298477.69624
mena,2081,16379476336587.145,261356831.58734322,0.0,967938669154.0781,908757292325.7999,228694832097.41693,0.0,10351337269.544361,4013479489.3140364,1137452124423.2168,0.0,88744.91831643395,-169513455269.13867,-179864792538.68304
ssa,2081,16549170091276.38,1373785498.3562045,0.0,848057231338.3173,770387255475.1914,112936388839.32118,0.0,11835555852.562227,11294431001.921358,883323644314.5126,0.0,41563.12139565246,-35266412976.19531,-47101968828.75754
us,2082,34376799203867.04,150310338.5442361,35453712.99024678,1270880124071.4253,1692379610083.687,186681795590.1524,453603562597.7913,0.0,6195875388.71899,1436082377438.0361,442979028235.80396,143875.8716501817,-165202253366.61084,-154577719004.62347
oecd-ex-us,2082,30652774947561.086,209953749.9059106,35027636.10175016,1130703807364.694,1520337011165.342,165012388471.42084,280127100756.21814,0.0,4654877734.77663,1395025588392.561,290323811244.20233,121280.09814233045,-264321781027.86694,-274518491515.85114
china,2082,10978120718363.488,173709347.6737441,0.0,327903893116.2879,607063391210.6702,65936225063.42592,0.0,4174633359.869887,3025778670.1658998,672999616274.0961,0.0,96161.62963895967,-345095723157.80817,-349270356517.67804
india,2082,17199648874791.254,741904735.8347793,0.0,938177406629.15,930466964424.7535,208144157008.72287,0.0,32041232905.922764,6181353710.755546,1138611121433.4763,0.0,60841.504159923,-200433714804.3263,-232474947710.24905
latam,2082,8412827648021.582,192999024.1840364,0.0,351355141765.26166,435730030547.5128,62109190723.64046,0.0,7872255303.933159,117094395611.11414,497839221271.15326,0.0,77690.34884051859,-146484079505.8916,-154356334809.82477
seasia,2082,9899632124657.514,250000735.69904137,0.0,425130250513.5745,515889569087.6173,71723169739.00569,0.0,4139644668.2558126,3918485915.7294364,587612738826.623,0.0,74268.94031698917,-162482488313.04852,-166622132981.30432
russia,2082,8592556537283.257,113967265.65671968,6805607.1044606315,349322147842.6486,413281210438.5457,49391194910.70286,25290768675.011257,0.0,120571889800.03609,435191570408.2884,27480834940.960182,90346.67235519736,-85869422565.63977,-88059488831.58868
mena,2082,16202819732403.059,258771793.5938466,0.0,957263711654.7156,900093341386.0739,225916525860.32367,0.0,11871364909.676685,3960916317.2711563,1126009867246.3975,0.0,90719.61425245351,-168746155591.6819,-180617520501.35858
ssa,2082,16509169638315.666,1372751947.8122404,0.0,841780569769.2479,769633895987.6356,112484648735.17253,0.0,10924574113.496798,11262096106.338783,882118544722.8081,0.0,42974.15902995914,-40337974953.56018,-51262549067.05698
us,2083,34232668520918.242,149416518.26476967,35518880.88034259,1266987065833.472,1685406322176.9705,185646114231.4466,454455856682.28314,0.0,5478830943.844282,1427379544779.655,443672891628.763,146047.79086432143,-160392478946.1831,-149609513892.66296
oecd-ex-us,2083,30395337914440.082,207542345.4551137,34966810.16952435,1124551940207.3726,1507693438404.0906,163389034511.71393,284363473696.15607,0.0,4730025891.2485075,1381430597916.9673,289651874998.8361,123426.82019996938,-256878657709.59473,-262167059012.27478
china,2083,10645101167029.996,166969385.45448565,0.0,322568721563.0817,589640268966.5177,64117485396.75247,0.0,4480254845.494235,2649736312.194137,653757754363.2701,0.0,98205.00709835174,-331189032800.1884,-335669287645.6827
india,2083,16973388877090.932,731831506.4502282,0.0,924619815398.8312,919054409051.2305,204901259757.12567,0.0,32939090960.589344,6014946669.796097,1123955668808.3562,0.0,62562.45568500258,-199335853409.52502,-232274944370.11438
latam,2083,8263569435818.5,189276625.18702775,0.0,345153886821.8048,428262695243.366,60910689348.35846,0.0,7615668833.086577,2376954399.926031,489173384591.7245,0.0,79595.48059794241,-144019497769.91968,-151635166603.00626
seasia,2083,9739931620940.775,245795399.7821279,0.0,418594295008.40326,507923224879.7252,70477504124.81133,0.0,3764554965.9521914,3870485245.3507447,578400729004.5365,0.0,76141.59373687058,-159806433996.13324,-163570988962.08542
russia,2083,8511387082514.6875,112778760.44559205,6810552.933672972,346544916075.6848,409702141990.8624,48887162966.9945,28231235477.006256,0.0,2643698636.592546,431210477659.22455,27378827298.63232,92352.85436398468,-84665561583.53973,-83813153405.1658
mena,2083,16024568192964.693,256168019.19308046,0.0,946632265078.4514,891275604425.372,223175234390.80032,0.0,14259446107.771538,3826480407.1261606,1114450838816.1724,0.0,92728.34761969531,-167818573737.72095,-182078019845.4925
ssa,2083,16464951047257.44,1371314999.143025,0.0,835436278912.76,768666653522.1572,112014318003.18916,0.0,10511426255.292244,11537527809.654072,880680971525.3464,0.0,44420.773819246286,-45244692612.586426,-55756118867.87867
us,2084,34089851530048.387,148555219.61954433,35581221.72714266,1263154726661.0227,1678627093656.2825,184626542336.00922,450924233343.4539,0.0,6357685117.975923,1418947497236.5657,444306138755.72644,148252.28705638958,-155792770575.54297,-149174675987.8155
oecd-ex-us,2084,30139192037252.383,205221636.119308,34889102.24493552,1118838245055.7175,1495601648489.6458,161823893784.93854,277820367168.1333,0.0,4621052863.040172,1368417347875.6582,289008194398.92664,125606.53406284652,-249579102819.94067,-260766930050.734
china,2084,10322846396235.307,160621890.14028224,0.0,317210889586.90686,573270367837.5144,62363326539.28671,0.0,6499512790.3787565,2667546785.5865006,635633694376.8011,0.0,100282.57141294116,-318422804789.8943,-324922317580.2731
india,2084,16751679266838.346,721955158.6599352,0.0,911177320739.8635,907611501937.8414,201708555398.01337,0.0,29305009977.338383,5738136320.737171,1109320057335.8547,0.0,64319.53780678687,-198142736595.9912,-227447746573.3296
latam,2084,8116619453989.465,185631150.7652659,0.0,339099079779.927,420941291311.59125,59741051631.35136,0.0,7702010155.483922,2335291489.4655633,480682342942.9426,0.0,81535.9090948599,-141583263163.01562,-149285273318.49954
seasia,2084,9709131918670.95,241680938.37253454,0.0,412092255792.38275,500213986960.49146,70748646247.3979,0.0,3789058435.6487403,131859733581.32428,570962633207.8894,0.0,78049.74131886438,-158870377415.50665,-162659435851.1554
russia,2084,8429707931896.568,111615361.26108257,6800399.850610924,343745824002.1026,406317031112.81903,48404245477.890396,26668245993.232353,0.0,2628055977.253884,427321548339.11597,27399728251.593338,94393.56803016318,-83575724337.01337,-84307206595.37436
mena,2084,15848984664121.398,253607517.89492124,0.0,936055178417.1599,882251175130.3112,220457920813.55054,0.0,12588882856.20269,3659271539.604064,1102709095943.8618,0.0,94771.59016103219,-166653917526.7019,-179242800382.9046
ssa,2084,16414512206436.436,1378038415.2870708,0.0,828984484052.3539,767484626972.8192,111523063497.37363,0.0,11407359991.752821,10991725588.593658,879007690470.1929,0.0,45903.53827694531,-50023206417.83899,-61430566409.59181
us,2085,33929207615544.406,147675660.72272807,35589439.23152475,1259037780191.252,1672083563585.698,183656095261.18488,429817895886.9896,0.0,6240068264.65356,1410772547873.252,444967110973.63104,150489.84886193747,-151734767682.0,-166883982768.64142
oecd-ex-us,2085,29884198873006.586,202979914.58749488,34783299.19545316,1113259295014.8042,1483777475744.2893,160306853062.2916,271572204939.90686,0.0,4259664606.0687804,1355914158261.541,288170170545.04016,127819.72350010162,-242654863246.73682,-259252828851.87012
china,2085,10013215009201.377,154702668.14251065,0.0,311725442978.37396,557656479731.6395,60646544890.35476,0.0,5734212684.853695,2680407294.539504,618303024621.9943,0.0,102394.80063249002,-306577581643.6203,-312311794328.474
india,2085,16528810989436.418,712088728.9664345,0.0,897786750372.0052,896320474991.3074,198610800869.91055,0.0,31113845791.70726,5390093878.987577,1094931275861.2179,0.0,66113.26365059931,-197144525489.21265,-228258371280.91992
latam,2085,7971770363830.306,182066862.50210565,0.0,333164039542.85315,413735661283.7908,58598874998.47573,0.0,7819784798.610438,2141191378.8622508,472334536282.2665,0.0,83512.12011465497,-139170496739.41333,-146990281538.02377
seasia,2085,9552909385655.242,237658459.09602618,0.0,405586538790.9369,492489797190.0661,69531724747.25288,0.0,3710709812.2219424,3923159942.902864,562021521937.319,0.0,79993.87244844822,-156434983146.38208,-160145692958.60403
russia,2085,8347181596098.327,110475102.07402024,6772707.686874174,340818491632.0524,402939961501.4743,47921047207.12207,24895746407.970604,0.0,2620434870.326171,423503838302.20465,27357170406.391685,96469.29210774116,-82685346670.15222,-85146770668.5733
mena,2085,15677235405484.32,251108627.17052597,0.0,925573760858.2585,873254819358.7782,217809552750.65665,0.0,9939990988.783617,3681343602.8923316,1091064372109.4348,0.0,96849.82054596348,-165490611251.17627,-175430602239.9599
ssa,2085,16360904475257.473,1376034103.0809538,0.0,822431090523.3204,766022105766.8293,110998640578.26169,0.0,9761823410.059792,10743748052.859335,877020746345.0911,0.0,47423.0296074535,-54589655821.77063,-64351479231.83042
us,2086,33789284101414.668,146875801.8054536,35642394.55299213,1254790115590.5327,1665079051923.183,182616968563.75946,447153740335.65814,0.0,5828650431.006681,1402829961877.851,444866058609.0907,152760.97224634764,-148039846287.31836,-145752164560.75092
oecd-ex-us,2086,29637178485380.246,204648836.61388466,35369521.50582441,1107724764834.5037,1472211140783.7522,158790111460.0397,271857950451.45813,0.0,4398149331.480911,1343815252788.5098,287185999455.28204,130066.87964497885,-236090487954.0061,-251418536957.83002
china,2086,9887803765028.205,149204409.07952708,0.0,306060972938.52344,544626805430.8251,61020806586.376175,0.0,5034788724.499371,179210183630.0039,605647612017.2013,0.0,104542.17997256889,-299586639078.67786,-304621427803.17725
india,2086,16482992904340.477,702223865.2035292,0.0,884319488140.479,884059318714.8872,197563028739.36896,0.0,33673272861.089996,185158047078.92874,1081622347454.2561,0.0,67944.15210528357,-197302859313.7771,-230976132174.8671
latam,2086,7829248923669.174,178588471.05164403,0.0,327325684205.6093,406650143811.1974,57479839431.37545,0.0,7790460962.467068,2073319838.2989767,464129983242.5728,0.0,85524.60605693856,-136804299036.9635,-144594759999.43057
seasia,2086,9398612698692.47,233720776.6870377,0.0,399047593804.0051,484873458123.5342,68335052294.01286,0.0,3898242988.2385206,3762472639.0093575,553208510417.547,0.0,81974.48297896248,-154160916613.54187,-158059159601.7804
russia,2086,8265326535977.527,109371038.39168443,6742713.010360651,337755906076.02106,399525897542.23486,47425234438.5449,24806306669.70671,0.0,2533859114.2535777,419729704058.38525,27221427922.394608,98580.5123881819,-81973797982.3642,-84388919235.0521
mena,2086,15688143800480.691,248597653.3340216,0.0,915043302610.1672,863689827944.5112,217230176276.5397,0.0,12654435859.448696,189439532466.6985,1080920004221.0509,0.0,98963.52449085074,-165876701610.88367,-178531137470.33237
ssa,2086,16303958901036.139,1373696780.4140017,0.0,815780475406.0308,764392831184.8748,110450420157.46175,0.0,8692680658.497263,10809882373.47057,874843251342.3365,0.0,48979.82980658072,-59062775936.305786,-67755456594.80305
us,2087,33653029739651.18,146100267.79537845,35687231.15883059,1250543288191.7883,1658906884950.1858,181549442446.86575,447955299352.4194,0.0,5703378089.383684,1395055839856.3904,445400487540.6621,155066.16061477683,-144512551664.60205,-141957739852.8448
oecd-ex-us,2087,29397701337391.4,202548089.7742934,35282223.82755497,1102166392019.853,1461094003060.6006,157283757446.61227,272580016700.52377,0.0,4154203797.990126,1332046269939.3687,286331490567.84314,132348.50110526668,-229879877919.51562,-243631351786.835
china,2087,9595300700138.936,144091450.8813776,0.0,300069545585.5908,530129209873.96655,59338254351.70055,0.0,5652729156.145571,2547582906.9517093,589467464225.6671,0.0,106725.2019331531,-289397918640.0763,-295050647796.22186
india,2087,16262565799638.855,692579310.7182096,0.0,870863605681.8022,872593734310.7496,194499340280.27927,0.0,29620479179.624992,5422843387.227288,1067093074591.0289,0.0,69812.72795628989,-196229468909.22668,-225849948088.85168
latam,2087,7689366877602.412,175199573.0804431,0.0,321565586234.1956,399678074204.0926,56381921314.236145,0.0,7454774610.887005,2067137828.259962,456059995518.32874,0.0,87573.86606696805,-134494409284.13312,-141949183895.0201
seasia,2087,9246312520288.25,229865416.53797343,0.0,392464944381.0957,477332482686.4422,67152250338.99232,0.0,3985098736.976266,3704708977.0918365,544484733025.4345,0.0,83992.07536276645,-152019788644.3388,-156004887381.31506
russia,2087,8186446576998.594,108319185.04645069,6731171.919518703,334587443565.45337,396188360332.3604,46925397813.021385,27041885718.610172,0.0,2604469882.3919125,415975308517.52313,27138449627.858627,100727.72182228231,-81387864952.06976,-81484428861.31822
mena,2087,15513452103340.588,246096260.50823584,0.0,904341609691.634,854664726570.7461,214647659495.2673,0.0,13497504692.445137,3776583926.7198815,1069312386066.0134,0.0,101113.19488057579,-164970776374.3794,-178468281066.82452
ssa,2087,16240628862467.37,1370836362.478392,0.0,808969269319.2048,762577194512.0261,109875755600.29045,0.0,10693758035.333336,10847400259.674036,872452950112.3165,0.0,50574.525766229104,-63483680793.111694,-74177438828.44504
us,2088,34061653228991.727,145386875.1824305,35765004.39581441,1246194820245.2239,1651228736624.9282,185378812391.91064,465037276087.9645,0.0,533998942024.1875,1388860036523.9192,447747512492.91943,157405.9249237484,-142665216278.6953,-125375452683.65027
oecd-ex-us,2088,29174971083263.527,200566215.78145698,35220604.7308444,1096555911784.3171,1450198626180.592,155838322365.34824,282492145637.6557,0.0,4258636996.100795,1320491319806.9392,285545628739.00165,134665.09407535597,-223935408022.62207,-226988891123.96802
china,2088,9312057950384.15,139360135.61029884,0.0,293652525750.11743,516015678763.8293,57672233395.37847,0.0,5628258926.321291,2420895580.6242285,573687912159.2078,0.0,108944.36641868131,-280035386409.09033,-285663645335.4116
india,2088,16042423526781.504,683006111.7818071,0.0,857430323705.0636,861327015836.1635,191516526177.93912,0.0,29956419996.957886,5227365448.653341,1052843542014.1025,0.0,71719.52202098836,-195413218309.03894,-225369638305.99683
latam,2088,7551986707037.825,175013967.01191828,0.0,315870874773.51447,392811305918.46716,55306080697.41973,0.0,7160844064.8331375,2027185342.6217213,448117386615.8869,0.0,89660.40616660006,-132246511842.37244,-139407355907.20557
seasia,2088,9096757167562.057,226104585.14671728,0.0,385852426141.87964,469846612193.9676,65981226720.85707,0.0,3277923509.2213783,3697983555.969483,535827838914.82465,0.0,86047.15878400164,-149975412772.945,-153253336282.16638
russia,2088,8106045760479.795,109004043.27877934,6829105.138822683,331270795117.52625,392904448559.00287,46444756087.15514,25194077144.590954,0.0,2483515865.2405286,412213739119.09406,27135465527.063717,102911.42064349535,-80942944001.56781,-82884332384.04057
mena,2088,15341119602505.064,243633432.42740893,0.0,893544809819.0741,845533658236.1796,212085777390.74585,0.0,12021214258.63556,3763339230.9657116,1057619435626.9254,0.0,103299.33189164315,-164074625807.85132,-176095840066.48688
ssa,2088,16171977550292.676,1367517094.698518,0.0,801977864363.9114,760442090147.2732,109257308185.5084,0.0,11838281311.756435,10908503105.938099,869699398332.7816,0.0,52207.70938325272,-67721533968.87024,-79559815280.62668
us,2089,33931781739329.074,144666593.26021695,35809740.32460766,1241616981782.19,1645816928364.759,184480362653.1976,453059779090.96857,0.0,5749040482.115752,1381288441472.6528,449008849545.3031,159780.78379441838,-139671459690.4629,-135620530144.79742
oecd-ex-us,2089,28939619497241.207,198613764.95931956,35103331.185120165,1090539361113.9314,1439828469384.3306,154441698896.869,264081513550.7478,0.0,4297707594.1865015,1309080900936.7617,285189267344.43866,137017.17244994192,-218541539822.83032,-239649293616.52118
china,2089,9037234848625.129,134982837.44633052,0.0,286819473892.5613,502218027049.91895,56020393980.244286,0.0,5629331360.9422,2225176739.523706,558238421030.1632,0.0,111200.18085960185,-271418947137.60193,-277048278498.5441
india,2089,15822132878453.936,673492473.402841,0.0,843941761888.9106,850038880722.802,188565673835.00378,0.0,30530023606.324654,4902167947.646863,1038604554557.8058,0.0,73665.07128618739,-194662792668.89514,-225192816275.2198
latam,2089,7416475804507.516,171721539.72067377,0.0,310217685913.90875,386033067764.8847,54251210542.902176,0.0,7397049217.076563,1952739080.6417663,440284278307.78687,0.0,91784.73938678707,-130066592393.87811,-137463641610.95468
seasia,2089,8948212333182.139,222397729.4096993,0.0,379185650613.49646,462442990062.703,64826244062.6997,0.0,4122628425.3484726,3661377557.3418903,527269234125.4027,0.0,88140.24929296771,-148083583511.90625,-152206211937.25473
russia,2089,8025916001201.615,107965235.76175253,6807084.5647165,327765172031.1977,389549508129.7949,45940181116.635056,25231237902.742336,0.0,2363520034.3064857,408414884296.38654,27074804950.04325,105132.1164927191,-80649712265.18884,-82493279312.48975
mena,2089,15170228186303.832,241192856.2151003,0.0,882695871698.6653,836408148620.549,209568244477.82266,0.0,11283650477.261068,3672755675.7354054,1045976393098.3716,0.0,105522.44311674972,-163280521399.7063,-174564171876.96738
ssa,2089,16100985364529.684,1363958370.1730306,0.0,794871164798.9631,758032140151.7491,108607104596.57779,0.0,9822881226.832426,10598775413.19748,866639244748.3269,0.0,53879.97767244337,-71768079949.36377,-81590961176.1962
us,2090,33794255754336.902,143945568.21909314,35830026.73376465,1236500258600.8323,1640001813781.9868,183527987093.89044,443473998549.2753,0.0,6029558733.619313,1373761415299.3728,449768385576.50464,162191.26362754081,-137261156698.54053,-143555543725.76984
oecd-ex-us,2090,28708622979186.254,196727211.32555377,34975080.5948065,1083916286821.6201,1429034740700.1204,152999446775.36798,263069561720.7346,0.0,4051820878.207223,1297785603433.9077,284248584041.5814,139405.2579393962,-213869316612.2876,-235048338933.13443
china,2090,8771137176038.189,130916199.94105221,0.0,279619855612.28217,488635240414.23706,54375294973.16683,0.0,4914966282.107219,2207973470.2851005,543010535387.4039,0.0,113493.16033543216,-263390679775.1217,-268305646057.2289
india,2090,15605431037531.092,664149276.7546792,0.0,830422036747.6141,838691563498.6619,185633165121.24725,0.0,27913629295.80367,5114480245.252622,1024324728619.9092,0.0,75649.91904783677,-193902691872.29504,-221816321168.09872
latam,2090,7283041970131.272,168506243.91832992,0.0,304581914756.66077,379312242265.0166,53212703498.55945,0.0,7355183181.19855,1864379811.8700252,432524945763.57605,0.0,93947.3859016295,-127943031006.91528,-135298214188.11383
seasia,2090,8801489698367.414,222406152.34774503,0.0,372455541361.7757,455037913135.66,63681023825.812035,0.0,3763607256.947091,3304368041.9149756,518718936961.472,0.0,90271.86994211747,-146263395599.6963,-150027002856.64337
russia,2090,7945132891446.496,106945325.96615174,6783286.323970247,324071681997.01465,386116803123.54913,45434423943.9605,24373446463.93131,0.0,2322988851.447014,404563923268.80225,26987303798.70719,107390.32454457547,-80492241271.7876,-83106098606.56348
mena,2090,14995768895157.898,238700386.81615618,0.0,871679661920.7601,827258407674.7319,207079473383.38654,0.0,15447919740.389687,3646847731.8055563,1034337881058.1184,0.0,107783.04369084485,-162658219137.35828,-178106138877.74796
ssa,2090,16153226360008.814,1360024404.6686077,0.0,787659657259.74,753255878704.1229,109739472576.28658,0.0,10025382319.586796,137602071819.3848,862995351280.4095,0.0,55591.93288358827,-75335694020.66956,-85361076340.25635
us,2091,33668736150418.273,143264055.630363,35868359.56193985,1231078283707.9778,1633690799084.969,182615956923.9881,454195778733.7718,0.0,5513089648.563266,1366272669627.9526,450034086381.0062,164637.89872015742,-135194385919.97485,-131032693567.20929
oecd-ex-us,2091,28490596055263.562,194939740.03222036,34875930.466062196,1076940396911.3905,1418218202424.565,151581033780.4061,270774404393.9182,0.0,4057510976.9638305,1286554383094.2024,283244853110.76855,141829.8801868349,-209613986182.8119,-222084434899.66223
china,2091,8512567355523.262,127097193.85266688,0.0,272035063967.88016,475264405846.6913,52737894773.00339,0.0,4859876939.601734,2257293076.495075,528002300619.6947,0.0,115823.82769935735,-255967236651.81454,-260827113591.4163
india,2091,15388162213851.77,654856589.5202491,0.0,816817646718.9683,827433530347.3588,182754048182.47583,0.0,28700497511.93782,4801605643.481912,1010187578529.8346,0.0,77674.61505289626,-193369931810.86633,-222070429322.80414
latam,2091,7151764306655.059,165366926.9057697,0.0,298962556315.19434,372669961823.98615,52190294006.377754,0.0,7203281924.202089,1823317963.1587176,424860255830.3639,0.0,96148.8731639963,-125897699515.16956,-133100981439.37164
seasia,2091,8656596230988.551,218777794.7533562,0.0,365687791416.62274,447700022895.5801,62545965835.50517,0.0,3662730869.7890987,3327460805.392846,510245988731.08527,0.0,92442.55092367926,-144558197314.46252,-148220928184.25162
russia,2091,7865819725568.352,105951825.1177972,6769040.495352395,320207540128.61414,382587605858.1466,44924988101.14286,25737169786.604362,0.0,2254718165.9278884,400652470177.0647,26860123782.224762,109686.56763520247,-80444930048.45056,-81567884044.07095
mena,2091,14826830421743.822,236281690.9040192,0.0,860578946032.5977,817838980725.5953,204555688767.97336,0.0,10613500787.445316,3490750834.354043,1022394669493.5687,0.0,110081.65641870507,-161815723460.97107,-172429224248.41638
ssa,2091,16073208648277.84,1355629082.457568,0.0,780295039049.0305,750538840199.8439,109048799415.16159,0.0,11536017385.305042,10810906220.320969,859587639615.0055,0.0,57344.182622544366,-79292600565.97498,-90828617951.28001
us,2092,33545058722532.188,142611529.5970748,35916410.85489067,1225511589065.7263,1627518533786.9028,181685248173.5175,454228090585.8471,0.0,5786674422.765378,1358806192410.1853,450397589550.2358,167121.231384038,-133294603344.45898,-129464102308.84766
oecd-ex-us,2092,28272614888721.344,193197267.55018824,34760068.52652499,1069520895206.7432,1407611899221.2463,150202741221.5377,266259424925.66925,0.0,4053153768.1614475,1275361166271.295,282453474171.4899,144291.57688690972,-205840271064.55176,-222034320310.37244
china,2092,8260716614552.7295,123470166.25728263,0.0,264052045308.56155,462036764068.9874,51107281028.51525,0.0,4852150789.273471,2093409607.6780195,513144045097.5027,0.0,118192.71370439492,-249091999788.94113,-253944150578.2146
india,2092,15172950626557.56,654434834.4868988,0.0,803146793519.5645,816102103444.6635,179882896739.65146,0.0,27252851707.594604,4879471078.137359,995985000184.315,0.0,79739.71564335284,-192838206664.7505,-220091058372.3451
latam,2092,7022685857973.944,162302830.5338913,0.0,293360136136.6398,366106057982.4351,51184140741.988914,0.0,6888369647.152124,1739983553.8210237,417290198724.424,0.0,98389.7360427273,-123930062587.78424,-130818432234.93637
seasia,2092,8513289405294.206,215210530.4271673,0.0,358904754114.1098,440411555500.1834,61421788573.08581,0.0,3538702237.2809205,3160466502.0930533,501833344073.2692,0.0,94652.82970891536,-142928589959.15942,-146467292196.44034
russia,2092,7783607102746.731,104953248.3825297,6735940.920391126,316165939951.6693,379081218237.1271,44413102134.27102,22826549503.51195,0.0,2289208094.598468,396677363238.0502,26816957133.34796,112021.37639158453,-80511423286.38086,-84501830916.21687
mena,2092,14657948246863.846,237077135.59353784,0.0,849478562030.2048,808647363037.419,202101783180.3716,0.0,11030242422.783611,3418651730.387645,1010749146217.7905,0.0,112418.8119040481,-161270584187.5857,-172300826610.3693
ssa,2092,15989268237412.58,1350888374.192428,0.0,772784749448.045,747545066310.6609,108324043587.15341,0.0,11443419689.59428,10587369274.094694,855869109897.8143,0.0,59137.33997627435,-83084360449.76929,-94527780139.36357
us,2093,33417136054141.17,141965733.57154906,35953764.15856372,1219672608289.5432,1621475756840.1707,180748321604.22028,448967814513.3353,0.0,5660987250.502776,1351343722540.4958,450880355903.89545,169641.812065897,-131671114250.95264,-133583655641.51276
oecd-ex-us,2093,28508738803269.742,191532367.46263632,34669561.8250229,1061571844773.7289,1396644993681.5457,153037558141.23004,269772603094.46857,0.0,454462018502.95,1266634689907.5442,283047861915.2317,146790.89390634914,-205062845133.8153,-218338103954.57843
china,2093,8015000647004.577,122850361.71561444,0.0,255704472252.71628,448940837609.8561,49482765544.880936,0.0,5015541489.947055,2018704843.8174887,498423603154.737,0.0,120600.3571311524,-242719130902.02072,-247734672391.96777
india,2093,14957913075093.773,645251861.0195866,0.0,789451515576.9299,804821825787.2512,177043278472.33228,0.0,27277178080.49008,4653215299.356935,981865104259.5835,0.0,81845.78390237053,-192413588682.65356,-219690766763.14365
latam,2093,6895001145184.907,159294661.47326308,0.0,287760277945.0594,359617339106.86,50193515488.624626,0.0,7343155989.589409,1709019850.9724815,409810854595.4846,0.0,100670.51696143298,-122050576650.42523,-129393732640.01465
seasia,2093,8371425301524.869,211695565.6920162,0.0,352131743417.6573,433165988887.7821,60307364241.08892,0.0,3591257953.0206995,3068763894.89971,493473353128.87103,0.0,96903.2511890274,-141341609711.21375,-144932867664.23444
russia,2093,7704899981897.375,103984092.80557486,6722906.469791761,311991232695.9064,375396285212.9217,43873866478.12844,26403852672.544216,0.0,2167945473.2408147,392632528845.6997,26637622845.350452,114395.28936244626,-80641296149.79333,-80875066322.59956
mena,2093,14489449236594.35,234634733.35919225,0.0,838294523596.9141,799408337188.3481,199649889962.55515,0.0,10997138921.833305,3261832206.3249707,999058227150.9033,0.0,114795.0486802117,-160763703553.98926,-171760842475.82257
ssa,2093,15901530292459.365,1345806823.7243614,0.0,765163459679.3577,744348879660.06,107573793381.62486,0.0,11421146244.696173,10442414653.80995,851922673041.6849,0.0,60972.02364178916,-86759213362.32727,-98180359607.02344
us,2094,33297947748553.098,141358967.5740716,36016300.48090315,1213633795234.1792,1615409043925.6907,179721631547.9205,456779893298.2481,0.0,5528681353.093795,1343852813110.9702,451277862362.6399,172200.19946941396,-130219017876.79102,-124716986941.1828
oecd-ex-us,2094,28292930813513.383,189894415.77982786,34565931.28124054,1053101122332.8956,1386151305947.3435,151583137509.04654,264718172766.1928,0.0,4107158600.984492,1255484773431.0117,282249670025.3791,149328.385406277,-202383651098.1161,-219915148357.30237
china,2094,7775092049635.1875,119372292.40591511,0.0,247069676465.36966,435953748937.18634,47865186316.01972,0.0,5129449250.471395,1970110668.9150927,483818935253.20605,0.0,123047.30491720603,-236749258787.8364,-241878708038.3078
india,2094,14743847380704.838,636161412.5153611,0.0,775730524528.7892,793533292519.1438,174215618695.33615,0.0,26569755561.525597,4522447858.275808,967748911214.48,0.0,83993.38980255922,-192018386685.6908,-218588142247.2164
latam,2094,6769415484168.365,156357642.73655334,0.0,282166707189.28204,353158704298.696,49214051394.47697,0.0,6973306987.849532,1593694475.205032,402372755693.173,0.0,102991.76603890731,-120206048503.89093,-127179355491.74046
seasia,2094,8231235652436.108,208233476.10348666,0.0,345375610164.65533,425953762093.39874,59199084717.5577,0.0,3550580173.048574,3138167730.58975,485152846810.9564,0.0,99194.36781772005,-139777236646.3011,-143327816819.34967
russia,2094,7735522900652.805,103042252.63959119,6732401.889106578,307761635736.7318,371585646772.45795,44504133182.568565,28383830190.900368,0.0,110567232782.82251,389381833802.80206,26707946152.224773,116808.85315073546,-81620198066.07025,-79944314027.39465
mena,2094,14317971844735.424,232142812.78020993,0.0,826994172707.5831,790148194194.7052,197199110121.1069,0.0,14401608108.341904,3277347857.6486287,987347304315.8121,0.0,117210.91334242317,-160353131608.229,-174754739716.57092
ssa,2094,15810417203838.451,1340405575.6059546,0.0,757455528277.9847,740949039049.7867,106796703880.05544,0.0,11248995913.49268,10426121944.42778,847745742929.8422,0.0,62848.8580589418,-90290214651.85742,-101539210565.3501
us,2095,33173625249451.67,143027842.14017892,36678293.53574465,1207400299834.0024,1609418809591.0474,178778729703.5972,451065371814.05884,0.0,5409368545.1905985,1336336518334.2478,451861020960.39624,174796.96067908395,-128936218500.24536,-129731867646.58276
oecd-ex-us,2095,28074851738079.86,188267841.86016634,34450264.26673411,1044052331590.6816,1375388726544.4912,150172272306.59244,259504916568.68365,0.0,3924675258.1890845,1244283254174.5134,281277744676.5701,151904.61396633636,-200230922583.8318,-222003750691.71826
china,2095,7541334812730.722,116014933.85575889,0.0,238254519975.19382,423049055698.7947,46260681243.82004,0.0,4491024225.69719,1789004288.6579528,469309736942.61475,0.0,125534.11228812842,-231055216967.42093,-235546241193.11813
india,2095,14529664414510.97,627130063.8631791,0.0,762014177327.2239,782273825636.042,171405429329.03506,0.0,26823376626.035484,4305488070.027356,953679254965.077,0.0,86183.11035635007,-191665077637.85315,-218488454263.88864
latam,2095,6737087981370.6455,153477049.59997103,0.0,276587569821.58386,347139303583.327,49284213748.05918,0.0,7102683383.558787,94611128095.63965,396423517331.3862,0.0,105354.04123117104,-119835947509.80237,-126938630893.36116
seasia,2095,8198764126144.708,204814302.33796424,0.0,338652285346.63586,419144560881.401,59373936130.74214,0.0,3695971150.7456455,111090656524.85329,478518497012.1431,0.0,101526.73975543592,-139866211665.50726,-143562182816.2529
russia,2095,7656398131934.452,102091680.96775219,6733853.064138452,303470006131.2974,367965866193.72736,43977333440.82734,27225417072.498085,0.0,2123007712.4082081,385232469297.7037,26710730336.85092,119262.62254772204,-81762463166.40625,-81247776430.7591
mena,2095,14151119067570.025,229707580.1552415,0.0,815691786320.9755,780694758569.0911,194706689347.36743,0.0,10347248410.040178,3204132840.1224837,975401447916.4585,0.0,119666.9606816866,-159709661595.48303,-170056910005.52322
ssa,2095,15715592493135.053,1344477058.852073,0.0,749669232707.7777,737359430850.8842,105999908905.4627,0.0,11266370317.646807,10131766662.829391,843359339756.3469,0.0,64768.47354701784,-93690107048.56921,-104956477366.21602
us,2096,33036927866309.22,142385353.5149489,36698947.23751556,1200809324500.8147,1603172707766.3613,177851171970.4427,438564666851.57605,0.0,4952505241.955057,1328810239280.4326,452213640456.3716,177432.6712859258,-128000914779.61792,-141649888384.41345
oecd-ex-us,2096,27859082273547.742,186657927.74657848,34336360.90359815,1034547146794.3949,1364430444355.6836,148738845247.5387,258927689370.61298,0.0,3924988906.0619807,1233018886561.4626,280150403041.76,154520.15071064697,-198471739767.06775,-219694453438.21478
china,2096,7312320356446.204,112729806.06173712,0.0,229324344469.20282,410277057935.52576,44674957340.299965,0.0,5233909264.933725,1847123787.0395372,454952015275.82574,0.0,128061.3428901945,-225627670806.62292,-230861580071.55664
india,2096,14316194110056.395,618169824.1292778,0.0,748332397577.2736,770992985116.3163,168599510665.44623,0.0,26660925641.177814,4450719391.091706,939592495781.7625,0.0,88415.52976846676,-191260098204.4889,-217921023845.66672
latam,2096,6613545127227.899,150640972.48128006,0.0,271024157478.1416,340830370788.2494,48314106083.96969,0.0,7103843732.924485,1681308984.2577548,389144476872.21906,0.0,107757.90847516365,-118120319394.07745,-125224163127.00194
seasia,2096,8059265464386.536,201414058.10614765,0.0,331973725986.3566,412042048995.253,58267051416.91373,0.0,4289731078.1725173,3126443745.8050895,470309100412.16675,0.0,103900.93501527626,-138335374425.81012,-142625105503.98264
russia,2096,7575055814024.147,101120123.07445793,6721437.977194034,299109285942.6613,364270812568.1015,43441264441.3055,25097276765.737053,0.0,2163196390.6989346,381015343429.1768,26696733580.23013,121757.1606687399,-81906057486.5155,-83505514301.00858
mena,2096,13982166281711.164,227228463.36944184,0.0,804431162708.4309,771463821987.2396,192266099172.41415,0.0,12685228277.721264,3031200870.0777254,963729921159.6538,0.0,122163.7538203148,-159298758451.2229,-171983986728.94415
ssa,2096,15619074412533.957,1338685257.2448921,0.0,741828942658.7369,733574055042.026,105178678775.43677,0.0,9718975180.337147,10124685737.9669,838752733817.4628,0.0,66731.5064450685,-96923791158.72583,-106642766339.06297
us,2097,32907397564534.168,141754620.85032877,36726468.9425873,1194062528318.8208,1596506249438.3293,176810120414.33783,444535914957.38184,0.0,5187624801.388736,1321273172838.458,452043197014.20856,180107.91551507643,-127210644519.6372,-134717926576.46393
oecd-ex-us,2097,27649806672255.23,185078945.18358487,34240843.108128525,1024793462427.9729,1353364451631.0933,147274742887.09348,262647323488.09064,0.0,3922807309.634904,1221695910921.691,278943283596.4944,157175.5754356251,-196902448493.71802,-213198408602.12177
china,2097,7088446452410.911,109497539.35044849,0.0,220380195239.76376,397572320322.3183,43109433900.315125,0.0,5212989173.261458,1640644120.8324032,440681754222.6334,0.0,130629.56892479447,-220301558982.86966,-225514548156.1311
india,2097,14103052425834.47,609255023.4250219,0.0,734745160217.9668,759728427368.3982,165805881300.3803,0.0,26529546831.480003,4177011060.374008,925534308668.7786,0.0,90691.23959048404,-190789148450.81177,-217318695282.29178
latam,2097,6491870216515.044,147848808.7506399,0.0,265503052104.85992,334582491224.312,47356664890.467865,0.0,6828405789.632285,1589599086.6951947,381939156114.7799,0.0,110203.94183410333,-116436104009.91998,-123264509799.55226
seasia,2097,7921767059258.575,198054065.58317104,0.0,325378180667.0958,404964626616.3013,57168245192.14755,0.0,3725781866.9802794,2982067880.3714604,462132871808.44885,0.0,106317.52961062205,-136754691141.35303,-140480473008.3333
russia,2097,7495199740975.331,100147146.69068359,6717531.513454888,294729882759.6177,360445681363.37964,42887933259.77162,26635963136.561516,0.0,2111695678.1565206,376741721053.25104,26591893569.900215,124293.03909059986,-82011838293.63336,-81967768726.97206
mena,2097,13813208651270.523,224730689.39148,0.0,793151873788.0471,762124970685.93,189796026246.0414,0.0,13167865252.859795,2979357956.14844,951920996931.9714,0.0,124701.86434913432,-158769123143.92432,-171936988396.78412
ssa,2097,15518404222538.848,1332521069.2804766,0.0,733938623598.9598,729674902329.6675,104348733328.02997,0.0,10395664391.346966,9810486454.97375,834023635657.6975,0.0,68738.59925593257,-100085012058.73767,-110480676450.08464
us,2098,32765109126609.89,141089045.76486447,36714878.86731372,1187153018157.3223,1590103358552.5237,175799251514.2729,431392181260.0453,0.0,5068972725.146834,1313726409023.2456,452176201043.5504,182823.28635529845,-126573390865.92334,-147357410649.42847
oecd-ex-us,2098,27443659275450.273,183504114.5165764,34138765.8219451,1014888678340.3864,1342396650431.3047,145848402784.85538,263445740320.14072,0.0,3763237750.657755,1210326114066.1594,277918939150.002,159871.4767396942,-195437435725.77307,-209910634555.63437
china,2098,6870542638298.2705,106317410.53946519,0.0,211540373771.333,385004504311.899,41572387360.39081,0.0,4443631488.449245,1576335276.7688212,426576891672.2898,0.0,133239.37128458417,-215036517900.9568,-219480149389.40604
india,2098,14043797347921.184,600362957.9102616,0.0,721301191478.3734,748320137144.8062,164738121276.40115,0.0,26993303530.02066,159495292559.56226,913058258421.2073,0.0,93010.83887746603,-191757066942.83386,-218750370472.85452
latam,2098,6371839461268.438,145095679.22020394,0.0,260043957571.6048,328406314680.6216,46412861238.93851,0.0,6815618151.102442,1560081252.451187,374819175919.56006,0.0,112692.72364453526,-114775218347.95526,-121590836499.05771
seasia,2098,7785583770027.113,194717583.56557038,0.0,318899955094.7735,397972240363.6351,56084727387.55647,0.0,3975653898.6413765,2949377323.599011,454056967751.1915,0.0,108777.10770447258,-135157012656.41803,-139132666555.05942
russia,2098,7412887722881.539,99142814.26112336,6692926.988320602,290364067966.8707,356643508259.70557,42350744915.649155,24208749702.697536,0.0,2109417412.0014558,372421319158.33105,26572934017.023907,126870.83799070204,-82057251191.46033,-84421435505.7867
mena,2098,13646144210901.807,222241975.8583534,0.0,781984560025.4896,752793274372.7505,187320611349.91003,0.0,11888642327.193127,2953527655.6472387,940113885722.6605,0.0,127281.87246639207,-158129325697.1709,-170017968024.364
ssa,2098,15414967173275.523,1326066930.9956357,0.0,726004827808.6766,725567264516.122,103497944558.30548,0.0,9914027236.242943,9537359238.66377,829065209074.4275,0.0,70790.40079389472,-103060381265.75085,-112974408501.9938
us,2099,32629766994332.74,140434276.33674607,36710351.706900656,1180174229790.2385,1583173283657.8132,174752071275.18942,437778605343.58984,0.0,4630387522.06396,1306167777294.5083,451757577638.49255,185579.38569043114,-125993547504.26978,-139972519799.1725
oecd-ex-us,2099,27232337875406.223,181915065.19328186,34015200.980971225,1004765489123.9773,1331467297634.7512,144423288273.6101,256110626565.8687,0.0,3693070174.4831486,1198903335530.7405,276987250377.62164,162608.45215491657,-194137846406.76318,-215014470218.5161
china,2099,6775924121998.591,103177926.43238011,0.0,202902700596.09317,375041900720.6382,41517549608.61859,0.0,4620924147.957269,123659157581.44023,416559450329.2568,0.0,135891.3396914031,-213656749733.1636,-218277673881.12088
india,2099,13831584783662.027,591559525.601843,0.0,708079866823.945,737151719796.5736,161944090006.93066,0.0,25490670426.172604,4294049146.5705,899095809803.5043,0.0,95374.93434667916,-191015942979.55933,-216506613405.73193
latam,2099,6253714350073.768,142388340.64262378,0.0,254657177748.81482,322286741578.9811,45481842408.169075,0.0,6515831993.575862,1502127037.243701,367768583987.15015,0.0,115224.84466508975,-113111406238.33533,-119627238231.9112
seasia,2099,7650989002365.361,191414427.54067308,0.0,312542385471.0758,391025546388.502,55014581864.243034,0.0,3885402328.560869,2788377448.4821186,446040128252.74506,0.0,111280.26176051899,-133497742781.66925,-137383145110.23012
russia,2099,7331536894733.148,98136596.63384035,6677088.233938998,286036461158.9097,352736918143.4201,41792050410.81751,25157177818.189857,0.0,1984501428.7416065,368062481416.4495,26466487137.787838,129491.14628787698,-82026020257.5398,-83335329577.13777
mena,2099,13635101196089.855,219728344.93017834,0.0,770934390135.2007,743553328134.9696,186539945104.18777,0.0,13236218072.067522,161352086364.07593,930093273239.1573,0.0,129904.36711839252,-159158883103.95667,-172395101176.0242
ssa,2099,15308462032428.506,1319272736.0720026,0.0,718044237106.0103,721304262022.0109,102626418112.06787,0.0,10367667965.932808,9748970146.990528,823930680134.0787,0.0,72887.56633592842,-105886443028.06848,-116254110994.00128
us,2100,32478518868988.277,139739875.28836322,36663049.58105319,1173174232502.22,1576252451724.6697,173697772983.36368,420246201169.57275,0.0,5281665691.754556,1298599824025.1108,451350400682.9219,188376.82443281286,-125425591522.89087,-156529791036.24
oecd-ex-us,2100,27017751062177.152,183468539.3981228,34524955.86356592,994437488913.7894,1320286696005.878,142991593146.41254,250670086383.63956,0.0,3583900625.7760797,1187445279417.2932,275833009734.99713,165387.10828057534,-193007790503.50378,-218170713854.86136
china,2100,6565031329294.558,100088942.5898702,0.0,194542507757.46207,362878284636.3441,40009353444.13219,0.0,4215897038.719423,1668234657.6985629,402887638080.4763,0.0,138586.07283599087,-208345130323.01425,-212561027361.73367
india,2100,13619415525817.65,582779778.3401469,0.0,695064885776.6776,726100852898.3561,159181067527.22726,0.0,25925598954.684826,3973375759.2153487,885281920425.5834,0.0,97784.1405383757,-190217034648.90576,-216142633603.59058
latam,2100,6137092208511.588,139716673.45389387,0.0,249356975727.35162,316245159320.23895,44566328102.29252,0.0,6596616273.510723,1428986406.5087988,360811487422.5315,0.0,117800.90422697247,-111454511695.17987,-118051127968.6906
seasia,2100,7517820650426.865,188136185.31637806,0.0,306312212211.52277,384153066993.0825,53959606992.98504,0.0,4121275960.975136,2753385797.023416,438112673986.06757,0.0,113827.59269597149,-131800461774.5448,-135921737735.51993
russia,2100,7250773784945.838,98659104.41807629,6776140.938436514,281792807321.417,348831552446.12244,41232128068.7819,25474225192.595898,0.0,2033538213.5787764,363671331113.5818,26392349401.322433,132154.56178498504,-81878523792.1648,-82796648000.89133
mena,2100,13465971526056.213,217202189.67043778,0.0,759999952109.1333,734345548560.1102,184052370369.1535,0.0,13629724666.087843,2898021452.5721903,918397918929.2637,0.0,132569.94614189598,-158397966820.13037,-172027691486.2182
ssa,2100,15200309566845.627,1312270399.6846943,0.0,710075662695.4298,716858746908.7574,101741036234.35591,0.0,9126093304.575932,9497748169.377773,818599783143.1134,0.0,75030.75777647289,-108524120447.6836,-117650213752.25952
