region,year,stock,head,imm_head,investment,depreciation,writeoff,mig_in,mig_out,revaluation,charge_own,charge_imm,gdppc,net_own,net_total
us,2025,42597767144857.26,163468667.3197481,0.0,0.0,0.0,0.0,0.0,0.0,0.0,0.0,0.0,61050.561392568336,0.0,0.0
oecd-ex-us,2025,57584978608061.44,382715206.5144276,0.0,0.0,0.0,0.0,0.0,0.0,0.0,0.0,0.0,40746.2474376583,0.0,0.0
china,2025,57839764999751.484,754690317.0381244,0.0,0.0,0.0,0.0,0.0,0.0,0.0,0.0,0.0,23526.530999766437,0.0,0.0
india,2025,14432921146914.07,758253586.7746348,0.0,0.0,0.0,0.0,0.0,0.0,0.0,0.0,0.0,7962.740251283043,0.0,0.0
latam,2025,12756720765758.104,304226941.7672932,0.0,0.0,0.0,0.0,0.0,0.0,0.0,0.0,0.0,14201.148310712375,0.0,0.0
seasia,2025,12553011591910.963,338611634.74681383,0.0,0.0,0.0,0.0,0.0,0.0,0.0,0.0,0.0,12765.330691481528,0.0,0.0
russia,2025,11576313599487.303,139645266.8252507,0.0,0.0,0.0,0.0,0.0,0.0,0.0,0.0,0.0,20297.66333329072,0.0,0.0
mena,2025,11787095388255.021,222635280.40974152,0.0,0.0,0.0,0.0,0.0,0.0,0.0,0.0,0.0,20496.517103421746,0.0,0.0
ssa,2025,3711249022559.1807,444568199.96648616,0.0,0.0,0.0,0.0,0.0,0.0,0.0,0.0,0.0,3497.158670690358,0.0,0.0
us,2026,42245431293190.75,165985599.80950928,0.0,2009709087373.9312,2135863256170.7847,237672757765.1322,0.0,0.0,11491074895.47347,2373536013935.917,0.0,61980.16024673619,-363826926561.98584,-363826926561.98584
oecd-ex-us,2026,56773242253144.85,386911979.1731993,0.0,2379095531413.2886,2891116564007.126,312363797850.11694,0.0,0.0,12648475527.405304,3203480361857.243,0.0,41618.333088470004,-824384830443.9546,-824384830443.9546
china,2026,57363884734199.22,762096211.7617086,0.0,2686289191310.387,2921057713237.975,314195159133.6152,0.0,0.0,73083415508.89754,3235252872371.5903,0.0,24228.855750619772,-548963681061.2031,-548963681061.2031
india,2026,15263320467318.172,780265417.4508636,0.0,1898326017459.6528,875115914978.6515,202958314835.0167,0.0,0.0,10147532758.122417,1078074229813.6682,0.0,8334.796268499304,820251787645.9846,820251787645.9846
latam,2026,12981419231386.754,310240749.08782,0.0,1002489696732.2322,683485139778.035,99626046286.11684,0.0,0.0,5319954960.567571,783111186064.1519,0.0,14736.250277982586,219378510668.08032,219378510668.08032
seasia,2026,12877243366105.441,345692841.08073187,0.0,1088741061687.955,674018192009.6808,96665983904.65321,0.0,0.0,6174888420.862362,770684175914.334,0.0,13267.526588403778,318056885773.621,318056885773.621
russia,2026,11595267218510.12,142173098.885156,0.0,664827111131.199,583071538063.8567,68274617357.62827,0.0,0.0,5472663313.102625,651346155421.485,0.0,20949.93751363234,13480955709.71399,13480955709.71399
mena,2026,12530948007743.006,229583643.7246114,0.0,1644995963696.8845,723244579527.987,186132303644.17688,0.0,0.0,8233538963.271418,909376883172.164,0.0,21152.088069819238,735619080524.7206,735619080524.7206
ssa,2026,4229782649064.3716,471336094.6858153,0.0,745652863530.9015,204375774676.6714,27681072261.42833,0.0,0.0,4937609912.390349,232056846938.09973,0.0,3706.02193117199,513596016592.80176,513596016592.80176
us,2027,41882987077482.625,167325641.96667558,0.0,1987173606416.374,2125029842072.3752,236747967209.7278,0.0,0.0,12159987157.60423,2361777809282.103,0.0,62923.70303705832,-374604202865.729,-374604202865.729
oecd-ex-us,2027,55958833907821.23,386618257.55452377,0.0,2348547688742.1797,2867002524557.1274,308155165437.8664,0.0,0.0,12201655929.154781,3175157689994.9937,0.0,42505.07432557021,-826610001252.814,-826610001252.814
china,2027,57681280307582.09,758569212.6919805,0.0,2599319645729.1577,2896634947049.3467,318440787491.6285,0.0,0.0,933151662194.7148,3215075734540.975,0.0,24946.710040432743,-615756088811.8174,-615756088811.8174
india,2027,16049984141196.367,791505031.1238506,0.0,1890859224552.0854,897333982773.3712,217243120499.47214,0.0,0.0,10381552598.948915,1114577103272.8433,0.0,8720.209769160245,776282121279.2422,776282121279.2422
latam,2027,13189024731155.516,312113202.22950983,0.0,991652821435.1757,688137268119.0165,101143989304.13,0.0,0.0,5233935756.728965,789281257423.1465,0.0,15286.446916063733,202371564012.02917,202371564012.02917
seasia,2027,13181764460101.113,348283946.3678293,0.0,1078092874156.9825,681276336697.237,98429024648.38882,0.0,0.0,6133581184.314609,779705361345.6259,0.0,13784.578329939995,298387512811.3567,298387512811.3567
russia,2027,11611183571101.633,143727534.34300974,0.0,662163925422.3898,583064322602.4701,68398606708.38043,0.0,0.0,5215356479.971144,651462929310.8506,0.0,21617.743494906772,10700996111.539185,10700996111.539185
mena,2027,13238876776264.166,233745872.377422,0.0,1646118336431.8713,743791357324.3888,199007217192.79306,0.0,0.0,4609006606.464082,942798574517.1819,0.0,21823.19412143207,703319761914.6895,703319761914.6895
ssa,2027,4746731251137.765,493143213.81480473,0.0,760304242038.3436,217791829279.2819,30348255064.568386,0.0,0.0,4784444378.90023,248140084343.85028,0.0,3924.81990741194,512164157694.49335,512164157694.49335
us,2028,41509088878105.766,167512113.71559757,0.0,1964357832575.23,2113689198768.353,235674676019.359,0.0,0.0,11107842835.632055,2349363874787.712,0.0,63881.398876560765,-385006042212.48193,-385006042212.48193
oecd-ex-us,2028,55139482057501.92,384556290.8985705,0.0,2314644419126.2065,2842275711322.466,303816847771.9699,0.0,0.0,12096289648.946629,3146092559094.4355,0.0,43406.67576409311,-831448139968.229,-831448139968.229
china,2028,57020733050993.65,752422124.0420581,0.0,2507100596188.43,2876963391333.7217,313533427938.7499,0.0,0.0,22848966495.633595,3190496819272.4717,0.0,25680.32047045773,-683396223084.0415,-683396223084.0415
india,2028,16792423311154.229,801423361.277992,0.0,1882779002483.4531,918887606497.5219,230568077014.9185,0.0,0.0,9115850986.849615,1149455683512.4404,0.0,9119.297570303788,733323318971.0127,733323318971.0127
latam,2028,13379675031631.682,313027869.9216277,0.0,980453671656.3622,692469696878.6196,102485148526.73848,0.0,0.0,5151474225.160578,794954845405.3582,0.0,15852.009111984375,185498826251.00403,185498826251.00403
seasia,2028,13466208600285.36,349929391.25896585,0.0,1066584084150.3657,688213554830.9993,100041668922.02002,0.0,0.0,6115279786.893633,788255223753.0193,0.0,14316.766516730313,278328860397.34644,278328860397.34644
russia,2028,11621920347681.955,144182944.38226262,0.0,657224458605.3595,583001101249.1674,68496756454.43186,0.0,0.0,5010175678.56156,651497857703.5992,0.0,22301.31967664412,5726600901.760254,5726600901.760254
mena,2028,13913045676984.955,237203710.303062,0.0,1644863120067.5908,763984687712.2206,211247780343.86646,0.0,0.0,4538248709.290093,975232468056.087,0.0,22510.072830855686,669630652011.5038,669630652011.5038
ssa,2028,5261307815461.124,515085180.11237466,0.0,774562322828.6128,231516012941.9032,33020405525.85138,0.0,0.0,4550659962.498493,264536418467.75458,0.0,4153.888135378867,510025904360.8582,510025904360.8582
us,2029,41123775457562.47,167626574.21841264,0.0,1939135598401.615,2101818336529.5283,234409420253.96893,0.0,0.0,11778737838.583157,2336227756783.497,0.0,64853.46001565609,-397092158381.8821,-397092158381.8821
oecd-ex-us,2029,54308849345351.57,382339185.3860891,0.0,2273701447030.191,2816852668487.0615,299346669895.6634,0.0,0.0,11865179202.154358,3116199338382.725,0.0,44323.34507815357,-842497891352.5342,-842497891352.5342
china,2029,56283709973023.555,745732197.3768742,0.0,2404158470180.156,2855167020385.318,308300244880.00964,0.0,0.0,22285717115.008812,3163467265265.3276,0.0,26429.915961202536,-759308795085.1719,-759308795085.1719
india,2029,17687612359775.766,810822720.5591356,0.0,1870221153558.1516,937527538645.527,245212531802.47394,0.0,0.0,207707965511.39114,1182740070448.001,0.0,9532.379329332112,687481083110.1506,687481083110.1506
latam,2029,13551478990544.9,313778956.53254974,0.0,966849633673.1348,696475737019.1464,103654251324.66722,0.0,0.0,5084313583.88968,800129988343.8136,0.0,16433.209741931896,166719645329.32117,166719645329.32117
seasia,2029,13728000995295.521,351401209.18981016,0.0,1052511161620.5931,694813244129.3175,101515845446.63235,0.0,0.0,5610322965.522103,796329089575.9498,0.0,14864.373793171797,256182072044.6433,256182072044.6433
russia,2029,11625311828352.402,144580484.43629375,0.0,649632955701.6627,582817001206.4332,68549471586.48591,0.0,0.0,5124997761.696935,651366472792.9192,0.0,23000.90659669084,-1733517091.2564697,-1733517091.2564697
mena,2029,14714653616498.467,240546102.04304397,0.0,1638918506410.6448,781665206122.2277,224763863245.88354,0.0,0.0,169118502470.97452,1006429069368.1112,0.0,23212.963919281494,632489437042.5336,632489437042.5336
ssa,2029,5816851729490.243,537324605.7665892,0.0,787561354406.0685,244578863829.2382,36330536911.42218,0.0,0.0,48891960363.709045,280909400740.6604,0.0,4393.567717593679,506651953665.4081,506651953665.4081
us,2030,40725227399712.34,166967085.32349768,0.0,1912240952991.4062,2089366582343.9172,232975190495.7899,0.0,0.0,11552761998.170492,2322341772839.707,0.0,65840.10188919432,-410100819848.3008,-410100819848.3008
oecd-ex-us,2030,53461984791744.03,379152182.5222704,0.0,2226831612622.352,2790553879663.878,294720434206.3602,0.0,0.0,11578147640.332901,3085274313870.2383,0.0,45255.29305182552,-858442701247.8862,-858442701247.8862
china,2030,55465857171827.05,738222533.8167351,0.0,2293702293488.2036,2830978780015.4136,302698313294.2896,0.0,0.0,22121998625.02506,3133677093309.703,0.0,27195.727807779884,-839974799821.4995,-839974799821.4995
india,2030,18336818340165.754,819494038.9443158,0.0,1853533684669.2004,957297107917.9625,256615699647.03073,0.0,0.0,9585103285.785654,1213912807564.9932,0.0,9959.777508732528,639620877104.2073,639620877104.2073
latam,2030,13891723626357.408,314254430.75156206,0.0,950911364031.2926,698414608582.2675,106604061554.19305,0.0,0.0,194351941917.68445,805018670136.4604,0.0,17030.323695723804,145892693894.83215,145892693894.83215
seasia,2030,14145363904886.969,352585886.67077214,0.0,1036078370052.259,699116785503.351,104822982792.94463,0.0,0.0,185224307835.47845,803939768296.2955,0.0,15427.68486150673,232138601755.9635,232138601755.9635
russia,2030,11786500555665.244,144604817.04712182,0.0,640366400385.6783,580786459832.3507,70349651313.84557,0.0,0.0,171958438073.36234,651136111146.1963,0.0,23716.746981368073,-10769710760.517944,-10769710760.517944
mena,2030,15311368942825.523,243648873.56748834,0.0,1628384399447.7568,800581975899.5359,235630968435.0755,0.0,0.0,4543871213.912819,1036212944334.6113,0.0,23932.10930710392,592171455113.1455,592171455113.1455
ssa,2030,6322928767441.05,559771976.2569356,0.0,799271205242.1667,258667055187.8088,38996451675.62396,0.0,0.0,4469339572.078516,297663506863.43274,0.0,4644.205249223411,501607698378.734,501607698378.734
us,2031,40976527685863.0,166250964.79013115,0.0,1887608517512.7397,2071630706460.2664,237577724678.07092,0.0,0.0,672900199776.246,2309208431138.3374,0.0,66841.54316421963,-421599913625.59766,-421599913625.59766
oecd-ex-us,2031,53515904953685.58,375810585.78572255,0.0,2179979183582.0564,2758546585412.6934,298163510229.77203,0.0,0.0,930651074001.9824,3056710095642.4653,0.0,46202.73363074432,-876730912060.4089,-876730912060.4089
china,2031,54569738063123.92,742611704.6760427,0.0,2183185167964.597,2804221173568.6157,296721003733.2053,0.0,0.0,21637900634.13103,3100942177301.8213,0.0,27977.989736417916,-917757009337.2244,-917757009337.2244
india,2031,18939066415700.94,827601757.0870277,0.0,1836538935794.48,976189491780.3569,267036277101.54517,0.0,0.0,8934908622.591263,1243225768881.902,0.0,10401.817343343451,593313166912.5779,593313166912.5779
latam,2031,14022620747212.936,314549026.67136574,0.0,934598077855.8599,701525992095.5356,107388596359.50021,0.0,0.0,5213631454.702336,808914588455.0359,0.0,17643.627903711116,125683489400.82397,125683489400.82397
seasia,2031,14359267945956.428,353569319.94340855,0.0,1018663887360.827,704735237633.8505,105953852301.77559,0.0,0.0,5929243644.261698,810689089935.6261,0.0,16006.98649853841,207974797425.20093,207974797425.20093
russia,2031,11771529778183.332,144564524.3441515,0.0,630361448838.52,580190162051.2759,70291590349.67366,0.0,0.0,5149526080.520695,650481752400.9496,0.0,24449.08579715517,-20120303562.429565,-20120303562.429565
mena,2031,15867454151139.188,246603400.5002014,0.0,1616061167608.3926,818821085680.4862,245721723666.87033,0.0,0.0,4566850052.626184,1064542809347.3566,0.0,24667.753166027112,551518358261.036,551518358261.036
ssa,2031,6823297634129.134,582434737.0239834,0.0,810610044738.8975,272968655786.38577,41648927374.45599,0.0,0.0,4376405110.028103,314617583160.8418,0.0,4906.152742525057,495992461578.05566,495992461578.05566
us,2032,40558362405077.516,165481733.6383735,0.0,1864113621136.0356,2058229279456.6047,235808132436.7284,0.0,0.0,11758509971.803112,2294037411893.333,0.0,67858.00578844365,-429923790757.29736,-429923790757.29736
oecd-ex-us,2032,52637646240271.445,372319061.51010484,0.0,2133590266768.3008,2730673223148.7183,293173084853.3621,0.0,0.0,11997327819.637295,3023846308002.0806,0.0,47165.883974343735,-890256041233.7798,-890256041233.7798
china,2032,53590882021706.31,733945776.7872509,0.0,2065446385987.1753,2774904480895.407,290392692657.64355,0.0,0.0,20994746148.25707,3065297173553.051,0.0,28776.937962116455,-999850787565.8755,-999850787565.8755
india,2032,19496651317718.902,835159179.9070885,0.0,1819200755692.712,994207491035.5161,276502537884.37634,0.0,0.0,9094175245.154463,1270710028919.8926,0.0,10858.826810265658,548490726772.81934,548490726772.81934
latam,2032,14133440880976.604,314663231.05248487,0.0,917994935995.4098,704192417793.2333,107987357036.28308,0.0,0.0,5004972597.768132,812179774829.5164,0.0,18273.401366102265,105815161165.89343,105815161165.89343
seasia,2032,14547864942181.006,354335533.6629258,0.0,999433243845.6493,709866490409.2358,106907176369.79565,0.0,0.0,5937419157.961064,816773666779.0315,0.0,16602.567574975026,182659577066.6178,182659577066.6178
russia,2032,11746226329934.639,144452638.42488196,0.0,619070738956.1033,579345328758.011,70170501389.2414,0.0,0.0,5141642942.445322,649515830147.2524,0.0,25198.170303876817,-30445091191.14917,-30445091191.14917
mena,2032,16382451877459.334,249401702.7487268,0.0,1601927063762.0005,836345177593.5907,255038195347.58896,0.0,0.0,4454035499.326848,1091383372941.1797,0.0,25420.141972649904,510543690820.8208,510543690820.8208
ssa,2032,7317610501787.184,605295320.7694172,0.0,821611590413.5635,287465842271.50287,44286787372.82256,0.0,0.0,4453906888.811223,331752629644.32544,0.0,5179.767549924288,489858960769.23804,489858960769.23804
us,2033,40133165055407.1,164662000.021059,0.0,1841489415116.9321,2044310344962.7588,233906734514.00006,0.0,0.0,11530314689.42297,2278217079476.759,0.0,68889.71503944589,-436727664359.82666,-436727664359.82666
oecd-ex-us,2033,51747624379186.87,368683786.9767107,0.0,2088256523851.1072,2701815652225.864,288039923078.5711,0.0,0.0,11577190368.771744,2989855575304.435,0.0,48144.96450873834,-901599051453.3279,-901599051453.3279
china,2033,52529590108329.68,724670560.229306,0.0,1944923201251.4167,2742855947042.6025,283699938606.6223,0.0,0.0,20340771021.169907,3026555885649.2246,0.0,29592.811247434103,-1081632684397.8079,-1081632684397.8079
india,2033,20010820762589.758,853124575.8911473,0.0,1801868793872.3167,1011371271475.1979,285067046546.99347,0.0,0.0,8738969020.727001,1296438318022.1914,0.0,11331.136601512213,505430475850.12524,505430475850.12524
latam,2033,14224802364217.992,314598868.36130804,0.0,901208816000.5286,706408791516.9874,108402503008.35863,0.0,0.0,4963961766.212134,814811294525.3461,0.0,18919.925184693802,86397521475.1825,86397521475.1825
seasia,2033,14711802606780.135,354885922.8932199,0.0,980009534323.533,714464622545.3184,107672837065.66838,0.0,0.0,6065589886.592956,822137459610.9867,0.0,17214.719077399044,157872074712.54626,157872074712.54626
russia,2033,11710086605749.8,144264850.59486222,0.0,606929972908.1287,578219576558.082,69982234720.41956,0.0,0.0,5132114185.542776,648201811278.5016,0.0,25964.250109372333,-41271838370.372925,-41271838370.372925
mena,2033,16856096811840.125,252036095.2576269,0.0,1585998194441.233,853114918632.1062,263579827965.6991,0.0,0.0,4341486537.360276,1116694746597.8052,0.0,26189.52456350803,469303447843.42773,469303447843.42773
ssa,2033,7805287622640.455,628336370.9035158,0.0,832275839748.453,302150462208.7169,46905702318.2769,0.0,0.0,4457445631.8112,349056164526.99384,0.0,5465.412286013566,483219675221.45917,483219675221.45917
us,2034,39698768874553.65,163787210.76561987,0.0,1816070905450.151,2029898619637.7417,231886238293.96475,0.0,0.0,11317771628.08985,2261784857931.7065,0.0,69936.8995746124,-445713952481.55566,-445713952481.55566
oecd-ex-us,2034,50844032024930.94,364899458.1176408,0.0,2040374805816.8413,2672006492072.3555,282791751889.18695,0.0,0.0,10831083888.753246,2954798243961.5425,0.0,49140.198980262394,-914423438144.7012,-914423438144.7012
china,2034,51388265563806.36,714783259.3207574,0.0,1822543700643.7183,2708011617043.2075,276621477888.8711,0.0,0.0,20764849765.034313,2984633094932.0786,0.0,30425.850962392054,-1162089394288.3604,-1162089394288.3604
india,2034,20482414020262.094,859627077.2612318,0.0,1783188957762.277,1027695116336.9125,292766111174.7661,0.0,0.0,8865527421.73724,1320461227511.6787,0.0,11819.080099483755,462727730250.5984,462727730250.5984
latam,2034,14295644537205.629,314344105.3458153,0.0,882823723773.8284,708175757478.462,108643385449.76764,0.0,0.0,4837592142.044514,816819142928.2297,0.0,19583.48259699224,66004580845.59863,66004580845.59863
seasia,2034,14850973068635.816,355219640.8809641,0.0,960304512916.0272,718535507990.8137,108269900656.65154,0.0,0.0,5671357587.107986,826805408647.4652,0.0,17843.734132856633,133499104268.56201,133499104268.56201
russia,2034,11662180870509.363,143994476.3056866,0.0,593537636094.4982,576792597635.9764,69726319183.78464,0.0,0.0,5075545484.824862,646518916819.7611,0.0,26747.577225625948,-52981280725.26294,-52981280725.26294
mena,2034,17287035779289.643,257799736.51321936,0.0,1567066437647.8284,869090682496.3505,271345121520.8276,0.0,0.0,4308333818.865555,1140435804017.178,0.0,26976.152191552625,426630633630.6504,426630633630.6504
ssa,2034,8285052411783.328,656852715.5495483,0.0,841857191003.3544,317013254269.36206,49506949637.01737,0.0,0.0,4427802045.8988905,366520203906.37946,0.0,5763.4547487528625,475336987096.9749,475336987096.9749
us,2035,39252826763094.266,162852441.1410636,0.0,1787638897483.4773,2014924400789.5044,229739672075.5969,0.0,0.0,11083063922.228111,2244664072865.101,0.0,70999.79148182356,-457025175381.6238,-457025175381.6238
oecd-ex-us,2035,49925770100252.7,360958876.71972704,0.0,1989090424773.461,2641179525800.9014,277396281720.23157,0.0,0.0,11223458069.429026,2918575807521.133,0.0,50151.81450967642,-929485382747.6719,-929485382747.6719
china,2035,51026241155334.72,704285663.3936803,0.0,1699601658996.3418,2667123099683.214,277741900831.3005,0.0,0.0,883238933046.5261,2944865000514.514,0.0,31276.301145481142,-1245263341518.1724,-1245263341518.1724
india,2035,20910224290247.723,865568726.9088188,0.0,1762443174043.372,1043173888941.5945,299639414862.4548,0.0,0.0,8180399746.304808,1342813303804.0493,0.0,12322.993355349145,419629870239.32275,419629870239.32275
latam,2035,14345346871462.977,318636198.8364336,0.0,862997929216.6362,709453624600.3767,108701255579.25635,0.0,0.0,4859285220.331864,818154880179.633,0.0,20264.359012709418,44843049037.003174,44843049037.003174
seasia,2035,14965469203458.738,355329807.3506391,0.0,939651503829.441,722071086456.9178,108694440397.19055,0.0,0.0,5610157847.591599,830765526854.1084,0.0,18489.90803605888,108885976975.33264,108885976975.33264
russia,2035,11601842198523.83,145856695.3040429,0.0,579094578933.2268,575033365968.2817,69399556146.86002,0.0,0.0,4999671196.377165,644432922115.1417,0.0,27548.40612633718,-65338343181.91492,-65338343181.91492
mena,2035,17674489895045.37,260068951.27195522,0.0,1545780939354.1533,884199846250.5952,278314069937.3542,0.0,0.0,4187092589.5339785,1162513916187.9495,0.0,27780.278584044616,383267023166.20386,383267023166.20386
ssa,2035,8755678825683.405,680120883.1621428,0.0,850322409981.3608,332023263465.7155,52083716523.39677,0.0,0.0,4410983907.8292265,384106979989.1123,0.0,6074.267840154052,466215429992.24854,466215429992.24854
us,2036,38797223507890.914,164676251.92411405,0.0,1760253317288.8354,1999312600145.69,227407780254.59485,0.0,0.0,10863807908.132042,2226720380400.2847,0.0,72078.62633090236,-466467063111.4492,-466467063111.4492
oecd-ex-us,2036,48993169367627.5,363487825.08809716,0.0,1937672293860.1416,2609259093278.0947,271832577581.30743,0.0,0.0,10818644374.065733,2881091670859.4023,0.0,51180.04164705318,-943419376999.2607,-943419376999.2607
china,2036,49727716382605.97,693192912.8483231,0.0,1578366046751.246,2627256167547.883,269962152410.92587,0.0,0.0,20327500478.829105,2897218319958.8086,0.0,32144.40856575911,-1318852273207.5625,-1318852273207.5625
india,2036,21295667434513.203,870948953.8308338,0.0,1740643937047.4648,1057753647859.4272,305682477553.711,0.0,0.0,8235332631.149434,1363436125413.1382,0.0,12843.215070404938,377207811634.32666,377207811634.32666
latam,2036,14374810483127.354,317993366.24228686,0.0,843560996705.9412,710211019382.3363,108580075337.18129,0.0,0.0,4693709677.957514,818791094719.5176,0.0,20962.8420526122,24769901986.423584,24769901986.423584
seasia,2036,15056414855132.678,360281790.9991659,0.0,919323147553.3909,725049552477.5609,108948984523.73729,0.0,0.0,5621041121.851323,833998537001.2982,0.0,19153.538279183922,85324610552.09265,85324610552.09265
russia,2036,11530161634866.617,145416766.65814295,0.0,565079084015.978,572914006910.8013,68990309600.1348,0.0,0.0,5144668837.754371,641904316510.936,0.0,28366.993805910806,-76825232494.95801,-76825232494.95801
mena,2036,18020785772081.94,262156183.8841473,0.0,1524940636905.7805,898385933431.0713,284484518716.0928,0.0,0.0,4225692277.950376,1182870452147.164,0.0,28602.160001844866,342070184758.61646,342070184758.61646
ssa,2036,9216676931608.053,703450539.4829968,0.0,858386929833.7767,347149279120.4793,54630470223.58639,0.0,0.0,4390925434.935938,401779749344.0657,0.0,6398.229486727132,456607180489.71106,456607180489.71106
us,2037,38334927332038.46,163634989.03299218,0.0,1734949884932.2778,1983093553742.6904,224902247412.83316,0.0,0.0,10749740370.771572,2207995801155.5234,0.0,73173.64322583453,-473045916223.2456,-473045916223.2456
oecd-ex-us,2037,48049502648610.9,359252118.7272114,0.0,1888048612106.5337,2576247955048.3433,266103861420.3365,0.0,0.0,10636485345.564962,2842351816468.6797,0.0,52225.114427354754,-954303204362.146,-954303204362.146
china,2037,48354339699658.23,681492221.8290504,0.0,1453746015210.638,2584665747292.1826,261889195389.5877,0.0,0.0,19432244523.385796,2846554942681.7705,0.0,33030.42278602598,-1392808927471.1326,-1392808927471.1326
india,2037,21845485133900.395,875778860.3044245,0.0,1718717993511.4424,1067153133401.1697,313316371840.70166,0.0,0.0,211569211117.6169,1380469505241.8713,0.0,13380.086580480644,338248488269.57104,338248488269.57104
latam,2037,14385073020985.812,317164147.727998,0.0,824475568453.3367,710463053446.4973,108291908792.09094,0.0,0.0,4541931643.708994,818754962238.5883,0.0,21679.22158970571,5720606214.748413,5720606214.748413
seasia,2037,15125302269675.904,359975854.0669801,0.0,899757841343.8031,727483386947.9303,109044002137.51935,0.0,0.0,5656962284.870679,836527389085.4497,0.0,19834.92458426673,63230452258.35339,63230452258.35339
russia,2037,11448619719547.34,144902206.31999308,0.0,552631458834.8324,570452954481.6228,68517203624.15784,0.0,0.0,4796783951.665149,638970158105.7806,0.0,29203.599839846298,-86338699270.94824,-86338699270.94824
mena,2037,18328339304680.164,264071174.02219707,0.0,1504918191984.148,911683198274.2181,289903996755.70667,0.0,0.0,4222535643.9988465,1201587195029.9248,0.0,29442.055300080377,303330996954.22314,303330996954.22314
ssa,2037,9667602802792.482,726820687.0355145,0.0,865966212697.7748,362374885990.0704,57142251212.25979,0.0,0.0,4476795688.989119,419517137202.33014,0.0,6735.7225599628055,446449075495.44464,446449075495.44464
us,2038,37868809144496.11,162546792.64173678,0.0,1712028581991.354,1966328397824.4436,222361403548.63992,0.0,0.0,10543031839.395227,2188689801373.0835,0.0,74285.08485777202,-476661219381.7295,-476661219381.7295
oecd-ex-us,2038,47098987353553.805,354881424.60754645,0.0,1841977770948.4697,2542200224941.501,260614812015.49643,0.0,0.0,10321970951.407307,2802815036956.9976,0.0,53287.270426712654,-960837266008.5278,-960837266008.5278
china,2038,46923042979598.12,669250875.8379358,0.0,1343092510809.9075,2539276586394.1636,254375303655.50507,0.0,0.0,19262659179.643997,2793651890049.6685,0.0,33934.596227066046,-1450559379239.761,-1450559379239.761
india,2038,22150187782745.605,879923839.1296635,0.0,1696342162133.61,1079734675848.2561,320289907698.6154,0.0,0.0,8385070258.486807,1400024583546.8716,0.0,13933.95184345038,296317578586.7385,296317578586.7385
latam,2038,14376048331416.38,316129045.685585,0.0,805361254344.7062,710222462364.0863,108690988191.44295,0.0,0.0,4527506641.395485,818913450555.5293,0.0,22413.789792727977,-13552196210.82312,-13552196210.82312
seasia,2038,15172732072037.025,359450028.7567485,0.0,881079448447.0776,729398359642.818,109850783652.65907,0.0,0.0,5599497209.518536,839249143295.477,0.0,20534.368938161053,41830305151.600586,41830305151.600586
russia,2038,11359529978119.174,144322555.71251535,0.0,541811122105.80115,567688458027.3112,68024346220.6182,0.0,0.0,4811940713.95939,635712804247.9293,0.0,30058.486446507162,-93901682142.12817,-93901682142.12817
mena,2038,18598178531956.586,265780602.53846836,0.0,1486514791957.793,924137063929.9359,296687999190.7832,0.0,0.0,4149498439.3438196,1220825063120.7192,0.0,30300.225990167473,265689728837.07373,265689728837.07373
ssa,2038,10162660843551.953,750171001.7975576,0.0,873001992869.2487,375072897878.6338,60629985461.10026,0.0,0.0,57758931229.950325,435702883339.7341,0.0,7087.134797121599,437299109529.5146,437299109529.5146
us,2039,37400343854080.5,161415402.76938817,0.0,1690747616347.5635,1949081677830.7317,219709765281.51324,0.0,0.0,9578536349.073193,2168791443112.2449,0.0,75413.19755883177,-478043826764.6814,-478043826764.6814
oecd-ex-us,2039,46145267094622.15,350386402.4320892,0.0,1798625357287.228,2507196787519.028,255009733452.49182,0.0,0.0,9860904752.657043,2762206520971.5195,0.0,54366.75081942342,-963581163684.2915,-963581163684.2915
china,2039,45452134244783.77,668773605.6087301,0.0,1249446432557.2322,2491415322276.3423,246623894522.3414,0.0,0.0,17684049427.10268,2738039216798.6836,0.0,34857.18423294564,-1488592784241.4514,-1488592784241.4514
india,2039,22414140221112.633,883390224.5739574,0.0,1673207503946.3643,1091294016785.3136,326337266089.2638,0.0,0.0,8376217295.241807,1417631282874.5774,0.0,14505.157429905297,255576221071.78687,255576221071.78687
latam,2039,14532865381312.725,314894015.3483763,0.0,786520294128.9302,707527600657.9612,110804264743.18925,0.0,0.0,188628621168.55472,818331865401.1504,0.0,23166.841171932578,-31811571272.220215,-31811571272.220215
seasia,2039,15200074912412.514,358714072.6312368,0.0,863089376427.8813,730780472563.7091,110471898421.90169,0.0,0.0,5505834933.21485,841252370985.6108,0.0,21252.175630055888,21837005442.270508,21837005442.270508
russia,2039,11263893551736.783,143683358.54431203,0.0,531848990878.2868,564664253630.4949,67481575806.110115,0.0,0.0,4660412175.924289,632145829436.605,0.0,30931.918550251008,-100296838558.31818,-100296838558.31818
mena,2039,19008331989399.92,267304311.99465415,0.0,1470398268831.621,931286923603.2427,304743156674.5149,0.0,0.0,175785268889.47107,1236030080277.7576,0.0,31176.93630317324,234368188553.86353,234368188553.86353
ssa,2039,10593248528699.562,773478399.1836933,0.0,879508773777.0349,390242694557.4011,63381802207.11421,0.0,0.0,4703408135.088872,453624496764.5153,0.0,7452.858722594691,425884277012.5196,425884277012.5196
us,2040,36931307001555.53,160235936.38983762,0.0,1671649810617.1572,1931391820997.045,219398433048.92276,0.0,0.0,10103590903.824604,2150790254045.9678,0.0,76558.2313567015,-479140443428.81055,-479140443428.81055
oecd-ex-us,2040,45187121664539.36,345742483.7374178,0.0,1758280172271.7996,2471312790843.3486,255297774486.30792,0.0,0.0,10184962975.043959,2726610565329.6567,0.0,55463.80043567204,-968330393057.8572,-968330393057.8572
china,2040,43954187494953.85,655673147.4362451,0.0,1172192608540.686,2441511085095.4326,245887969502.7929,0.0,0.0,17259696227.62821,2687399054598.2256,0.0,35798.4451373568,-1515206446057.5396,-1515206446057.5396
india,2040,22634215257198.0,886013795.560005,0.0,1650415050645.6836,1101831569274.705,336927311166.2201,0.0,0.0,8418865880.602836,1438758880440.9253,0.0,15094.052517035112,211656170204.7583,211656170204.7583
latam,2040,14486860041964.875,313430157.84229505,0.0,768526905180.5873,706247447624.5835,113094694443.86752,0.0,0.0,4809897540.030584,819342142068.451,0.0,23938.672627134798,-50815236887.86377,-50815236887.86377
seasia,2040,15207066124107.582,357741098.95830137,0.0,846096052498.9224,731651354534.3826,112939296799.42216,0.0,0.0,5485810529.953892,844590651333.8047,0.0,21988.651291527007,1505401165.1176758,1505401165.1176758
russia,2040,11322926507166.484,142980623.39562446,0.0,522518897223.0318,560058774575.8385,69312121211.17776,0.0,0.0,165884953993.68893,629370895787.0162,0.0,31824.163845901876,-106851998563.98444,-106851998563.98444
mena,2040,19212305169483.367,268596705.4474502,0.0,1455481378463.108,941814481929.824,314103787018.66144,0.0,0.0,4410070568.817141,1255918268948.4854,0.0,32072.453254497323,199563109514.62256,199563109514.62256
ssa,2040,11011690880772.355,796699325.1082362,0.0,885501924756.5226,405449878816.3071,66394343577.86141,0.0,0.0,4784649710.438698,471844222394.1685,0.0,7833.2915700960575,413657702362.35406,413657702362.35406
us,2041,37086737340177.195,159010996.90036216,0.0,1653370200824.6565,1911073403655.2644,224812874853.6675,0.0,0.0,637946416305.9396,2135886278508.932,0.0,77720.4400300647,-482516077684.2754,-482516077684.2754
oecd-ex-us,2041,44226262192326.28,340956215.92315865,0.0,1719220355738.9873,2434378874508.8716,255105068844.64783,0.0,0.0,9404115401.42749,2689483943353.5195,0.0,56578.66781999596,-970263587614.5322,-970263587614.5322
china,2041,42450739392207.414,642249799.265809,0.0,1114326263100.2114,2389688960418.5054,244808863542.17905,0.0,0.0,16723458114.064642,2634497823960.6846,0.0,36758.64033099737,-1520171560860.4731,-1520171560860.4731
india,2041,22811797750928.023,898472102.1408242,0.0,1627435145386.045,1111093421031.367,346321785117.0058,0.0,0.0,7562554492.355914,1457415206148.3728,0.0,15700.988885761122,170019939237.67212,170019939237.67212
latam,2041,14423171291242.617,311745941.14321417,0.0,751116347421.9086,704382572003.8195,115120117507.97473,0.0,0.0,4697591367.610063,819502689511.7942,0.0,24729.583497995896,-68386342089.88562,-68386342089.88562
seasia,2041,15374256554671.855,356544371.9281481,0.0,830231917385.3751,729483347238.4502,117226449920.21799,0.0,0.0,183668310337.57138,846709797158.6682,0.0,22744.10493910228,-16477879773.29309,-16477879773.29309
russia,2041,11215632143137.11,142217595.714214,0.0,513581578995.23566,556601077516.3966,69300495818.3508,0.0,0.0,5025630310.1453705,625901573334.7474,0.0,32735.492864546854,-112319994339.51178,-112319994339.51178
mena,2041,19384069194960.97,269666885.6910414,0.0,1441232608159.4932,951322986239.2732,322524996279.0171,0.0,0.0,4379399836.405247,1273847982518.2903,0.0,32987.046709856564,167384625641.20288,167384625641.20288
ssa,2041,11417347371897.17,819805994.8069205,0.0,890859224937.8053,420668354915.0563,69356399480.6678,0.0,0.0,4822020582.735316,490024754395.72406,0.0,8228.835205939338,400834470542.08124,400834470542.08124
us,2042,36615794166433.42,157750280.43875054,0.0,1633112777839.944,1892761823900.0269,221374615744.28482,0.0,0.0,10080488060.59006,2114136439644.3118,0.0,78900.0811648572,-481023661804.3677,-481023661804.3677
oecd-ex-us,2042,44098942529711.27,336066369.105239,0.0,1681804998119.394,2397484976006.1177,257821075058.7644,0.0,0.0,846181390330.5137,2655306051064.882,0.0,57711.60529050268,-973501052945.4878,-973501052945.4878
china,2042,40961126891536.58,628628445.5292547,0.0,1067657700080.41,2336439113094.869,237390101633.1903,0.0,0.0,16559013976.792963,2573829214728.0596,0.0,37738.03432997924,-1506171514647.6494,-1506171514647.6494
india,2042,22962130665536.156,899937297.8317046,0.0,1603350196873.194,1119078796259.2983,341644612487.1188,0.0,0.0,7706126481.354009,1460723408746.417,0.0,16326.320921157347,142626788126.7771,142626788126.7771
latam,2042,14346534930702.316,309916165.61251795,0.0,733748675674.5317,701952270105.016,113054477368.10303,0.0,0.0,4621711258.294331,815006747473.119,0.0,25539.87561651919,-81258071798.58728,-81258071798.58728
seasia,2042,15349890892569.97,355205091.6007004,0.0,814703670797.6555,729230948269.5209,115588139487.27174,0.0,0.0,5749754857.246088,844819087756.7926,0.0,23518.848019317935,-30115416959.137085,-30115416959.137085
russia,2042,11104984486848.008,141413109.1520165,0.0,505750327137.58997,552912970654.4001,68317064739.89803,0.0,0.0,4832051967.603816,621230035394.2982,0.0,33666.17904063973,-115479708256.70825,-115479708256.70825
mena,2042,19536353676270.688,270668482.6706437,0.0,1427410322683.7578,959850216734.33,319645656778.5593,0.0,0.0,4370032138.8527775,1279495873512.8892,0.0,33920.9894525558,147914449170.86865,147914449170.86865
ssa,2042,11811681553233.957,842928586.1255466,0.0,895538374497.341,435871496993.7544,70353575834.1976,0.0,0.0,5020879667.40165,506225072827.952,0.0,8639.896053646182,389313301669.3889,389313301669.3889
us,2043,36146501281140.61,156454636.16157758,0.0,1612378460513.7815,1874069840704.3062,217643072128.83362,0.0,0.0,10041567026.569553,2091712912833.1396,0.0,80097.41621136758,-479334452319.35815,-479334452319.35815
oecd-ex-us,2043,43144996829637.41,331088864.1178046,0.0,1647851557197.5632,2359424588637.0234,252023287767.657,0.0,0.0,9650619133.262772,2611447876404.6807,0.0,58862.86899885407,-963596319207.1174,-963596319207.1174
china,2043,40268024353069.71,614857673.208302,0.0,1028436988437.9966,2284604053173.8706,237685411252.32074,0.0,0.0,800749937521.3102,2522289464426.1914,0.0,38736.89484525687,-1493852475988.1948,-1493852475988.1948
india,2043,23084716180581.63,901049969.8720244,0.0,1578156935722.8706,1126520133201.7231,336682271196.3319,0.0,0.0,7630983720.646231,1463202404398.0552,0.0,16970.405616190892,114954531324.81543,114954531324.81543
latam,2043,14257345353558.693,307946027.52677786,0.0,716305242942.7865,699138996620.7323,110824845304.00308,0.0,0.0,4469021838.319413,809963841924.7354,0.0,26369.85336173106,-93658598981.94885,-93658598981.94885
seasia,2043,15312216678943.658,353728589.0600244,0.0,799110638875.8998,728627682612.9572,113810649641.26912,0.0,0.0,5653479752.019187,842438332254.2263,0.0,24313.194456241592,-43327693378.32654,-43327693378.32654
russia,2043,10992499885479.955,140575023.85305318,0.0,499035020012.4283,549061349137.2142,67252808428.62068,0.0,0.0,4794536185.352061,616314157565.8348,0.0,34616.498780395115,-117279137553.40656,-117279137553.40656
mena,2043,19668998743095.0,271602233.7637798,0.0,1413006685379.4214,968061258548.2374,316621399837.73975,0.0,0.0,4321039830.864662,1284682658385.977,0.0,34874.557252028826,128324026993.44434,128324026993.44434
ssa,2043,12193835769171.838,871245781.1133829,0.0,899551773941.662,451137469599.8921,71275223690.94241,0.0,0.0,5015135287.051116,522412693290.8345,0.0,9066.885020125652,377139080650.8275,377139080650.8275
us,2044,35686684320928.11,155139160.10815075,0.0,1599280780120.5425,1855002463954.9348,213892641867.1795,0.0,0.0,9797365489.062292,2068895105822.1143,0.0,81312.71054219437,-469614325701.5718,-469614325701.5718
oecd-ex-us,2044,42212763174923.836,326060565.1511012,0.0,1625195422560.2463,2320740093464.8135,246064712762.56595,0.0,0.0,9375728953.550222,2566804806227.3794,0.0,60032.718991030866,-941609383667.133,-941609383667.133
china,2044,38826662720531.31,601013165.16389,0.0,1002656058360.2573,2230609372422.614,229755566116.27094,0.0,0.0,16347247640.225443,2460364938538.885,0.0,39755.4928530693,-1457708880178.6274,-1457708880178.6274
india,2044,23185070409577.367,901902854.7366999,0.0,1557714424722.6301,1133403096633.9333,331709858799.05865,0.0,0.0,7752759706.107926,1465112955432.992,0.0,17633.602578807277,92601469289.63818,92601469289.63818
latam,2044,14159318224550.918,310505597.66623706,0.0,702087487773.8583,695950030396.7911,108581227021.14946,0.0,0.0,4416640636.309957,804531257417.9406,0.0,27219.823716519313,-102443769644.08228,-102443769644.08228
seasia,2044,15264806543907.598,352150279.68540454,0.0,786679350283.4738,727679954627.8954,112042546046.40147,0.0,0.0,5633015354.759118,839722500674.2969,0.0,25127.46070143643,-53043150390.82312,-53043150390.82312
russia,2044,10880682366169.432,139717726.16010582,0.0,494727445570.02216,545079349112.88275,66190158865.79986,0.0,0.0,4724543098.135448,611269507978.6826,0.0,35586.731531457146,-116542062408.66046,-116542062408.66046
mena,2044,19785735486086.168,272491421.0538108,0.0,1401880338743.7898,975949180104.5134,313599872378.35834,0.0,0.0,4405456730.250695,1289549052482.8718,0.0,35848.02893363414,112331286260.91797,112331286260.91797
ssa,2044,12564290629026.453,894416651.827063,0.0,904159712206.6267,466454115383.9639,72238578624.95934,0.0,0.0,4987841656.912471,538692694008.9233,0.0,9510.217423656746,365467018197.7034,365467018197.7034
us,2045,35243628199376.625,153816888.2829538,0.0,1592830253333.1567,1835757647407.8525,210208958940.99707,0.0,0.0,10080231464.215866,2045966606348.8496,0.0,82546.23351107248,-453136353015.6929,-453136353015.6929
oecd-ex-us,2045,41312707040862.94,321013430.99433166,0.0,1612484373404.8987,2281731018824.073,240109328757.3256,0.0,0.0,9299840115.606255,2521840347581.399,0.0,61221.419268890946,-909355974176.5002,-909355974176.5002
china,2045,37431657227848.64,587155021.2937367,0.0,987641894141.1903,2176290641947.347,221998391428.9697,0.0,0.0,15641646552.479137,2398289033376.3164,0.0,40794.10266638937,-1410647139235.126,-1410647139235.126
india,2045,23487395386251.465,902583081.0988916,0.0,1542163932298.7334,1134582501010.2236,329503075874.89594,0.0,0.0,224246621260.4685,1464085576885.1196,0.0,18316.274042381192,78078355413.61377,78078355413.61377
latam,2045,14055882290531.912,308359952.4886627,0.0,691089738926.9862,692474141274.0251,106390281177.79333,0.0,0.0,4338749505.835774,798864422451.8185,0.0,28090.096326601,-107774683524.83228,-107774683524.83228
seasia,2045,15210907698486.738,350503939.9125407,0.0,777377908224.9463,726474278436.4392,110345224684.05836,0.0,0.0,5542749474.694617,836819503120.4976,0.0,25961.96578634,-59441594895.55127,-59441594895.55127
russia,2045,10772052017274.049,141037145.0729114,0.0,492908445278.6725,541029459113.907,65160198528.920876,0.0,0.0,4650863468.7730875,606189657642.8279,0.0,36577.15985382762,-113281212364.1554,-113281212364.1554
mena,2045,19890169488412.582,276594786.5133197,0.0,1394432281831.3726,983621423989.5646,310707411454.99725,0.0,0.0,4330555939.601296,1294328835444.5618,0.0,36841.68644969097,100103446386.81079,100103446386.81079
ssa,2045,12923920891325.908,917643650.1009544,0.0,909420740029.4889,481818174894.55084,73260694598.47147,0.0,0.0,5288391762.985061,555078869493.0223,0.0,9970.312923898071,354341870536.46655,354341870536.46655
us,2046,34815860044105.04,155254087.56264728,0.0,1585578176734.6804,1816508921014.748,206651809396.41205,0.0,0.0,9814398404.890682,2023160730411.1602,0.0,83798.25851258238,-437582553676.47974,-437582553676.47974
oecd-ex-us,2046,40444107042474.46,315948701.3781604,0.0,1599809045654.3398,2242655818664.893,234294541624.1648,0.0,0.0,8541316246.238921,2476950360289.0576,0.0,62429.23785253541,-877141314634.7178,-877141314634.7178
china,2046,36083011849169.84,573285512.1328217,0.0,972332261342.331,2121920500473.1328,214461012851.6363,0.0,0.0,15403873303.641418,2336381513324.769,0.0,41853.00200737502,-1364049251982.438,-1364049251982.438
india,2046,23555665167979.1,903077885.4944365,0.0,1525888101254.963,1140679410866.6963,324995006032.1035,0.0,0.0,8056097371.486396,1465674416898.7998,0.0,19018.784879548366,60213684356.163086,60213684356.163086
latam,2046,13946898181652.42,306137657.9681089,0.0,679880711675.0664,688797089481.0089,104329355876.08537,0.0,0.0,4261624802.532092,793126445357.0942,0.0,28980.983561591496,-113245733682.02783,-113245733682.02783
seasia,2046,15150290008968.9,353729121.9971178,0.0,767814361341.4626,725092913979.6516,108781693953.8995,0.0,0.0,5442557074.2496395,833874607933.5511,0.0,26817.031377029933,-66060246592.0885,-66060246592.0885
russia,2046,10666841738911.43,140176478.20076102,0.0,491530226444.60126,536976013669.2896,64190541003.26749,0.0,0.0,4426049865.335009,601166554672.5571,0.0,37588.069492039314,-109636328227.95587,-109636328227.95587
mena,2046,19981796324691.938,277443812.8921537,0.0,1386499526080.9165,991183667786.212,308080481557.6507,0.0,0.0,4391459542.303143,1299264149343.8628,0.0,37855.814951741886,87235376737.05371,87235376737.05371
ssa,2046,13271500040632.898,940885456.5998298,0.0,914057407203.0054,497262306509.8889,74458055999.10931,0.0,0.0,5242104612.980883,571720362508.9983,0.0,10447.5954541405,342337044694.0071,342337044694.0071
us,2047,34401943242685.824,153916722.86003676,0.0,1577448091919.6409,1797236526462.3892,203221388856.16733,0.0,0.0,9093021979.691109,2000457915318.5564,0.0,85069.06304275487,-423009823398.9155,-423009823398.9155
oecd-ex-us,2047,39607683921579.95,317372707.91762066,0.0,1586890305393.1152,2203524350028.4487,228608553638.66135,0.0,0.0,8819477379.484951,2432132903667.11,0.0,63656.44684349634,-845242598273.9946,-845242598273.9946
china,2047,34779729459424.965,571381075.6494375,0.0,956408551520.5977,2067498975349.7046,207134766193.6141,0.0,0.0,14942800277.813429,2274633741543.319,0.0,42932.47208081798,-1318225190022.7212,-1318225190022.7212
india,2047,23604627181335.016,903368190.9664261,0.0,1508720117241.2344,1146491667293.538,320797533038.6031,0.0,0.0,7531096446.822554,1467289200332.141,0.0,19741.502619429262,41430916909.09326,41430916909.09326
latam,2047,13832205649805.344,303836541.6897616,0.0,668392353479.6345,684910947605.9126,102397478077.3381,0.0,0.0,4223540356.5320797,787308425683.2507,0.0,29892.800578146176,-118916072203.61621,-118916072203.61621
seasia,2047,15082667278476.082,351947466.4107263,0.0,757882722264.1788,723525830919.1896,107350249746.58269,0.0,0.0,5370627908.778387,830876080665.7722,0.0,27692.981831348305,-72993358401.59338,-72993358401.59338
russia,2047,10565091524347.75,139313817.41777667,0.0,490352468007.9183,532928989419.7361,63284976568.15434,0.0,0.0,4111283416.2956862,596213965987.8904,0.0,38619.74944856086,-105861497979.9721,-105861497979.9721
mena,2047,20059935143407.66,278263159.3498119,0.0,1378004381527.4385,998611747662.1486,305708375205.8471,0.0,0.0,4454560056.285192,1304320122867.9956,0.0,38890.70286402895,73684258659.44287,73684258659.44287
ssa,2047,13684809773826.008,964101604.7629514,0.0,918071131447.1552,508520508265.7939,76608949746.4885,0.0,0.0,80368059758.238,585129458012.2823,0.0,10942.493156010009,332941673434.8728,332941673434.8728
us,2048,34000680347504.22,152567720.23323736,0.0,1568340205142.335,1777917166939.8477,199912358283.67496,0.0,0.0,8226424899.585443,1977829525223.5227,0.0,86358.92876058511,-409489320081.18774,-409489320081.18774
oecd-ex-us,2048,38802253367713.086,312280227.42071044,0.0,1573570199147.3428,2164337152055.8474,223070120122.79233,0.0,0.0,8406519164.435882,2387407272178.6396,0.0,64903.32248876088,-813837073031.2969,-813837073031.2969
china,2048,33520153358333.016,557506313.287581,0.0,939591027922.2119,2013015338568.6187,200036214232.25433,0.0,0.0,13884423786.716019,2213051552800.873,0.0,44032.797648586326,-1273460524878.6611,-1273460524878.6611
india,2048,23633990029811.28,903436989.821898,0.0,1490600963417.689,1151969506531.2664,316861720697.90674,0.0,0.0,7593112287.741204,1468831227229.173,0.0,20484.797468250978,21769736188.51587,21769736188.51587
latam,2048,13711502529688.354,301453926.8742456,0.0,656575492669.7251,680806824566.589,100586227135.60507,0.0,0.0,4114438915.478038,781393051702.1941,0.0,30825.865385146346,-124817559032.469,-124817559032.469
seasia,2048,15007779022461.031,350087693.69645166,0.0,747527599915.2306,721759319736.3732,106042410759.82446,0.0,0.0,5385874565.911877,827801730496.1976,0.0,28590.144258355347,-80274130580.96704,-80274130580.96704
russia,2048,10467219132658.19,138448783.17438933,0.0,489091619444.691,528888029722.11945,62429015260.446205,0.0,0.0,4353033848.31628,591317044982.5657,0.0,39672.49205842056,-102225425537.8747,-102225425537.8747
mena,2048,20123744051130.926,279047221.3037966,0.0,1368898618021.0627,1005882338725.7513,303572440995.0544,0.0,0.0,4365069423.001808,1309454779720.8057,0.0,39946.64195817134,59443838300.25708,59443838300.25708
ssa,2048,14010254377471.363,987247098.5964724,0.0,921419998787.6631,523812844074.97577,78141296953.4119,0.0,0.0,5978745886.085712,601954141028.3877,0.0,11455.438316819087,319465857759.2754,319465857759.2754
us,2049,33617212222506.53,151214036.8161231,0.0,1562527461959.4312,1758525034705.1807,196674691082.01147,0.0,0.0,9204138830.076273,1955199725787.1921,0.0,87668.14155046945,-392672263827.761,-392672263827.761
oecd-ex-us,2049,38033013796141.97,307188310.27388704,0.0,1565365035606.2905,2125092505720.6523,217675981135.94162,0.0,0.0,8163879679.189334,2342768486856.5938,0.0,66170.14524564594,-777403451250.3032,-777403451250.3032
china,2049,32309144637485.47,543647491.630319,0.0,927333465839.319,1958457432357.9644,193150799613.71527,0.0,0.0,13266045284.824219,2151608231971.6797,0.0,45154.26710505791,-1224274766132.3608,-1224274766132.3608
india,2049,23646545120172.133,903328623.1512674,0.0,1475137913429.9136,1157076883742.4043,313148609243.31354,0.0,0.0,7642669916.665482,1470225492985.7178,0.0,21249.04233336922,4912420444.195801,4912420444.195801
latam,2049,13764815934443.43,299005669.88361984,0.0,646457870138.3745,674956815939.4064,100704781171.19937,0.0,0.0,182517131727.31595,775661597110.6057,0.0,31780.498910900722,-129203726972.2312,-129203726972.2312
seasia,2049,14927087768101.527,348165179.2433554,0.0,738700241712.5471,719781708966.7775,104849379728.13503,0.0,0.0,5239592622.858897,824631088694.9125,0.0,29508.848580083053,-85930846982.36536,-85930846982.36536
russia,2049,10373622596497.154,137586239.27460867,0.0,488749230307.7102,524853741322.4336,61631068382.93321,0.0,0.0,4139043236.622967,586484809705.3668,0.0,40746.5930650372,-97735579397.65662,-97735579397.65662
mena,2049,20175134643969.203,279806478.9957721,0.0,1361735139799.718,1012966423602.4645,301649432237.59393,0.0,0.0,4271308878.6140103,1314615855840.0583,0.0,41023.92742903323,47119283959.65967,47119283959.65967
ssa,2049,14322418412685.127,1010314801.4254695,0.0,925002848450.893,539096740359.09436,79805793857.6466,0.0,0.0,6063720979.609942,618902534216.741,0.0,11986.867309756126,306100314234.152,306100314234.152
us,2050,33252469363250.523,149861770.87476557,0.0,1560066983972.0288,1739150830375.3257,193588968735.38492,0.0,0.0,7929955882.69522,1932739799110.7107,0.0,88996.99158557889,-372672815138.6819,-372672815138.6819
oecd-ex-us,2050,37304579933321.23,302113015.4513267,0.0,1562097134134.2432,2085927455695.691,212467866389.71127,0.0,0.0,7864325130.417729,2298395322085.4023,0.0,67457.1998475385,-736298187951.1592,-736298187951.1592
china,2050,31150559062257.82,529830710.7528663,0.0,919266345460.7103,1903946710798.9312,186498073238.5981,0.0,0.0,12592863349.173613,2090444784037.5293,0.0,46297.17255354267,-1171178438576.8188,-1171178438576.8188
india,2050,23644638541589.805,913526677.1724849,0.0,1462230105462.9714,1161887120963.558,309693093678.462,0.0,0.0,7443530596.7200165,1471580214642.02,0.0,22034.612850688347,-9350109179.048584,-9350109179.048584
latam,2050,13637471994831.482,296507589.71858233,0.0,638033269605.495,670495406319.2174,99107273751.18083,0.0,0.0,4225470852.9524274,769602680070.3982,0.0,32757.025072334047,-131569410464.9032,-131569410464.9032
seasia,2050,14842217980248.676,346194684.84442705,0.0,731321939719.4912,717628634693.3751,103769787693.05888,0.0,0.0,5206694814.088692,821398422386.434,0.0,30449.427595558445,-90076482666.94275,-90076482666.94275
russia,2050,10436860629255.406,136730407.8647518,0.0,489186621694.2718,520080782726.88385,62565808400.22238,0.0,0.0,156698002191.08423,582646591127.1062,0.0,41842.35169724694,-93459969432.83441,-93459969432.83441
mena,2050,20418846329561.938,280550364.82785314,0.0,1356380287580.2063,1014237560448.5951,302218440490.872,0.0,0.0,203787398952.00287,1316456000939.467,0.0,42122.857971771475,39924286640.73926,39924286640.73926
ssa,2050,14621526195250.154,1033299031.9912792,0.0,928857233484.3938,554364806957.3394,81584139935.8987,0.0,0.0,6199495973.874267,635948946893.238,0.0,12537.220537092928,292908286591.15576,292908286591.15576
us,2051,33467781670032.6,148509155.6748088,0.0,1556405065954.254,1720677402571.1543,196223124464.30722,0.0,0.0,575807767863.2806,1916900527035.4614,0.0,90345.77339218327,-360495461081.2075,-360495461081.2075
oecd-ex-us,2051,36615716023640.64,297052902.9325243,0.0,1557788781582.2268,2046976421219.0542,207482605112.488,0.0,0.0,7806335068.724545,2254459026331.542,0.0,68764.77537051654,-696670244749.3152,-696670244749.3152
china,2051,30041739180674.29,516049205.49198484,0.0,909084332523.0779,1849594969184.5842,180095746482.2407,0.0,0.0,11786501560.204233,2029690715666.825,0.0,47461.80988369256,-1120606383143.747,-1120606383143.747
india,2051,23627502312714.566,913149670.0246108,0.0,1448272858321.6448,1166455605435.3315,306517335130.8889,0.0,0.0,7563853369.342637,1472972940566.2205,0.0,22841.88741547334,-24700082244.575684,-24700082244.575684
latam,2051,13507286840094.328,293956112.86682343,0.0,629205591999.2208,665892289101.1807,97639778328.53456,0.0,0.0,4141320693.3417134,763532067429.7152,0.0,33755.77084613456,-134326475430.49438,-134326475430.49438
seasia,2051,14930604393021.787,344169344.03652006,0.0,723266931156.5826,713046586863.3899,104672935030.36226,0.0,0.0,182839003510.27856,817719521893.7522,0.0,31412.217047066246,-94452590737.16956,-94452590737.16956
russia,2051,10352228112304.135,135878226.79184043,0.0,489131069926.8033,516183180813.0096,61872521164.62342,0.0,0.0,4292115099.5534496,578055701977.633,0.0,42960.07074751609,-88924632050.82977,-88924632050.82977
mena,2051,20451647153287.11,281269992.85387665,0.0,1350027458079.469,1020963662523.0701,300806924106.35876,0.0,0.0,4543952275.142255,1321770586629.4287,0.0,43243.73586005359,28256871450.040283,28256871450.040283
ssa,2051,14907003662965.254,1056157837.7078345,0.0,932095990548.137,569607307578.8456,83455031427.85754,0.0,0.0,6443816173.663696,653062339006.7031,0.0,13106.942376581273,279033651541.43384,279033651541.43384
us,2052,33133083098331.297,147153916.07135242,0.0,1551283826426.8333,1701799704424.8474,193347011033.5136,0.0,0.0,9164317330.196781,1895146715458.361,0.0,91714.78591494045,-343862889031.52783,-343862889031.52783
oecd-ex-us,2052,35964181139105.86,292005260.56482655,0.0,1552060794483.2256,2008219299459.9285,202732833629.05984,0.0,0.0,7356454070.9870825,2210952133088.9883,0.0,70093.1653008658,-658891338605.7627,-658891338605.7627
china,2052,29618906002821.465,502295254.7845063,0.0,896444737424.8492,1804277723053.435,181256654349.81732,0.0,0.0,666256462125.5916,1985534377403.2524,0.0,48648.478849898616,-1089089639978.4032,-1089089639978.4032
india,2052,23593992096734.883,912596280.351833,0.0,1433395289455.7249,1170746586743.5735,303588731127.409,0.0,0.0,7429812435.565302,1474335317870.9824,0.0,23671.247216544125,-40940028415.25757,-40940028415.25757
latam,2052,13373940129478.709,291347712.8551779,0.0,619944789306.5042,661134109408.3693,96285873433.41415,0.0,0.0,4128482919.66136,757419982841.7834,0.0,34777.06634183235,-137475193535.2793,-137475193535.2793
seasia,2052,14835961626993.553,342081838.71565235,0.0,714477459797.213,710619435131.6366,103804967643.82265,0.0,0.0,5304176950.024069,814424402775.4592,0.0,32397.555688620294,-99946942978.24622,-99946942978.24622
russia,2052,10271434111026.518,135026265.6700728,0.0,488508721976.8731,512318243931.2249,61229560522.39564,0.0,0.0,4245081199.1392145,573547804453.6206,0.0,44100.05665133066,-85039082476.7475,-85039082476.7475
mena,2052,20471727887843.656,281956179.2715252,0.0,1342535618012.699,1027542853332.7274,299607348087.97284,0.0,0.0,4695317964.541238,1327150201420.7002,0.0,44386.86702543747,15385416591.99878,15385416591.99878
ssa,2052,15178062002732.486,1083928677.8255532,0.0,934718097410.9783,584805039202.0077,85399509022.18027,0.0,0.0,6544790580.445256,670204548224.188,0.0,13696.481131199938,264513549186.79028,264513549186.79028
us,2053,32812371006989.316,145793166.12844896,0.0,1544555730632.6255,1682964913516.0261,190614460102.29633,0.0,0.0,8311551643.742867,1873579373618.3225,0.0,93104.33258316491,-329023642985.697,-329023642985.697
oecd-ex-us,2053,36034234688362.89,286966635.45475507,0.0,1544594055507.7793,1976932518846.6624,205184882986.20142,0.0,0.0,707576895582.091,2182117401832.8638,0.0,71442.66760350799,-637523346325.0845,-637523346325.0845
china,2053,28585710388614.24,488561670.5949244,0.0,881340027356.424,1750933578124.3894,175172595425.90613,0.0,0.0,11570531986.63512,1926106173550.2954,0.0,49857.483150675725,-1044766146193.8715,-1044766146193.8715
india,2053,23543341607816.855,911848644.0182672,0.0,1417632742454.9207,1174722090174.4773,300864714301.6326,0.0,0.0,7303573103.162584,1475586804476.1099,0.0,24523.07627383923,-57954062021.18921,-57954062021.18921
latam,2053,13236857828237.932,288678478.46470106,0.0,610233640590.8701,656209306839.6644,95035686311.85762,0.0,0.0,3929051319.869699,751244993151.5221,0.0,35821.244876781,-141011352560.65198,-141011352560.65198
seasia,2053,14735177202292.824,339925177.4264665,0.0,704941929643.9365,708012246776.5942,103018371843.20932,0.0,0.0,5304264275.133983,811030618619.8036,0.0,33405.785356613196,-106088688975.86707,-106088688975.86707
russia,2053,10193650320509.807,134170394.07030463,0.0,487191597082.31067,508471380934.75146,60628163939.795975,0.0,0.0,4124157275.518466,569099544874.5475,0.0,45262.61956775428,-81907947792.23682,-81907947792.23682
mena,2053,20477533008584.86,282599330.77534413,0.0,1333881250709.2734,1033939844909.8312,298573355518.38684,0.0,0.0,4437070460.148599,1332513200428.218,0.0,45552.56113790504,1368050281.05542,1368050281.05542
ssa,2053,15434139644968.97,1106431665.4920044,0.0,936677903489.6431,599927275499.3093,87390183287.21902,0.0,0.0,6717197533.362862,687317458786.5283,0.0,14306.28898240429,249360444703.11475,249360444703.11475
us,2054,32507540418928.11,144429954.9078381,0.0,1539240804019.9182,1664135015009.8943,187999725502.60178,0.0,0.0,8063348431.364183,1852134740512.496,0.0,94514.72137809041,-312893936492.5779,-312893936492.5779
oecd-ex-us,2054,35441001966403.02,281944815.0588915,0.0,1539055078460.4373,1939095570125.8281,200741454702.92892,0.0,0.0,7549224408.464585,2139837024828.757,0.0,72813.58479135598,-600781946368.3198,-600781946368.3198
china,2054,27597489967469.758,474860870.1053624,0.0,867447817693.0123,1697626517198.0242,169274940317.09555,0.0,0.0,11233218677.62248,1866901457515.1196,0.0,51089.130509036084,-999453639822.1073,-999453639822.1073
india,2054,23718025716888.19,910927133.5133417,0.0,1403306560447.3574,1172500483253.9563,300711692451.3586,0.0,0.0,244589724329.29752,1473212175705.315,0.0,25397.76147933236,-69905615257.95752,-69905615257.95752
latam,2054,13097141577962.791,290501390.8529265,0.0,601451265004.8258,651103751964.5483,93875162801.2053,0.0,0.0,3811399485.787059,744978914765.7537,0.0,36888.643053015316,-143527649760.92786,-143527649760.92786
seasia,2054,14628925384292.342,337706224.18050057,0.0,696048423821.9307,705205280672.5964,102298281055.88374,0.0,0.0,5203319906.068499,807503561728.4802,0.0,34437.25104261359,-111455137906.54956,-111455137906.54956
russia,2054,10118848313540.104,133310804.2770359,0.0,485917363918.9939,504624765323.4751,60058819775.41166,0.0,0.0,3964214210.189436,564683585098.8867,0.0,46448.073461147105,-78766221179.89282,-78766221179.89282
mena,2054,20466405883369.17,283202636.9845903,0.0,1325938850405.8896,1044130362077.6891,297551892265.45795,0.0,0.0,4616278721.564782,1341682254343.147,0.0,46741.13168754314,-15743403937.257324,-15743403937.257324
ssa,2054,15675405752225.172,1128708688.4944723,0.0,938696209719.3761,614944731442.1527,89400799347.31583,0.0,0.0,6915428326.297884,704345530789.4685,0.0,14936.821947020975,234350678929.9076,234350678929.9076
us,2055,32220307273771.336,143067320.8166094,0.0,1535206407953.6423,1645351579493.1575,185497362936.9295,0.0,0.0,8409389319.660345,1830848942430.087,0.0,95946.26490114183,-295642534476.4446,-295642534476.4446
oecd-ex-us,2055,34885678342493.434,276947022.2507791,0.0,1535322254499.7063,1901452745110.7544,196524875338.7183,0.0,0.0,7331742040.18828,2097977620449.4727,0.0,74206.22399561237,-562655365949.7664,-562655365949.7664
china,2055,26654795251533.004,461204521.6028997,0.0,854598733296.8619,1644401252219.2986,163550215702.71463,0.0,0.0,10658018688.375542,1807951467922.0132,0.0,52343.732753853445,-953352734625.1512,-953352734625.1512
india,2055,23642167872357.664,909855147.6301068,0.0,1390437608159.9495,1175729479754.6907,298319849671.9171,0.0,0.0,7753876736.129898,1474049329426.608,0.0,26295.69264128282,-83611721266.65845,-83611721266.65845
latam,2055,12955947346776.94,287744893.547793,0.0,593626432738.7563,645839243303.9724,92799372654.66486,0.0,0.0,3817952034.0240326,738638615958.6372,0.0,37979.6008359586,-145012183219.88086,-145012183219.88086
seasia,2055,14517983447163.982,335432116.34993976,0.0,687833995803.963,702213349357.491,101640683451.03638,0.0,0.0,5078099876.196625,803854032808.5273,0.0,35492.30096828057,-116020037004.56433,-116020037004.56433
russia,2055,10047252531814.73,134596884.52436152,0.0,484691664736.2252,500778586076.9218,59512800640.794106,0.0,0.0,4003940256.1228633,560291386717.716,0.0,47656.73618403935,-75599721981.49072,-75599721981.49072
mena,2055,20438167256923.156,286932603.5258084,0.0,1318622890589.2366,1055001673486.239,296491160806.23254,0.0,0.0,4631317257.218186,1351492834292.4717,0.0,47952.896067365655,-32869943703.235107,-32869943703.235107
ssa,2055,15901931247753.045,1150747100.6373224,0.0,940825789493.8595,629855534950.5299,91414629907.55902,0.0,0.0,6969870892.099409,721270164858.0889,0.0,15588.539837920822,219555624635.77063,219555624635.77063
us,2056,31947627844055.05,141702397.372922,0.0,1529500245824.9082,1626649256817.5251,183140877929.92184,0.0,0.0,7610459206.250769,1809790134747.447,0.0,97399.28044323107,-280289888922.5388,-280289888922.5388
oecd-ex-us,2056,34365353783791.973,271968715.71392834,0.0,1529374305689.749,1864057986409.09,192556019393.86746,0.0,0.0,6915141411.738162,2056614005802.9575,0.0,75620.897037027,-527239700113.2085,-527239700113.2085
china,2056,25755569274868.703,447586821.84347343,0.0,839107875914.4229,1591319929288.7024,157973784159.82285,0.0,0.0,10959860869.836876,1749293713448.5251,0.0,53621.60590222103,-910185837534.1023,-910185837534.1023
india,2056,23546819679662.426,908615587.6535882,0.0,1376725629336.4548,1183868758606.0037,295962063892.1181,0.0,0.0,7757000466.433893,1479830822498.1218,0.0,27217.262531797656,-103105193161.66699,-103105193161.66699
latam,2056,12812861564279.281,284942503.1813277,0.0,585371069513.5288,640439880922.7623,91805325031.89818,0.0,0.0,3788353943.483136,732245205954.6605,0.0,39094.46163495332,-146874136441.1317,-146874136441.1317
seasia,2056,14402072590725.58,333097164.5278366,0.0,678960208417.0878,699049397020.2821,101033326746.2738,0.0,0.0,5211658911.076515,800082723766.5559,0.0,36571.286662365186,-121122515349.46814,-121122515349.46814
russia,2056,9977830658342.502,133730746.49200715,0.0,482700594161.06445,496935640832.67145,58993391518.357834,0.0,0.0,3806564717.732958,555929032351.0293,0.0,48888.929561153695,-73228438189.96484,-73228438189.96484
mena,2056,20391954192673.31,287457146.9075103,0.0,1310049952631.4062,1065549972302.4161,295361440962.03174,0.0,0.0,4648396383.199538,1360911413264.4478,0.0,49188.17565727204,-50861460633.041504,-50861460633.041504
ssa,2056,16113447225192.64,1172506337.9709876,0.0,942344923305.4319,644641634409.398,93402539089.8612,0.0,0.0,7215227633.423595,738044173499.2592,0.0,16261.906228593742,204300749806.17273,204300749806.17273
us,2057,31688164659795.17,143060136.13837096,0.0,1522449245609.0889,1607989140621.366,180921673030.86725,0.0,0.0,6998383783.256698,1788910813652.2332,0.0,98874.09005509256,-266461568043.1443,-266461568043.1443
oecd-ex-us,2057,33877506966455.44,267005775.00472125,0.0,1521292935416.6982,1826868825730.9692,188837002311.00623,0.0,0.0,6566075288.741871,2015705828041.9756,0.0,77057.92049813074,-494412892625.27734,-494412892625.27734
china,2057,24895683561887.47,445778973.1538867,0.0,821061546508.921,1538319343216.3142,152544685682.88297,0.0,0.0,9916769409.021162,1690864028899.1973,0.0,54923.070242806665,-869802482390.2762,-869802482390.2762
india,2057,23430952219422.793,907192860.4978641,0.0,1362203370225.5713,1192543132431.629,293561475174.74036,0.0,0.0,8033777141.159318,1486104607606.3691,0.0,28162.86693768108,-123901237380.79785,-123901237380.79785
latam,2057,12667425956638.508,282090883.8820497,0.0,576679473821.3032,634894446913.4563,90882208138.07286,0.0,0.0,3661573589.4493394,725776655051.5292,0.0,40233.572385589876,-149097181230.22595,-149097181230.22595
seasia,2057,14280596778229.85,335545791.3886118,0.0,669442676672.5686,695697546291.9916,100460641294.20973,0.0,0.0,5239698417.903232,796158187586.2013,0.0,37674.56303976907,-126715510913.63269,-126715510913.63269
russia,2057,9909984102885.49,132853059.88252467,0.0,479967390952.53674,493076431632.4523,58491983239.08136,0.0,0.0,3754468461.981656,551568414871.5337,0.0,50144.97947457216,-71601023918.99695,-71601023918.99695
mena,2057,20324224793028.254,287926549.58829767,0.0,1300270024943.6624,1078601967789.384,294068395724.4518,0.0,0.0,4670938925.10449,1372670363513.836,0.0,50447.295909138105,-72400338570.17358,-72400338570.17358
ssa,2057,16425515023398.88,1193944791.3560574,0.0,943258688573.6558,653431687467.4037,96462303473.7914,0.0,0.0,118703100573.77713,749893990941.1951,0.0,16957.388421739994,193364697632.4607,193364697632.4607
us,2058,31441328519765.156,141687878.28725618,0.0,1514162722007.4863,1589345521367.7231,178828686740.06622,0.0,0.0,7175346070.296167,1768174208107.7893,0.0,100371.02061867379,-254011486100.30298,-254011486100.30298
oecd-ex-us,2058,33419837125500.047,262054677.99388507,0.0,1511216930188.4463,1789846837084.8616,185371313524.83167,0.0,0.0,6331379465.85385,1975218150609.6934,0.0,78517.6157964613,-464001220421.2471,-464001220421.2471
china,2058,24072875134172.4,432236343.08075273,0.0,800537906299.4723,1485367496052.718,147258785413.55725,0.0,0.0,9279947451.742136,1632626281466.2754,0.0,56248.450420209425,-832088375166.8031,-832088375166.8031
india,2058,23293977036062.125,905570330.6964382,0.0,1346874606902.8125,1200710964962.6245,291082250734.3477,0.0,0.0,7943425433.4897175,1491793215696.9722,0.0,29132.904714544275,-144918608794.15967,-144918608794.15967
latam,2058,12519419963070.465,279187191.09418744,0.0,567570823003.3153,629190623668.3196,90017744168.25029,0.0,0.0,3631551265.214594,719208367836.5698,0.0,41397.28363380884,-151637544833.25452,-151637544833.25452
seasia,2058,14152904114307.43,333082637.2696107,0.0,659334234711.6501,692143917345.0309,99914683158.7003,0.0,0.0,5031701869.657582,792058600503.7312,0.0,38802.488482630935,-132724365792.08105,-132724365792.08105
russia,2058,9842992887070.797,131959814.6028459,0.0,476465013981.4898,489183296297.34674,58002065845.57102,0.0,0.0,3729132346.7346587,547185362142.9178,0.0,51425.215950043705,-70720348161.42798,-70720348161.42798
mena,2058,20230628167732.414,288332645.3353089,0.0,1289322956472.0063,1095103074867.3333,292523402610.6917,0.0,0.0,4706895710.198967,1387626477478.025,0.0,51730.586433036086,-98303521006.01855,-98303521006.01855
ssa,2058,16611030189523.264,1215025107.65715,0.0,943582355372.4294,667697917648.6249,98393622237.95001,0.0,0.0,8024350638.52733,766091539886.575,0.0,17675.45742198309,177490815485.8545,177490815485.8545
us,2059,31204726967515.24,140307270.1693293,0.0,1504387670056.246,1570690613538.0112,176885211961.94183,0.0,0.0,6586603193.794187,1747575825499.9531,0.0,101890.40391959701,-243188155443.70703,-243188155443.70703
oecd-ex-us,2059,32989830587487.25,257111778.6744949,0.0,1499077399916.2283,1752955646947.2468,182164660129.422,0.0,0.0,6036369147.635287,1935120307076.669,0.0,80000.30925879869,-436042907160.4407,-436042907160.4407
china,2059,23284621168226.047,418716044.9564347,0.0,777837337544.429,1432425240346.3013,142138512621.30188,0.0,0.0,8472449476.818774,1574563752967.603,0.0,57598.07552032315,-796726415423.1741,-796726415423.1741
india,2059,23134899511517.445,913963420.3899008,0.0,1330756300222.4878,1209216132838.0105,288471477425.8176,0.0,0.0,7853785496.657189,1497687610263.8281,0.0,30127.777844146694,-166931310041.34033,-166931310041.34033
latam,2059,12539017775584.926,276228756.54035956,0.0,558092898003.3591,622417243146.2535,90889045138.14516,0.0,0.0,174811202795.50327,713306288284.3987,0.0,42585.949621752676,-155213390281.03955,-155213390281.03955
seasia,2059,14019000355319.393,330543903.65391654,0.0,648711425758.2198,688369358409.7299,99378247824.33661,0.0,0.0,5132421487.811102,787747606234.0664,0.0,39955.42492341192,-139036180475.84656,-139036180475.84656
russia,2059,9776006309724.65,131046983.56515957,0.0,472206486965.2019,485238607020.2282,57521945839.69826,0.0,0.0,3567488548.581756,542760552859.92645,0.0,52729.97324442975,-70554065894.72455,-70554065894.72455
mena,2059,20116205741051.504,288668132.05339307,0.0,1277269840719.424,1105929323341.031,290743645673.5633,0.0,0.0,4980701614.250151,1396672969014.5942,0.0,53038.38108458171,-119403128295.17017,-119403128295.17017
ssa,2059,16780540352416.086,1235709148.288168,0.0,943337737259.6971,681768520791.7344,100235924405.71025,0.0,0.0,8176870830.573894,782004445197.4446,0.0,18416.58791280044,161333292062.25256,161333292062.25256
us,2060,30978391439971.39,138916752.45018023,0.0,1493127905054.5093,1552002012694.9177,175034669594.4611,0.0,0.0,7573249691.029025,1727036682289.379,0.0,103432.57672070769,-233908777234.86963,-233908777234.86963
oecd-ex-us,2060,32585246510414.33,258577505.3727525,0.0,1484949273287.1929,1716160047982.8044,179199125490.64868,0.0,0.0,5825823113.341891,1895359173473.4531,0.0,81506.33219642733,-410409900186.26025,-410409900186.26025
china,2060,22529579890801.457,405217115.49922734,0.0,753304651049.2891,1379482621469.627,137181308715.21204,0.0,0.0,8318001710.9568,1516663930184.8389,0.0,58972.279156712764,-763359279135.5498,-763359279135.5498
india,2060,22944485747780.855,911919956.5826513,0.0,1313877530139.942,1226737765449.098,285524371635.78955,0.0,0.0,7970843208.361432,1512262137084.8875,0.0,31147.89149493792,-198384606944.94556,-198384606944.94556
latam,2060,12383081000393.775,273213973.83635026,0.0,548299715684.50165,617824070971.2128,90050740679.77635,0.0,0.0,3638320775.332273,707874811650.9891,0.0,43799.92837534408,-159575095966.4875,-159575095966.4875
seasia,2060,13875777191111.244,327926060.4018145,0.0,637648822980.9568,687060408692.6492,98752754590.1187,0.0,0.0,4941176093.6570215,785813163282.7678,0.0,41133.737929951545,-148164340301.81104,-148164340301.81104
russia,2060,9846518404070.303,130111268.6857934,0.0,467275831856.12024,481004415562.44525,58579498216.55531,0.0,0.0,142820176268.53256,539583913779.00055,0.0,54059.58993428599,-72308081922.88031,-72308081922.88031
mena,2060,19990428817268.625,288926378.5974645,0.0,1264229309679.1438,1105923321537.926,288807211984.5853,0.0,0.0,4724300060.485242,1394730533522.5112,0.0,54371.018053407126,-130501223843.36743,-130501223843.36743
ssa,2060,16934059573930.064,1255961220.4351814,0.0,942522846184.8851,695607771910.5776,101952084865.58623,0.0,0.0,8556232105.260452,797559856776.1638,0.0,19181.258237758997,144962989408.7213,144962989408.7213
us,2061,30759027100394.848,137514841.8497206,0.0,1480871734009.455,1533442083590.9382,173305341617.10416,0.0,0.0,6511351622.056144,1706747425208.0425,0.0,104997.88083672643,-225875691198.5874,-225875691198.5874
oecd-ex-us,2061,32204055619924.793,253647610.9199554,0.0,1469124738550.202,1679426497479.4705,176466100040.26352,0.0,0.0,5576968480.002652,1855892597519.734,0.0,83036.0209814421,-386767858969.532,-386767858969.532
china,2061,21805991614734.098,391740097.30332917,0.0,727246120491.0859,1326524429653.1338,132407665449.56308,0.0,0.0,8097698544.259244,1458932095102.6968,0.0,60371.39955800997,-731685974611.6108,-731685974611.6108
india,2061,22725173059093.984,909635865.3337226,0.0,1296296306537.4849,1241787680862.4229,282182301481.87274,0.0,0.0,8360987119.942057,1523969982344.2957,0.0,32193.654085767605,-227673675806.8108,-227673675806.8108
latam,2061,12221085027661.947,270141849.65718526,0.0,538263127337.95056,614610770654.2219,89133384471.40306,0.0,0.0,3485055055.848564,703744155125.625,0.0,45039.58179356868,-165481027787.67444,-165481027787.67444
seasia,2061,13723000917982.516,325227155.54872805,0.0,626224478636.0144,686055938224.6923,97989592085.62308,0.0,0.0,5044778545.579745,784045530310.3153,0.0,42337.796792466674,-157821051674.3009,-157821051674.3009
russia,2061,9776749181178.21,129149350.03649232,0.0,461667987222.6953,476991567041.4043,58076372628.96974,0.0,0.0,3630729555.5828094,535067939670.374,0.0,55414.4090055795,-73399952447.67871,-73399952447.67871
mena,2061,20101853944503.113,289102182.14722705,0.0,1250273278137.5635,1100717647604.515,289403122603.3369,0.0,0.0,251272619304.78036,1390120770207.8518,0.0,55728.83995275932,-139847492070.28833,-139847492070.28833
ssa,2061,17069363203755.453,1275745077.0936875,0.0,941160990050.2052,710957599845.6906,103457099033.38322,0.0,0.0,8557338654.252575,814414698879.0737,0.0,19969.95038613435,126746291171.13147,126746291171.13147
us,2062,30546503677340.59,136101065.1354392,0.0,1467950020715.0088,1515101458447.5598,171676926900.96008,0.0,0.0,6304941579.21901,1686778385348.52,0.0,106586.66321002076,-218828364633.51123,-218828364633.51123
oecd-ex-us,2062,31842849061698.207,248718854.21185315,0.0,1451748334062.6375,1644353651498.4133,173936867081.4386,0.0,0.0,5335626290.619763,1818290518579.852,0.0,84589.71712411611,-366542184517.2146,-366542184517.2146
china,2062,21561727375740.227,378286391.9523115,0.0,699980108563.225,1289026629767.4426,133253131612.71336,0.0,0.0,478035413823.05817,1422279761380.156,0.0,61795.77965633607,-722299652816.931,-722299652816.931
india,2062,22501131704680.242,907103100.7686355,0.0,1278233555226.6353,1231561001609.4941,278789464606.4506,0.0,0.0,8075556575.555303,1510350466215.9448,0.0,33265.47735272943,-232116910989.30957,-232116910989.30957
latam,2062,12053490443759.729,267012566.2656931,0.0,528053302547.41156,611115440143.6738,88123872970.36098,0.0,0.0,3591426664.410975,699239313114.0348,0.0,46305.27573944089,-171186010566.62323,-171186010566.62323
seasia,2062,13743876988755.842,322446016.937163,0.0,614523253548.0468,681391536163.4037,99044470809.77078,0.0,0.0,186788824198.4473,780436006973.1744,0.0,43567.9746124665,-165912753425.1277,-165912753425.1277
russia,2062,9705138887935.928,128158446.64309824,0.0,455454972101.63684,473059503681.01697,57557710988.34998,0.0,0.0,3551949325.4467936,530617214669.36694,0.0,56794.77794454128,-75162242567.7301,-75162242567.7301
mena,2062,19955504658253.797,289191031.1132367,0.0,1235542756760.2947,1099964574140.4778,287080599816.03174,0.0,0.0,5153130946.904316,1387045173956.5095,0.0,57112.193910224676,-151502417196.21484,-151502417196.21484
ssa,2062,17186374645731.662,1300022924.6832075,0.0,939268205300.1826,726127567600.7916,104722915729.40913,0.0,0.0,8593720006.227667,830850483330.2008,0.0,20783.149982983297,108417721969.98181,108417721969.98181
us,2063,30803154141691.91,134675056.5176689,0.0,1454425472048.9126,1500477763828.8577,174657886799.6288,0.0,0.0,477360642930.9075,1675135650628.4866,0.0,108199.27598751363,-220710178579.57397,-220710178579.57397
oecd-ex-us,2063,31500027293976.277,243790197.3419484,0.0,1433042507526.7817,1609414664168.1353,171627805308.42264,0.0,0.0,5178194227.858339,1781042469476.5579,0.0,86167.76735134819,-347999961949.7761,-347999961949.7761
china,2063,20872585099384.1,364857942.51400936,0.0,671695783108.7256,1239721595204.7527,128606732819.57318,0.0,0.0,7490268559.48763,1368328328024.326,0.0,63245.7671767599,-696632544915.6003,-696632544915.6003
india,2063,22272256593461.285,904316289.7088985,0.0,1259791502208.5596,1221423176140.0815,275333643813.51874,0.0,0.0,8090206526.09022,1496756819953.6003,0.0,34363.77641910372,-236965317745.04077,-236965317745.04077
latam,2063,11880340142331.19,263826306.14844498,0.0,517722217219.4373,607337204821.7572,87022685662.24084,0.0,0.0,3487371836.020541,694359890483.998,0.0,47597.380132632774,-176637673264.56073,-176637673264.56073
seasia,2063,13574028761699.94,319582063.33440554,0.0,602663035681.1356,679687092884.6609,98033000582.8639,0.0,0.0,5208830730.49168,777720093467.5248,0.0,44824.64839355761,-175057057786.38916,-175057057786.38916
russia,2063,9631411931268.535,127136565.29239146,0.0,448753202033.6579,469010299664.92896,57022180100.024025,0.0,0.0,3552321063.901738,526032479764.953,0.0,58201.04882965528,-77279277731.2951,-77279277731.2951
mena,2063,19803575073133.52,289189697.4103374,0.0,1220241502087.9175,1092580325657.1631,284642205787.3773,0.0,0.0,5051444236.333124,1377222531444.5405,0.0,58521.43165958126,-156981029356.62305,-156981029356.62305
ssa,2063,17285370245551.25,1318791048.4195428,0.0,936843895092.6761,740930293615.9248,105720997948.16829,0.0,0.0,8802996290.99774,846651291564.0931,0.0,21621.346283731466,90192603528.58301,90192603528.58301
us,2064,30594516763932.95,133236608.04082832,0.0,1440386191927.1982,1482207269590.7117,173146971497.71143,0.0,0.0,6330671402.266736,1655354241088.423,0.0,109836.07659874536,-214968049161.22485,-214968049161.22485
oecd-ex-us,2064,31174222313767.746,238861143.58613676,0.0,1413227391249.5596,1574420532421.9307,169565906016.8845,0.0,0.0,4954066980.709124,1743986438438.8152,0.0,87770.52368620806,-330759047189.2556,-330759047189.2556
china,2064,20205853963134.188,351457458.063235,0.0,642680126405.4482,1191735187996.809,124136688074.43768,0.0,0.0,6460613415.877586,1315871876071.2468,0.0,64721.71472780017,-673191749665.7986,-673191749665.7986
india,2064,22319583831170.055,901269417.5987366,0.0,1240982330549.5955,1208580525446.767,274843744321.05173,0.0,0.0,289769176927.00385,1483424269767.8188,0.0,35488.96986836225,-242441939218.2234,-242441939218.2234
latam,2064,11698949308225.463,260583748.64422563,0.0,507320807711.06995,606349027993.5873,85778831461.14758,0.0,0.0,3416217637.9337144,692127859454.7349,0.0,48916.26904374654,-184807051743.66492,-184807051743.66492
seasia,2064,13393439581521.746,316636048.539934,0.0,590754638560.5161,679708704900.6152,96834576846.4216,0.0,0.0,5199463008.3307085,776543281747.0369,0.0,46108.19913411375,-185788643186.52075,-185788643186.52075
russia,2064,9555116566850.65,126082029.31359872,0.0,441657554683.0014,464834892971.54114,56476493779.44474,0.0,0.0,3358467650.1024013,521311386750.9859,0.0,59633.57842478583,-79653832067.9845,-79653832067.9845
mena,2064,19647251219302.258,289096170.7155346,0.0,1204530481710.0146,1083809913216.9364,282108527778.5645,0.0,0.0,5064105454.227329,1365918440995.501,0.0,59956.90963378121,-161387959285.48633,-161387959285.48633
ssa,2064,17366997827117.06,1336995711.0449193,0.0,933961412498.9436,755322416683.9316,106419457276.40416,0.0,0.0,9408043027.209402,861741873960.3358,0.0,22485.03217332957,72219538538.60779,72219538538.60779
us,2065,30391097189039.617,131785897.12344743,0.0,1426025905517.4292,1463814154122.4192,171757789905.98444,0.0,0.0,6126463617.635208,1635571944028.4036,0.0,111497.4278351071,-209546038510.97437,-209546038510.97437
oecd-ex-us,2065,30862724677037.355,233931858.95414987,0.0,1392523459550.1277,1541015480273.0132,167733794312.78253,0.0,0.0,4728178305.288578,1708749274585.7957,0.0,89398.34352859801,-316225815035.66797,-316225815035.66797
china,2065,19562198214224.477,338091377.667152,0.0,613392578913.3683,1143587533750.5537,119860061425.31418,0.0,0.0,6399267352.785091,1263447595175.868,0.0,66223.97989298165,-650055016262.4996,-650055016262.4996
india,2065,22082053487062.543,897957990.5239683,0.0,1221943695827.2683,1196066975235.6328,271319740442.86255,0.0,0.0,7912675743.712495,1467386715678.4954,0.0,36641.479820197834,-245443019851.22705,-245443019851.22705
latam,2065,11506722821515.473,261747162.1811262,0.0,496894777466.7927,608214485431.1785,84331303118.1819,0.0,0.0,3424524372.582819,692545788549.3604,0.0,50262.32079021263,-195651011082.56763,-195651011082.56763
seasia,2065,13198808701194.95,313609583.86327475,0.0,578881000748.6647,683417974267.578,95364806214.0997,0.0,0.0,5270899406.209773,778782780481.6777,0.0,47419.01192178601,-199901779733.01306,-199901779733.01306
russia,2065,9476472812780.445,127112558.37509571,0.0,434336929316.9608,460507637759.7653,55915888976.6483,0.0,0.0,3442843349.255289,516423526736.41364,0.0,61092.72827344632,-82086597419.45282,-82086597419.45282
mena,2065,19486549070593.773,288909602.9324358,0.0,1188576794009.7322,1074824698972.9188,279467929131.41583,0.0,0.0,5013685386.125928,1354292628104.3347,0.0,61418.98905906667,-165715834094.60254,-165715834094.60254
ssa,2065,17432664041932.912,1354610522.1530533,0.0,930687155536.038,767668589759.6547,106888413539.55135,0.0,0.0,9536062579.016817,874557003299.206,0.0,23374.704170024008,56130152236.83191,56130152236.83191
us,2066,30182777238617.055,130323956.08256912,0.0,1411803908858.2927,1455725319878.8335,170299620470.84332,0.0,0.0,5901081068.835956,1626024940349.6768,0.0,113183.69793026232,-214221031491.38403,-214221031491.38403
oecd-ex-us,2066,31031752603321.805,229003691.40135896,0.0,1371332831931.9692,1529378232758.604,170486675556.17828,0.0,0.0,497560002667.2576,1699864908314.7822,0.0,91051.58973704923,-328532076382.813,-328532076382.813
china,2066,18941641281901.145,324768106.5928664,0.0,584294813533.7388,1095297938116.7574,115813664199.38379,0.0,0.0,6259856459.069998,1211111602316.141,0.0,67752.92532345594,-626816788782.4023,-626816788782.4023
india,2066,21842006058974.027,894382759.1602734,0.0,1202744027746.0994,1183374616251.595,267730401220.1384,0.0,0.0,8313561637.114847,1451105017471.7334,0.0,37821.73200954054,-248360989725.63403,-248360989725.63403
latam,2066,11308894343004.826,258403157.90712887,0.0,486496596326.8721,604937687901.5266,82752408284.99295,0.0,0.0,3365021348.995121,687690096186.5195,0.0,51635.91803379614,-201193499859.64746,-201193499859.64746
seasia,2066,12995000693273.037,310504869.68935233,0.0,567129940284.3793,682419943761.7706,93698795786.13083,0.0,0.0,5180791341.613916,776118739547.9015,0.0,48757.47602983019,-208988799263.52222,-208988799263.52222
russia,2066,9392410549177.738,125996342.24433486,0.0,426945193036.3538,458971816905.18146,55290469534.96959,0.0,0.0,3254829801.0860033,514262286440.15106,0.0,62578.86479421303,-87317093403.79724,-87317093403.79724
mena,2066,19321561993164.13,288630236.2178595,0.0,1172551407531.3247,1065675088565.2208,276713765567.8567,0.0,0.0,4850369172.112146,1342388854133.0776,0.0,62908.03605022361,-169837446601.75293,-169837446601.75293
ssa,2066,17482945139760.598,1371610182.6112862,0.0,927045778893.3472,779102621198.7296,107137467141.9427,0.0,0.0,9475407275.013908,886240088340.6724,0.0,24290.862433779952,40805690552.674805,40805690552.674805
us,2067,29966538757036.496,128852386.62282124,0.0,1398063619726.7104,1451262278557.2825,168718080765.7337,0.0,0.0,5678258015.744609,1619980359323.016,0.0,114895.26064177512,-221916739596.30566,-221916739596.30566
oecd-ex-us,2067,30695311149359.645,224078772.63147092,0.0,1350001195166.1348,1522957779928.6765,168249653265.53085,0.0,0.0,4764784065.915597,1691207433194.2073,0.0,92730.63071167233,-341206238028.0725,-341206238028.0725
china,2067,18328842456322.25,311496942.90905404,0.0,555793246903.1188,1062454783806.3065,111754887480.0164,0.0,0.0,5617598804.315973,1174209671286.323,0.0,69308.91883169785,-618416424383.2042,-618416424383.2042
india,2067,21598460265774.773,890542603.9727868,0.0,1183523695140.7524,1170540697290.8254,264105529751.1225,0.0,0.0,7576738701.934993,1434646227041.948,0.0,39030.15586852175,-251122531901.19556,-251122531901.19556
latam,2067,11112976377173.875,255008229.98587713,0.0,476193848065.35297,594343074823.2023,81174498141.77327,0.0,0.0,3405759068.6674767,675517572964.9756,0.0,53037.44787969574,-199323724899.62262,-199323724899.62262
seasia,2067,12792082574753.434,307325179.8552201,0.0,555566583053.7736,671616998769.9921,92031880479.86002,0.0,0.0,5164177676.469692,763648879249.852,0.0,50123.98501522879,-208082296196.0785,-208082296196.0785
russia,2067,9302785917270.299,124848445.53896208,0.0,419632136263.5355,457860912181.63025,54587309364.8081,0.0,0.0,3191453375.4604387,512448221546.43835,0.0,64092.359377288594,-92816085282.90283,-92816085282.90283
mena,2067,19152519326535.2,291362575.65828747,0.0,1156499859481.2275,1056418753336.214,273860195110.51212,0.0,0.0,4736422336.569717,1330278948446.726,0.0,64424.42170697852,-173779088965.49854,-173779088965.49854
ssa,2067,17522326193988.14,1387975607.5720599,0.0,923078673373.5061,786432249441.5485,107237933267.90132,0.0,0.0,9972563563.485376,893670182709.4498,0.0,25234.010779387794,29408490664.056274,29408490664.056274
us,2068,29748823346619.793,127372470.05540258,0.0,1384750590609.5288,1440384851351.3003,167136871131.20572,0.0,0.0,5055721456.265117,1607521722482.506,0.0,116632.49533396293,-222771131872.9773,-222771131872.9773
oecd-ex-us,2068,30348590908004.12,219159706.54361048,0.0,1328666138100.5566,1514364158863.249,165814790670.1372,0.0,0.0,4792570077.300706,1680178949533.3862,0.0,94435.84047828078,-351512811432.8296,-351512811432.8296
china,2068,17704732500640.707,309877000.2838383,0.0,528369665815.34283,1050851048163.3792,107280475145.63417,0.0,0.0,5651901812.131553,1158131523309.0134,0.0,70892.33348628934,-629761857493.6707,-629761857493.6707
india,2068,21352495312001.0,886441620.680435,0.0,1164455336309.4636,1157582678656.0127,260443454570.92502,0.0,0.0,7605843143.703307,1418026133226.9377,0.0,40267.18461134687,-253570796917.47412,-253570796917.47412
latam,2068,10918804777970.842,251564728.70682782,0.0,466029933746.15186,583774057734.953,79609119298.34706,0.0,0.0,3181644084.1170344,663383177033.3,0.0,54467.301977220064,-197353243287.1482,-197353243287.1482
seasia,2068,12590296310923.111,308836452.4442686,0.0,544239388381.9744,660817860896.7007,90371882260.32605,0.0,0.0,5164090944.733268,751189743157.0267,0.0,51518.936818586604,-206950354775.0523,-206950354775.0523
russia,2068,9211707711204.018,123670740.71248554,0.0,412497284240.0712,452970957784.5833,53878967281.46313,0.0,0.0,3274434759.694707,506849925066.04645,0.0,65633.58848222111,-94352640825.97522,-94352640825.97522
mena,2068,18979688311315.188,290904353.9366062,0.0,1140512524836.3613,1047102453398.3446,270921678099.22586,0.0,0.0,4680591441.189467,1318024131497.5706,0.0,65968.5222115444,-177511606661.20923,-177511606661.20923
ssa,2068,17716618212711.74,1403686774.0937302,0.0,918816809503.3615,786259568417.8257,109317620125.63194,0.0,0.0,171052397763.69556,895577188543.4576,0.0,26204.65669427675,23239620959.90381,23239620959.90381
us,2069,29533157932697.734,128575946.19930276,0.0,1371998329828.1948,1428034411637.5938,165554207543.76923,0.0,0.0,5924875431.117897,1593588619181.363,0.0,118395.7870619919,-221590289353.1682,-221590289353.1682
oecd-ex-us,2069,30004341035111.445,214249770.94866467,0.0,1307588981629.7168,1493243736976.0032,163411592573.45206,0.0,0.0,4816475027.059486,1656655329549.4553,0.0,96167.59877370705,-349066347919.7385,-349066347919.7385
china,2069,17085929509498.25,296761819.37964576,0.0,502327656915.1064,1023975376679.2231,102707037150.92673,0.0,0.0,5551765772.582238,1126682413830.15,0.0,72503.5477078036,-624354756915.0435,-624354756915.0435
india,2069,21104336611026.33,892124231.5465256,0.0,1145572358507.164,1144523139809.9097,256758658754.17377,0.0,0.0,7550739082.245014,1401281798564.0835,0.0,41533.25532203722,-255709440056.91943,-255709440056.91943
latam,2069,10726566256306.305,248075378.2720633,0.0,456037932635.1376,573253030647.4094,78060794195.21317,0.0,0.0,3037370542.949571,651313824842.6226,0.0,55925.87662202794,-195275892207.485,-195275892207.485
seasia,2069,12389491399244.822,305527357.68684435,0.0,533241514306.8595,650050754872.2706,88735079442.47298,0.0,0.0,4739408329.596833,738785834314.7437,0.0,52942.733865779526,-205544320007.88416,-205544320007.88416
russia,2069,9119393909332.795,122465177.0752158,0.0,405597815977.3151,447876311014.4611,53177263023.60857,0.0,0.0,3141956189.525073,501053574038.0697,0.0,67202.93373678495,-95455758060.75458,-95455758060.75458
mena,2069,18803208622158.473,290356239.48790246,0.0,1124728983399.4722,1037766544935.3768,267916500377.75455,0.0,0.0,4474372756.9542265,1305683045313.1313,0.0,67540.71892732262,-180954061913.65918,-180954061913.65918
ssa,2069,17742534451558.734,1418726253.4834373,0.0,914289950561.5596,789307138833.2356,109349039733.67445,0.0,0.0,10282466852.347414,898656178566.91,0.0,27203.31136105278,15633771994.649536,15633771994.649536
us,2070,29318543802561.13,127088031.92188276,0.0,1359789082365.5967,1415889346759.9636,164002631912.83755,0.0,0.0,5488766170.5922165,1579891978672.8013,0.0,120185.52665723414,-220102896307.2046,-220102896307.2046
oecd-ex-us,2070,29662475673884.418,209352805.4165522,0.0,1287076482885.305,1472387533163.4878,161052276013.03638,0.0,0.0,4497965064.190107,1633439809176.5242,0.0,97926.29113233121,-346363326291.21924,-346363326291.21924
china,2070,16488832464748.588,283737073.50477517,0.0,477856705512.8329,981953250660.0779,98356329861.96461,0.0,0.0,5355830259.537829,1080309580522.0425,0.0,74142.94536580284,-602452875009.2096,-602452875009.2096
india,2070,20853919676332.355,887536869.2379085,0.0,1126964083175.5115,1131383496324.022,253055144226.84436,0.0,0.0,7057622681.382046,1384438640550.8662,0.0,42828.80904500152,-257474557375.35474,-257474557375.35474
latam,2070,10697399019623.326,244543444.78201368,0.0,446258266584.64557,563985870091.4564,78298180793.36844,0.0,0.0,166858547617.20218,642284050884.8248,0.0,57413.57285991986,-196025784300.17926,-196025784300.17926
seasia,2070,12190604188085.86,302155794.1802467,0.0,522630798001.10815,639366219834.4354,87110253666.43492,0.0,0.0,4958464340.794431,726476473500.8704,0.0,54395.78317133767,-203845675499.7622,-203845675499.7622
russia,2070,9026204049168.166,121234153.59548026,0.0,399005847852.1924,442763691593.8345,52484763002.03131,0.0,0.0,3052746579.0485153,495248454595.8658,0.0,68800.78203703089,-96242606743.6734,-96242606743.6734
mena,2070,18623659597336.234,289720474.5192313,0.0,1109216136306.8406,1028432092836.25,264843792590.4521,0.0,0.0,4510724297.621753,1293275885426.7021,0.0,69141.39849876885,-184059749119.86157,-184059749119.86157
ssa,2070,17760924991689.746,1433079485.8197505,0.0,909550561345.1974,791992860052.3396,109334590991.02252,0.0,0.0,10167429829.178541,901327451043.362,0.0,28230.489684771463,8223110301.835327,8223110301.835327
us,2071,29105260516331.887,125597107.78652129,0.0,1348221511817.055,1403998337356.6272,162483227729.04572,0.0,0.0,4976767039.373649,1566481565085.6729,0.0,122002.11081390503,-218260053268.61792,-218260053268.61792
oecd-ex-us,2071,29323927613009.094,204722689.7727954,0.0,1267345879708.4897,1451905442214.7046,158726736888.61853,0.0,0.0,4738238519.515327,1610632179103.3232,0.0,99712.30897384175,-343286299394.8335,-343286299394.8335
china,2071,15913498642325.328,270817346.8852917,0.0,455286495835.99854,941333387516.1079,94242154871.77005,0.0,0.0,4955224128.620071,1035575542387.8779,0.0,75810.91587696323,-580289046551.8794,-580289046551.8794
india,2071,20602172287450.47,882703761.4782414,0.0,1108706997115.7717,1118194939280.403,249322020541.7425,0.0,0.0,7062573824.501006,1367516959822.1455,0.0,44154.29087839742,-258809962706.37378,-258809962706.37378
latam,2071,10506810851854.422,240972234.8121015,0.0,436719999868.5221,553682834524.807,76750109300.10487,0.0,0.0,3124776187.479825,630432943824.9119,0.0,58930.79659216935,-193712943956.38977,-193712943956.38977
seasia,2071,11993552022267.346,298726674.38210714,0.0,512446313495.9895,628805704427.8035,85505917994.65549,0.0,0.0,4813143107.951768,714311622422.459,0.0,55878.49644354476,-201865308926.46948,-201865308926.46948
russia,2071,9056425039899.012,119980438.00963105,0.0,392780060348.05286,437836702562.73895,53192158666.30832,0.0,0.0,128469791611.84177,491028861229.04724,0.0,70427.52564851407,-98248800880.99438,-98248800880.99438
mena,2071,18441415441308.68,289000106.0841164,0.0,1094117929897.7456,1019122723748.853,261708360457.93024,0.0,0.0,4468998281.472001,1280831084206.7832,0.0,70770.95295243149,-186713154309.0376,-186713154309.0376
ssa,2071,17772335330627.184,1446735914.4568956,0.0,904618264307.6113,794323166142.065,109267519148.62033,0.0,0.0,10382759920.51231,903590685290.6853,0.0,29286.71032495047,1027579016.9260254,1027579016.9260254
us,2072,28894115758745.484,124148678.80751146,0.0,1337385428988.6025,1392394291745.4717,160993312579.80753,0.0,0.0,4857417750.270176,1553387604325.2793,0.0,123845.94217700062,-216002175336.67676,-216002175336.67676
oecd-ex-us,2072,28988470500451.938,206149739.07265016,0.0,1248560671516.503,1431918395218.7603,156461288615.5957,0.0,0.0,4361899760.694487,1588379683834.356,0.0,101526.0496922491,-339819012317.853,-339819012317.853
china,2072,15360309956404.846,258018045.16484264,0.0,434787843349.39294,902300942572.4756,90372177723.95146,0.0,0.0,4696591026.551625,992673120296.427,0.0,77507.8543043423,-557885276947.034,-557885276947.034
india,2072,20349050647731.3,877631215.2227223,0.0,1090875487648.436,1104992117112.8303,245582054348.77463,0.0,0.0,6577044093.9864855,1350574171461.605,0.0,45510.1500702435,-259698683813.16895,-259698683813.16895
latam,2072,10318639781614.658,238365579.9985437,0.0,427457847524.6861,543510356424.29663,75220335297.01111,0.0,0.0,3101773956.862376,618730691721.3077,0.0,60477.95868238401,-191272844196.62164,-191272844196.62164
seasia,2072,11798406817403.15,296428236.02237105,0.0,502684852713.82513,618396300682.2482,83931040312.2899,0.0,0.0,4497283416.524776,702327340994.5381,0.0,57391.29019123729,-199642488280.71295,-199642488280.71295
russia,2072,8961197702784.799,118758936.72159347,0.0,387003357202.9761,432794266931.69855,52505854727.97694,0.0,0.0,3069427342.4818125,485300121659.6755,0.0,72083.56230870844,-98296764456.6994,-98296764456.6994
mena,2072,18256900859733.77,289068524.0021861,0.0,1079526994942.6893,1009858028084.1962,258531173406.2162,0.0,0.0,4347624972.813122,1268389201490.4124,0.0,72429.77979917241,-188862206547.72302,-188862206547.72302
ssa,2072,17776539049820.652,1462164676.42025,0.0,899506986068.5479,796319163671.6099,109160283218.63237,0.0,0.0,10176180015.160364,905479446890.2422,0.0,30372.495732320363,-5972460821.694336,-5972460821.694336
us,2073,28685879237254.45,122968082.85755944,0.0,1327226382218.8557,1381058401223.1243,159529514262.33136,0.0,0.0,5125011775.569122,1540587915485.4556,0.0,125717.4294315536,-213361533266.59985,-213361533266.59985
oecd-ex-us,2073,28656864435508.984,201857097.0907602,0.0,1230811895879.5742,1412485912435.4373,154257712514.87643,0.0,0.0,4325664127.805528,1566743624950.3137,0.0,103367.91674617272,-335931729070.7395,-335931729070.7395
china,2073,14829023260720.607,246365669.52721244,0.0,416391080865.24664,865018077344.5732,86759613671.9285,0.0,0.0,4099914467.0156198,951777691016.5017,0.0,79234.16145780362,-535386610151.25507,-535386610151.25507
india,2073,20095965943585.16,875346042.9094728,0.0,1073574512091.9639,1091801018748.2297,241834348920.51114,0.0,0.0,6976151430.647263,1333635367668.741,0.0,46896.84011724288,-260060855576.7771,-260060855576.7771
latam,2073,10132941790202.148,235623292.98125568,0.0,418488313204.94507,533481386883.70306,73714813321.1915,0.0,0.0,3009895587.433671,607196200204.8945,0.0,62055.47506488737,-188707886999.94946,-188707886999.94946
seasia,2073,11773181100765.945,293901739.74279845,0.0,493327018225.1711,608987681936.182,84324635469.67097,0.0,0.0,174759582543.47418,693312317405.853,0.0,58934.585832287856,-199985299180.68195,-199985299180.68195
russia,2073,8866202829983.674,117563256.57020442,0.0,381692199766.6116,427826870328.7072,51838907478.97752,0.0,0.0,2978705239.9534245,479665777807.68475,0.0,73769.29533061812,-97973578041.07318,-97973578041.07318
mena,2073,18295646042015.832,288866556.90067476,0.0,1065423225981.0046,999806039860.0271,257799315758.87747,0.0,0.0,230927311919.96347,1257605355618.9045,0.0,74118.28213758035,-192182129637.8999,-192182129637.8999
ssa,2073,17773817178165.227,1479144363.105193,0.0,894236185558.1873,797981436789.3325,109016563597.00752,0.0,0.0,10039943172.72399,906998000386.3401,0.0,31488.37219030703,-12761814828.152832,-12761814828.152832
us,2074,28480931508095.953,122713638.5174207,0.0,1317893874964.112,1369985766672.5605,158100460816.96674,0.0,0.0,5244623366.915646,1528086227489.5273,0.0,127616.98739322874,-210192352525.41528,-210192352525.41528
oecd-ex-us,2074,28329603060211.605,201233711.5657222,0.0,1214329415344.478,1393621976748.702,152127086020.67566,0.0,0.0,4158272127.517272,1545749062769.3774,0.0,105238.31975042193,-331419647424.8994,-331419647424.8994
china,2074,14601391269392.91,234738496.1820711,0.0,400189045608.45844,839574611366.936,86802205330.31505,0.0,0.0,298555779761.10443,926376816697.2511,0.0,80990.24399561516,-526187771088.79266,-526187771088.79266
india,2074,20086596900065.71,872533424.8412362,0.0,1056782800454.1362,1078538031321.5425,240717355394.0159,0.0,0.0,253103542741.9738,1319255386715.5583,0.0,48314.81886627933,-262472586261.42212,-262472586261.42212
latam,2074,9949756816704.164,235327834.67339143,0.0,409830195377.739,523606812805.9296,72239236783.53555,0.0,0.0,2830880713.742629,595846049589.4652,0.0,63663.76685461372,-186015854211.7262,-186015854211.7262
seasia,2074,11580717848804.824,293894856.71878064,0.0,484409929376.08765,598926870570.1542,82778645201.83667,0.0,0.0,4832334434.783211,681705515771.9908,0.0,60508.80980375839,-197295586395.9032,-197295586395.9032
russia,2074,8771730760999.277,117122768.5839046,0.0,376810469588.8197,422962056355.019,51194441942.70255,0.0,0.0,2873959724.504444,474156498297.72156,0.0,75485.13370759635,-97346028708.90186,-97346028708.90186
mena,2074,18106567112615.9,290037338.0881123,0.0,1051737198229.9897,990614775147.354,254571843545.48566,0.0,0.0,4370491062.91889,1245186618692.8396,0.0,75836.86875858804,-193449420462.84985,-193449420462.84985
ssa,2074,17764401084365.766,1492698498.9191773,0.0,888852948926.1837,799320864172.3774,108835979493.00227,0.0,0.0,9887800939.73981,908156843665.3798,0.0,32634.869861233794,-19303894739.196045,-19303894739.196045
us,2075,28692990362905.703,122821797.29122381,0.0,1309626735521.073,1358552636991.1128,160760310968.54272,0.0,0.0,421745067248.3514,1519312947959.6555,0.0,129545.03710027701,-209686212438.58252,-209686212438.58252
oecd-ex-us,2075,28007709892282.57,201119212.67217514,0.0,1199407033946.586,1375339005481.1663,150073927387.61304,0.0,0.0,4112730993.15068,1525412932868.7793,0.0,107137.6745688923,-326005898922.19336,-326005898922.19336
china,2075,14102807953775.898,231416706.77454692,0.0,386059212916.4801,805426548135.5582,83512546362.69107,0.0,0.0,4296565964.75647,888939094498.2493,0.0,82776.51452723765,-502879881581.76917,-502879881581.76917
india,2075,19831285248656.516,875123282.4865915,0.0,1040452366843.0486,1065468624701.3802,237002476417.2226,0.0,0.0,6707082866.346126,1302471101118.6028,0.0,49764.5486185481,-262018734275.5542,-262018734275.5542
latam,2075,9769346398897.578,234460002.6209326,0.0,401492968590.577,513911163395.5084,70794069907.75636,0.0,0.0,2801846906.1046896,584705233303.2648,0.0,65303.260458509474,-183212264712.68774,-183212264712.68774
seasia,2075,11390853773023.658,292783609.96201557,0.0,475927914597.6185,589068484673.966,81272233656.96333,0.0,0.0,4548727952.142043,670340718330.9293,0.0,62114.39367371054,-194412803733.3108,-194412803733.3108
russia,2075,8678134278780.597,116790564.19941571,0.0,372350351955.596,418224381148.68054,50572409163.45125,0.0,0.0,2849956137.8506017,468796790312.1318,0.0,77231.49221938399,-96446438356.53577,-96446438356.53577
mena,2075,17916395046599.363,290178212.2577026,0.0,1038459819995.8916,981463741165.4519,251355494526.804,0.0,0.0,4187349679.825424,1232819235692.2559,0.0,77585.95425130561,-194359415696.36426,-194359415696.36426
ssa,2075,17748863258031.832,1507471251.2195141,0.0,883367037754.6284,800340921121.2697,108613881005.9918,0.0,0.0,10049938038.70504,908954802127.2615,0.0,33812.5228372265,-25587764372.633057,-25587764372.633057
us,2076,28492629901537.32,121527176.55093254,0.0,1302292145113.8423,1347985222469.1,159404936037.94363,0.0,0.0,4737552024.794033,1507390158507.0437,0.0,131502.00590686913,-205098013393.20142,-205098013393.20142
oecd-ex-us,2076,27691856149812.715,197739051.5731442,0.0,1186008061623.288,1357686080145.077,148107883075.76584,0.0,0.0,3932159127.7073517,1505793963220.8428,0.0,109066.40340879868,-319785901597.5547,-319785901597.5547
china,2076,13626646316661.459,227404299.35653725,0.0,373815666950.5834,773238798121.6649,80484481538.25934,0.0,0.0,3745975594.8992186,853723279659.9243,0.0,84593.39171732057,-479907612709.34094,-479907612709.34094
india,2076,19576881205620.805,876426013.5266243,0.0,1024584246072.2747,1052479642925.7328,233322628895.25092,0.0,0.0,6813982713.00007,1285802271820.9836,0.0,51246.49623628344,-261218025748.70898,-261218025748.70898
latam,2076,9591706349865.543,234781322.15045527,0.0,393476072585.7943,504422389322.58124,69383000904.31049,0.0,0.0,2689268609.0666833,573805390226.8917,0.0,66974.38768843569,-180329317641.0974,-180329317641.0974
seasia,2076,11203935917470.25,287604810.3199086,0.0,467842171977.47705,579430941406.4122,79803167642.68362,0.0,0.0,4474081518.210657,659234109049.0958,0.0,63751.77425466119,-191391937071.61877,-191391937071.61877
russia,2076,8585652957121.612,117491788.63736159,0.0,368291897884.8727,413639087168.02057,49973061159.85079,0.0,0.0,2838928784.0177393,463612148327.87134,0.0,79008.79153937967,-95320250442.99866,-95320250442.99866
mena,2076,17725534637204.715,287234562.2616754,0.0,1025658176041.8499,972345593407.0925,248162858352.08752,0.0,0.0,3989866322.685814,1220508451759.1802,0.0,79365.95911008262,-194850275717.33032,-194850275717.33032
ssa,2076,17727270138252.742,1520437135.8957472,0.0,877761327222.802,801058481001.3615,108355744739.75432,0.0,0.0,10059778739.212473,909414225741.1157,0.0,35021.86919580021,-31652898518.31372,-31652898518.31372
us,2077,28297289770964.85,120272053.81730738,0.0,1295550292146.837,1337787626805.5154,158095623207.71402,0.0,0.0,4992827293.95166,1495883250013.2295,0.0,133488.32757782933,-200332957866.39258,-200332957866.39258
oecd-ex-us,2077,27382635437368.777,194453670.74711603,0.0,1173863347860.5898,1340742511469.8796,146228387220.01123,0.0,0.0,3886838385.3482065,1486970898689.8909,0.0,111024.93491626681,-313107550829.301,-313107550829.301
china,2077,13172831397105.504,217728392.924629,0.0,363298437193.0215,743092962530.4733,77697813059.27243,0.0,0.0,3677418840.7756767,820790775589.7457,0.0,86441.30039092338,-457492338396.72424,-457492338396.72424
india,2077,19323481382047.68,864134695.8828615,0.0,1009221447457.5433,1039583763468.6249,229691169733.79816,0.0,0.0,6653662171.768649,1269274933202.423,0.0,52761.133252046384,-260053485744.87976,-260053485744.87976
latam,2077,9416921808247.016,230023751.37034944,0.0,385773884204.58594,495149523040.76965,68006902886.76175,0.0,0.0,2598000104.411146,563156425927.5314,0.0,68677.58587556785,-177382541722.94543,-177382541722.94543
seasia,2077,11019851585269.396,282492409.16035897,0.0,460095781123.14935,570021605976.7716,78375452753.22408,0.0,0.0,4216945405.9950337,648397058729.9957,0.0,65421.393718672996,-188301277606.84637,-188301277606.84637
russia,2077,8494302296525.986,116017339.14543876,0.0,364578648306.03754,409230431272.1563,49398813888.91284,0.0,0.0,2699936259.406277,458629245161.06915,0.0,80817.45834315551,-94050596855.03162,-94050596855.03162
mena,2077,17534557875569.121,284269402.7694356,0.0,1013283961650.4294,963250772432.9012,245002869661.7319,0.0,0.0,3992918808.611161,1208253642094.633,0.0,81177.30984281303,-194969680444.2036,-194969680444.2036
ssa,2077,17699326324198.504,1520293765.7383811,0.0,872067616235.5614,801495208888.4478,108074469794.40034,0.0,0.0,9558248393.048529,909569678682.8481,0.0,36263.45106010196,-37502062447.28674,-37502062447.28674
us,2078,28107406230335.207,119057427.42465265,0.0,1289560752587.7097,1327990249348.477,156827588236.443,0.0,0.0,5373544367.541689,1484817837584.92,0.0,135504.44238479,-195257084997.2102,-195257084997.2102
oecd-ex-us,2078,27080471701887.055,191271682.21846437,0.0,1163020449971.1719,1324552370241.9436,144435396038.43784,0.0,0.0,3803580827.480545,1468987766280.3813,0.0,113013.70427330532,-305967316309.2095,-305967316309.2095
china,2078,12740339446825.23,208465962.94845352,0.0,354290184870.1554,715019799691.4323,75139039391.3976,0.0,0.0,3376703932.4027166,790158839082.8298,0.0,88320.67163998078,-435868654212.67444,-435868654212.67444
india,2078,19071179983463.8,851899278.6597506,0.0,994292638473.2971,1026800085541.3903,226117989947.4188,0.0,0.0,6324038431.631284,1252918075488.809,0.0,54308.93598053645,-258625437015.51196,-258625437015.51196
latam,2078,9245047715141.555,225337401.30523804,0.0,378365868496.49756,486092114565.0695,66666179881.45052,0.0,0.0,2518332844.562329,552758294446.52,0.0,70413.29798628995,-174392425950.02246,-174392425950.02246
seasia,2078,10838998722358.043,277456105.43766475,0.0,452644068411.6676,560836674648.2017,76981928902.17256,0.0,0.0,4321672227.351232,637818603550.3743,0.0,67123.69971407067,-185174535138.70667,-185174535138.70667
russia,2078,8404253244054.604,114561224.71148327,0.0,361144182619.6651,405004623358.02704,48846216892.509674,0.0,0.0,2657605159.4916205,453850840250.53674,0.0,82657.92541823213,-92706657630.87164,-92706657630.87164
mena,2078,17343805711625.621,281294476.57660335,0.0,1001316336769.0737,954174174286.054,241885232818.18164,0.0,0.0,3990906391.664328,1196059407104.2356,0.0,83020.43908049716,-194743070335.16187,-194743070335.16187
ssa,2078,17666036974080.164,1519622956.6011217,0.0,866275800958.2626,801645198085.9481,107754302592.73474,0.0,0.0,9834349602.08342,909399500678.6829,0.0,37537.814663780075,-43123699720.42029,-43123699720.42029
us,2079,27921779907853.938,117884833.76895198,0.0,1284152169304.5237,1318586032236.1514,155631260704.28375,0.0,0.0,4438801154.646157,1474217292940.435,0.0,137550.79720378885,-190065123635.91138,-190065123635.91138
oecd-ex-us,2079,27195928610396.953,188205321.11863488,0.0,1153429395867.6206,1309993575044.9358,146694933743.6277,0.0,0.0,418716021430.8594,1456688508788.5635,0.0,115033.15329618064,-303259112920.9429,-303259112920.9429
china,2079,12328164339864.498,199637032.41182265,0.0,346501171685.93677,689029774716.3728,72785818308.79637,0.0,0.0,3139314378.490521,761815593025.1692,0.0,90231.9429310311,-415314421339.2324,-415314421339.2324
india,2079,18820530229610.594,839734072.4301645,0.0,979798715839.0391,1014144965807.0455,222603104331.3362,0.0,0.0,6299600446.126301,1236748070138.3818,0.0,55890.38563289244,-256949354299.34277,-256949354299.34277
latam,2079,9076102129830.338,220727658.0781883,0.0,371239771917.4158,477252312647.44824,65360965993.52069,0.0,0.0,2427921412.3365602,542613278640.96893,0.0,72181.97273958141,-171373506723.55316,-171373506723.55316
seasia,2079,10661064545632.66,278079566.48768145,0.0,445461643405.3416,551865990765.7001,75627693989.58804,0.0,0.0,4097864624.558969,627493684755.2881,0.0,68859.14548377527,-182032041349.94647,-182032041349.94647
russia,2079,8315515718184.754,113131661.03701365,0.0,357941406464.5937,400946984236.1771,48314126254.09471,0.0,0.0,2582178155.826626,449261110490.27185,0.0,84530.63177512835,-91319704025.67816,-91319704025.67816
mena,2079,17153626792948.762,282936093.0447131,0.0,989847122011.7762,945093721796.8314,238818977462.17746,0.0,0.0,3886658570.368949,1183912699259.0088,0.0,84895.7856880763,-194065577247.23254,-194065577247.23254
ssa,2079,17798374491795.645,1518436500.1469533,0.0,860329443830.4622,798689570198.3057,109574306193.46684,0.0,0.0,180271950276.7927,908263876391.7725,0.0,38845.510420446924,-47934432561.3103,-47934432561.3103
us,2080,27741653466388.934,116754131.53469391,0.0,1279085976497.9614,1309539434592.4775,154473037886.4137,0.0,0.0,4800054515.916043,1464012472478.891,0.0,139627.84561433026,-184926495980.9297,-184926495980.9297
oecd-ex-us,2080,26904596615557.98,185261677.5176768,0.0,1144910639071.7297,1295017790166.7852,145017475227.92294,0.0,0.0,3792631484.007698,1440035265394.708,0.0,117083.73053521746,-295124626322.9783,-295124626322.9783
china,2080,11935051228586.83,198676869.76877823,0.0,339634160768.64343,665111852787.9868,70611707907.61755,0.0,0.0,2976288649.297915,735723560695.6044,0.0,92175.55821422764,-396089399926.96094,-396089399926.96094
india,2080,18571499544608.734,842273263.3844745,0.0,965715728737.4398,1001636047101.5063,219154000112.48907,0.0,0.0,6043633474.6923275,1220790047213.9954,0.0,57505.96843344803,-255074318476.55554,-255074318476.55554
latam,2080,8910092250150.586,216206748.94377962,0.0,364372622011.1843,468631247909.3581,64090600586.65311,0.0,0.0,2339346805.0776596,532721848496.0112,0.0,73984.06472589637,-168349226484.8269,-168349226484.8269
seasia,2080,10486189522227.95,273143775.34780705,0.0,438505101063.5608,543100518927.5567,74308091076.6086,0.0,0.0,4028485535.899315,617408610004.1653,0.0,70628.18998525,-178903508940.6045,-178903508940.6045
russia,2080,8228155966278.577,111736044.72434005,0.0,354941102946.51666,397034228446.0813,47799900626.33798,0.0,0.0,2533274219.7234545,444834129072.4193,0.0,86436.02275970095,-89893026125.90265,-89893026125.90265
mena,2080,16964327358087.506,279955214.14911675,0.0,978768522216.8663,935998854002.1083,235812251581.01178,0.0,0.0,3743148504.99178,1171811105583.12,0.0,86803.79487655582,-193042583366.25378,-193042583366.25378
ssa,2080,17755002533686.97,1516760999.0941434,0.0,854249518946.1019,798364334537.4218,109208932106.79295,0.0,0.0,9951789589.437893,907573266644.2147,0.0,40187.09299769866,-53323747698.11279,-53323747698.11279
us,2081,27566787779646.727,115664340.30983254,0.0,1274753681563.4338,1300822174354.049,153363963458.89667,0.0,0.0,4566769507.336635,1454186137812.9458,0.0,141736.04799993217,-179432456249.51196,-179432456249.51196
oecd-ex-us,2081,26621699025562.406,182440784.52609268,0.0,1137432731926.8916,1280749086834.443,143417360306.02057,0.0,0.0,3836125217.970609,1424166447140.4636,0.0,119165.89137604754,-286733715213.572,-286733715213.572
china,2081,11559645790863.273,190410358.9318409,0.0,333505832112.0185,643247160981.684,68585701525.85856,0.0,0.0,2921592671.9669523,711832862507.5425,0.0,94151.96803365333,-378327030395.524,-378327030395.524
india,2081,18324546903363.81,830201336.0483432,0.0,951862533299.3293,989240453150.0153,215767184143.8862,0.0,0.0,6192462749.649619,1205007637293.9014,0.0,59156.17573890943,-253145103994.57202,-253145103994.57202
latam,2081,8746983788129.963,211783425.01730895,0.0,357747607210.34894,460222601067.41205,62854573106.88357,0.0,0.0,2221104943.3240385,523077174174.2956,0.0,75820.03452753642,-165329566963.94666,-165329566963.94666
seasia,2081,10314357814154.955,268308957.6119509,0.0,431746335400.889,534529228961.8898,73020704074.81642,0.0,0.0,3971889562.8208203,607549933036.7062,0.0,72431.29801205244,-175803597635.8172,-175803597635.8172
russia,2081,8142168501910.585,110378407.302384,0.0,352109868361.51624,393249709545.48865,47301850913.72927,0.0,0.0,2454227729.706241,440551560459.2179,0.0,88374.55016679152,-88441692097.70166,-88441692097.70166
mena,2081,16776241674881.938,276993085.45384514,0.0,967938669154.0781,926902440448.6631,232866418068.7726,0.0,0.0,3744506157.7945232,1159768858517.4358,0.0,88744.91831643395,-191830189363.35767,-191830189363.35767
ssa,2081,17706321242065.195,1514622135.16403,0.0,848057231338.3173,797780353966.2803,108814298665.8888,0.0,0.0,9856129672.07375,906594652632.1691,0.0,41563.12139565246,-58537421293.85181,-58537421293.85181
us,2082,27397551539634.04,116769940.30458476,0.0,1270880124071.4253,1292414769144.043,152295335607.51385,0.0,0.0,4593740667.421324,1444710104751.557,0.0,143875.8716501817,-173829980680.1316,-173829980680.1316
oecd-ex-us,2082,26347016066495.266,179741206.43848768,0.0,1130703807364.694,1267154611055.5117,141893501022.27176,0.0,0.0,3661345645.9776497,1409048112077.7834,0.0,121280.09814233045,-278344304713.08936,-278344304713.08936
china,2082,11200608370500.697,182609049.1949168,0.0,327903893116.2879,623225609114.855,66677835654.92197,0.0,0.0,2962131290.908814,689903444769.777,0.0,96161.62963895967,-361999551653.4891,-361999551653.4891
india,2082,18079153049474.453,818265257.9496192,0.0,938177406629.15,976920317042.0745,212450742561.9005,0.0,0.0,5799799085.469302,1189371059603.975,0.0,60841.504159923,-251193652974.82507,-251193652974.82507
latam,2082,8714531193628.07,207459493.89517736,0.0,351355141765.26166,452801873548.0642,63054036737.717285,0.0,0.0,132048174018.63022,515855910285.7815,0.0,77690.34884051859,-164500768520.51984,-164500768520.51984
seasia,2082,10145267219095.973,263580121.51752433,0.0,425130250513.5745,526137164639.85364,71767473447.2039,0.0,0.0,3683792514.5065875,597904638087.0575,0.0,74268.94031698917,-172774387573.48297,-172774387573.48297
russia,2082,8166645862776.724,109061368.81189573,0.0,349322147842.6486,389229200837.3035,48021842363.589424,0.0,0.0,112406256224.38716,437251043200.89294,0.0,90346.67235519736,-87928895358.24432,-87928895358.24432
mena,2082,16589434300145.875,274054975.7346731,0.0,957263711654.7156,917785943691.7295,229982483073.58795,0.0,0.0,3697340374.532396,1147768426765.3174,0.0,90719.61425245351,-190504715110.6018,-190504715110.6018
ssa,2082,17652597793019.887,1512031678.2776825,0.0,841780569769.2479,796944268116.3588,108389398731.39337,0.0,0.0,9829648033.207918,905333666847.7522,0.0,42974.15902995914,-63553097078.50427,-63553097078.50427
us,2083,27233020963909.805,115726155.69177109,0.0,1266987065833.472,1284299723024.8115,151276626879.04382,0.0,0.0,4058708346.161075,1435576349903.8555,0.0,146047.79086432143,-168589284070.38354,-168589284070.38354
oecd-ex-us,2083,26080661595734.277,177161468.9041892,0.0,1124551940207.3726,1254194613213.6716,140432181678.36816,0.0,0.0,3720383923.6654654,1394626794892.0398,0.0,123426.82019996938,-270074854684.66724,-270074854684.66724
china,2083,10856144434748.008,175271447.33878487,0.0,322568721563.0817,604757818402.1757,64869908570.915436,0.0,0.0,2595069657.317664,669627726973.0911,0.0,98205.00709835174,-347059005410.00934,-347059005410.00934
india,2083,17835561295605.31,806465038.1638967,0.0,924619815398.8312,964667402536.8657,209198775204.26535,0.0,0.0,5654608473.162421,1173866177741.131,0.0,62562.45568500258,-249246362342.29993,-249246362342.29993
latam,2083,8555373415352.778,203235930.81067023,0.0,345153886821.8048,444758891062.217,61856223796.7616,0.0,0.0,2303449761.8766246,506615114858.9786,0.0,79595.48059794241,-161461228037.17377,-161461228037.17377
seasia,2083,9979049172447.367,258962448.85847908,0.0,418594295008.40326,517913003985.06165,70540852924.03488,0.0,0.0,3641515252.0843287,588453856909.0966,0.0,76141.59373687058,-169859561900.6933,-169859561900.6933
russia,2083,8082496540576.891,107787478.8972228,0.0,346544916075.6848,385639220149.45825,47537648949.89165,0.0,0.0,2482630823.830653,433176869099.3499,0.0,92352.85436398468,-86631953023.6651,-86631953023.6651
mena,2083,16403853732173.102,271145114.5777236,0.0,946632265078.4514,908626354005.2543,227160388390.9602,0.0,0.0,3573909345.004523,1135786742396.2144,0.0,92728.34761969531,-189154477317.76294,-189154477317.76294
ssa,2083,17594084889139.797,1509001710.026974,0.0,835436278912.76,795864208832.3723,107933666634.8909,0.0,0.0,9848692674.397543,903797875467.2632,0.0,44420.773819246286,-68361596554.503174,-68361596554.503174
us,2084,27074138159943.926,114721715.19980112,0.0,1263154726661.0227,1276470898207.2417,150272670172.03058,0.0,0.0,4706037752.364626,1426743568379.2722,0.0,148252.28705638958,-163588841718.2495,-163588841718.2495
oecd-ex-us,2084,25822260274798.43,174703816.0316759,0.0,1118838245055.7175,1241847416493.8713,139027793565.57108,0.0,0.0,3635644067.876516,1380875210059.4424,0.0,125606.53406284652,-262036965003.72485,-262036965003.72485
china,2084,10525278909388.482,168403987.32344586,0.0,317210889586.90686,587558814561.1376,63132286087.19355,0.0,0.0,2614685701.902939,650691100648.3312,0.0,100282.57141294116,-333480211061.4243,-333480211061.4243
india,2084,17593667889260.188,794800130.5163084,0.0,911177320739.8635,952465887305.5992,206009501807.7175,0.0,0.0,5404662028.329374,1158475389113.3167,0.0,64319.53780678687,-247298068373.45312,-247298068373.45312
latam,2084,8399136229230.8,199114535.6813408,0.0,339099079779.927,436914987949.5278,60686991462.005325,0.0,0.0,2265713509.626729,497601979411.5331,0.0,81535.9090948599,-158502899631.60608,-158502899631.60608
seasia,2084,9953617926889.049,254454985.2799609,0.0,412092255792.38275,510267657482.23413,70918236326.74316,0.0,0.0,143662392458.28363,581185893808.9773,0.0,78049.74131886438,-169093638016.59454,-169093638016.59454
russia,2084,7999502085023.556,106558290.31306933,0.0,343745824002.1026,382150018475.54395,47059392242.493355,0.0,0.0,2469131162.6011195,429209410718.0373,0.0,94393.56803016318,-85463586715.9347,-85463586715.9347
mena,2084,16219519788108.426,268268260.29082584,0.0,936055178417.1599,899412538041.7279,224396946598.60718,0.0,0.0,3420362158.4863987,1123809484640.335,0.0,94771.59016103219,-187754306223.17505,-187754306223.17505
ssa,2084,17530445177541.662,1520628055.3768938,0.0,828984484052.3539,794555418193.0868,107457630048.9349,0.0,0.0,9388852591.543041,902013048242.0217,0.0,45903.53827694531,-73028564189.66785,-73028564189.66785
us,2085,26919543120537.934,113757298.41941608,0.0,1259037780191.252,1268953383915.1648,149295152157.69928,0.0,0.0,4615716475.624373,1418248536072.864,0.0,150489.84886193747,-159210755881.61206,-159210755881.61206
oecd-ex-us,2085,25571114776794.984,172368292.23941568,0.0,1113259295014.8042,1230082030107.2834,137675247319.15286,0.0,0.0,3352484408.190057,1367757277426.4363,0.0,127819.72350010162,-254497982411.63208,-254497982411.63208
china,2085,10206860625141.8,162002216.23268655,0.0,311725442978.37396,571327706295.5183,61446497049.53254,0.0,0.0,2630476119.9942913,632774203345.0509,0.0,102394.80063249002,-321048760366.67694,-321048760366.67694
india,2085,17353341789337.463,783268079.7137818,0.0,897786750372.0052,940317985021.2048,202880388005.18246,0.0,0.0,5085522731.64765,1143198373026.3872,0.0,66113.26365059931,-245411622654.38196,-245411622654.38196
latam,2085,8245569007753.812,195101027.51867223,0.0,333164039542.85315,429265224470.5742,59546333063.00601,0.0,0.0,2080296513.7384748,488811557533.5802,0.0,83512.12011465497,-155647517990.72705,-155647517990.72705
seasia,2085,9790952134931.732,250057277.94237366,0.0,405586538790.9369,502343382521.7546,69717731194.07181,0.0,0.0,3808782967.5670133,572061113715.8264,0.0,79993.87244844822,-166474574924.88953,-166474574924.88953
russia,2085,7917457607418.115,105374535.08394843,0.0,340818491632.0524,378742591878.3341,46583491967.04347,0.0,0.0,2463114607.8838506,425326083845.37756,0.0,96469.29210774116,-84507592213.32513,-84507592213.32513
mena,2085,16036711485668.402,265430968.73931894,0.0,925573760858.2585,890140233329.9784,221685178631.0458,0.0,0.0,3443348662.7467155,1111825411961.0242,0.0,96849.82054596348,-186251651102.76562,-186251651102.76562
ssa,2085,17462083533110.922,1516954779.4203486,0.0,822431090523.3204,793018631813.4888,106955920633.96204,0.0,0.0,9181817493.3811,899974552447.4508,0.0,47423.0296074535,-77543461924.13037,-77543461924.13037
us,2086,26768607854753.29,112832365.58164617,0.0,1254790115590.5327,1261692136959.3506,148342255615.13205,0.0,0.0,4309011199.302916,1410034392574.4827,0.0,152760.97224634764,-155244276983.94995,-155244276983.94995
oecd-ex-us,2086,25327123234867.9,173685150.31796843,0.0,1107724764834.5037,1218825500708.7974,136354434888.40001,0.0,0.0,3463628835.6200695,1355179935597.1973,0.0,130066.87964497885,-247455170762.6936,-247455170762.6936
china,2086,10082429345371.582,156058735.5965336,0.0,306060972938.52344,558320307836.0156,61947814202.9343,0.0,0.0,189775869330.21817,620268122038.95,0.0,104542.17997256889,-314207149100.4265,-314207149100.4265
india,2086,17328857835827.77,771874664.9485359,0.0,884319488140.479,928334640220.2695,202106653592.57336,0.0,0.0,221637852162.679,1130441293812.8428,0.0,67944.15210528357,-246121805672.36377,-246121805672.36377
latam,2086,8094716374001.978,191197874.21064895,0.0,327325684205.6093,421765894570.86914,58429873909.25488,0.0,0.0,2017450522.6798816,480195768480.124,0.0,85524.60605693856,-152870084274.5147,-152870084274.5147
seasia,2086,9630590884667.932,245768662.61241975,0.0,399047593804.0051,494529816273.07825,68536471786.601135,0.0,0.0,3657443991.867129,563066288059.6794,0.0,81974.48297896248,-164018694255.67432,-164018694255.67432
russia,2086,7836096615800.741,104234449.94705997,0.0,337755906076.02106,375393485239.9452,46108110845.20129,0.0,0.0,2384698391.747513,421501596085.1465,0.0,98580.5123881819,-83745690009.12543,-83745690009.12543
mena,2086,16056338959478.102,262634895.33608294,0.0,915043302610.1672,880455287707.5801,221214577726.72284,0.0,0.0,206254036633.8328,1101669865434.303,0.0,98963.52449085074,-186626562824.13574,-186626562824.13574
ssa,2086,17389426770055.566,1512876846.6677582,0.0,815780475406.0308,791253857709.3171,106422964827.96094,0.0,0.0,9239584075.897785,897676822537.2781,0.0,48979.82980658072,-81896347131.24731,-81896347131.24731
us,2087,26621402279521.656,111944186.22557585,0.0,1250543288191.7883,1254557877392.995,147404689923.63205,0.0,0.0,4213703893.1873326,1401962567316.6272,0.0,155066.16061477683,-151419279124.83887,-151419279124.83887
oecd-ex-us,2087,25089594539182.605,171477683.2309667,0.0,1102166392019.853,1207903770785.3506,135064353755.6143,0.0,0.0,3273036835.8111215,1342968124540.9648,0.0,132348.50110526668,-240801732521.11182,-240801732521.11182
china,2087,9781410429926.316,150557632.3884607,0.0,300069545585.5908,543323450288.83124,60287427705.96439,0.0,0.0,2522416963.9331455,603610877994.7957,0.0,106725.2019331531,-303541332409.20483,-303541332409.20483
india,2087,17089517139883.97,760629853.9533014,0.0,870863605681.8022,916288108606.1895,199049562146.0668,0.0,0.0,5133369126.648316,1115337670752.2563,0.0,69812.72795628989,-244474065070.4541,-244474065070.4541
latam,2087,7946587087780.087,187401361.36364266,0.0,321565586234.1956,414374154171.1857,57335049525.17758,0.0,0.0,2014331240.2813532,471709203696.3633,0.0,87573.86606696805,-150143617462.16766,-150143617462.16766
seasia,2087,9472511786798.252,241583661.25383475,0.0,392464944381.0957,486778493047.7536,67370468678.80879,0.0,0.0,3604919475.793855,554148961726.5624,0.0,83992.07536276645,-161684017345.46667,-161684017345.46667
russia,2087,7755416327919.134,103133209.68425857,0.0,334587443565.45337,372063050949.8844,45628033763.964775,0.0,0.0,2423353266.793296,417691084713.8492,0.0,100727.72182228231,-83103641148.39581,-83103641148.39581
mena,2087,15874605486815.418,259875507.92379385,0.0,904341609691.634,871154116388.2158,218577912263.746,0.0,0.0,3656946297.645292,1089732028651.9618,0.0,101113.19488057579,-185390418960.32776,-185390418960.32776
ssa,2087,17312733942428.375,1508413499.1279027,0.0,808969269319.2048,789250587770.6096,105864226175.3586,0.0,0.0,9452716999.561544,895114813945.9683,0.0,50574.525766229104,-86145544626.76343,-86145544626.76343
us,2088,26850529596600.41,111089193.07540548,0.0,1246194820245.2239,1245897022581.9329,150118821058.18747,0.0,0.0,378948340473.6676,1396015843640.1204,0.0,157405.9249237484,-149821023394.89648,-149821023394.89648
oecd-ex-us,2088,24858558733670.28,169377890.2330573,0.0,1096555911784.3171,1197155647317.1501,133792876482.65305,0.0,0.0,3356806503.165154,1330948523799.8032,0.0,134665.09407535597,-234392612015.48608,-234392612015.48608
china,2088,9489987600010.06,145483948.79362285,0.0,293652525750.11743,528831766910.87555,58645576691.83898,0.0,0.0,2401987936.346207,587477343602.7145,0.0,108944.36641868131,-293824817852.59705,-293824817852.59705
india,2088,16851614018280.916,749535795.9236238,0.0,857430323705.0636,904256802443.3898,196034068126.58093,0.0,0.0,4957425261.851837,1100290870569.9707,0.0,71719.52202098836,-242860546864.9071,-242860546864.9071
latam,2088,7801085863109.736,187663194.97319248,0.0,315870874773.51447,407089178035.76154,56260839004.26216,0.0,0.0,1977917596.157309,463350017040.0237,0.0,89660.40616660006,-147479142266.50922,-147479142266.50922
seasia,2088,9316658905460.475,237495447.51034373,0.0,385852426141.87964,479090115172.43176,66216803079.01364,0.0,0.0,3601610771.7808633,545306918251.44543,0.0,86047.15878400164,-159454492109.5658,-159454492109.5658
russia,2088,7675122571766.149,103790290.79695481,0.0,331270795117.52625,368712798112.3916,45145192455.556175,0.0,0.0,2293439297.4348173,413857990567.94775,0.0,102911.42064349535,-82587195450.42151,-82587195450.42151
mena,2088,15694019521246.113,257147873.4531255,0.0,893544809819.0741,861792517441.5293,215974629666.46545,0.0,0.0,3636371719.615843,1077767147107.9948,0.0,103299.33189164315,-184222337288.92065,-184222337288.92065
ssa,2088,17231965362770.822,1503572170.77939,0.0,801977864363.9114,787010450178.7144,105275708222.44498,0.0,0.0,9539714379.696577,892286158401.1593,0.0,52207.70938325272,-90308294037.24792,-90308294037.24792
us,2089,26708316718534.016,110263933.15027282,0.0,1241616981782.19,1238925293605.1191,149190893546.8606,0.0,0.0,4286327303.3970957,1388116187151.9797,0.0,159780.78379441838,-146499205369.7898,-146499205369.7898
oecd-ex-us,2089,24633390880111.957,167376295.88695323,0.0,1090539361113.9314,1186558907304.4116,132536480912.63802,0.0,0.0,3388173544.7900524,1319095388217.0496,0.0,137017.17244994192,-228556027103.11816,-228556027103.11816
china,2089,9207363716168.1,140812473.49344537,0.0,286819473892.5613,514638884369.8774,57016770190.32527,0.0,0.0,2212296825.6757665,571655654560.2026,0.0,111200.18085960185,-284836180667.64136,-284836180667.64136
india,2089,16614920008150.906,738587515.3703148,0.0,843941761888.9106,892236158862.1382,193056926852.1024,0.0,0.0,4657313695.317583,1085293085714.2406,0.0,73665.07128618739,-241351323825.32996,-241351323825.32996
latam,2089,7658090875521.125,183974369.55006793,0.0,310217685913.90875,399914273666.3922,55206120819.67985,0.0,0.0,1907720983.5515728,455120394486.0721,0.0,91784.73938678707,-144902708572.16333,-144902708572.16333
seasia,2089,9162870967764.139,233496971.37748596,0.0,379185650613.49646,471468341432.9705,65074242189.80466,0.0,0.0,3568995312.9467444,536542583622.77515,0.0,88140.24929296771,-157356933009.2787,-157356933009.2787
russia,2089,7595084274301.989,102714844.57297586,0.0,327765172031.1977,365328743710.78595,44657736714.14037,0.0,0.0,2183010929.5706377,409986480424.92633,0.0,105132.1164927191,-82221308393.72864,-82221308393.72864
mena,2089,15514500934964.54,254445521.69806737,0.0,882695871698.6653,852366176371.4001,213399345503.31174,0.0,0.0,3551063894.4693995,1065765521874.7119,0.0,105522.44311674972,-183069650176.04663,-183069650176.04663
ssa,2089,17146910031492.885,1498361348.515698,0.0,794871164798.9631,784545292684.6953,104663629779.10484,0.0,0.0,9282426386.91071,889208922463.8002,0.0,53879.97767244337,-94337757664.83704,-94337757664.83704
us,2090,26569019773189.82,109465643.92235066,0.0,1236500258600.8323,1232023785999.9575,148263987850.46036,0.0,0.0,4490569905.394976,1380287773850.418,0.0,162191.26362754081,-143787515249.5857,-143787515249.5857
oecd-ex-us,2090,24413102351286.273,165463662.35934988,0.0,1083916286821.6201,1176105807189.1045,131294200433.92912,0.0,0.0,3195191975.727105,1307400007623.0337,0.0,139405.2579393962,-223483720801.41357,-223483720801.41357
china,2090,8933145712694.227,136484213.6811675,0.0,279619855612.28217,500642687367.76715,55394182352.14265,0.0,0.0,2199010633.7520566,556036869719.9098,0.0,113493.16033543216,-276417014107.6276,-276417014107.6276
india,2090,16379885338577.09,727785276.6571593,0.0,830422036747.6141,880219376059.0153,190104990414.84488,0.0,0.0,4867660152.442604,1070324366473.8601,0.0,75649.91904783677,-239902329726.24597,-239902329726.24597
latam,2090,7517476193138.533,180384451.54376233,0.0,304581914756.66077,392851384448.5377,54169220614.94664,0.0,0.0,1824007924.2301157,447020605063.4844,0.0,93947.3859016295,-142438690306.8236,-142438690306.8236
seasia,2090,9010688152069.535,233986712.9629942,0.0,372455541361.7757,463916510211.84827,63946128331.34162,0.0,0.0,3224281486.813026,527862638543.1899,0.0,90271.86994211747,-155407097181.41418,-155407097181.41418
russia,2090,7515235604740.729,101663967.7815734,0.0,324071681997.01465,361903004406.74994,44162985065.92546,0.0,0.0,2145637914.3979225,406065989472.6754,0.0,107390.32454457547,-81994307475.66077,-81994307475.66077
mena,2090,15335983241863.693,251761551.34506476,0.0,871679661920.7601,842878681628.3066,210846700210.3248,0.0,0.0,3528026817.0324545,1053725381838.6315,0.0,107783.04369084485,-182045719917.87134,-182045719917.87134
ssa,2090,17229765673981.338,1492792278.3427374,0.0,787659657259.74,779654967120.0231,106237388769.90062,0.0,0.0,181088341118.62393,885892355889.9237,0.0,55591.93288358827,-98232698630.18372,-98232698630.18372
us,2091,26431654915523.246,108691684.07412794,0.0,1231078283707.9778,1225198655138.97,147346512533.10965,0.0,0.0,4102026297.5108337,1372545167672.0796,0.0,164637.89872015742,-141466883964.1018,-141466883964.1018
oecd-ex-us,2091,24197409475764.598,163631946.83234087,0.0,1076940396911.3905,1165779794187.619,130054034157.48663,0.0,0.0,3200555912.041405,1295833828345.1055,0.0,141829.8801868349,-218893431433.71497,-218893431433.71497
china,2091,8666815020546.411,132438396.01054686,0.0,272035063967.88016,486843248421.2423,53774274767.082085,0.0,0.0,2251767072.6330748,540617523188.3244,0.0,115823.82769935735,-268582459220.44424,-268582459220.44424
india,2091,16145892796119.455,717126776.6215371,0.0,816817646718.9683,868212473946.5887,187181613276.303,0.0,0.0,4583898046.289068,1055394087222.8917,0.0,77674.61505289626,-238576440503.92346,-238576440503.92346
latam,2091,7379199509838.357,176889107.6975442,0.0,298962556315.19434,385877991097.57196,53147737761.82964,0.0,0.0,1786489244.0368373,439025728859.4016,0.0,96148.8731639963,-140063172544.20728,-140063172544.20728
seasia,2091,8860388428989.732,230061935.55515465,0.0,365687791416.62274,456413119739.6186,62824662795.19434,0.0,0.0,3250268038.386522,519237782534.8129,0.0,92442.55092367926,-153549991118.1902,-153549991118.1902
russia,2091,7435433007541.823,100633451.0315153,0.0,320207540128.61414,358432399593.72205,43660704020.75155,0.0,0.0,2082966286.954496,402093103614.4736,0.0,109686.56763520247,-81885563485.85944,-81885563485.85944
mena,2091,15158286551647.23,249092085.08990195,0.0,860578946032.5977,833342925338.0687,208312387123.89084,0.0,0.0,3379676212.9023404,1041655312461.9596,0.0,110081.65641870507,-181076366429.36194,-181076366429.36194
ssa,2091,17137296522240.295,1486874301.5213206,0.0,780295039049.0305,776813542529.6923,105573459689.25034,0.0,0.0,9622811428.883307,882387002218.9426,0.0,57344.182622544366,-102091963169.91211,-102091963169.91211
us,2092,26296643127706.605,107939669.73974173,0.0,1225511589065.7263,1218402579478.2373,146422769162.08533,0.0,0.0,4301971757.967103,1364825348640.3228,0.0,167121.231384038,-139313759574.59644,-139313759574.59644
oecd-ex-us,2092,23985860688320.508,161872408.21969223,0.0,1069520895206.7432,1155498305652.5544,128813242406.03023,0.0,0.0,3241865407.7462206,1284311548058.5847,0.0,144291.57688690972,-214790652851.84155,-214790652851.84155
china,2092,8407557900030.687,128613863.5411458,0.0,264052045308.56155,473241008041.16705,52158957129.46868,0.0,0.0,2090799346.350034,525399965170.63574,0.0,118192.71370439492,-261347919862.0742,-261347919862.0742
india,2092,15913233951290.61,718881976.224208,0.0,803146793519.5645,856205957130.4117,184276603868.08783,0.0,0.0,4676922650.085445,1040482560998.4995,0.0,79739.71564335284,-237335767478.93506,-237335767478.93506
latam,2092,7243154970117.6045,173482706.68973848,0.0,293360136136.6398,378970425613.8872,52141442458.106636,0.0,0.0,1707192214.5979152,431111868071.99384,0.0,98389.7360427273,-137751731935.35406,-137751731935.35406
seasia,2092,8711735078325.497,226210375.16089174,0.0,358904754114.1098,448935707651.63837,61712645798.30661,0.0,0.0,3090248671.6015778,510648353449.94495,0.0,94652.82970891536,-151743599335.83514,-151743599335.83514
russia,2092,7355666460273.726,99619887.77246764,0.0,316165939951.6693,354901677412.46375,43148801862.30437,0.0,0.0,2117992055.0032024,398050479274.7681,0.0,112021.37639158453,-81884539323.09882,-81884539323.09882
mena,2092,14981517937929.48,250381981.79379627,0.0,849478562030.2048,823768017632.9215,205790546464.52045,0.0,0.0,3311388349.485038,1029558564097.4419,0.0,112418.8119040481,-180080002067.23706,-180080002067.23706
ssa,2092,17040869270673.531,1480615589.511954,0.0,772784749448.045,773760147031.8175,104884795951.03923,0.0,0.0,9432941968.043278,878644942982.8567,0.0,59137.33997627435,-105860193534.81165,-105860193534.81165
us,2093,26163439601162.89,107208006.88543086,0.0,1219672608289.5432,1211581135062.4148,145500208645.97058,0.0,0.0,4205208875.1384945,1357081343708.3853,0.0,169641.812065897,-137408735418.84204,-137408735418.84204
oecd-ex-us,2093,24134624593548.58,160175122.5204034,0.0,1061571844773.7289,1144792125130.4956,131118761074.9712,0.0,0.0,363102946659.8102,1275910886205.4668,0.0,146790.89390634914,-214339041431.7379,-214339041431.7379
china,2093,8154928604762.878,128217053.31160548,0.0,255704472252.71628,459807202023.4519,50546576990.65203,0.0,0.0,2020011493.576295,510353779014.10394,0.0,120600.3571311524,-254649306761.38766,-254649306761.38766
india,2093,15681564488938.28,708315194.5372587,0.0,789451515576.9299,844198555595.3282,181390050477.44553,0.0,0.0,4467628143.507258,1025588606072.7738,0.0,81845.78390237053,-236137090495.84387,-236137090495.84387
latam,2093,7109313972813.837,170160765.9009898,0.0,287760277945.0594,372131563420.7142,51148578412.74758,0.0,0.0,1678866584.6350188,423280141833.46173,0.0,100670.51696143298,-135519863888.40234,-135519863888.40234
seasia,2093,8564769724006.248,222425716.42121428,0.0,352131743417.6573,441491493408.91187,60608781281.66811,0.0,0.0,3003176953.671284,502100274690.57996,0.0,96903.2511890274,-149968531272.92267,-149968531272.92267
russia,2093,7275782447928.308,98618836.21715035,0.0,311991232695.9064,351295319632.3544,42631887454.96006,0.0,0.0,2051962045.9885802,393927207087.31445,0.0,114395.28936244626,-81935974391.40808,-81935974391.40808
mena,2093,14805533529210.29,247699660.74134848,0.0,838294523596.9141,814159604506.7341,203280110755.84076,0.0,0.0,3160782946.4654164,1017439715262.575,0.0,114795.0486802117,-179145191665.6609,-179145191665.6609
ssa,2093,16940681881439.943,1474027551.1297839,0.0,765163459679.3577,770492707861.8567,104170692400.90063,0.0,0.0,9312551349.808064,874663400262.7573,0.0,60972.02364178916,-109499940583.39966,-109499940583.39966
us,2094,26031866775523.906,106493380.92963678,0.0,1213633795234.1792,1204730177439.5774,144578853044.47018,0.0,0.0,4102409610.8712716,1349309030484.0476,0.0,172200.19946941396,-135675235249.86841,-135675235249.86841
oecd-ex-us,2094,23926596655666.996,158527360.50352237,0.0,1053101122332.8956,1134538684097.4324,129845470919.81664,0.0,0.0,3255094802.7705603,1264384155017.249,0.0,149328.385406277,-211283032684.3534,-211283032684.3534
china,2094,7908566889490.181,124559040.61106384,0.0,247069676465.36966,446467374698.63226,48939176219.528854,0.0,0.0,1975159180.0961573,495406550918.16113,0.0,123047.30491720603,-248336874452.79147,-248336874452.79147
india,2094,15450935741176.371,697879175.6325125,0.0,775730524528.7892,832190461483.7471,178517962502.08737,0.0,0.0,4349151695.145245,1010708423985.8345,0.0,83993.38980255922,-234977899457.0453,-234977899457.0453
latam,2094,6977511703526.565,166920543.1039294,0.0,282166707189.28204,365366804678.86975,50169763217.48295,0.0,0.0,1567591419.7984657,415536567896.3527,0.0,102991.76603890731,-133369860707.07068,-133369860707.07068
seasia,2094,8419615856144.431,218705389.74267828,0.0,345375610164.65533,434092522074.0497,59510630202.67027,0.0,0.0,3073674250.2497344,493603152276.72,0.0,99194.36781772005,-148227542112.06464,-148227542112.06464
russia,2094,7293659700072.48,97625424.23760639,0.0,307761635736.7318,347463452655.3166,43229612850.536476,0.0,0.0,100808681913.2988,390693065505.8531,0.0,116808.85315073546,-82931429769.12128,-82931429769.12128
mena,2094,14630399525095.412,245026438.9942007,0.0,826994172707.5831,804529768572.2203,200775227202.9997,0.0,0.0,3176818952.7628903,1005304995775.22,0.0,117210.91334242317,-178310823067.63684,-178310823067.63684
ssa,2094,16837000065914.594,1467123732.8346426,0.0,757455528277.9847,767013895275.7126,103429894311.34602,0.0,0.0,9306445783.730263,870443789587.0587,0.0,62848.8580589418,-112988261309.07397,-112988261309.07397
us,2095,25901747381110.94,107561531.58381572,0.0,1207400299834.0024,1197869241563.8745,143659071605.06714,0.0,0.0,4008618921.9841504,1341528313168.9417,0.0,174796.96067908395,-134128013334.93921,-134128013334.93921
oecd-ex-us,2095,23720949943655.266,156909887.61939627,0.0,1044052331590.6816,1124241040407.2703,128568633839.4899,0.0,0.0,3110630644.3495545,1252809674246.7603,0.0,151904.61396633636,-208757342656.0786,-208757342656.0786
china,2095,7668083858616.836,121029304.64076501,0.0,238254519975.19382,433190963532.8601,47343154742.101265,0.0,0.0,1796567426.417805,480534118274.96136,0.0,125534.11228812842,-242279598299.76755,-242279598299.76755
india,2095,15221256041222.783,687575917.9705824,0.0,762014177327.2239,820181280524.1744,175659338520.66583,0.0,0.0,4146741764.0257072,995840619044.8403,0.0,86183.11035635007,-233826441717.61646,-233826441717.61646
latam,2095,6949082515304.748,163755506.0879094,0.0,276587569821.58386,359369794343.4398,50344182002.76824,0.0,0.0,104697218302.80806,409713976346.20807,0.0,105354.04123117104,-133126406524.6242,-133126406524.6242
seasia,2095,8392203267418.745,215042874.18840405,0.0,338652285346.63586,427328656016.7877,59792335649.49691,0.0,0.0,121056117593.9637,487120991666.2846,0.0,101526.73975543592,-148468706319.64874,-148468706319.64874
russia,2095,7212705115810.481,96634062.06894018,0.0,303470006131.2974,343770129099.8585,42691199750.16531,0.0,0.0,2036738456.7211025,386461328850.0238,0.0,119262.62254772204,-82991322718.72638,-82991322718.72638
mena,2095,14456030598149.77,242359931.48508772,0.0,815691786320.9755,794895453819.0476,198272600488.29028,0.0,0.0,3107341040.7067738,993168054307.3379,0.0,119666.9606816866,-177476267986.36243,-177476267986.36243
ssa,2095,16729717501214.035,1475713138.4455333,0.0,749669232707.7777,763335009928.2612,102668452706.83263,0.0,0.0,9051665226.753983,866003462635.0939,0.0,64768.47354701784,-116334229927.31616,-116334229927.31616
us,2096,25772453083535.047,106852938.01232447,0.0,1200809324500.8147,1191021618251.353,142747452838.2561,0.0,0.0,3665449012.8894877,1333769071089.6091,0.0,177432.6712859258,-132959746588.79443,-132959746588.79443
oecd-ex-us,2096,23517411763082.14,155311436.17017555,0.0,1034547146794.3949,1113911894407.2217,127284516210.02402,0.0,0.0,3111083249.7273417,1241196410617.2456,0.0,154520.15071064697,-206649263822.8507,-206649263822.8507
china,2096,7433490242651.772,117596956.5897446,0.0,229324344469.20282,420015934503.2252,45759718313.35672,0.0,0.0,1857692382.319468,465775652816.5819,0.0,128061.3428901945,-236451308347.3791,-236451308347.3791
india,2096,14992823841166.174,677401439.7318739,0.0,748332397577.2736,808185866586.9692,172808341233.644,0.0,0.0,4229610186.7273088,980994207820.6133,0.0,88415.52976846676,-232661810243.33972,-232661810243.33972
latam,2096,6819621036164.7705,160649628.29173645,0.0,271024157478.1416,352768446703.9451,49368342709.54994,0.0,0.0,1651152795.3784132,402136789413.49506,0.0,107757.90847516365,-131112631935.35345,-131112631935.35345
seasia,2096,8248420399315.8545,211422403.44827694,0.0,331973725986.3566,420060504900.5912,58689153859.05637,0.0,0.0,2993064670.396663,478749658759.6476,0.0,103900.93501527626,-146775932773.29095,-146775932773.29095
russia,2096,7131722467877.162,95637698.42553747,0.0,299109285942.6613,340020034894.4498,42146426308.68397,0.0,0.0,2074527327.156208,382166461203.1338,0.0,121757.1606687399,-83057175260.47247,-83057175260.47247
mena,2096,14282354539606.994,239691506.7736847,0.0,804431162708.4309,785275291126.2212,195772080278.1279,0.0,0.0,2940150153.157262,981047371404.3491,0.0,122163.7538203148,-176616208695.9182,-176616208695.9182
ssa,2096,16619279874531.596,1468305676.7372284,0.0,741828942658.7369,759459839460.1221,101883520721.06786,0.0,0.0,9076790840.004303,861343360181.19,0.0,66731.5064450685,-119514417522.453,-119514417522.453
us,2097,25644351255075.113,106150725.29255798,0.0,1194062528318.8208,1184167808676.1816,141831711905.47922,0.0,0.0,3835163802.917912,1325999520581.661,0.0,180107.91551507643,-131936992262.84009,-131936992262.84009
oecd-ex-us,2097,23315767574273.754,153729518.22661403,0.0,1024793462427.9729,1103553475030.2068,125993582506.4889,0.0,0.0,3109406300.3488765,1229547057536.6958,0.0,157175.5754356251,-204753595108.7229,-204753595108.7229
china,2097,7204349320202.122,114225884.96936564,0.0,220380195239.76376,406975864042.84406,44197924995.558846,0.0,0.0,1652671348.9862192,451173789038.4029,0.0,130629.56892479447,-230793593798.63913,-230793593798.63913
india,2097,14765376356143.03,667319736.8331374,0.0,734745160217.9668,796218005745.6084,169970704245.39987,0.0,0.0,3996064749.900113,966188709991.0083,0.0,90691.23959048404,-231443549773.0415,-231443549773.0415
latam,2097,6692053392508.6455,157593070.35331476,0.0,265503052104.85992,346228824479.74396,48404759872.920395,0.0,0.0,1562888591.6778855,394633584352.66437,0.0,110203.94183410333,-129130532247.80444,-129130532247.80444
seasia,2097,8106219142130.368,207835066.79166156,0.0,325378180667.0958,412839763069.4234,57596795416.38843,0.0,0.0,2857120633.2294545,470436558485.8118,0.0,106317.52961062205,-145058377818.716,-145058377818.716
russia,2097,7050657066721.105,94632513.55136324,0.0,294729882759.6177,336220755768.14246,41598373087.81176,0.0,0.0,2023844940.282787,377819128855.9542,0.0,124293.03909059986,-83089246096.33655,-83089246096.33655
mena,2097,14109437538241.908,237015975.69744477,0.0,793151873788.0471,775687439112.1411,193272148883.38147,0.0,0.0,2890712842.3802695,968959587995.5226,0.0,124701.86434913432,-175807714207.47546,-175807714207.47546
ssa,2097,16505557517334.092,1460585503.0830152,0.0,733938623598.9598,755397710262.8568,101081456741.03462,0.0,0.0,8818186207.44324,856479167003.8915,0.0,68738.59925593257,-122540543404.93164,-122540543404.93164
us,2098,25517041417865.477,105454328.9511068,0.0,1187153018157.3223,1177286137922.3975,140919386169.98367,0.0,0.0,3742668725.4228716,1318205524092.381,0.0,182823.28635529845,-131052505935.05884,-131052505935.05884
oecd-ex-us,2098,23115804527966.168,152162238.95927793,0.0,1014888678340.3864,1093133103996.3367,124701579491.4477,0.0,0.0,2982958839.7869887,1217834683487.7844,0.0,159871.4767396942,-202946005147.39807,-202946005147.39807
china,2098,6980729307665.354,110899520.6310285,0.0,211540373771.333,394090197303.07275,42660830726.83421,0.0,0.0,1590641721.8060126,436751028029.907,0.0,133239.37128458417,-225210654258.57397,-225210654258.57397
india,2098,14720047283591.361,657306456.0206378,0.0,721301191478.3734,784882007290.6483,169122258226.141,0.0,0.0,187374001486.74854,954004265516.7893,0.0,93010.83887746603,-232703074038.4159,-232703074038.4159
latam,2098,6566434445638.14,154586238.9835607,0.0,260043957571.6048,339745577663.04987,47452751722.91359,0.0,0.0,1535424943.8533862,387198329385.96344,0.0,112692.72364453526,-127154371814.35864,-127154371814.35864
seasia,2098,7965766842852.889,204282859.78572613,0.0,318899955094.7735,405664928572.03674,56514922925.54087,0.0,0.0,2827597125.330079,462179851497.57764,0.0,108777.10770447258,-143279896402.80414,-143279896402.80414
russia,2098,6969621769445.383,93617611.33278176,0.0,290364067966.8707,332372820057.06793,41048040996.18366,0.0,0.0,2021495810.6501372,373420861053.2516,0.0,126870.83799070204,-83056793086.38086,-83056793086.38086
mena,2098,13937370404858.69,234335386.96003562,0.0,781984560025.4896,766146083909.236,190772122010.1347,0.0,0.0,2866512510.669843,956918205919.3706,0.0,127281.87246639207,-174933645893.88098,-174933645893.88098
ssa,2098,16388728463178.115,1452547789.0334525,0.0,726004827808.6766,751150373535.1677,100262238840.05795,0.0,0.0,8578730410.565369,851412612375.2257,0.0,70790.40079389472,-125407784566.54907,-125407784566.54907
us,2099,25390222769233.746,104763289.33946759,0.0,1180174229790.2385,1170389012009.7234,140018368467.47897,0.0,0.0,3414502055.2146416,1310407380477.2024,0.0,185579.38569043114,-130233150686.96387,-130233150686.96387
oecd-ex-us,2099,22917444491839.69,150606375.0080791,0.0,1004765489123.9773,1082640898890.5161,123411066522.6802,0.0,0.0,2926440162.7587824,1206051965413.1963,0.0,162608.45215491657,-201286476289.219,-201286476289.219
china,2099,6887144572695.681,107619303.8271002,0.0,202902700596.09317,384116339508.30536,42716520963.368385,0.0,0.0,130345424905.91037,426832860471.67377,0.0,135891.3396914031,-223930159875.5806,-223930159875.5806
india,2099,14492951548449.475,647368139.1201988,0.0,708079866823.945,773042281619.5325,166284466818.37805,0.0,0.0,4151146472.077117,939326748437.9105,0.0,95374.93434667916,-231246881613.96558,-231246881613.96558
latam,2099,6442731133484.433,151629811.81556207,0.0,254657177748.81482,333326953367.2155,46513350873.0354,0.0,0.0,1479814337.7294753,379840304240.2509,0.0,115224.84466508975,-125183126491.4361,-125183126491.4361
seasia,2099,7826988228708.907,200767894.53944793,0.0,312542385471.0758,398548565861.623,55447323780.79975,0.0,0.0,2674890027.362048,453995889642.4227,0.0,111280.26176051899,-141453504171.34692,-141453504171.34692
russia,2099,6888579029874.123,92592886.1696624,0.0,286036461158.9097,328480969939.5129,40499788382.892746,0.0,0.0,1901557592.2408326,368980758322.40564,0.0,129491.14628787698,-82944297163.49591,-82944297163.49591
mena,2099,13935220897954.654,231651844.33045036,0.0,770934390135.2007,756896163896.3444,190111363555.0194,0.0,0.0,173923630412.12173,947007527451.3638,0.0,129904.36711839252,-176073137316.1631,-176073137316.1631
ssa,2099,16269401777438.705,1444209904.6044364,0.0,718044237106.0103,746718904740.1082,99419141591.539,0.0,0.0,8767123486.224506,846138046331.6472,0.0,72887.56633592842,-128093809225.63696,-128093809225.63696
us,2100,25264677979332.38,104077185.13939872,0.0,1173174232502.22,1163496232201.653,139112660304.5332,0.0,0.0,3889870102.6125803,1302608892506.1863,0.0,188376.82443281286,-129434660003.96631,-129434660003.96631
oecd-ex-us,2100,22720483306854.92,151794398.60745174,0.0,994437488913.7894,1072111033439.7083,122126323323.10278,0.0,0.0,2838682864.249465,1194237356762.811,0.0,165387.10828057534,-199799867849.0216,-199799867849.0216
china,2100,6670570938353.736,104387820.19665202,0.0,194542507757.46207,371562042014.78046,41193435632.94274,0.0,0.0,1639335548.316999,412755477647.7232,0.0,138586.07283599087,-218212969890.26114,-218212969890.26114
india,2100,14267124410235.707,637511000.3922415,0.0,695064885776.6776,761271563632.1882,163465920007.6067,0.0,0.0,3845459649.3536415,924737483639.7949,0.0,97784.1405383757,-229672597863.1173,-229672597863.1173
latam,2100,6320928425123.615,148721722.35810456,0.0,249356975727.35162,326981209904.53186,45587469815.795006,0.0,0.0,1408995632.1563983,372568679720.32684,0.0,117800.90422697247,-123211703992.97522,-123211703992.97522
seasia,2100,7690046107980.514,197289685.74236283,0.0,306312212211.52277,391503642282.0013,54393492652.12567,0.0,0.0,2642801994.2101045,445897134934.12695,0.0,113827.59269597149,-139584922722.6042,-139584922722.6042
russia,2100,6807808782068.859,93062499.93967748,0.0,281792807321.417,324558627203.98975,39952352302.490585,0.0,0.0,1947924379.7999847,364510979506.48035,0.0,132154.56178498504,-82718172185.06335,-82718172185.06335
mena,2100,13762957704185.049,228965528.87886113,0.0,759999952109.1333,747495312232.9691,187597237497.65146,0.0,0.0,2829403851.8875213,935092549730.6206,0.0,132569.94614189598,-175092597621.4873,-175092597621.4873
ssa,2100,16147281266215.254,1435585567.971232,0.0,710075662695.4298,742119018962.9259,98562788933.902,0.0,0.0,8485633977.952101,840681807896.8279,0.0,75030.75777647289,-130606145201.39807,-130606145201.39807
