region,year,stock,head,imm_head,investment,depreciation,writeoff,mig_in,mig_out,revaluation,charge_own,charge_imm,gdppc,net_own,net_total
us,2025,49720646452541.7,163468667.3197481,0.0,0.0,0.0,0.0,0.0,0.0,0.0,0.0,0.0,61050.561392568336,0.0,0.0
oecd-ex-us,2025,67627745613762.23,382715206.5144276,0.0,0.0,0.0,0.0,0.0,0.0,0.0,0.0,0.0,40746.2474376583,0.0,0.0
china,2025,68367976784337.3,754690317.0381244,0.0,0.0,0.0,0.0,0.0,0.0,0.0,0.0,0.0,23526.530999766437,0.0,0.0
india,2025,17320367029793.84,758253586.7746348,0.0,0.0,0.0,0.0,0.0,0.0,0.0,0.0,0.0,7962.740251283043,0.0,0.0
latam,2025,15146748306787.924,304226941.7672932,0.0,0.0,0.0,0.0,0.0,0.0,0.0,0.0,0.0,14201.148310712375,0.0,0.0
seasia,2025,14929186869548.082,338611634.74681383,0.0,0.0,0.0,0.0,0.0,0.0,0.0,0.0,0.0,12765.330691481528,0.0,0.0
russia,2025,13535902950724.48,139645266.8252507,0.0,0.0,0.0,0.0,0.0,0.0,0.0,0.0,0.0,20297.66333329072,0.0,0.0
mena,2025,14029573985346.105,222635280.40974152,0.0,0.0,0.0,0.0,0.0,0.0,0.0,0.0,0.0,20496.517103421746,0.0,0.0
ssa,2025,4502207912935.235,444568199.96648616,0.0,0.0,0.0,0.0,0.0,0.0,0.0,0.0,0.0,3497.158670690358,0.0,0.0
us,2026,49772381023397.805,166927858.18050712,942258.3709978287,2356459089632.105,2493499086848.6987,277710733578.8124,453071410917.1823,0.0,13413890734.326622,2771209820427.511,0.0,61980.16024673619,-414750730795.40625,38320680121.77606
oecd-ex-us,2026,67100408154442.836,388233867.8746305,1321888.7014311934,2800679846804.508,3396435051983.0703,367297332992.6315,420858008090.7699,0.0,14857070761.008224,3763732384975.7017,0.0,41618.333088470004,-963052538171.1938,-542194530080.42395
china,2026,67762998752143.21,761889093.3617086,0.0,3158245096113.334,3454323375983.4883,371747661304.6582,0.0,23589435608.89708,86437344589.63515,3826071037288.1465,0.0,24228.855750619772,-667825941174.8125,-691415376783.7096
india,2026,18220657853621.23,778397660.6508629,0.0,2251768567476.5356,1052388954785.6206,243978738633.1521,0.0,67341389110.18092,12231338879.822004,1296367693418.7727,0.0,8334.796268499304,955400874057.763,888059484947.582
latam,2026,15385171553575.742,309911307.48782,0.0,1184974906128.5454,812427831743.2131,118500365045.74666,0.0,21951599739.59611,6328137187.823813,930928196788.9598,0.0,14736.250277982586,254046709339.58557,232095109599.98947
seasia,2026,15297701270658.543,345582264.2807318,0.0,1285580352016.9148,802534183621.3956,115167996835.90623,0.0,6724434397.552711,7360663948.401954,917702180457.3019,0.0,13267.526588403778,367878171559.6129,361153737162.0602
russia,2026,13591674512698.63,142376758.5560886,203659.67093260528,779720142422.1497,681940404921.012,79897915032.98456,31489263016.99717,0.0,6400476488.999376,761838319953.9966,0.0,20949.93751363234,17881822468.153076,49371085485.150246
mena,2026,14935384601347.836,229863247.38124976,279603.65663837205,1941281160538.5176,862857615211.377,222228659475.73975,39787229258.033394,0.0,9828500892.29687,1085086274687.1167,0.0,21152.088069819238,856194885851.4009,895982115109.4343
ssa,2026,5115263362686.032,471103577.885815,0.0,893154311732.6384,248345606576.92004,33664800617.88058,0.0,4102136370.397464,6013681583.354782,282010407194.8006,0.0,3706.02193117199,611143904537.8379,607041768167.4404
us,2027,49791590483354.94,169202027.075986,1876385.109310421,2329577201356.97,2497350012632.8823,279151313998.32465,451888751255.1525,0.0,14244833976.212223,2757783363254.9624,18717963376.24376,62923.70303705832,-428206161897.9922,4964625980.91658
oecd-ex-us,2027,66546231891314.984,389236706.9107023,2618449.35617851,2763913879793.548,3383075706312.642,364410880898.0126,415029347683.5245,0.0,14367096605.725931,3730574520239.0166,16912066971.638184,42505.07432557021,-966660640445.4688,-568543359733.5825
china,2027,68101064979987.57,758191416.477752,0.0,3055526890900.2534,3423780042661.3027,376551398152.01733,0.0,19901022578.830288,1102771800336.2585,3800331440813.3203,0.0,24946.710040432743,-744804549913.0669,-764705572491.8972
india,2027,19081583910374.914,788062357.0266844,0.0,2242123342979.965,1074477284551.0702,259862962435.707,0.0,59323570671.05892,12466531431.549553,1334340246986.777,0.0,8720.209769160245,907783095993.1877,848459525322.1288
latam,2027,15606105798430.654,311483914.8849567,0.0,1171838917807.7627,816640882961.8418,120098716071.26044,0.0,20381594506.76083,6216520587.024443,936739599033.1023,0.0,15286.446916063733,235099318774.6604,214717724267.89957
seasia,2027,15644703542615.62,348088049.0115688,0.0,1272740910343.5442,810518595130.9286,117146444471.0847,0.0,5381470737.675074,7307871953.223174,927665039602.0133,0.0,13784.578329939995,345075870741.5309,339694400003.85583
russia,2027,13640844994091.398,144123489.48086154,395955.13785177254,776496253279.9685,683123479926.1304,80224500567.3805,29917051592.64176,0.0,6105157013.674347,762037871452.8462,1310109040.6646526,21617.743494906772,14458381827.122314,43065324379.09943
mena,2027,15777428844026.514,234164379.23420942,418506.85678743233,1942281184570.678,888384506186.0529,237839572048.6625,20478523237.489098,0.0,5508613105.22775,1123865253040.0754,2358825194.6398616,21823.19412143207,818415931530.6025,836535629573.4518
ssa,2027,5722700721168.678,492510972.63810176,0.0,910168627438.001,264093150819.57855,36812160932.14624,0.0,7647914046.374463,5821956842.743675,300905311751.7248,0.0,3924.81990741194,609263315686.2761,601615401639.9016
us,2028,49796195400653.6,170354467.2650064,2842353.5494088484,2302393271911.941,2500447091147.3037,280357477799.89465,469953791152.2221,0.0,13062423181.735197,2743569084318.489,37235484628.70976,63881.398876560765,-441175812406.54785,-8457505883.035507
oecd-ex-us,2028,65959857990796.78,388436174.8888486,3879883.9902781122,2723251219070.68,3368684540658.611,361296894712.84247,406075726754.207,0.0,14280589028.378662,3696516242390.358,33465192981.095123,43406.67576409311,-973265023319.6777,-600654489546.5658
china,2028,67281026420984.625,751843667.4032925,0.0,2946685428253.968,3399072094761.195,370558256758.74225,0.0,24097685716.86016,27004049979.82737,3769630351519.937,0.0,25680.32047045773,-822944923265.9692,-847042608982.8293
india,2028,19900175956773.785,796680883.1263683,0.0,2231786730363.1196,1096409861747.1823,274756589586.78748,0.0,52939480891.52664,10911248261.252504,1371166451333.9697,0.0,9119.297570303788,860620279029.1499,807680798137.6233
latam,2028,15807382837788.4,312103868.30987054,0.0,1158293714903.4397,820595503587.425,121507157111.13779,0.0,21024153326.510197,6110138479.364257,942102660698.5629,0.0,15852.009111984375,216191054204.87683,195166900878.36664
seasia,2028,15968826563052.465,349660894.81288093,0.0,1258899797053.772,818202587417.7365,118959015667.34877,0.0,4898241309.676845,7283067777.831411,937161603085.0852,0.0,14316.766516730313,321738193968.68677,316839952659.00995
russia,2028,13683652200043.057,144777111.9619711,594167.579708478,770607462987.1965,684173204709.7269,80507518524.74734,31010087970.06382,0.0,5870378228.867818,762137366510.887,2543356723.5872774,22301.31967664412,8470096476.30957,36936827722.78611
mena,2028,16559582520529.953,237623537.87466073,419827.5715987916,1940486425134.718,912621702846.0408,252368557000.0892,1230853805.696859,0.0,5426657409.13922,1161483372158.894,3506887687.2359548,22510.072830855686,779003052975.824,776727019094.2849
ssa,2028,6325495946446.015,513999374.0544561,0.0,926713578762.0059,280057048831.96295,39944850423.507034,0.0,9446805459.369572,5530351230.172086,320001899255.47,0.0,4153.888135378867,606711679506.5359,597264874047.1663
us,2029,49754060889534.85,171400651.4481304,3774077.2297177645,2272414670338.216,2503452363939.5596,281379518835.5178,456371492972.54565,0.0,13911208345.562283,2728490578608.465,56341304166.61233,64853.46001565609,-456075908270.249,-56045719464.3157
oecd-ex-us,2029,65328364889650.31,387426511.0286184,5087325.642529353,2674359002886.591,3353054705533.7417,357936273611.0675,391091629589.3337,0.0,14047245522.388874,3661458612850.819,49532366293.99085,44323.34507815357,-987099609964.228,-645540346668.8851
china,2029,66376315477862.195,744989866.8142389,0.0,2825288837584.229,3371689680931.6416,364166873882.9766,0.0,20471021677.09551,26327795785.11571,3735856554814.618,0.0,26429.915961202536,-910567717230.3892,-931038738907.4846
india,2029,20905589450609.086,804922509.6174788,0.0,2216178745639.8423,1115436589284.4658,291345933477.36694,0.0,50849442555.84464,246866713513.14093,1406782522761.8328,0.0,9532.379329332112,809396222878.0095,758546780322.1649
latam,2029,15988095637859.559,312581301.04755485,0.0,1141926263064.4084,824169081456.8353,122715370627.48296,0.0,20350998585.721256,6021987676.798303,946884452084.3182,0.0,16433.209741931896,195041810980.0902,174690812394.36896
seasia,2029,16265746749889.787,351051384.62470686,0.0,1242046705693.2605,825519557887.5503,120613434696.33983,0.0,5672565921.596031,6679039649.55472,946132992583.8901,0.0,14864.373793171797,295913713109.37036,290241147187.77435
russia,2029,13716093998602.428,145369431.3047525,788946.8684586942,761614055620.3455,685110480223.9807,80738284663.61913,30665519450.22662,0.0,6010988376.397852,762037966147.6948,3810798739.904851,23000.90659669084,-423910527.34936523,26430810182.972404
mena,2029,17486172700296.209,240888687.5383607,412195.9140167369,1933170963327.2458,933024048388.7992,268118019196.14655,0.0,7125314554.2327,201686598578.19196,1197690709205.4348,3451358379.5109887,23212.963919281494,735480254121.811,724903581188.0674
ssa,2029,6977591673959.13,535810725.3552602,0.0,941754813266.6677,295172429891.83887,43841215414.44781,0.0,9657681764.08593,59012241316.81882,339013645306.2867,0.0,4393.567717593679,602741167960.3811,593083486196.2952
us,2030,49680794095360.49,171673992.0823647,4706906.758866999,2240501787895.743,2505167692683.43,282155829290.14404,459848530486.218,0.0,13706409417.234924,2712516205925.6675,74807316047.90678,65840.10188919432,-472014418029.9243,-86973203591.61308
oecd-ex-us,2030,64656693795599.164,385424359.7734961,6272177.251225639,2618549752421.3247,3335764591428.4556,354360634287.6327,386156332408.17993,0.0,13748046835.44795,3625163753142.625,64961472573.46433,45255.29305182552,-1006614000721.3003,-685419140886.5847
china,2030,65379243892110.42,737332396.7192405,0.0,2695110836908.0674,3341698503732.478,357367230562.80786,0.0,19241744079.6666,26125055715.050137,3699065734295.286,0.0,27195.727807779884,-1003954897387.2188,-1023196641466.8854
india,2030,21623979706644.69,812569440.6706854,0.0,2195715018657.2673,1136041884041.707,304146389749.92096,0.0,48542437184.23,11405948354.187527,1440188273791.628,0.0,9959.777508732528,755526744865.6394,706984307681.4094
latam,2030,16368735911102.387,312799955.1427212,0.0,1122821279583.1514,825389223959.102,126041088424.1732,0.0,20274713143.85016,229524019186.8129,951430312383.2753,0.0,17030.323695723804,171390967199.8761,151116254056.02594
seasia,2030,16749495241690.535,352185041.93628347,0.0,1222423760488.6226,830108257319.9802,124444598272.29128,0.0,3992184057.687781,219869770962.07892,954552855592.2715,0.0,15427.68486150673,267870904896.35107,263878720838.6633
russia,2030,13931089434205.92,145577058.72535425,972241.6782324542,750662198409.4493,683796803416.5818,83018350587.26208,29248277972.62066,0.0,201900113225.2748,761819115989.618,4996038014.22594,23716.746981368073,-11156917580.168701,13095322378.226017
mena,2030,18158106647214.605,243805653.31474546,404195.2345990645,1920454744021.184,954502847863.0088,280615509790.13806,0.0,18834436417.007153,5431996967.374479,1231755009390.726,3363348262.4204707,23932.10930710392,688699734630.458,666501949951.0304
ssa,2030,7569516141373.296,557830141.2240518,0.0,955258768295.3945,311520313838.3546,46958009830.320915,0.0,10271318548.935387,5415341336.381758,358478323668.67554,0.0,4644.205249223411,596780444626.719,586509126077.7836
us,2031,50370807351454.12,171891756.55106536,5640791.760934183,2211263738078.2603,2499340010561.042,290139826760.804,466268713985.8337,0.0,801960641351.3743,2697394677523.3745,92085159798.4719,66841.54316421963,-486130939445.11426,-111947385257.75247
oecd-ex-us,2031,65032979172333.19,383223143.7930045,7412558.007282005,2562814243390.408,3310307157776.833,360375636997.3574,376614543959.25287,0.0,1107539384158.5986,3591634396501.1074,79048398273.08301,46202.73363074432,-1028820153110.6992,-731254007424.5293
china,2031,64289553585905.13,741542873.8626046,0.0,2564909022023.7314,3308770276436.4136,350138539626.5359,0.0,21234985004.29594,25544472838.233128,3658908816062.949,0.0,27977.989736417916,-1093999794039.2178,-1115234779043.5137
india,2031,22289306103678.734,819713433.1027505,0.0,2174924891250.3726,1155841379550.5676,315846291136.50183,0.0,48514009482.20967,10603185952.945719,1471687670687.0693,0.0,10401.817343343451,703237220563.3032,654723211081.0935
latam,2031,16503511770925.898,312854124.4686533,0.0,1103292738938.8064,828027669599.8567,126813235119.45428,0.0,19834183209.18955,6158208813.194405,954840904719.311,0.0,17643.627903711116,148451834219.49536,128617651010.30582
seasia,2031,16991780784989.059,353113781.3179586,0.0,1201657621790.9597,836328151037.9912,125702927751.1647,0.0,4390953843.024185,7049954139.736791,962031078789.1559,0.0,16006.98649853841,239626543001.80383,235235589158.77966
russia,2031,13934342926919.912,145695400.7844581,1130876.4403066088,738850208649.087,684143448503.6746,83116469978.64789,25610383494.856804,0.0,6052819052.367343,761098630442.8441,6161288039.478528,24449.08579715517,-22248421793.75708,-2799326338.378804
mena,2031,18782601977799.09,246572763.92365572,396173.14328616235,1905641856695.2415,974633720593.6737,292061304757.2975,0.0,19904782083.950882,5453281324.162403,1263415593613.906,3279431737.0649505,24667.753166027112,642226263081.3354,619042049260.3196
ssa,2031,8155398932319.332,580118738.5945679,0.0,968324566697.4432,328107937263.4791,50056743412.408516,0.0,9572044460.860529,5294949385.338337,378164680675.88763,0.0,4906.152742525057,590159886021.5557,580587841560.6952
us,2032,50250149244992.39,172062929.91921562,6581196.280842045,2183380791218.25,2499667637074.235,288980359044.2797,470523402254.26294,0.0,14085696184.294142,2679879333647.308,108768662471.20625,67858.00578844365,-496498542429.0581,-134743802646.00142
oecd-ex-us,2032,64286421839977.71,380870004.34571177,8550942.835606849,2507674123036.8994,3290149422467.147,354977942433.6204,376569620646.559,0.0,14326288861.797688,3553016343650.315,92111021250.45224,47165.883974343735,-1045342220613.4155,-760883621217.3087
china,2032,63104780408460.48,732723347.3102483,0.0,2426269555635.883,3272762020217.647,342493128580.8523,0.0,20563202365.043625,24775618082.9866,3615255148798.499,0.0,28776.937962116455,-1188985593162.6162,-1209548795527.66
india,2032,22903185415114.863,826338919.2649544,0.0,2153764105922.5918,1174713574204.9602,326450399049.21045,0.0,49484346961.13284,10763525728.85303,1501163973254.1707,0.0,10858.826810265658,652600132668.4211,603115785707.2883
latam,2032,16615803305499.414,312742178.7282213,0.0,1083440563721.2677,830191644322.7406,127375583084.782,0.0,19486028195.236267,5904226455.019398,957567227407.5226,0.0,18273.401366102265,125873336313.74512,106387308118.50885
seasia,2032,17204481120144.46,353827283.38584036,0.0,1178764061362.2593,841958635376.0044,126750443259.90622,0.0,4411283099.917637,7056635528.98086,968709078635.9106,0.0,16602.567574975026,210054982726.34863,205643699626.431
russia,2032,13929084735769.664,145771527.16972598,1318888.7448440369,725536652860.2302,684059625254.4956,83018630242.75935,30232992236.87644,0.0,6050419249.892083,760009556913.7543,7068698583.500563,25198.170303876817,-34472904053.52405,-11308610400.148172
mena,2032,19358283788790.766,249174194.4614281,392235.7890137927,1888707047965.4639,993912769452.0792,302184631567.3316,0.0,22239962689.957966,5312126735.572283,1293318553073.7686,2778847945.6423903,25420.141972649904,595388494891.6953,570369684256.095
ssa,2032,8732992273280.027,602575724.6019938,0.0,980993010154.2302,344961470341.01917,53142887474.54394,0.0,10680085164.97066,5384773787.001231,398104357815.5631,0.0,5179.767549924288,582888652338.6671,572208567173.6964
us,2033,50105552337199.55,172184467.95959496,7522467.93853594,2156538785473.2458,2499477818528.262,287792396904.17285,472245563668.9388,0.0,13888958497.381105,2661589096195.789,125681119236.64615,68889.71503944589,-505050310722.5432,-158485866290.25058
oecd-ex-us,2033,63508118262358.664,378357450.3197935,9673663.343083126,2453821739713.377,3268789854443.745,349528395413.3188,372321509739.65564,0.0,13871422784.993322,3513054955764.4067,105263294092.65784,48144.96450873834,-1059233216051.0298,-792175000404.032
china,2033,61824528375940.22,723297964.7416354,0.0,2284405283201.817,3233600310813.129,334428914303.1064,0.0,20622672489.505642,23994581883.693916,3568029225116.2354,0.0,29592.811247434103,-1283623941914.4185,-1304246614403.924
india,2033,23469123941733.758,843309144.6227541,0.0,2132645153016.4172,1192626924048.5334,336008328346.6771,0.0,48389980630.889725,10318606628.575766,1528635252395.2104,0.0,11331.136601512213,604009900621.2068,555619919990.317
latam,2033,16706402302704.785,312466572.67143697,0.0,1063390236847.8086,831868634050.9198,127729754561.74379,0.0,19041408187.561016,5848557157.771155,959598388612.6636,0.0,18919.925184693802,103791848235.14502,84750440047.584
seasia,2033,17387834463717.992,354318916.4148584,0.0,1155657549998.2876,846963163135.6414,127577878570.07068,0.0,4968928252.642155,7205763533.59974,974541041705.712,0.0,17214.719077399044,181116508292.57556,176147580039.9334
russia,2033,13909633622761.604,145769328.88014534,1504478.2852830556,711232368282.6187,683804741047.7872,82879462827.4811,29953423860.913486,0.0,6047298723.677701,758509277722.9875,8174926152.280985,25964.250109372333,-47276909440.3689,-25498411731.736397
mena,2033,19885650554712.973,251609400.35270226,390292.41200341843,1869669667699.174,1012257126212.4603,311619153459.6542,0.0,23597700717.683506,5171078612.842552,1321339865584.5447,2536414087.5699735,26189.52456350803,548329802114.6294,522195687309.3759
ssa,2033,9302192229005.254,625206100.31962,0.0,993264537589.7551,361999827549.1225,56201212479.77796,0.0,11245205991.557623,5381664155.933435,418201040028.90045,0.0,5465.412286013566,575063497560.8547,563818291569.2971
us,2034,49943981764708.04,172271176.46334502,8483965.697725134,2126444944351.2769,2498704119113.5386,286526918493.9102,483502128880.968,0.0,13713391883.71586,2642568675628.1807,142662361979.26746,69936.8995746124,-516123731276.9038,-175283964375.20325
oecd-ex-us,2034,62699284226878.17,375689571.5816182,10790113.463977408,2397020947806.6987,3246117898788.0796,344068482926.0447,371307378558.25757,0.0,13024019868.67298,3471822848772.405,118363532941.71921,49140.198980262394,-1074801900965.706,-821858055349.1677
china,2034,60454002947396.484,713284696.3667156,0.0,2140405231893.5195,3191174371443.7393,325917087338.26544,0.0,18324270233.314728,24485068578.072205,3517091458782.005,0.0,30425.850962392054,-1376686226888.4854,-1395010497121.8
india,2034,23982259669319.918,848883057.588409,0.0,2109964184231.1777,1209687208549.4832,344586122224.25385,0.0,52999426877.36366,10444301006.081709,1554273330773.737,0.0,11819.080099483755,555690853457.4407,502691426580.077
latam,2034,16774455247570.48,312020751.29281735,0.0,1041470623144.5957,833062020736.4121,127887167112.11237,0.0,18161240150.973057,5692749720.597155,960949187848.5244,0.0,19583.48259699224,80521435296.07129,62360195145.098236
seasia,2034,17542872845315.164,354604294.4841153,0.0,1132233518246.6013,851324668438.4619,128204362895.23468,0.0,4400376015.143346,6734270699.4102955,979529031333.6965,0.0,17843.734132856633,152704486912.9048,148304110897.76144
russia,2034,13875025734427.49,145682734.08132687,1688257.7756402784,695466967749.4191,683180114681.0052,82663773748.64297,29779928844.173225,0.0,5989103501.938144,756573646019.2133,9270242410.434685,26747.577225625948,-61106678269.79419,-40596991836.05565
mena,2034,20362280926809.473,257150528.39203757,388246.03681806213,1847106020298.341,1029655463573.6514,320360873703.41077,0.0,25583808664.984287,5124497740.196684,1347492897322.0454,2523439955.016737,26976.152191552625,499613122976.29565,471505874356.2946
ssa,2034,9862960019134.334,653333126.0617926,0.0,1004250126145.1099,379231714405.2096,59236051530.54875,0.0,10351255575.5322,5336685495.256688,438467765935.75836,0.0,5763.4547487528625,565782360209.3516,555431104633.8193
us,2035,49745588874207.13,172283115.77298224,9430674.631918637,2092843220259.8389,2497593486904.498,285337661988.52325,478181054717.2138,0.0,13513983415.037746,2622729056808.967,160202092084.0531,70999.79148182356,-529885836549.1279,-211906873915.96722
oecd-ex-us,2035,61849581029746.484,372830017.2344366,11871140.51470949,2336267629396.743,3222158865046.801,338582296226.7061,361223123689.1591,0.0,13547211055.865541,3429205929260.7534,131535232012.7521,50151.81450967642,-1092938299864.0103,-863250408187.6031
china,2035,60000895955856.766,702643519.9171418,0.0,1995787357429.7393,3141843748927.18,327093913295.53644,0.0,20932968965.795258,1040976282219.0027,3468937662222.717,0.0,31276.301145481142,-1473150304792.9775,-1494083273758.7727
india,2035,24445243829464.402,853925486.1620992,0.0,2084871489839.4697,1225620912284.181,352163808765.86017,0.0,53716809767.45829,9614201122.506693,1577784721050.041,0.0,12322.993355349145,507086768789.4287,453369959021.9704
latam,2035,16818827056351.145,316095401.2729213,0.0,1017868796456.56,833743173034.8094,127840129100.30997,0.0,17625328948.147896,5711643407.370268,961583302135.1194,0.0,20264.359012709418,56285494321.440674,38660165373.29278
seasia,2035,17669017019903.957,354666407.2159187,0.0,1107705605215.2026,855084218964.283,128632818504.11261,0.0,4502954157.510488,6658560999.48999,983717037468.3955,0.0,18489.90803605888,123988567746.80713,119485613589.29665
russia,2035,13824983593569.71,147729965.96336016,1873270.6593172126,678475982156.147,682152970367.8186,82371589027.94925,30098068036.126682,0.0,5908368345.728781,754162758265.952,10361801129.815727,27548.40612633718,-75686776109.80505,-55950509203.4941
mena,2035,20789061752455.387,259213052.559949,385999.55364046793,1821781998621.7656,1045980467413.7161,328172543895.78375,0.0,25821051835.59727,4972890169.260532,1371630972520.2964,2522038789.2032795,27780.278584044616,450151026101.46924,421807935476.66864
ssa,2035,10414124704878.148,676300747.8297184,0.0,1013911665922.7051,396671980623.84296,62246544699.43083,0.0,9136586652.24216,5308131796.628605,458918525323.2738,0.0,6074.267840154052,554993140599.4313,545856553947.1891
us,2036,49516948686321.32,175046940.43381357,10370688.509699583,2060486636870.702,2495466340024.1543,283987896381.3596,476992871560.7605,0.0,13334540088.241785,2601914539278.6636,177539697126.85092,72078.62633090236,-541427902407.9617,-241974727974.0521
oecd-ex-us,2036,60963386369266.45,376415250.10964245,12927425.0215454,2275400813887.367,3196505524443.2744,332954963824.0374,354754486978.33093,0.0,13110526921.62794,3385092960455.9614,144367527811.35135,51180.04164705318,-1109692146568.5942,-899305187401.6146
china,2036,58446968846924.9,691420942.6834455,0.0,1853213985179.3765,3093568504191.4272,317765688954.2657,0.0,19758715990.175934,23951815024.70666,3411334193145.693,0.0,32144.40856575911,-1558120207966.3164,-1577878923956.4924
india,2036,24862117851536.78,858485834.7397546,0.0,2058564858507.1943,1240541304145.4917,358781986383.3713,0.0,52023506391.931915,9655960485.98404,1599323290528.863,0.0,12843.215070404938,459241567978.3313,407218061586.3994
latam,2036,16840119839029.994,315280981.97638476,0.0,994742459445.5812,833856802961.9939,127590378975.41852,0.0,17513301333.945477,5510806504.634374,961447181937.4124,0.0,20962.8420526122,33295277508.168823,15781976174.223347
seasia,2036,17767069099191.527,359551966.6429357,0.0,1083573758591.6656,858185681243.9384,128861581310.71552,0.0,5142710252.41065,6668293502.976515,987047262554.6538,0.0,19153.538279183922,96526496037.01184,91383785784.6012
russia,2036,13760159665130.402,147472145.07985482,2055378.4217118535,661991348427.9944,680707381005.8524,81996050566.47322,29798830742.873837,0.0,6089323962.14782,751230598286.5662,11472833285.759502,28366.993805910806,-89239249858.57178,-70913252401.45744
mena,2036,21170031719043.59,261110244.48507762,383549.3371608018,1796996373147.274,1061246219061.3949,335061915424.6588,0.0,24729433696.542503,5011161623.516955,1393790118362.306,2518016123.747812,28602.160001844866,403206254784.968,375958804964.67773
ssa,2036,10952709784229.248,699292325.982985,0.0,1023103324800.3032,414292327441.02167,65227128293.78513,0.0,10275629985.80022,5276840271.404809,479519455734.8068,0.0,6398.229486727132,543583869065.4964,533308239079.69617
us,2037,49267791410360.41,174951231.97431412,11316242.9413219,2030585994025.302,2492496402771.5464,282496396278.4465,481968831600.5819,0.0,13280697463.206413,2580175187872.569,194817611177.42462,73173.64322583453,-549589193847.26685,-262437973424.10956
oecd-ex-us,2037,60048913712899.51,373223189.3668031,13971070.63959166,2216682305758.174,3169280454206.5327,327214272501.63763,352396266216.5174,0.0,12943498366.536129,3339492554663.529,157002172044.64413,52225.114427354754,-1122810248905.355,-927416154733.4818
china,2037,56808505620584.305,679611051.1660588,0.0,1706705881551.993,3042172388865.5034,308104684147.3543,0.0,17779593268.003536,22887558388.22024,3350277073012.858,0.0,33030.42278602598,-1643571191460.865,-1661350784728.8684
india,2037,25469873740619.062,862487670.4564204,0.0,2032139477556.5,1249620698088.3342,367292977115.7229,0.0,54481724659.65167,247011811389.4816,1616913675204.0571,0.0,13380.086580480644,415225802352.4429,360744077692.7912
latam,2037,16839620041921.797,314289023.1823021,0.0,972046519326.0344,833399617750.4968,127149039004.87308,0.0,17324301775.60127,5326642096.724667,960548656755.3699,0.0,21679.22158970571,11497862570.66455,-5826439204.936718
seasia,2037,17840301729016.887,359203449.6989977,0.0,1060353874745.2534,860620393903.2843,128899709960.97638,0.0,4309800223.991917,6708659168.358583,989520103864.2607,0.0,19834.92458426673,70833770880.99268,66523970657.00076
russia,2037,13681028515782.748,147128473.81768543,2226267.4976923596,647348442471.146,678842876353.8832,81561474068.67603,28237826035.124657,0.0,5686932568.625262,747820765579.2805,12583584843.278374,29203.599839846298,-100472323108.13452,-84818081916.28824
mena,2037,21507447005169.918,262846560.40608788,380856.21892113343,1773187490282.952,1075551924333.3553,341101543583.7126,0.0,24118782667.73428,5000046428.178269,1414142881521.5706,2510586395.4973845,29442.055300080377,359044608761.38135,332415239698.1497
ssa,2037,11479322317358.008,722330222.8263158,0.0,1031724698710.5398,431987021050.6934,68159910034.117134,0.0,10337586768.841557,5372352271.871099,500146931084.81055,0.0,6735.7225599628055,531577767625.72925,521240180856.8877
us,2038,49001239295613.28,174813373.9902753,12266581.348538605,2003490527284.6726,2488963308024.226,281048422253.1671,486849416982.73254,0.0,13119671262.861416,2557752803048.8687,212258927228.5253,74285.08485777202,-554262275764.196,-279671786009.9888
oecd-ex-us,2038,59114452417937.76,369892912.7637409,15011488.156194288,2162172935241.5,3140682764006.682,321822630680.5966,353255361501.27203,0.0,12615802982.737074,3292968827601.367,169536567085.9121,53287.270426712654,-1130795892359.8672,-947077097944.5073
china,2038,55103971353363.68,667269353.2573029,0.0,1576630477667.9023,2987604774210.4336,299166628671.7643,0.0,17072254490.237032,22678912483.94645,3286771402882.1978,0.0,33934.596227066046,-1710140925214.2954,-1727213179704.5325
india,2038,25792901060253.28,865841546.639587,0.0,2005212003637.093,1262318264178.7366,375246887478.8693,0.0,54416491694.60548,9796959349.341871,1637565151657.606,0.0,13933.95184345038,367646851979.48706,313230360284.8816
latam,2038,16817844263660.03,313109053.4327273,0.0,949331619803.9631,832389306078.2025,127568074614.78201,0.0,16453864987.484821,5303847614.751872,959957380692.9845,0.0,22413.789792727977,-10625760889.021362,-27079625876.506184
seasia,2038,17888647287996.7,358638508.14197975,0.0,1038190967018.7395,862483893905.9994,129833611994.1928,0.0,4167056386.3799496,6639154247.631681,992317505900.1921,0.0,20534.368938161053,45873461118.54736,41706404732.16741
russia,2038,13593574099602.447,146728997.58459932,2406441.8720839503,634616145183.3657,676558532630.1571,81086179386.18271,29859646121.392487,0.0,5714504531.288045,744033066661.1024,13611645355.237112,30058.486446507162,-109416921477.7367,-93168920711.58131
mena,2038,21799692795354.61,264364850.12166613,377851.215012536,1751298383032.241,1088924773346.6455,348918700013.659,0.0,26115534440.97596,4906414953.73786,1435344832468.3674,2498640891.9370728,30300.225990167473,315953550563.87354,287339375230.9605
ssa,2038,12057537353698.416,745315566.3308086,0.0,1039706798495.1619,446699763168.5828,72278800422.7089,0.0,11381149514.597588,68867950951.13031,518978563591.29175,0.0,7087.134797121599,520728234903.8701,509347085389.2725
us,2039,48702236163558.72,174602275.57962832,13186872.810240172,1978330425401.2373,2484934534686.75,279540707852.55884,475131077032.7926,0.0,12010608050.74926,2534626696085.276,229848546454.03244,75413.19755883177,-556296270684.0386,-311013740105.27844
oecd-ex-us,2039,58152468886060.59,366397459.1805736,16011056.748484274,2110889232124.762,3110912222690.7754,316349331397.5037,342280858089.51434,0.0,12107931996.876587,3245173956685.34,182087597402.93805,54366.75081942342,-1134284724560.578,-974091463874.0015
china,2039,53355498321429.81,666668210.0433369,0.0,1466550264363.6445,2930184220526.8413,289955676014.1052,0.0,15695493432.024467,20812093675.46042,3220139896540.9463,0.0,34857.18423294564,-1753589632177.3018,-1769285125609.3262
india,2039,26071673104444.188,868591724.9018588,0.0,1977416338901.9229,1273862781658.133,382116501218.3009,0.0,52429808016.19541,9764796181.625992,1655979282876.434,0.0,14505.157429905297,321437056025.4888,269007248009.29337
latam,2039,16990200484532.97,311734790.9861361,0.0,926953297785.8105,828581740307.9347,130000359104.7281,0.0,16611992906.825106,220597015406.62057,958582099412.6628,0.0,23166.841171932578,-31628801626.852295,-48240794533.6774
seasia,2039,17912594140176.465,357850464.4321391,0.0,1016850115041.0159,863726158771.3806,130548098065.70277,0.0,5153803154.266277,6524797130.100914,994274256837.0834,0.0,21252.175630055888,22575858203.932495,17422055049.666218
russia,2039,13495875647396.033,146259597.5144218,2576238.9701098367,622893026040.4397,674018311787.885,80564196699.51576,28446499528.507717,0.0,5544530712.042841,739880196785.5449,14702311701.85569,30931.918550251008,-116987170745.10522,-103242982918.45319
mena,2039,22261661588831.47,265732366.19173184,374663.9751884488,1732114608549.8638,1096053237561.207,358203821778.7308,0.0,22997966353.969116,207109210620.90695,1451803544292.3735,2453515047.5642357,31176.93630317324,280311064257.49023,254859582855.95688
ssa,2039,12558799000517.389,768254832.7238202,0.0,1047067335230.2736,464286827412.12006,75508431067.95403,0.0,11636057037.405989,5625627106.180483,539795258480.0741,0.0,7452.858722594691,507272076750.19946,495636019712.79346
us,2040,48386670551622.14,174339811.2629638,14103874.873126114,1955739349935.7034,2479859289943.9927,280730236642.3071,476515423383.5168,0.0,12769141330.467215,2513747804074.491,246841722511.80673,76558.2313567015,-558008454138.7878,-328334753267.07776
oecd-ex-us,2040,57177039229786.99,362758578.00920916,17016094.271791592,2063166675215.7656,3079641104529.3276,317825952559.21204,346304934480.55524,0.0,12565791118.594177,3203315751633.3535,194151305455.18515,55463.80043567204,-1140149076417.588,-987995447392.2179
china,2040,51574689808468.95,653466439.6537544,0.0,1375735793477.5645,2870447160342.724,289050345252.44055,0.0,17351589049.622677,20304788206.305214,3159497505595.1646,0.0,35798.4451373568,-1783761712117.6,-1801113301167.2227
india,2040,26299123984938.453,870501791.1851395,0.0,1950052705368.6033,1284332315063.7695,394348625415.2658,0.0,53714316945.48869,9793432550.175886,1678680940479.0354,0.0,15094.052517035112,271371764889.56787,217657447944.07916
latam,2040,16926420374209.936,310146327.4062713,0.0,905587354213.2626,826418433444.3243,132653269907.0242,0.0,15919460707.512398,5623699522.569628,959071703351.3485,0.0,23938.672627134798,-53484349138.08594,-69403809845.59833
seasia,2040,17912579861849.336,356822760.81000984,0.0,996693841593.3147,864323263539.6658,133437680364.38446,0.0,5444531338.045054,6497355321.658573,997760943904.0503,0.0,21988.651291527007,-1067102310.7355957,-6511633648.78065
russia,2040,13585604249539.482,145749490.52960804,2768867.1339835417,611913799633.5452,669352342970.5894,82843624847.33981,32390349981.79494,0.0,197620420346.0316,736658327510.01,15537640307.919298,31824.163845901876,-124744527876.46484,-107891818202.5892
mena,2040,22481271657818.2,266867849.51063785,371201.72778368474,1714354204524.2988,1107266920941.5022,369082817554.0226,0.0,23592822224.632694,5198425182.581643,1473916580295.6733,2433158199.8512716,32072.453254497323,240437624228.6255,214411643804.14154
ssa,2040,13045692847122.398,791111453.2882979,0.0,1053824987389.8799,481904684122.4277,79039827332.14166,0.0,11700974024.575832,5714344694.276477,560944511454.5693,0.0,7833.2915700960575,492880475935.31055,481179501910.73474
us,2041,48854949439564.59,174026093.38933226,15015096.488970133,1934118999225.4524,2467727000120.886,289013103803.48944,479699693956.007,0.0,811200298685.3346,2496446024102.255,260294079822.11932,77720.4400300647,-562327024876.8025,-342921410742.9148
oecd-ex-us,2041,56192599410544.875,358990002.31660044,18033786.393441655,2016981814923.7617,3047183726440.881,318795029747.8878,352896001614.4227,0.0,11661120408.464596,3159645254922.7197,206333501266.05005,56578.66781999596,-1142663439998.958,-996100939650.5853
china,2041,49787903678068.375,639937615.411269,0.0,1307695253446.9866,2808388540628.443,287730300296.47687,0.0,18027969768.486233,19665426845.831135,3096118840924.92,0.0,36758.64033099737,-1788423587477.9333,-1806451557246.4197
india,2041,26479693937494.633,882078795.5039116,0.0,1922493912889.319,1293282171111.226,405151660428.7205,0.0,52268271695.47917,8778142902.27562,1698433831539.9465,0.0,15700.988885761122,224060081349.37256,171791809653.89337
latam,2041,16842112901650.338,308339781.4112914,0.0,884920761900.0752,823610546928.3732,134995990774.5742,0.0,16108480713.86068,5486783957.131973,958606537702.9474,0.0,24729.583497995896,-73685775802.8722,-89794256516.73288
seasia,2041,18102449608056.68,355577342.0775773,0.0,977877237025.3384,861373369746.4559,138479314729.4151,0.0,5185180584.864,217030374242.7446,999852684475.8711,0.0,22744.10493910228,-21975447450.532715,-27160628035.396713
russia,2041,13474740542239.115,145168984.6005991,2951388.8863851745,601397957787.7751,666350566507.1991,82967970283.19684,31060328563.03928,0.0,5996543139.210242,732623401489.0588,16695135301.337551,32735.492864546854,-131225443701.28369,-116860250439.58197
mena,2041,22661919325936.28,267766146.29567906,367432.615008826,1697390333046.8237,1117268486012.5613,378840319901.9825,0.0,25788660625.156174,5154801610.956221,1493700812544.2354,2407993370.308507,32987.046709856564,203689520502.58838,175492866507.1237
ssa,2041,13517211103999.502,813846433.0395124,0.0,1059834686050.313,499528886650.78345,82505846698.77695,0.0,12032263243.368942,5750567419.726575,582034733349.5604,0.0,8228.835205939338,477799952700.75256,465767689457.3836
us,2042,48528276157583.66,173707335.35427892,15957054.915528325,1910198064332.6584,2461483852854.019,286563310004.6613,498245023287.6476,0.0,12930793257.509811,2471079464786.2285,276967698072.45087,78900.0811648572,-560881400453.5701,-339604075238.37335
oecd-ex-us,2042,56242560248199.66,355125873.1698738,19059504.064634796,1972753720291.9998,3011647365150.377,323456358171.3427,360283695099.2814,0.0,1052027145585.2341,3119357661927.5083,215746061394.21118,57711.60529050268,-1146603941635.5085,-1002066307930.4384
china,2042,48018797902816.64,626214907.3902372,0.0,1252811316948.293,2744633679716.8867,278918071908.60114,0.0,17828369889.735188,19463029315.215508,3023551751625.488,0.0,37738.03432997924,-1770740434677.1948,-1788568804566.93
india,2042,26626948553616.566,882841686.9524006,0.0,1893655189388.4912,1300827778922.8108,399488664607.4364,0.0,55009859723.35197,8925729987.052368,1700316443530.247,0.0,16326.320921157347,193338745858.24414,138328886134.89218
latam,2042,16743641992537.031,306399728.896964,0.0,864316586666.7188,820140384985.2036,132512253064.54396,0.0,15527405849.351439,5392548119.069812,952652638049.7476,0.0,25539.87561651919,-88336051383.02881,-103863457232.38025
seasia,2042,18067403947841.484,354205379.3237485,0.0,959465128857.9756,860654303965.6755,136500115437.38887,0.0,4156031153.4930305,6799661483.38991,997154419403.0645,0.0,23518.848019317935,-37689290545.08887,-41845321698.581894
russia,2042,13360445630335.969,144555775.0571043,3142665.9050878324,592180439062.7405,663021788723.6757,81928123221.7785,32697598928.473526,0.0,5776962051.096814,727159147172.673,17790764772.780964,33666.17904063973,-134978708109.9325,-120071873954.23993
mena,2042,22820860774782.36,268599201.65738976,363409.8896867712,1680937823230.0881,1126029615200.7432,375285115291.9903,0.0,25817435597.3,5135791706.01838,1498936898766.0547,2377831726.6788135,33920.9894525558,182000924464.03345,153805657140.05466
ssa,2042,13974669367468.57,836570106.267474,0.0,1065046574132.7981,517118383703.2907,83627612304.93166,0.0,12821330439.192343,5979015783.677615,600745996008.2224,0.0,8639.896053646182,464300578124.5757,451479247685.38336
us,2043,48175651342736.03,173324191.29038247,16869555.12880486,1885732172432.4585,2455293511346.4683,283831988062.97034,487772998349.763,0.0,12995513779.556137,2444918609790.2783,294206889619.16,80097.41621136758,-559186437357.8198,-365620328627.2168
oecd-ex-us,2043,55242922355284.984,351137145.7939555,20048281.676151104,1932611692386.1626,2977885665388.517,317838036191.4453,351398038194.5296,0.0,12076078084.610931,3067668749543.2446,228054952036.7153,58862.86899885407,-1135057057157.082,-1011713970999.2678
china,2043,47190051517275.0,612380203.2203664,0.0,1206679821622.15,2682678310149.5605,279169366118.30865,0.0,14418308216.912052,940839777321.014,2961847676267.869,0.0,38736.89484525687,-1755167854645.7192,-1769586162862.6313
india,2043,26745429433488.63,883318925.3396008,0.0,1863532325969.1914,1307645155214.0603,393446705634.3363,0.0,52778751265.472206,8819166016.73426,1701091860848.3965,0.0,16970.405616190892,162440465120.79492,109661713855.32272
latam,2043,16630519358128.857,304318447.00592136,0.0,843634537720.5812,816257744262.9493,129833373103.38803,0.0,15875139534.120817,5209084771.692957,946091117366.3374,0.0,26369.85336173106,-102456579645.75623,-118331719179.87704
seasia,2043,18016584438974.242,352691276.26551193,0.0,940985189829.9996,859569170754.8665,134356761358.55122,0.0,4560809359.406305,6682042775.578412,993925932113.4177,0.0,24313.194456241592,-52940742283.41809,-57501551642.824394
russia,2043,13240539594548.646,143892583.92813185,3317560.075078693,584272378201.16,659546859815.4701,80804320816.63383,30428638679.44808,0.0,5744127964.184058,721407018547.7487,18944162084.3548,34616.498780395115,-137134640346.58862,-125650163751.49535
mena,2043,22954665823187.81,269338766.08338255,359070.1349383403,1663809449668.1118,1134434419247.4866,371570445580.0701,0.0,29069787637.91392,5070251202.804975,1503661754210.3147,2343110617.2420034,34874.557252028826,160147695457.79712,128734797202.64119
ssa,2043,14418493182812.35,864469561.1155586,0.0,1069475853902.7372,534750033880.7382,84650579538.33656,0.0,12214835769.539696,5963410629.660172,619400613419.0748,0.0,9066.885020125652,450075240483.66235,437860404714.1227
us,2044,47814190068842.055,172906531.018438,17767370.910287112,1870208985150.8503,2448163643813.369,280971247804.30963,484668909637.06635,0.0,12795722935.78444,2418294309140.018,310840582477.6624,81312.71054219437,-548085323989.1677,-374256996829.7638
oecd-ex-us,2044,54256031458903.52,347085035.7726276,21024470.62152626,1905740582100.0513,2942982934508.991,311946538542.559,350499246118.4109,0.0,11798748451.546602,3015052802786.307,239876670265.24646,60032.718991030866,-1109312220686.2559,-998689644833.0914
china,2044,45485377156599.46,598495297.6979837,0.0,1176327669508.1104,2618281098882.2793,269753165771.52014,0.0,12165794646.646128,19198029116.778084,2888034264653.7993,0.0,39755.4928530693,-1711706595145.689,-1723872389792.3352
india,2044,26839123903501.78,883549784.5925611,0.0,1839042206869.5645,1313930259670.7566,387413317117.4957,0.0,52944915812.7863,8940755744.636612,1701343576788.2524,0.0,17633.602578807277,137698630081.312,84753714268.52571
latam,2044,16507968599113.16,306711395.80454874,0.0,826761850516.9617,811929107213.1908,127131102863.965,0.0,15394680662.951626,5142281207.447948,939060210077.1558,0.0,27219.823716519313,-112298359560.19409,-127693040223.14572
seasia,2044,17954058818513.63,351068048.75546175,0.0,926236011078.2975,858062951423.3574,132216798688.76898,0.0,5135754963.173602,6653873536.383789,990279750112.1265,0.0,25127.46070143643,-64043739033.82898,-69179493997.00258
russia,2044,13122645352963.445,143223029.04453233,3505302.884426544,579185683560.665,655829234775.7007,79662330186.49184,32739403327.619946,0.0,5672236488.691031,715503454862.1636,19988110100.028927,35586.731531457146,-136317771301.49854,-123566478073.90752
mena,2044,23073791603819.246,270060810.8421053,354542.87177478423,1650548174165.8105,1142325355828.2983,367827270729.59924,0.0,26430211281.612473,5160444305.146625,1507849207813.6392,2303418744.258433,35848.02893363414,142698966352.1714,113965336326.30048
ssa,2044,14847674206351.79,887232303.890238,0.0,1074620822882.1836,552459082678.0,85719749341.32764,0.0,13183627895.155128,5922660571.745217,638178832019.3276,0.0,9510.217423656746,436441990862.85596,423258362967.7008
us,2045,47454989984613.91,172471346.03777942,18654457.75482574,1862468158539.6401,2440567936435.5103,278164257471.79474,483774079955.4298,0.0,13289871184.078085,2391539091270.418,327193102636.88495,82546.23351107248,-529070932730.77783,-372489955412.233
oecd-ex-us,2045,53294178065048.1,343000262.5027183,21986831.508386735,1890547882625.7944,2907554575784.124,306042453705.95703,349422873395.8941,0.0,11772879613.015987,2962055498359.5415,251541531130.5423,61221.419268890946,-1071507615733.7471,-973626273468.3953
china,2045,43832955077410.08,584568485.5277679,0.0,1158614596874.5054,2553631072548.963,260545178865.43936,0.0,15222466855.048218,18362042205.57051,2814176251414.4023,0.0,40794.10266638937,-1655561654539.897,-1670784121394.9453
india,2045,27168103738756.8,883672277.987911,0.0,1820347416705.5503,1313708304023.9265,384575037785.97406,0.0,51013617356.15338,257929377715.53152,1698283341809.9006,0.0,18316.274042381192,122064074895.64966,71050457539.49628
latam,2045,16379313063688.818,304463036.5994938,0.0,813689666285.48,807296938811.2885,124490456332.35405,0.0,15604226305.832588,5046419739.661506,931787395143.6425,0.0,28090.096326601,-118097728858.16248,-133701955163.99506
seasia,2045,17885114395634.945,349390277.55167794,0.0,915178411662.2825,856230883721.6346,130153024156.53821,0.0,4281976734.514958,6543050071.721842,986383907878.1729,0.0,25961.96578634,-71205496215.89038,-75487472950.40533
russia,2045,13008823823005.586,144737628.0246853,3700482.951773912,577014275108.1967,652099771247.6735,78571640714.51155,34239263606.21612,0.0,5596343289.910554,709558339453.4316,21113072508.75322,36577.15985382762,-132544064345.23499,-119417873247.77208
mena,2045,23181156903860.605,273974965.8243642,349807.0049342926,1641624668639.0044,1150103490487.6426,364285832899.10767,0.0,24934549028.655216,5064503817.762003,1512129554183.8792,2259769202.8711905,36841.68644969097,129495114455.12524,102300796223.59885
ssa,2045,15263329430134.166,910016118.9405478,0.0,1080550075122.6532,570185955428.868,86848001445.05309,0.0,14131576050.90072,6270681584.533051,657033956873.9211,0.0,9970.312923898071,423516118248.73206,409384542197.83136
us,2046,47094069502412.51,174779405.3166188,19525317.75397145,1853798154844.7107,2432779881891.1377,275432328335.0314,480426918706.69025,0.0,13066654473.390572,2364926379697.5015,343285830528.6697,83798.25851258238,-511128224852.7908,-373987136674.7702
oecd-ex-us,2046,52361282068450.21,338897807.8922362,22949106.51407557,1875411179600.3125,2871894560580.886,300227599372.0309,352934985603.9683,0.0,10879998150.73291,2909144497273.813,262977662679.10373,62429.23785253541,-1033733317673.5005,-943775994748.636
china,2046,42233999970648.4,570612561.8845528,0.0,1140560959960.9507,2488779670265.6753,251574808681.4815,0.0,17235870391.35514,18074282615.880146,2740354478947.1567,0.0,41853.00200737502,-1599793518986.206,-1617029389377.5613
india,2046,27231127508509.375,883671465.1406913,0.0,1800814496918.2507,1319222046919.2454,379108435490.6945,0.0,48705955835.37473,9245711079.6119,1698330482409.94,0.0,19018.784879548366,102484014508.31079,53778058672.93606
latam,2046,16245043773259.787,302147653.420404,0.0,800376526101.6064,802430839472.3499,122000874867.18007,0.0,15165648011.697834,4951545820.589337,924431714339.5299,0.0,28980.983561591496,-124055188237.92346,-139220836249.6213
seasia,2046,17808217848662.13,352561292.86100906,0.0,903818098643.6677,854233346849.8268,128252290010.06631,0.0,4649837729.320313,6420828972.728228,982485636859.8931,0.0,26817.031377029933,-78667538216.22534,-83317375945.54565
russia,2046,12898418321052.818,144073806.33734143,3897328.1365803946,575360416737.7784,648404959218.5372,77542416179.24725,34843003767.74139,0.0,5338452939.493264,703680019497.9668,22267355899.81751,37588.069492039314,-128319602760.18835,-115743954892.26447
mena,2046,23272116734708.7,274650984.06948215,344790.62438209425,1632136952292.3386,1157837396438.2383,361085178322.722,0.0,27380573462.979168,5126026779.703313,1516710506410.9048,2212068350.055659,37855.814951741886,115426445881.43384,85833804068.399
ssa,2046,15664835281172.38,932811301.250954,0.0,1085745242062.6409,587970309703.7135,88179342791.31462,0.0,14296725634.047165,6206987104.647008,676149652495.0281,0.0,10447.5954541405,409595589567.6128,395298863933.5656
us,2047,46746544179714.62,174330035.95972577,20413313.09968903,1844109563298.713,2424689916563.5576,272749594678.20673,493575399420.0747,0.0,12229225825.048952,2338433078254.76,359006432987.00354,85069.06304275487,-494323514956.0469,-359754548522.9757
oecd-ex-us,2047,51446924999902.59,341247957.1419201,23875249.224299498,1860002686382.6104,2836158875558.22,294483342823.28156,344974595834.6534,0.0,11307867616.645702,2856318173058.743,274324045322.75818,63656.44684349634,-996315486676.1328,-925664936164.2377
china,2047,40690668819089.22,568578224.2005327,0.0,1121792895348.0667,2423783311250.8564,242839771729.11325,0.0,16024770715.60575,17523806788.357334,2666623082979.9697,0.0,42932.47208081798,-1544830187631.903,-1560854958347.5088
india,2047,27269166914357.04,883402589.1514548,0.0,1780246294106.931,1324521052460.0952,374036333559.04297,0.0,52275833647.535934,8626331407.425108,1698557386019.1382,0.0,19741.502619429262,81688908087.79272,29413074440.25679
latam,2047,16105146573727.125,299765699.7422664,0.0,786742102086.6509,797351095596.7369,119666605446.96977,0.0,14523859366.631594,4902258791.030006,917017701043.7067,0.0,29892.800578146176,-130275598957.05579,-144799458323.68738
seasia,2047,17723112522239.89,350739382.08741486,0.0,892030195485.448,852004527477.6042,126506063915.81087,0.0,4956809484.428268,6331878970.154215,978510591393.4152,0.0,27692.981831348305,-86480395907.96716,-91437205392.39543
russia,2047,12790377349980.922,143402566.21905735,4088748.8012806345,573942657632.2367,644725583012.7566,76590490630.54977,34361393392.2473,0.0,4971051546.926738,697884654253.6382,23431419389.66822,38619.74944856086,-123941996621.40149,-113012022618.82242
mena,2047,23351177636564.61,275324477.1663991,339600.67474058043,1621993499896.3706,1165291769222.2322,358152992175.6563,0.0,24678105652.92726,5190269010.344067,1521304892113.1003,2139869284.788332,38890.70286402895,100688607783.27026,73870632845.55467
ssa,2047,16145116929509.248,955631114.4991105,0.0,1090208364727.2141,600842065811.6154,90642963707.13231,0.0,13201811212.078365,94760124340.47656,691485029518.7477,0.0,10942.493156010009,398723335208.46643,385521523996.38806
us,2048,46391249154723.38,173845649.25150758,21277929.01827026,1833285725511.0645,2416827402149.75,270114306029.70584,487179921120.9469,0.0,11181036556.225643,2312025403977.4663,374916304201.99,86358.92876058511,-478739678466.40186,-366476061547.44495
oecd-ex-us,2048,50565193456069.695,337091677.1650183,24811449.74430789,1844136842418.214,2799961987354.05,288772048650.36176,352013799782.74,0.0,10851849970.54038,2803599156029.818,285134879974.5924,64903.32248876088,-959462313611.6038,-892583393803.4562
china,2048,39201583516380.92,554650401.7070957,0.0,1101982250102.979,2358798371878.552,234378359749.84128,0.0,14164657298.857061,16273836115.98687,2593176731628.393,0.0,44032.797648586326,-1491194481525.414,-1505359138824.2712
india,2048,27285580115707.39,882923636.1881953,0.0,1758572969793.928,1329295914369.4485,369236246989.4326,0.0,52307175778.27342,8679568693.582062,1698532161358.881,0.0,20484.797468250978,60040808435.046875,7733632656.773453
latam,2048,15958671198999.957,297306536.05240196,0.0,772728339187.9008,792056140265.1292,117479473774.70416,0.0,14438959754.051584,4770859878.801939,909535614039.8333,0.0,30825.865385146346,-136807274851.9325,-151246234605.98407
seasia,2048,17629883793647.746,348841364.8720177,0.0,879749427391.404,849531452856.562,124905253210.26921,0.0,4887022149.335246,6345572232.622485,974436706066.8312,0.0,28590.144258355347,-94687278675.42712,-99574300824.76237
russia,2048,12685016223457.146,142721937.15043578,4273153.976046528,572429034599.3782,641021977812.5688,75681750299.2428,33636828690.72425,0.0,5276738297.940694,692154783217.1172,24548944894.69458,39672.49205842056,-119725748617.73901,-110637864821.70935
mena,2048,23417591349357.016,275992575.9463377,334246.9884711924,1611137490362.9128,1172634656444.684,355537820275.7584,0.0,21628384756.706787,5077083906.63995,1526175508459.3313,1996968261.1114626,39946.64195817134,84961981903.58154,61336628885.76329
ssa,2048,16520986864779.092,978341190.9026389,0.0,1093890009398.2477,618481372945.4738,92377661734.17853,0.0,14223864924.448736,7062825475.705414,710859034679.6523,0.0,11455.438316819087,383030974718.59534,368807109794.1466
us,2049,46048023906140.63,173359310.1571601,22145273.341037076,1826320987249.4058,2408473617728.781,267444623130.61847,493750675944.36646,0.0,12621329082.891218,2285614413549.763,390303827309.6362,87668.14155046945,-459293426300.3574,-355846577665.6272
oecd-ex-us,2049,49703430652558.336,332887322.39291203,25699012.119025163,1834277241433.8462,2763801696836.298,283198919220.21,340346263568.254,0.0,10614307543.10311,2750981680136.045,296018935920.4599,66170.14524564594,-916704438702.1987,-872377111054.4045
china,2049,37768852077719.375,540723986.8357428,0.0,1087524911828.7548,2293844548789.745,226178419564.6823,0.0,15774268339.921537,15540886204.025267,2520022968354.4272,0.0,45154.26710505791,-1432498056525.6724,-1448272324865.594
india,2049,27288050813859.492,882371352.4176309,0.0,1740049429093.5798,1333656029523.2756,364704536272.2068,0.0,47936580504.68312,8718415358.689707,1698360565795.4824,0.0,21249.04233336922,41688863298.09741,-6247717206.585709
latam,2049,16013021254293.053,294771946.98309535,0.0,760721231695.4065,784765385411.7771,117535040605.88779,0.0,15529781647.195309,211459031262.56235,902300426017.6649,0.0,31780.498910900722,-141579194322.25842,-157108975969.45374
seasia,2049,17529781889334.855,346875619.7002865,0.0,869271876225.1226,846817530657.159,123442389418.72208,0.0,5282864980.074673,6169004517.94376,970259920075.8811,0.0,29508.848580083053,-100988043850.75854,-106270908830.83322
russia,2049,12581751605087.086,142029788.64910254,4443549.3744938765,571991649105.0111,637287268455.3971,74837984055.1544,31838573194.36315,0.0,5030411841.132557,686500842096.2977,25624410414.25346,40746.5930650372,-114509192991.28662,-108295030211.17693
mena,2049,23471747547000.05,276648933.09025484,328700.9890599543,1602573294171.235,1179799108886.8435,353214470818.4579,0.0,20364009158.933613,4960492336.043659,1531276234470.3154,1737345234.9860249,41023.92742903323,71297059700.91968,49195705307.000046
ssa,2049,16880889778775.545,1000953706.8747731,0.0,1097857316866.5875,636070667432.2808,94265246530.26337,0.0,14772626084.951351,7154137177.361273,730335913962.5442,0.0,11986.867309756126,367521402904.04333,352748776819.092
us,2050,45715163585801.61,172871629.7156221,23009858.840856608,1823280770433.3162,2400189595575.113,264874661574.25754,497931428868.0552,0.0,10991737508.951088,2259400202146.571,405664055002.7994,88996.99158557889,-436119431713.25464,-343852057847.99884
oecd-ex-us,2050,48892716301308.055,328728052.11297476,26615036.66164789,1830212873608.9507,2727204214944.69,277685111179.3953,353660988733.52545,0.0,10301112531.324322,2698675494108.6,306213832015.4863,67457.1998475385,-868462620499.6494,-821015463781.6104
china,2050,36401793437594.4,526874821.0882236,0.0,1077986169784.334,2228882593109.1123,218245446191.65036,0.0,12660392171.108492,14743621562.574938,2447128039300.7627,0.0,46297.17255354267,-1369141869516.4287,-1381802261687.537
india,2050,27271619064981.58,891766250.0355557,0.0,1724554544656.498,1337875195057.9922,360531433654.1483,0.0,51054842275.99688,8475177453.725938,1698406628712.1406,0.0,22034.612850688347,26147915944.35742,-24906926331.639458
latam,2050,15860048074722.145,292212730.80436516,0.0,750712406697.6494,779035072449.788,115595035792.22563,0.0,13944827372.614664,4889349346.068499,894630108242.0135,0.0,32757.025072334047,-143917701544.36414,-157862528916.9788
seasia,2050,17425897004077.178,344874419.86169213,0.0,860504183165.4076,843884105142.5679,122113269958.60825,0.0,4517574510.3623295,6125881188.444061,965997375101.1761,0.0,30449.427595558445,-105493191935.76855,-110010766446.13089
russia,2050,12668767692832.793,141342392.9393778,4611985.074626093,572467965895.217,632258075439.0569,76063606399.15392,32087988257.368595,0.0,190781815431.32407,682005933895.5399,26315747942.67111,41842.35169724694,-109537968000.32288,-103765727685.6254
mena,2050,23748765684986.05,277285436.6073236,322936.4633942844,1596142854125.9248,1180490233596.5073,353812227664.0138,0.0,21178864134.250298,236356609254.84387,1532697681457.5369,1604779802.9842072,42122.857971771475,63445172668.38794,40661528731.153435
ssa,2050,17225093115355.553,1023461593.1089178,0.0,1102154347802.0662,653618385174.6163,96286512935.44067,0.0,15351328470.22498,7305215358.222542,749904898110.057,0.0,12537.220537092928,352249449692.00916,336898121221.7842
us,2051,46187443303982.72,172382949.53022864,23873793.85541988,1818842259459.5154,2386831958543.304,269953894654.16568,506083208215.80804,0.0,804140103703.255,2240881664112.9966,415904189084.47534,90345.77339218327,-422039404653.4812,-331860385522.1485
oecd-ex-us,2051,48117834551452.37,324569729.4606289,27516826.528104212,1824938312424.2988,2691160700652.2944,272380029786.58823,353414778459.04956,0.0,10305889699.794926,2646881507485.55,316659222953.33575,68764.77537051654,-821943195061.251,-785187639555.5371
china,2051,35092299562063.55,513045307.8736214,0.0,1065971317297.4696,2164295548611.0454,210627863187.869,0.0,14333848832.501842,13792067803.07416,2374923411798.9146,0.0,47461.80988369256,-1308952094501.4448,-1323285943333.9468
india,2051,27236285968638.867,890838633.9295166,0.0,1707835607893.3057,1341695204067.2405,356658478584.9009,0.0,53410206022.2265,8595184438.331669,1698353682652.1414,0.0,22841.88741547334,9481925241.164307,-43928280781.062195
latam,2051,15703459603763.154,289594232.4043929,0.0,740234894574.2622,773222234484.4192,113821171365.03647,0.0,14567264069.544817,4787304385.744044,887043405849.4557,0.0,33755.77084613456,-146808511275.19348,-161375775344.7383
seasia,2051,17524721188996.027,342803275.65263176,0.0,850944647056.7513,838203717439.7432,123127880784.79767,0.0,5626977636.525979,214838113723.17795,961331598224.5408,0.0,31412.217047066246,-110386951167.78943,-116013928804.31541
russia,2051,12574919595339.01,140658250.23631647,4780023.444476077,572368473049.2738,628580788025.5536,75310265073.26842,32434053828.77345,0.0,5240428726.984274,676634520168.492,27256532930.330048,42960.07074751609,-104266047119.21814,-99088526220.77473
mena,2051,23780007665693.887,277881862.507601,316941.3213605413,1588543018899.508,1187436637530.4902,352092159793.25134,0.0,23036137701.933582,5263896833.997311,1538039991354.6052,1488805969.1364663,43243.73586005359,50503027544.90283,25978083873.832783
ssa,2051,17556196786460.047,1045958824.7178938,0.0,1105728172981.7063,671112038883.9202,98416559235.86693,0.0,12679699527.590313,7583795770.165132,769528598119.7871,0.0,13106.942376581273,336199574861.9192,323519875334.32886
us,2052,45865518590067.69,171864374.83395624,24710458.76260383,1812704264021.0378,2378815967644.6143,267489224364.79547,498748824244.3505,0.0,12927389828.987007,2215487830153.662,430817361855.7478,91714.78591494045,-402783566132.62427,-334852103744.02155
oecd-ex-us,2052,47376872466766.95,320410685.5029059,28405424.938079335,1818009506918.4834,2655188533713.527,267209746415.74103,353634301674.49963,0.0,9792386850.882988,2595591005903.6143,326807274225.6573,70093.1653008658,-777581498985.1309,-750754471536.2886
china,2052,34584924486673.605,499232581.9082119,0.0,1051078914868.8701,2110371740655.6782,211868720806.91104,0.0,15854330882.591566,779640802086.3555,2322240461462.5894,0.0,48648.478849898616,-1271161546593.7192,-1287015877476.3108
india,2052,27188190108812.9,889852555.6897023,0.0,1690044846089.5728,1345107106938.1162,353058647991.00085,0.0,48400647912.30903,8425696925.90133,1698165754929.1172,0.0,23671.247216544125,-8120908839.544434,-56521556751.85346
latam,2052,15544067932909.227,286929297.605913,0.0,729253292558.2876,767210007164.4745,112179847383.4922,0.0,14022718515.846657,4767609651.592372,879389854547.9667,0.0,34777.06634183235,-150136561989.67908,-164159280505.52573
seasia,2052,17408721610366.393,340668998.9013894,0.0,840525379073.8041,834947937677.7905,122051062104.3285,0.0,5760522754.466831,6234564833.141525,956998999782.119,0.0,32397.555688620294,-116473620708.31494,-122234143462.78177
russia,2052,12487150648204.164,139987723.366928,4961457.696855166,571606823442.6271,624938179762.6858,74605594809.75041,34970797154.99356,0.0,5197206839.965163,671360148251.5824,28183626320.853775,44100.05665133066,-99753324808.95532,-92966153974.81554
mena,2052,23795785586651.586,278429139.92850935,310726.80534952856,1579607946060.4312,1193759206463.2454,350605125721.9829,0.0,24897134941.595207,5431442024.0912285,1543359980509.004,1004351676.2243602,44386.86702543747,36247965551.427246,10346478933.60768
ssa,2052,17868867370647.49,1073240746.7005199,0.0,1108577846935.2188,688648642304.0845,100649807145.93839,0.0,14303380794.28534,7694567496.537398,789298449450.0228,0.0,13696.481131199938,319279397485.1959,304976016690.9106
us,2053,45550301247898.41,171337565.65111297,25544399.522664007,1804694610209.962,2370405929493.3755,264937420861.33328,503567821689.688,0.0,11863576285.831564,2190309526380.885,445033823973.82404,93104.33258316491,-385614916170.9231,-327080918455.05914
oecd-ex-us,2053,47578894021591.1,316209043.04050136,29242407.585746188,1809052949335.128,2622990760411.157,271414601218.94632,343447614002.76404,0.0,943926353116.3881,2561568419202.7783,332836942427.32715,71442.66760350799,-752515469867.6504,-741904798292.2135
china,2053,33367379026791.547,485474601.49230427,0.0,1033300548130.2311,2046858151579.165,204615086979.17352,0.0,12890295543.436022,13517526089.509102,2251473238558.3384,0.0,49857.483150675725,-1218172690428.1074,-1231062985971.5435
india,2053,27122049909523.566,888699613.3694351,0.0,1671223841954.8064,1348387556382.2524,349764370360.8636,0.0,47479218910.61071,8267104409.576326,1698151926743.116,0.0,24523.07627383923,-26928084788.30957,-74407303698.92029
latam,2053,15380141630138.766,284199494.6339165,0.0,717747300396.114,761038469436.8882,110667544020.36256,0.0,14500398774.895323,4532809065.574903,871706013457.2507,0.0,35821.244876781,-153958713061.13672,-168459111836.03204
seasia,2053,17286836811731.932,338481310.8000581,0.0,829232806903.9624,831480282587.8936,121073163480.48737,0.0,4794071763.25175,6229912293.208053,952553446068.3809,0.0,33405.785356613196,-123320639164.41846,-128114710927.67021
russia,2053,12397233080849.182,139280942.69331473,5110548.623010065,570033352981.9188,621386366005.2443,73952733008.42053,30324456079.65544,0.0,5063722597.119574,666155339599.4784,29183759414.1866,45262.61956775428,-96121986617.55957,-94981289952.09073
mena,2053,23802236746657.246,278989409.9293412,304425.95367557165,1569310090473.327,1199544480214.433,349306218612.5301,0.0,19122586300.371967,5114354659.674555,1548566092662.6987,284606164.2646017,45552.56113790504,20743997810.628174,1336805345.9916048
ssa,2053,18163196805945.188,1095277290.9968364,0.0,1110649484569.9875,706032856371.8032,102931994639.56335,0.0,15243945088.04809,7888746827.1146755,808964851011.3666,0.0,14306.28898240429,301684633558.621,286440688470.5729
us,2054,45220742334097.69,170756971.4810212,26327016.57318292,1798341918162.7168,2361951962675.992,262390733218.07797,484791500533.03296,0.0,11650363397.580427,2165271953467.47,459070742426.60126,94514.72137809041,-366930035304.7532,-341209277198.3215
oecd-ex-us,2054,46884766098938.46,312020394.19720554,30075579.13831396,1802362786129.1672,2587246679550.741,266354478782.1075,346923870284.7333,0.0,10186579266.273306,2511718803914.0127,341882354418.8376,72813.58479135598,-709356017784.8455,-704314501918.9497
china,2054,32204600732573.402,471764922.8646147,0.0,1016948040974.8306,1983572805723.2158,197605184084.3764,0.0,11663396633.711002,13115051248.337795,2181177989807.5923,0.0,51089.130509036084,-1164229948832.7617,-1175893345466.4727
india,2054,27311258891591.023,887372481.3294384,0.0,1654108708882.958,1344680784617.328,349408821184.696,0.0,48181868302.78435,277371747289.2971,1694089605802.024,0.0,25397.76147933236,-39980896919.06592,-88162765221.85027
latam,2054,15213787411871.547,285879484.67186546,0.0,707338795941.9253,754643942267.0814,109261344724.90004,0.0,14180298234.509937,4392571017.343929,863905286991.9814,0.0,36888.643053015316,-156566491050.05615,-170746789284.5661
seasia,2054,17157990245917.283,336219187.5464514,0.0,818699673120.0352,827827603249.7885,120184321555.18321,0.0,5641009715.852018,6106695586.142059,948011924804.9717,0.0,34437.25104261359,-129312251684.93652,-134953261400.78854
russia,2054,12310753093518.354,138572478.69487438,5261674.417838404,568511213186.3707,617662641033.0945,73303437051.01646,31093728534.187603,0.0,4881149032.711376,660987964647.8679,29978113436.243267,46448.073461147105,-92476751461.4972,-91361136363.55286
mena,2054,23788461128432.844,279502133.0885864,297937.2526572672,1559854752704.03,1210794400711.6135,348102074333.0021,0.0,20042764089.045517,5308868205.22766,1558880814801.796,15660242.819786677,46741.13168754314,973937902.2341309,-19084486429.631172
ssa,2054,18441605603677.184,1117143855.793362,0.0,1112797833114.2932,723255370937.6727,105235843983.93835,0.0,14010612526.702951,8112792066.023081,828491214921.6111,0.0,14936.821947020975,284306618192.6821,270296005665.9792
us,2055,44891264519492.59,170148014.24280536,27080693.42619591,1793490634164.245,2352658220978.97,259654021565.22885,477041633394.00214,0.0,12302160380.865162,2140417099276.8413,471895143267.3573,95946.26490114183,-346926465112.5962,-341779974985.95135
oecd-ex-us,2055,46218214313449.39,307815686.74872917,30868664.497950096,1797795537123.7358,2551687414311.977,261465948733.7993,338821966273.19006,0.0,9984074159.795713,2462363071453.165,350790291592.61206,74206.22399561237,-664567534329.4292,-676535859648.8512
china,2055,31095138469091.02,458093603.6706607,0.0,1001822401151.0713,1920473471288.7927,190814015575.15186,0.0,12432688054.51668,12435510284.979597,2111287486863.9446,0.0,52343.732753853445,-1109465085712.8733,-1121897773767.39
india,2055,27219234003042.64,885952816.3855319,0.0,1638722841767.6836,1347151826501.4036,346522218282.38794,0.0,45830655340.242836,8756969807.98357,1693674044783.7915,0.0,26295.69264128282,-54951203016.10791,-100781858356.35074
latam,2055,15046281117227.54,283073699.4892062,0.0,698061044228.052,748089425753.3156,107961423433.06245,0.0,13912163027.289963,4395673341.615845,856050849186.378,0.0,37979.6008359586,-157989804958.32605,-171901967985.61603
seasia,2055,17024027204250.053,333903636.643887,0.0,808969198442.7218,823924435396.7644,119368225567.72829,0.0,5593477916.528483,5953898771.066565,943292660964.4927,0.0,35492.30096828057,-134323462521.77087,-139916940438.29935
russia,2055,12226101222595.44,139999597.4710503,5402712.946688829,567046957814.1227,613942236889.562,72677906291.63023,29976829448.866604,0.0,4944484995.285303,655847923590.6748,30772219590.517414,47656.73618403935,-88800965776.55212,-89596355918.20293
mena,2055,23752690882139.633,283065288.19931346,291250.8678614543,1551140973877.5283,1223119169156.013,346836938151.73303,0.0,22279058718.309006,5323945855.3126955,1569956107307.746,0.0,47952.896067365655,-18815133430.217773,-41094192148.52678
ssa,2055,18703835679895.914,1138815390.7552452,0.0,1115085130572.2043,740396148569.3954,107552958841.91524,0.0,13074632485.04357,8168685542.881985,847949107411.3107,0.0,15588.539837920822,267136023160.89368,254061390675.8501
us,2056,44573206902901.29,169535225.1106888,27832827.737766955,1786691489333.9778,2342051835895.656,256844540960.99487,482872260880.791,0.0,11275010050.581263,2115824452295.4502,483071924561.2017,97399.28044323107,-329132962961.4724,-329332626641.8831
oecd-ex-us,2056,45580827328008.83,303603382.9363633,31634667.22243494,1790641983344.3896,2515870834638.1914,256628101512.513,334962784072.7151,0.0,9507183293.011202,2413589006126.0435,358909930024.6641,75620.897037027,-622947022781.6538,-646894168733.6028
china,2056,30036933533784.953,444458780.0214498,0.0,983603804730.581,1857526202117.7334,184202427642.28983,0.0,12858857413.179739,12778747136.5646,2041728629760.0232,0.0,53621.60590222103,-1058124825029.4421,-1070983682442.6218
india,2056,27105833267829.91,884391580.6990818,0.0,1622354445125.6494,1355900652724.4878,343703488285.04266,0.0,44895346001.69239,8744306672.839315,1699604141009.5305,0.0,27217.262531797656,-77249695883.8811,-122145041885.57349
latam,2056,14876787105576.238,280223682.83611184,0.0,688281396879.8643,741400599179.6093,106764123068.3155,0.0,13967922580.57984,4357236297.343263,848164722247.9248,0.0,39094.46163495332,-159883325368.06055,-173851247948.64038
seasia,2056,16884799017734.6,331531884.5985947,0.0,798467010853.8927,819827762586.289,118616745141.66206,0.0,5357142805.423165,6106453164.03049,938444507727.951,0.0,36571.286662365186,-139977496874.05835,-145334639679.4815
russia,2056,12145584046137.762,139285324.9029775,5554578.410970414,564688391535.1536,610021149847.0093,72066621664.99557,32167686981.365448,0.0,4714516537.80795,650742239059.4146,31345532452.58997,48888.929561153695,-86053847524.26099,-85231692995.4855
mena,2056,23696607834772.83,283481863.1105354,284417.6031691165,1540953059333.2773,1234970102908.115,345463064057.0686,0.0,21944173848.146645,5341234113.247732,1580433166965.1836,0.0,49188.17565727204,-39480107631.90625,-61424281480.052895
ssa,2056,18948186755220.984,1160192835.1908016,0.0,1116655822823.3406,757423266308.3223,109847757836.51448,0.0,13482460417.376999,8448737063.939959,867271024144.8368,0.0,16261.906228593742,249384798678.50378,235902338261.12677
us,2057,44286508244874.484,171669579.86122975,28609443.722858913,1778326600738.1,2323003197597.2256,254167388089.29565,501673132871.51404,0.0,10472194050.097439,2091438318850.9578,485732266835.5661,98874.09005509256,-313111718112.85767,-297170852076.9097
oecd-ex-us,2057,44981026499250.14,299397159.10352504,32391384.098804083,1780998299575.8044,2474902184014.138,251988294934.08536,336974132575.4588,0.0,9117218038.264193,2365349544711.5825,361540934236.63983,77057.92049813074,-584351245135.7781,-608918046796.9591
china,2057,29027680775361.59,442575743.72942746,0.0,962393803313.642,1794677221468.3984,177771959214.57684,0.0,10751218305.350897,11553837251.31182,1972449180682.9753,0.0,54923.070242806665,-1010055377369.3334,-1020806595674.6843
india,2057,26969348029435.465,882664366.5408419,0.0,1605042036649.4146,1365394768617.9326,340844359380.62524,0.0,44333833645.831856,9045686600.531433,1706239127998.5579,0.0,28162.86693768108,-101197091349.14331,-145530924994.97516
latam,2057,14704712112417.129,277325359.77513635,0.0,677993131282.0632,734549108404.2262,105654875544.42345,0.0,14071313147.241262,4207172654.710362,840203983948.6497,0.0,40233.572385589876,-162210852666.58643,-176282165813.8277
seasia,2057,16740014715961.668,333927899.4377878,0.0,787211516276.3656,815527846263.9219,117913037127.76846,0.0,4689918277.665397,6134983620.058919,933440883391.6903,0.0,37674.56303976907,-146229367115.3247,-150919285392.9901
russia,2057,12067143893032.496,138558498.21985886,5705438.337334211,561462797742.3138,605585438889.4849,71485833299.20926,32513738515.51358,0.0,4654582825.614869,645637934094.5618,31433338094.132587,50144.97947457216,-84175136352.24792,-83094735930.86693
mena,2057,23614664764176.72,283834410.4109486,277427.26948072284,1529349937858.9802,1249776485428.175,343904189886.93506,0.0,22977235952.894775,5364902812.929218,1593680675315.11,0.0,50447.295909138105,-64330737456.12988,-87307973409.02466
ssa,2057,19308641347806.29,1181193555.952438,0.0,1117516118281.429,767435685862.5251,113394008946.44843,0.0,14904016185.289856,138672185298.14163,880829694808.9736,0.0,16957.388421739994,236686423472.45532,221782407287.16547
us,2058,44025754544993.445,171084941.45110923,29397063.16385306,1768523789999.941,2302462117560.536,251755851419.7696,514159876317.8532,0.0,10780602781.495264,2067215579284.1863,487002389696.1202,100371.02061867379,-298691789284.24536,-271534302662.51233
oecd-ex-us,2058,44427885099739.12,295213228.37386954,33158550.379984602,1769027405029.9387,2428807670184.946,247680597907.70807,345507676071.1821,0.0,8811787480.56693,2317604020521.874,358884247570.782,78517.6157964613,-548576615491.9353,-561953186991.5352
china,2058,28061193061354.28,429027326.95943403,0.0,938284358319.335,1732027900545.0908,171533114709.98328,0.0,12015015192.64396,10803958121.077835,1903561015255.0742,0.0,56248.450420209425,-965276656935.7393,-977291672128.3832
india,2058,26807252028088.363,880712876.7976357,0.0,1586789980527.3765,1374316620336.582,337899611088.1906,0.0,45611039570.34454,8941289120.636688,1712216231424.7727,0.0,29132.904714544275,-125426250897.39624,-171037290467.74078
latam,2058,14530751537733.857,274389953.9968505,0.0,667218772053.7275,727518403627.9812,104619169127.36101,0.0,13210196329.146496,4168422347.4865417,832137572755.3422,0.0,41397.28363380884,-164918800701.61462,-178128997030.7611
seasia,2058,16588186879874.707,331439113.26465416,0.0,775264872724.334,811028566099.62,117250864722.52368,0.0,4700461250.011055,5887183260.858167,928279430822.1437,0.0,38802.488482630935,-153014558097.8097,-157715019347.82074
russia,2058,11987669773714.094,137800548.25495985,5840733.65211397,557338633536.5723,601090943908.6283,70911266946.59209,30563340038.527134,0.0,4626117961.712822,640506641548.6533,31495569306.567,51425.215950043705,-83168008012.08105,-84100237280.12093
mena,2058,23503970925079.844,284134816.3862938,270319.8182796811,1516378586868.654,1268459233708.4685,342041022086.0745,0.0,21977717558.02714,5405547387.029493,1610500255794.543,0.0,51730.586433036086,-94121668925.88892,-116099386483.91606
ssa,2058,19521439578261.965,1201841199.6825185,0.0,1117684276103.1094,783782538329.051,115617382274.36244,0.0,14866127660.842968,9380002616.827572,899399920603.4135,0.0,17675.45742198309,218284355499.69592,203418227838.85297
us,2059,43762573505902.2,170451205.9307546,30143935.76142508,1756987674882.4077,2281999203402.6216,249564451761.7721,501456775825.30054,0.0,9938165365.407743,2043150902801.8313,488412752362.5614,101890.40391959701,-286163227919.4236,-273119204456.68445
oecd-ex-us,2059,43899811296596.375,290991759.12759423,33879980.45309968,1754649039268.4556,2383362335121.961,243781656512.81854,335997396852.22375,0.0,8423752371.3466425,2270316757781.94,356827233852.83734,80000.30925879869,-515667718513.4844,-536497555514.09796
china,2059,27136442902323.3,415510801.03651696,0.0,911627830421.4342,1669347410890.8103,165493010577.97937,0.0,11393314911.126793,9855746927.511503,1834840421468.7896,0.0,57598.07552032315,-923212591047.3553,-934605905958.4822
india,2059,26616653657387.09,888348856.9934579,0.0,1567618167310.3257,1383566323314.814,334787320965.579,0.0,48700210426.5108,8837316695.292019,1718353644280.393,0.0,30127.777844146694,-150735476970.06738,-199435687396.5782
latam,2059,14548712689327.652,271392779.7641976,0.0,656014455422.4976,719309962939.4767,105581619718.19547,0.0,14002687594.01733,200840966422.99042,824891582657.6721,0.0,42585.949621752676,-168877127235.17456,-182879814829.1919
seasia,2059,16429037789495.111,328870869.2182342,0.0,762717090365.935,806275612486.5999,116605866926.75677,0.0,4985355817.126006,6000654484.953242,922881479413.3567,0.0,39955.42492341192,-160164389047.42163,-165149744864.54764
russia,2059,11909337598623.182,137026980.26978618,5979996.704626689,552331218939.8679,596454313941.416,70354262660.43875,31717076919.623337,0.0,4428105651.453595,635325683808.4137,31482892793.440575,52729.97324442975,-82994464868.54578,-82760280742.363
mena,2059,23370853255351.094,284380302.0668942,263111.9548385601,1502110946461.3777,1280506096069.0862,339921822445.89886,0.0,20518103420.72141,5717405745.588131,1620427918514.985,0.0,53038.38108458171,-118316972053.60742,-138835075474.32883
ssa,2059,19718743075463.46,1222233964.7632217,0.0,1117186274814.8142,799898219289.5005,117740049730.04669,0.0,11797294668.478754,9552786074.697851,917638269019.5471,0.0,18416.58791280044,199548005795.2671,187750711126.78833
us,2060,43497656691624.23,169766188.548916,30849436.098735813,1743722863147.6882,2261219719771.232,247466674276.41217,488571513518.91986,0.0,11475203103.054651,2019151702063.1343,489534691984.5115,103432.57672070769,-275428838915.44604,-276392017381.03766
oecd-ex-us,2060,43405220950045.99,293166901.9550301,34589396.58227786,1737951264151.9924,2338036901205.462,240124863308.53842,337465635402.54443,0.0,8154518409.076543,2223425731725.0845,354736032788.91534,81506.33219642733,-485474467573.09204,-502744864959.46295
china,2060,26250928370602.797,402015453.35897774,0.0,882828550984.1118,1606729673296.452,159660656279.2169,0.0,11620558780.661127,9667805651.706741,1766390329575.6687,0.0,58972.279156712764,-883561778591.5569,-895182337372.218
india,2060,26393270001629.855,885978408.6134934,0.0,1547560750443.6902,1403036838373.5781,331256620050.04486,0.0,45622592236.85464,8971644459.560553,1734293458423.623,0.0,31147.89149493792,-186732707979.93286,-232355300216.7875
latam,2060,14365120613560.434,268342442.51458135,0.0,644443624752.8776,713682979290.8738,104584131858.87183,0.0,13938332179.283457,4169742808.9340863,818267111149.7456,0.0,43799.92837534408,-173823486396.86804,-187761818576.1515
seasia,2060,16258971627122.604,326222929.91241086,0.0,749655833284.6038,804572029494.9915,115855434097.99567,0.0,5067264404.556515,5772732340.42863,920427463592.987,0.0,41133.737929951545,-170771630308.3833,-175838894712.93982
russia,2060,12005235697482.4,136249301.99346623,6138033.307672784,546538906623.78345,591548767056.173,71707011281.29779,35388982131.48629,0.0,177225988441.42474,631600362032.2183,31655416305.252068,54059.58993428599,-85061455408.43481,-81327889582.20059
mena,2060,23226954221042.844,284570678.29932594,255820.67170810583,1486686593773.718,1279940205868.249,337642385271.995,0.0,18421279662.01107,5418242720.262675,1617582591140.2441,0.0,54371.018053407126,-130895997366.52612,-149317277028.5372
ssa,2060,19895876930886.383,1242131073.5044355,0.0,1116019876570.385,815859820719.4912,119735295412.90753,0.0,13280095498.619814,9989190483.55203,935595116132.3987,0.0,19181.258237758997,180424760437.98633,167144664939.36652
us,2061,43254317649143.66,169083897.0021882,31569055.15246765,1729299716998.0935,2240157690664.711,245470169410.96198,503078125955.7519,0.0,9910974641.267458,1995454065799.692,490173794275.9817,104997.88083672643,-266154348801.5984,-253250017121.8282
oecd-ex-us,2061,42944678199186.03,288944250.0121559,35296639.092200294,1719276333558.3894,2293115558224.5273,236789040226.19272,342251330588.63696,0.0,7834183443.732152,2176881835406.9312,353022763043.7877,83036.0209814421,-457605501848.54175,-468376934303.6925
china,2061,25404128856346.723,388559914.50077516,0.0,852245589695.3226,1544110757418.7173,154055641233.4713,0.0,10281368562.35517,9402663263.14738,1698166398652.1885,0.0,60371.39955800997,-845920808956.8658,-856202177519.2211
india,2061,26134663835880.305,883322526.0390453,0.0,1526685938094.5732,1419717751389.3286,327308275725.7104,0.0,47675520859.70482,9409444130.634853,1747026027115.039,0.0,32193.654085767605,-220340089020.46582,-268015609880.17065
latam,2061,14175163044008.775,265246635.8131444,0.0,632590660110.1255,709766164740.1058,103495628173.17297,0.0,13279259667.602713,3992822919.102327,813261792913.2788,0.0,45039.58179356868,-180671132803.15332,-193950392470.75604
seasia,2061,16077683554093.672,323493303.76216376,0.0,736172828396.437,803260808300.2223,114942668575.5894,0.0,5150090804.969145,5892666255.419511,918203476875.8116,0.0,42337.796792466674,-182030648479.37463,-187180739284.34378
russia,2061,11923573921782.682,135420591.9113777,6271241.874885319,539955836384.17883,587010036358.1285,71147105519.51778,32027509497.2818,0.0,4512020296.463495,626312649948.2777,31844491929.368504,55414.4090055795,-86356813564.09888,-86173795996.18558
mena,2061,23350532180763.406,284634367.47523206,248370.52566101425,1470190131547.0864,1273503984958.5422,338296543345.50684,0.0,23083845381.584858,288272201859.12775,1611800528304.049,0.0,55728.83995275932,-141610396756.96265,-164694242138.54752
ssa,2061,20053164168356.98,1261632661.6698556,0.0,1114212779390.9011,833657657205.669,121473359041.35875,0.0,11777873308.770472,9983347635.498589,955131016247.0277,0.0,19969.95038613435,159081763143.8734,147303889835.10294
us,2062,43018814317672.125,168205657.6113551,32104592.475915913,1714104601201.0142,2219746310409.3975,243639068452.16467,504135882071.6276,0.0,9641564117.38533,1972146594093.2246,491238784768.3364,106586.66321002076,-258041992892.21045,-245144895588.91925
oecd-ex-us,2062,42507120407582.016,284496475.11125815,35777620.89940517,1698793580809.1785,2250623948074.344,233737102339.6301,340484472116.0502,0.0,7525205884.740982,2132629948945.69,351731101468.28436,84589.71712411611,-433836368136.5115,-445082997488.74567
china,2062,25115518724237.492,375135507.4644503,0.0,820252097962.2916,1499826829757.4714,154998645996.93253,0.0,9971907938.019371,555935153620.8993,1654825475754.404,0.0,61795.77965633607,-834573377792.1124,-844545285730.1318
india,2062,25876691554230.957,880550661.1756384,0.0,1505253759115.5366,1406854193259.7432,323289523114.5277,0.0,42155879962.66977,9073555572.04686,1730143716374.271,0.0,33265.47735272943,-224889957258.73438,-267045837221.40414
latam,2062,13978517005857.041,262093201.1424741,0.0,620537936790.5038,705553888296.4861,102304789274.02422,0.0,13438870716.924982,4113573345.1872244,807858677570.5103,0.0,46305.27573944089,-187320740780.00647,-200759611496.93146
seasia,2062,16098711938813.488,320673570.43455935,0.0,722367779876.8896,797651116200.117,116150654780.09724,0.0,5740913444.480699,218203289267.61615,913801770980.2142,0.0,43567.9746124665,-191433991103.3246,-197174904547.8053
russia,2062,11842039367421.771,134555261.1096223,6396814.466524073,532666292093.65906,582523652922.3954,70541057988.34564,34446120524.071,0.0,4417743932.107456,621112769505.1936,31951941405.547493,56794.77794454128,-88446477411.53455,-85952298293.01105
mena,2062,23179804752300.81,284609776.79980147,226262.56924749073,1452787382761.1133,1271969973351.3164,335542486119.55554,0.0,21902957061.89437,5900605309.047611,1607512459470.872,0.0,57112.193910224676,-154725076709.7588,-176628033771.65317
ssa,2062,20186295555795.582,1285434822.7603912,0.0,1111784043506.7537,851306658332.0745,122937683479.12325,0.0,14432482940.286598,10024168683.33471,974244341811.1978,0.0,20783.149982983297,137539701695.5559,123107218755.26932
us,2063,43500225828249.85,167300853.66877013,32625797.151101254,1698210678470.0298,2204106791946.355,248758674341.47293,505724563714.72546,0.0,730341734680.8062,1958508914646.4226,494356551641.4066,108199.27598751363,-260298236176.39282,-248930224103.07397
oecd-ex-us,2063,42098429332892.91,280056337.16038585,36266139.81843727,1676763422959.6323,2208416611088.3076,230931271062.92365,346558811374.63367,0.0,7334573127.828185,2088799711851.5852,350548170299.6452,86167.76735134819,-412036288891.9529,-416025647816.9644
china,2063,24311011769428.02,361750805.10408926,0.0,787069760104.5518,1441813609401.6692,149568135589.7159,0.0,8885496847.692715,8690526925.051126,1591381744991.385,0.0,63245.7671767599,-804311984886.8333,-813197481734.526
india,2063,25612293482825.848,877500932.2125123,0.0,1483384369230.0625,1394361713817.1294,319268731755.31714,0.0,43228744918.2496,9076749855.530638,1713630445572.4465,0.0,34363.77641910372,-230246076342.38403,-273474821260.63364
latam,2063,13775310086072.846,258883223.65417168,0.0,608346426132.1959,701005802762.6433,101006493246.66904,0.0,13534309792.512972,3993259885.433774,802012296009.3124,0.0,47597.380132632774,-193665869877.11646,-207200179669.62943
seasia,2063,15897654764108.988,317782650.3634318,0.0,708379186206.5992,795487769118.7063,114941718758.72862,0.0,5088242386.103452,6081369352.447258,910429487877.4349,0.0,44824.64839355761,-202050301670.8357,-207138544056.93915
russia,2063,11755460381708.52,133641848.82096179,6505283.528570312,524806459900.7737,577974408513.3789,69923118462.89262,32088456031.3321,0.0,4423625330.898806,615754132578.7341,32143394397.53739,58201.04882965528,-90947672677.96045,-91002611044.16574
mena,2063,23004729025945.473,284526713.57474345,211526.19906322466,1434717904261.0396,1263240066634.601,332668007900.1481,0.0,19665266714.41662,5779710632.793475,1595908074534.749,0.0,58521.43165958126,-161190170273.70947,-180855436988.1261
ssa,2063,20298455786826.81,1303807510.0376217,0.0,1108733021195.8015,868408255194.1174,124071926907.45512,0.0,14357898490.485905,10265290427.47946,992480182101.5725,0.0,21621.346283731466,116252839094.229,101894940603.7431
us,2064,43255855227763.06,166091141.45280483,32854533.41197643,1681720746085.6025,2183610042134.5898,246934537541.46106,494698520852.9093,0.0,9754712250.73114,1935409022664.7656,495135557011.2851,109836.07659874536,-253688276579.1631,-254125312737.53888
oecd-ex-us,2064,41701883004447.38,275184696.8556359,36323553.26949935,1653443468193.198,2166400514498.6826,228418783902.72964,337779547253.09357,0.0,7049954509.591589,2045190180309.2126,349629118092.2013,87770.52368620806,-391746712116.01465,-403596282955.1224
china,2064,23530597319725.902,348370675.50125796,0.0,753034823984.5388,1385509799270.2554,144354908657.24704,0.0,11076281741.197521,7491715982.051205,1529864707927.5024,0.0,64721.71472780017,-776829883942.9636,-787906165684.1611
india,2064,25660926365716.973,874251241.822582,0.0,1461091868475.8071,1379002554393.915,318561190423.1058,0.0,41220839462.93853,326325598695.2575,1697563744817.0208,0.0,35488.96986836225,-236471876341.21362,-277692715804.15216
latam,2064,13562865935449.877,255623812.36696792,0.0,596075861492.2811,699689587782.9159,99542662193.98578,0.0,13198407152.81754,3910645014.474568,799232249976.9016,0.0,48916.26904374654,-203156388484.62048,-216354795637.43802
seasia,2064,15684300551867.092,314813853.2972275,0.0,694337196747.5082,795363871330.454,113518729773.913,0.0,4878027065.403543,6069219180.368012,908882601104.367,0.0,46108.19913411375,-214545404356.85876,-219423431422.2623
russia,2064,11665117588129.85,132624344.45810062,6542315.14450181,516487313389.5535,573139415775.6313,69287458642.12306,31411103634.051083,0.0,4185663815.4895587,610233998583.1586,32192875834.59573,59633.57842478583,-93746685193.60504,-94528457394.14969
mena,2064,22824336874079.508,284273587.15737116,116437.28299058256,1416170892637.324,1253123452255.406,329708424655.32245,0.0,19525202743.301537,5794035150.746412,1582831876910.7285,0.0,59956.90963378121,-166660984273.40454,-186186187016.7061
ssa,2064,20391084883614.508,1321656497.6758254,0.0,1105146560206.6746,885022162941.5067,124854713036.5971,0.0,13608175665.412086,10967588224.547613,1009876875978.1038,0.0,22485.03217332957,95269684228.5708,81661508563.15872
us,2065,43025300134612.12,164708652.0744406,32922754.95099312,1664860889377.6692,2162510683904.9316,245241250413.6932,502849018213.985,0.0,9486933576.040527,1912302004916.6902,495449929401.9349,111497.4278351071,-247441115539.021,-240042026726.9709
oecd-ex-us,2065,41321709504109.516,270064697.71252584,36132838.758376025,1629091633352.1533,2126062252307.709,226172138564.26453,336206514314.11975,0.0,6762742867.877755,2003728202967.4124,348506187904.563,89398.34352859801,-374636569615.25903,-386936243205.7023
china,2065,22779667162907.285,335054287.9025493,0.0,718685535184.3197,1328915903771.7544,139359856365.90417,0.0,8755451935.751657,7415520070.487227,1468275760137.6587,0.0,66223.97989298165,-749590224953.339,-758345676889.0907
india,2065,25388541329394.53,870747716.9736885,0.0,1438538072127.007,1364487607098.4817,314467913331.53424,0.0,40840390287.39171,8872802267.970201,1678955520430.0159,0.0,36641.479820197834,-240417448303.0088,-281257838590.4005
latam,2065,13337548100478.059,256652213.38065225,0.0,583779813529.8074,701685471429.7815,97846417375.60948,0.0,13485539170.845558,3919779474.6220946,799531888805.391,0.0,50262.32079021263,-215752075275.58362,-229237614446.42917
seasia,2065,15453412381899.045,311745361.516082,0.0,680339170838.1564,799546896559.7543,111781013314.52943,0.0,6050560685.163338,6151129753.23699,911327909874.2837,0.0,47419.01192178601,-230988739036.12732,-237039299721.29065
russia,2065,11570873917405.238,133766264.25280434,6653705.877708746,507906366036.63763,568106717902.9113,68624978906.95561,30287499140.8865,0.0,4294160907.7307405,604515681388.984,32216015420.883163,61092.72827344632,-96609315352.34637,-98537831632.34303
mena,2065,22638504033625.32,283933575.9653446,26210.54234306378,1397342713198.4539,1242788287125.0928,326622733579.99976,0.0,19501122974.97819,5736590027.43309,1569411020705.0925,0.0,61418.98905906667,-172068307506.63867,-191569430481.61685
ssa,2065,20465424497016.734,1338930463.7390137,0.0,1101103217932.2861,899109608169.6067,125378331096.0237,0.0,13389475518.976467,11113810254.54255,1024487939265.6304,0.0,23374.704170024008,76615278666.65576,63225803147.67929
us,2066,42798288819896.01,163323185.48888758,32999229.40631841,1648167178250.0728,2153667262592.888,243558336421.3788,512862894976.0928,0.0,9184211071.985847,1901293126582.8396,495932472431.4265,113183.69793026232,-253125948332.76685,-236195525788.1006
oecd-ex-us,2066,41633702134589.7,264975452.60162845,35971761.20026934,1604178238346.1553,2112330542980.0112,230491417084.3002,341855928577.959,0.0,708780423620.3593,1993270180324.4272,349551779739.8858,91051.58973704923,-389091941978.272,-396787793140.1988
china,2066,22055141659637.37,321775217.48169965,0.0,684562659810.7356,1272302518002.3098,134652357338.1944,0.0,9382672046.211212,7249384306.040273,1406954875340.5042,0.0,67752.92532345594,-722392215529.7686,-731774887575.9797
india,2066,25111659005683.87,866955852.821334,0.0,1415803253919.8135,1349800444342.416,310299662439.89716,0.0,41905153009.45018,9319682161.28017,1660100106782.3132,0.0,37821.73200954054,-244296852862.49976,-286202005871.94995
latam,2066,13106227547745.754,253294971.729914,0.0,571519790212.1261,697683628254.699,95997594869.23099,0.0,13010350492.23627,3851230671.72259,793681223123.9299,0.0,51635.91803379614,-222161432911.80383,-235171783404.0401
seasia,2066,15212878949146.781,308616010.6731396,0.0,666488182887.067,798178519835.592,109806732544.42598,0.0,5080488985.095802,6044125725.784882,907985252380.0181,0.0,48757.47602983019,-241497069492.95105,-246577558478.04684
russia,2066,11472252694024.502,132658885.50547777,6662543.261142861,499243522094.8143,566327051217.8367,67867664657.011734,32267012852.99057,0.0,4062957546.304289,602011517215.3877,32183198659.460583,62578.86479421303,-102767995120.57343,-102684180927.04344
mena,2066,22449104076572.066,283586484.5167151,1328.058789880473,1378434243556.6443,1232283538049.2747,323401728624.5754,0.0,17699232789.538742,5550298853.488745,1555685266673.85,0.0,62908.03605022361,-177251023117.2058,-194950255906.74457
ssa,2066,20521178541968.69,1355564091.7154052,0.0,1096632120168.0051,912263717535.7914,125647833722.12392,0.0,14000978094.073776,11034454135.943148,1037911551257.9153,0.0,24290.862433779952,58720568910.08984,44719590816.01607
us,2067,42569504977442.84,161943782.17402264,33091395.55120141,1632040301486.035,2149453027274.6975,241723545858.986,521497938524.79126,0.0,8854490669.697416,1894343484312.007,496833088821.676,114895.26064177512,-262303182825.97217,-237638333122.85693
oecd-ex-us,2067,41233471647845.734,259929591.5552919,35850818.92382108,1579107452216.3635,2104184170921.5742,227759028339.55536,345785556526.56104,0.0,6819703774.249909,1983195189959.273,348748009301.856,92730.63071167233,-404087737742.9094,-407050190518.2044
china,2067,21338552406098.785,308538162.79297334,0.0,651142139950.6935,1233876597756.5496,129928365907.93788,0.0,10427416335.771013,6500986510.996429,1363804963664.4875,0.0,69308.91883169785,-712662823713.7941,-723090240049.5651
india,2067,24830560083842.28,862906961.5625371,0.0,1393052343794.6094,1334916263137.6143,306073834619.67346,0.0,41652496837.04991,8491328958.151057,1640990097757.2876,0.0,39030.15586852175,-247937753962.67822,-289590250799.72815
latam,2067,12877330906881.836,249893434.42307508,0.0,559375040597.2217,685338075688.9901,94152542707.58775,0.0,12678205990.999838,3897142926.4383826,779490618396.5779,0.0,53037.44787969574,-220115577799.3562,-232793783790.35605
seasia,2067,14973521433442.895,305414057.98872113,0.0,652860622140.2793,785423333066.7922,107838535330.00851,0.0,4979996549.878719,6023727102.495862,893261868396.8008,0.0,50123.98501522879,-240401246256.52148,-245381242806.4002
russia,2067,11367954566619.531,131526042.1791829,6677596.640220885,490673892373.7189,565102000564.9946,67039381003.361336,33184347274.780365,0.0,3985014514.8835316,599906628634.688,32234752933.668186,64092.359377288594,-109232736260.96912,-108283141919.85693
mena,2067,22249539837281.08,286147227.6293641,1280.1749677283979,1359498877761.2012,1221756664472.131,320083499584.0378,0.0,22644170288.217403,5421217292.186846,1541840164056.169,0.0,64424.42170697852,-182341286294.96777,-204985456583.18518
ssa,2067,20565076616526.453,1371613026.4858997,0.0,1091782167978.9651,920663820308.9229,125739950436.17628,0.0,13092341349.374893,11612018673.279617,1046403770745.0991,0.0,25234.010779387794,45378397233.86597,32286055884.491074
us,2068,42334254442115.67,160549935.27840054,33177465.222997863,1616416446992.5688,2137711145143.4238,239931932214.68094,518111462566.82855,0.0,7864632471.531073,1879593597771.742,498049479586.36365,116632.49533396293,-263177150779.1731,-243115167798.7082
oecd-ex-us,2068,40812132841318.38,254876075.36286858,35716368.819258295,1554039936602.288,2093575600437.8394,224819364609.42368,336163388843.3124,0.0,6852833074.29092,1970115324892.3374,348279640154.92633,94435.84047828078,-416075388290.0493,-428191639601.66327
china,2068,20610443347229.11,306864582.8630504,0.0,618988143518.5714,1220446862648.413,124709817109.73709,0.0,8482703338.698477,6542180708.595101,1345156679758.1501,0.0,70892.33348628934,-726168536239.5787,-734651239578.2772
india,2068,24550260774490.82,858700157.2893603,0.0,1370488204032.6345,1319915254480.8801,301802182141.1496,0.0,37592093863.42496,8522017101.3596,1621717436622.0298,0.0,40267.18461134687,-251229232589.39526,-288821326452.8202
latam,2068,12650722192455.0,246450863.55016235,0.0,547396391974.97473,673034359019.6655,92323401527.81198,0.0,12287411896.695421,3640066042.367612,765357760547.4775,0.0,54467.301977220064,-217961368572.5028,-230248780469.19824
seasia,2068,14735677280141.277,306869543.79435664,0.0,639513282289.7373,772677301453.3462,105879299577.06882,0.0,4823411915.155292,6022577354.23715,878556601030.415,0.0,51518.936818586604,-239043318740.67773,-243866730655.83304
russia,2068,11261480700480.057,130362276.61514111,6691535.9026556155,482313791027.2774,559438513606.4034,66199932820.447914,32762264139.483284,0.0,4088525120.614523,593310929821.5898,32327516605.26108,65633.58848222111,-110997138794.31244,-110562391260.09024
mena,2068,22047639076263.957,285616444.8096412,0.0,1340642710361.2856,1210884861222.1655,316598938947.51666,0.0,20417187222.239674,5357516013.528848,1527483800169.6821,0.0,65968.5222115444,-186841089808.39648,-207258277030.63617
ssa,2068,20787307817144.457,1386923534.5588977,0.0,1086589910414.5015,920259056939.2509,128135955371.64546,0.0,15003316731.179575,199039619245.5745,1048395012310.8964,0.0,26204.65669427675,38194898103.6051,23191581372.42553
us,2069,42112089373897.24,162473076.1218628,33897129.92255988,1601451216757.542,2123998184270.2388,238116308608.1291,529257801111.94305,0.0,9240406790.47451,1863105667398.2988,499008825480.06934,118395.7870619919,-261654450640.75684,-231405475008.88312
oecd-ex-us,2069,40394446016128.664,249849147.49780563,35599376.54914109,1529281028621.4917,2067891676484.1116,221851794257.43353,335873583339.9198,0.0,6902033590.411451,1942221289706.9756,347522181034.5694,96167.59877370705,-412940261085.4839,-424588858780.1335
china,2069,19888304791659.824,293810118.0023865,0.0,588456004855.0123,1189348139743.8162,119381843615.12965,0.0,8294232432.053211,6429655366.713004,1308729983358.9458,0.0,72503.5477078036,-720273978503.9335,-728568210935.9867
india,2069,24265995657554.21,863836796.9252136,0.0,1348149789289.9043,1305002358961.8096,297542432199.2685,0.0,38330065710.76069,8459950645.319138,1602544791161.0781,0.0,41533.25532203722,-254395001871.17383,-292725067581.9345
latam,2069,12426541434253.5,242968945.43950257,0.0,535622541042.08154,660802043254.082,90515793499.83348,0.0,11959940935.57344,3474478445.9075055,751317836753.9155,0.0,55925.87662202794,-215695295711.83398,-227655236647.4074
seasia,2069,14499522917607.832,303550462.99700385,0.0,626555471733.9408,759978477887.8252,103948440597.08029,0.0,4309280668.153996,5526364885.674289,863926918484.9055,0.0,52942.733865779526,-237371446750.96472,-241680727419.1187
russia,2069,11151673864021.307,129159657.43743606,6694480.362220229,474230006562.9061,553529349975.6382,65372556482.25073,30938102588.743053,0.0,3926960847.4966116,586483697369.8533,32418209088.036026,67202.93373678495,-112253690806.94714,-113733797306.24011
mena,2069,21839081458731.605,284974610.6524797,0.0,1322029658140.9702,1200097641323.5107,313062502611.054,0.0,22549132930.837242,5122001192.062391,1513160143934.5647,0.0,67540.71892732262,-191130485793.59448,-213679618724.43173
ssa,2069,20814534791832.42,1401613861.5199285,0.0,1081090448986.3171,923605906132.5437,128142410338.7864,0.0,14084163691.47195,11969005864.453615,1051748316471.3301,0.0,27203.31136105278,29342132514.98706,15257968823.51511
us,2070,41873468703561.02,161055209.80583557,33967177.883952945,1587123641399.463,2110842377832.7593,236442356975.9335,512958270550.8804,0.0,8582152522.154394,1846904126081.3618,500380608727.33276,120185.52665723414,-259780484681.89893,-247202822858.35132
oecd-ex-us,2070,39976169802357.13,244831417.731788,35478612.31523567,1505189130892.351,2042539241934.7578,218970306464.72723,331584087295.23303,0.0,6460116440.363767,1914707837646.8003,346801710752.6855,97926.29113233121,-409518706754.4492,-424736330211.9017
china,2070,19191995593940.73,280856491.83492947,0.0,559767358033.74,1140393321013.8728,114312947603.50455,0.0,7570261216.64648,6199974081.183326,1254706268617.3774,0.0,74142.94536580284,-694938910583.6375,-702509171800.2839
india,2070,23980516869012.28,859172842.2236332,0.0,1326141853527.6155,1289965370468.377,293247001536.9931,0.0,36315493195.325554,7907223131.155832,1583212372005.37,0.0,42828.80904500152,-257070518477.75464,-293386011673.0802
latam,2070,12388911929816.982,239446314.54368138,0.0,524100804409.8138,649884901262.2241,90745900607.8127,0.0,12085140569.396656,190985633593.10068,740630801870.0369,0.0,57413.57285991986,-216529997460.22308,-228615138029.61975
seasia,2070,14265028692132.982,300158944.755078,0.0,614054982659.0116,747403821316.3562,102035368869.01877,0.0,4891031973.555525,5781014025.063355,849439190185.375,0.0,54395.78317133767,-235384207526.3634,-240275239499.9189
russia,2070,11039861818782.494,127934079.65290852,6699926.057428223,466506785749.46436,547527147724.44904,64548098486.16198,29937578466.294342,0.0,3818836756.041782,579648400658.6073,32426845552.004093,68800.78203703089,-113141614909.14294,-115630881994.85269
mena,2070,21627356220470.527,284252686.33440477,0.0,1303738190544.319,1189182252483.208,309419641783.6229,0.0,22024305851.694984,5162771313.140959,1498601894266.831,0.0,69141.39849876885,-194863703722.51196,-216888009574.20694
ssa,2070,20833379683435.203,1415645169.2486105,0.0,1075345707169.8168,926570440927.0122,128100789543.80399,0.0,13662294154.780848,11832709058.56277,1054671230470.8162,0.0,28230.489684771463,20674476699.00061,7012182544.219763
us,2071,41656378839365.27,159667966.9764938,34070859.18997274,1573548642572.6785,2097674811781.5269,234691625879.22455,533925802250.0329,0.0,7802128642.234158,1831046709472.875,501319728187.8767,122002.11081390503,-257498066900.19653,-224891992838.04034
oecd-ex-us,2071,39563004306865.92,240091881.76599225,35369191.993196756,1482017884676.8706,2017691228470.064,216113777030.76794,331800829367.2226,0.0,6820795965.542498,1887691238902.03,346113766598.80133,99712.30897384175,-405673354225.1594,-419986291456.73816
china,2071,18520812365248.695,268009098.79248294,0.0,533308044872.7302,1093112504761.9232,109522093936.686,0.0,7589610080.082362,5732935213.927019,1202634598698.6091,0.0,75810.91587696323,-669326553825.8789,-676916163905.9613
india,2071,23688969833269.977,854165298.1950247,0.0,1304554031090.1038,1274968738668.7505,288932010062.08325,0.0,40113717040.65441,7913398939.088801,1563900748730.8337,0.0,44154.29087839742,-259346717640.72998,-299460434681.3844
latam,2071,12167116879436.076,235896926.81881556,0.0,512865155575.33673,637911549848.7865,88939225435.51585,0.0,11381075100.523954,3571644428.58202,726850775284.3024,0.0,58930.79659216935,-213985619708.96564,-225366694809.4896
seasia,2071,14033924012987.771,296732559.52284044,0.0,602057556442.197,734945532241.4248,100142419964.53351,0.0,3684851693.2594767,5610568311.80615,835087952205.9583,0.0,55878.49644354476,-233030395763.76123,-236715247457.02072
russia,2071,11080069018887.61,126664391.73121037,6683953.721579426,459212659127.013,541725777934.8009,65473607911.16521,27513696325.825623,0.0,160680230498.2395,574682244190.5605,32517141655.405613,70427.52564851407,-115469585063.54755,-120473030393.12753
mena,2071,21415746301597.402,283486292.1211383,0.0,1285937323067.6868,1178308207486.256,305710825675.7364,0.0,18643378694.781437,5115169915.949632,1484019033161.9924,0.0,70770.95295243149,-198081710094.30566,-216725088789.0871
ssa,2071,20844516590664.582,1429010273.7612827,0.0,1069378754660.6007,929138193665.3568,128000414942.7335,0.0,13184386808.725567,12081147985.588396,1057138608608.0903,0.0,29286.71032495047,12240146052.510376,-944240756.2151909
us,2072,41421353244129.47,158283498.95427334,34134820.14676182,1560830800051.8582,2085496025615.1687,233045756376.85126,515049045653.53253,0.0,7636341050.836505,1815568510971.4062,502973271020.61383,123845.94217700062,-254737710919.5481,-242661936286.6294
oecd-ex-us,2072,39146254687685.2,242136123.40995154,35986384.33730156,1459958048584.5762,1993445536872.9727,213316522858.96683,323760054845.40533,0.0,6294337121.2329235,1861343175681.0166,345418884050.9235,101526.0496922491,-401385127096.4404,-423043956301.9586
china,2072,17873930418497.195,255267737.72581467,0.0,509277780917.71423,1047673037006.1307,105013931434.21605,0.0,8905762067.048872,5433002838.180443,1152686968440.3467,0.0,77507.8543043423,-643409187522.6324,-652314949589.6813
india,2072,23397969386745.22,848988320.9344156,0.0,1283473474846.7031,1259764111074.8486,284563324921.7561,0.0,37515501066.66979,7369015691.806495,1544327435996.6047,0.0,45510.1500702435,-260853961149.9016,-298369462216.5714
latam,2072,11948186020419.09,233302027.51125863,0.0,501956202352.7075,626117355858.0658,87157570467.26376,0.0,11157073549.61494,3544938505.2476306,713274926325.3296,0.0,60477.95868238401,-211318723972.62207,-222475797522.237
seasia,2072,13804235553740.979,294417390.79513943,0.0,590559259598.7787,722728152874.6295,98292252255.9043,0.0,4469204033.755498,5241890318.71946,821020405130.5338,0.0,57391.29019123729,-230461145531.75513,-234930349565.51062
russia,2072,10967594783263.193,125447033.2138961,6688096.492302601,452444471380.4418,535648467624.5502,64635125649.906235,31519367726.83892,0.0,3845518542.7561135,567940080848.7155,32343512425.7411,72083.56230870844,-115495609468.27368,-116319754167.17586
mena,2072,21202718673719.812,283514557.8563649,0.0,1268735740621.1904,1167645903088.383,301994502425.35077,0.0,17100061713.549173,4977098728.51894,1469640405513.734,0.0,72429.77979917241,-200904664892.54346,-218004726606.09262
ssa,2072,20847260838442.918,1444135348.01835,0.0,1063205920490.968,931335672476.1227,127856232864.86581,0.0,13107297902.842466,11837530531.203794,1059191905340.9885,0.0,30372.495732320363,4014015149.979492,-9093282752.862974
us,2073,41200515806228.6,157183029.44743338,34214946.589874,1548906328575.0947,2072934324624.0334,231298049397.86047,526410347152.7027,0.0,8078260393.232225,1800443158596.627,503789215425.2654,125717.4294315536,-251536830021.53223,-228915698294.0949
oecd-ex-us,2073,38727057973596.23,237694375.7075507,35837278.616790585,1439115629705.166,1969470506090.7288,210543202964.56738,315445483553.62256,0.0,6255881707.53966,1835734879371.1501,344278829684.1455,103367.91674617272,-396619249665.98413,-425452595796.5071
china,2073,17252574932808.453,243670931.46350184,0.0,487711727462.3701,1004195124062.0411,100796712546.41919,0.0,8817158653.610668,4741782110.962515,1104991836608.4604,0.0,79234.16145780362,-617280109146.0903,-626097267799.701
india,2073,23109468467664.66,846616215.7734028,0.0,1263023292960.0823,1244692482654.4233,280209208139.34845,0.0,34439259174.511894,7816737927.642756,1524901690793.7717,0.0,46896.84011724288,-261878397833.68945,-296317657008.20135
latam,2073,11731879328165.707,230576296.7398117,0.0,491393165954.69763,614493066265.6925,85404426754.73686,0.0,11241906214.467098,3439541026.818429,699897493020.4293,0.0,62055.47506488737,-208504327065.7317,-219746233280.1988
seasia,2073,13772176728688.406,291869267.27835596,0.0,579537148817.311,711606503861.815,98729676818.54207,0.0,5006095068.1646805,203746301878.63782,810336180680.357,0.0,58934.585832287856,-230799031863.04602,-235805126931.2107
russia,2073,10854002801215.117,124247140.01363224,6683883.443427823,446221383780.9159,529789936692.22284,63835685114.68051,30078015016.635864,0.0,3734240961.271921,561310529179.2054,32315092627.697853,73769.29533061812,-115089145398.28955,-117326223009.35153
mena,2073,21244612861714.773,283277008.68933094,0.0,1252109628448.1123,1155878989514.3062,301098330952.9894,0.0,17967665885.9511,264729545900.0877,1456977320467.2954,0.0,74118.28213758035,-204867692019.1831,-222835357905.13422
ssa,2073,20841312796932.52,1460726950.441555,0.0,1056850067774.1595,933148190169.7709,127669898808.76283,0.0,13648450937.149443,11668430631.122768,1060818088978.5337,0.0,31488.37219030703,-3968021204.3741455,-17616472141.52359
us,2074,40975205005025.4,156989528.47389048,34275889.956469715,1537949475865.7788,2060721431977.022,229668676363.87097,518843550297.8972,0.0,8286280974.007418,1785674523496.1692,504715584844.7243,127616.98739322874,-247725047630.39038,-233597082177.21747
oecd-ex-us,2074,38316005166077.19,236938590.66186345,35704879.09614112,1419758941883.8506,1945788946706.8074,207856186104.44278,316807913665.8305,0.0,6025469742.544955,1810894699874.0361,342750432937.2149,105238.31975042193,-391135757990.18555,-417078277261.56995
china,2074,16984423461642.611,232121997.10387745,0.0,468718268317.1428,974371481039.147,100807232424.96011,0.0,7508579938.233754,345817553919.3517,1075178713464.107,0.0,80990.24399561516,-606460445146.9642,-613969025085.198
india,2074,23092371779826.816,843708158.2807319,0.0,1243178083789.092,1229274614370.648,278825862301.80634,0.0,36603361108.99945,284429066154.5141,1508100476672.4543,0.0,48314.81886627933,-264922392883.3623,-301525753992.36176
latam,2074,11519118942092.209,230271967.89023095,0.0,481197964931.1981,603036156708.5297,83684303165.64731,0.0,10472423412.508923,3234532281.981642,686720459874.177,0.0,63663.76685461372,-205522494942.97888,-215994918355.4878
seasia,2074,13545410163635.012,291832515.04157746,0.0,569034682700.356,699735929541.8337,96904920575.12836,0.0,4790330925.18246,5629933288.393609,796640850116.9622,0.0,60508.80980375839,-227606167416.6062,-232396498341.78867
russia,2074,10742640848258.686,123812185.16532265,6689416.581418057,440501092294.56213,523988321022.43414,63056675604.97924,31576474779.87506,0.0,3605476596.5452166,554829384165.3837,32215612462.029945,75485.13370759635,-114328291870.82153,-114967429552.97641
mena,2074,21022402777146.805,284360232.58243525,0.0,1235977225008.272,1145304418298.4756,297326883025.6376,0.0,20562270552.52836,5006262300.402682,1442631301324.1133,0.0,75836.86875858804,-206654076315.8413,-227216346868.36966
ssa,2074,20828850934089.25,1474053753.1732812,0.0,1050366700203.1797,934560418899.3898,127437550779.76825,0.0,12320248839.526209,11489655472.231035,1061997969679.158,0.0,32634.869861233794,-11631269475.978271,-23951518315.50448
us,2075,41434514582064.94,157212242.56787738,34390445.27665349,1528238706875.6582,2048618805668.0393,234413394459.277,547718154385.828,0.0,666384915905.3817,1775321597075.513,507710603051.8018,129545.03710027701,-247082890199.85474,-207075338865.82855
oecd-ex-us,2075,37928464483635.29,236752504.33715495,35633291.66497981,1402231013055.8196,1922971677129.6846,205271806893.98407,332501363897.61194,0.0,5970424628.313334,1786841613306.8337,341401870716.83514,107137.6745688923,-384610600251.01416,-393511107070.23737
china,2075,16401783457122.25,228820589.87124032,0.0,452153559120.2031,934623936990.515,96973483314.61858,0.0,8166309953.965911,4970166618.525184,1031597420305.1335,0.0,82776.51452723765,-579443861184.9304,-587610171138.8964
india,2075,22796450138169.367,846026149.8219423,0.0,1223881045067.3489,1214364048699.9102,274512154382.8289,0.0,38437697252.30055,7511213610.243492,1488876203082.739,0.0,49764.5486185481,-264995158015.39014,-303432855267.6907
latam,2075,11309476901212.326,229438589.08878514,0.0,471381573142.7484,591817495679.7401,82003809423.44168,0.0,10403391307.885551,3201082388.4418216,673821305103.1818,0.0,65303.260458509474,-202439731960.43335,-212843123268.3189
seasia,2075,13321903722282.299,290721546.89395684,0.0,559045054741.5135,688115284074.5991,95128445770.6309,0.0,4606363070.871494,5298596821.884163,783243729845.23,0.0,62114.39367371054,-224198675103.71643,-228805038174.58792
russia,2075,10632462180953.566,123485250.71203575,6694686.51262005,435274388696.24786,518410932277.57263,62316235802.55416,31696649228.411087,0.0,3577462850.354129,548525280705.2489,32201887374.877895,77231.49221938399,-113250892009.00104,-113756130155.46785
mena,2075,20798086018954.58,284473516.2561251,0.0,1220327688408.929,1134619117556.3013,293533194166.7646,0.0,21288596937.737457,4796462059.653232,1428152311723.066,0.0,77585.95425130561,-207824623314.13696,-229113220251.87442
ssa,2075,20808860367287.34,1488572032.8567233,0.0,1043767198868.6885,935656176522.3849,127164535077.86063,0.0,12613880087.83096,11676826017.478996,1062820711600.2455,0.0,33812.5228372265,-19053512731.557007,-31667392819.387966
us,2076,41225879693318.92,156007829.69350964,34480653.142577015,1519618785568.0474,2037823345935.5315,233005132312.51825,535042161695.63074,0.0,7532642238.355823,1761242302098.5479,509586176149.5023,131502.00590686913,-241623516530.5005,-216167530984.37207
oecd-ex-us,2076,37545213613663.49,233301722.68165246,35562671.10850807,1386488457714.6548,1901492152561.3984,202879592149.37045,328912485184.9324,0.0,5719931839.378655,1763643334684.5688,340728410026.1994,109066.40340879868,-377154876969.91406,-388970801811.1811
china,2076,15846370674321.654,224864568.44293532,0.0,437799551445.74457,897116317106.7771,93439392684.52335,0.0,6989059211.475957,4332434756.445999,990555709791.3004,0.0,84593.39171732057,-552756158345.5559,-559745217557.0319
india,2076,22502780696086.758,847303794.7933003,0.0,1205133065878.878,1199436633812.431,270214065052.04984,0.0,36782789999.27235,7630980902.262197,1469650698864.4807,0.0,51246.49623628344,-264517632985.60278,-301300422984.8751
latam,2076,11103340902789.9,229672956.18021742,0.0,461943188285.2172,580833681069.6019,80362208556.293,0.0,9955465250.138096,3072168168.3979654,661195889625.8949,0.0,66974.38768843569,-199252701340.67767,-209208166590.81577
seasia,2076,13103101532639.172,285585236.8045894,0.0,549522552073.4123,676764105971.5709,93397328788.8659,0.0,3374105005.3475266,5210798049.234305,770161434760.4368,0.0,63751.77425466119,-220638882687.02448,-224012987692.372
russia,2076,10525737281816.12,124315186.1294488,6823397.49208721,430517884985.45557,512995498503.26825,61606053744.23511,33792410418.034325,0.0,3566357706.570543,542427931798.33154,32173620449.17214,79008.79153937967,-111910046812.87598,-110291256844.01378
mena,2076,20574253186501.684,281570303.63812596,0.0,1205239699469.2483,1123919155170.404,289758552358.669,0.0,19964778577.612343,4569954184.5324335,1413677707529.073,0.0,79365.95911008262,-208438008059.8247,-228402786637.43704
ssa,2076,20780619026592.074,1501386433.2985153,0.0,1037031180096.0042,936385885387.0096,126848099455.68102,0.0,13725416750.606558,11686880802.013561,1063233984842.6907,0.0,35021.86919580021,-26202804746.686523,-39928221497.29308
us,2077,41014069264881.88,154821358.3940969,34549304.57678945,1511692986426.7402,2027099198449.2036,231502580373.74652,527139811743.6519,0.0,7958552215.4901905,1747656354167.9556,510945424654.99493,133488.32757782933,-235963367741.21533,-219768980652.55835
oecd-ex-us,2077,37164623840580.11,229926549.47772056,35472878.73060445,1372216185440.86,1880769779070.6667,200568747499.06488,322867583618.37836,0.0,5664984427.116339,1741391191279.7974,339947335289.9343,111024.93491626681,-369175005838.93726,-386254757510.4932
china,2077,15316759876547.318,215278279.20055422,0.0,425468626685.23553,862040923408.5164,90192055938.09932,0.0,7099037334.941519,4252592221.984312,952232979346.6157,0.0,86441.30039092338,-526764352661.3802,-533863389996.3217
india,2077,22209740966514.223,835303699.5648597,0.0,1186984418252.7722,1184677737697.027,265985354688.99487,0.0,36812987590.82727,7451932151.542242,1450663092386.022,0.0,52761.133252046384,-263678674133.24976,-300491661724.077
latam,2077,10900277484367.535,225012745.09594154,0.0,452876071667.3871,570114003575.8961,78763098220.63602,0.0,10030079698.810356,2967691405.589751,648877101796.5321,0.0,68677.58587556785,-196001030129.14502,-206031109827.95538
seasia,2077,12885983300843.7,280483416.3886978,0.0,540400195533.85254,665742937644.8159,91723175111.4737,0.0,4963301724.341669,4910987151.311668,757466112756.2896,0.0,65421.393718672996,-217065917222.437,-222029218946.7787
russia,2077,10418207223401.312,122849471.47471482,6832132.329276081,426165521556.8959,507815614841.3336,60944631120.05989,31670896954.269978,0.0,3393769035.4159565,536568404018.3948,32191841942.998833,80817.45834315551,-110402882461.4989,-110923827450.22775
mena,2077,20347261136256.855,278614090.8035417,0.0,1190656346310.2437,1113302257092.775,286039763739.1555,0.0,22879703933.51547,4573328210.368701,1399342020831.9304,0.0,81177.30984281303,-208685674521.68677,-231565378455.20224
ssa,2077,20747317184265.668,1501355703.1978178,0.0,1030196068779.9479,936741960926.9926,126498446936.18225,0.0,11359893086.953754,11102389843.78525,1063240407863.1748,0.0,36263.45106010196,-33044339083.22693,-44404232170.18068
us,2078,40808242939862.84,153680185.39017126,34622757.965518646,1504647335634.5305,2016638574586.0583,230074498565.9459,527653151371.06396,0.0,8586261127.390084,1734593431400.6392,512119641751.36475,135504.44238479,-229946095766.10864,-214412586146.40942
oecd-ex-us,2078,36800820966830.914,226684438.07588446,35412755.85742012,1359469400325.855,1860705307874.1338,198357761558.05377,330237335729.02954,0.0,5553459628.137831,1720135927796.5132,338927141635.6738,113013.70427330532,-360666527470.6582,-369356333377.3025
china,2078,14812868110633.47,206112703.9807879,0.0,414906020719.9046,829361422824.2455,87208384106.62828,0.0,6132236214.534937,3904256511.657838,916569806930.8738,0.0,88320.67163998078,-501663786210.9692,-507796022425.5041
india,2078,21915185272015.156,823289100.8793378,0.0,1169350902694.4722,1170022147799.0452,261818162112.82254,0.0,39149377189.46858,7083089907.800458,1431840309911.8677,0.0,54308.93598053645,-262489407217.3955,-301638784406.8641
latam,2078,10700442334737.11,220419402.02903962,0.0,444155988024.2184,559631643311.106,77203463811.38768,0.0,10032450291.90921,2876419759.7593155,636835107122.4937,0.0,70413.29798628995,-192679119098.27527,-202711569390.18448
seasia,2078,12673054396281.28,275463542.0698628,0.0,531625406917.2919,654904055244.9233,90078309142.02179,0.0,4603926275.105232,5031979182.333448,744982364386.9451,0.0,67123.69971407067,-213356957469.6532,-217960883744.75842
russia,2078,10312281942935.482,121397903.35399704,6836678.64251383,422139605030.79266,502763402069.2148,60284725216.94902,31641477273.841255,0.0,3341764515.709366,530949853469.80237,32098273816.361313,82657.92541823213,-108810248439.0097,-109267044981.52977
mena,2078,20124099792929.285,275691872.2345073,0.0,1176553002926.027,1102540817762.2598,282333413851.8253,0.0,19410245619.626995,4570130980.1298275,1384874231614.085,0.0,83020.43908049716,-208321228688.05786,-227731474307.68484
ssa,2078,20707533588550.785,1500795664.6253092,0.0,1023249783356.4266,936867939952.5691,126117315675.09544,0.0,11470703170.514414,11422579726.867748,1062985255627.6646,0.0,37537.814663780075,-39735472271.237915,-51206175441.75233
us,2079,40595088241989.36,152555175.5785671,34670341.809615046,1498281724470.5444,2006543372939.7485,228702483204.49927,516699323332.53625,0.0,7110110467.700451,1722080213903.8997,513165642240.3491,137550.79720378885,-223798489433.35522,-220264808341.1681
oecd-ex-us,2079,37038148974982.94,223538543.2160356,35333222.09740081,1348189317636.9028,1843608405677.1091,202107710240.8963,325283301788.7191,0.0,609571504644.3704,1705610733312.6458,340105382605.3611,115033.15329618064,-357421415675.7429,-372243496492.3849
china,2079,14331438230299.83,197361860.10455468,0.0,405772229097.9276,799146295714.0239,84468689933.36955,0.0,7216541404.79376,3629417620.6162815,883614985647.3934,0.0,90231.9429310311,-477842756549.4658,-485059297954.2596
india,2079,21626568172999.79,811461120.0401034,0.0,1152233296073.8135,1155376438672.9062,257691395641.45917,0.0,34837706607.11004,7055145832.300632,1413067834314.3655,0.0,55890.38563289244,-260834538240.552,-295672244847.66205
latam,2079,10503911867860.623,215898721.54538107,0.0,435768434211.84186,549392967219.96606,75684048041.92078,0.0,9994735334.132427,2772849507.6894765,625077015261.8868,0.0,72181.97273958141,-189308581050.04498,-199303316384.1774
seasia,2079,12463294928405.918,276027509.63477623,0.0,523168268772.29333,644335738664.3252,88482218737.14226,0.0,4880361266.203923,4770582020.031307,732817957401.4674,0.0,68859.14548377527,-209649688629.17407,-214530049895.378
russia,2079,10206706882170.46,119966289.67265843,6834628.635644806,418385042535.61224,497912744333.3188,59654740902.617874,30359611924.26087,0.0,3247770011.037971,525553681996.8395,32013803239.09757,84530.63177512835,-107168639461.22723,-108822830776.06393
mena,2079,19907074547066.805,277262205.04756105,0.0,1163037425338.7078,1091950725593.6323,278731309020.7817,0.0,13831211709.69374,4450575122.921025,1370682034614.414,0.0,84895.7856880763,-207644609275.7063,-221475820985.40002
ssa,2079,20858191556964.902,1499617202.8366537,0.0,1016125527850.6902,933283744949.5138,128215605341.7576,0.0,13456575206.079123,209488366060.78183,1061499350291.2714,0.0,38845.510420446924,-45373822440.58118,-58830397646.6603
us,2080,40384495151171.64,151467399.86299413,34713268.32830021,1492317668595.9092,1996419057648.3315,227347183847.19797,513151155445.1185,0.0,7704326636.777376,1710035671245.4277,513730570250.1025,139627.84561433026,-217718002649.51855,-218297417454.5025
oecd-ex-us,2080,36684889239681.04,220520675.19842985,35258997.68075296,1338165737925.2505,1825169479237.1533,200057168879.98544,328255376659.07465,0.0,5545798230.937477,1685932748743.2485,339293899373.8892,117083.73053521746,-347767010817.99805,-358805533532.8126
china,2080,13872343569693.426,196352948.69189855,0.0,397719016901.4425,771270515314.2109,81930641132.10211,0.0,7052805853.390096,3440284791.8548656,853201156446.313,0.0,92175.55821422764,-455482139544.8705,-462534945398.26056
india,2080,21338668155701.055,813481784.7792368,0.0,1135603169269.1855,1141090578881.9316,253682823751.2654,0.0,35498869726.4679,6769085791.732854,1394773402633.197,0.0,57505.96843344803,-259170233364.01147,-294669103090.4794
latam,2080,10310920940775.885,211466353.8931211,0.0,427686334286.91315,539401767763.46204,74204440383.85757,0.0,9742415460.92204,2671362236.590011,613606208147.3196,0.0,73984.06472589637,-185919873860.40643,-195662289321.32846
seasia,2080,12257179443187.758,271101559.67085224,0.0,514977716728.86554,633995450365.8263,86925182291.32123,0.0,4861480230.054059,4688910940.166383,720920632657.1475,0.0,70628.18998525,-205942915928.28192,-210804396158.33597
russia,2080,10104906834902.236,118574424.91019253,6838380.185852488,414867644776.18555,493207907708.4133,59035692131.94859,32388912639.299297,0.0,3186995156.6554174,520349452026.2263,31894147814.135555,86436.02275970095,-105481807250.04077,-104987042424.87703
mena,2080,19690819478380.652,274399663.47201914,0.0,1149982827013.155,1081624537534.6298,275266071780.3164,0.0,13634497206.997993,4287210822.6350236,1356890609314.9463,0.0,86803.79487655582,-206907782301.79126,-220542279508.78925
ssa,2080,20804947431645.81,1497968739.6160712,0.0,1008847957809.6486,932766151797.5525,127769524808.0426,0.0,13117862720.553022,11561456197.40211,1060535676605.5951,0.0,40187.09299769866,-51687718795.94653,-64805581516.49956
us,2081,40220223995234.86,150492780.7649269,34828440.45509445,1487211814123.5234,1986576399221.4878,225934583531.9271,553682743359.99,0.0,7345269333.090935,1698439144343.461,514071838409.95245,141736.04799993217,-211227330219.9375,-171616425269.89996
oecd-ex-us,2081,36352011848365.24,217647018.53620863,35206234.01011597,1329361609036.2354,1807570543480.4985,198055495536.93964,337769057244.9074,0.0,5617981420.495864,1667184218262.8237,338441820754.6145,119165.89137604754,-337822609226.5884,-338495372736.2955
china,2081,13434556301030.387,188168834.20685256,0.0,390531592673.0541,745780594941.5109,79565554112.42358,0.0,6349086237.293237,3376373955.130585,825346149053.9344,0.0,94151.96803365333,-434814556380.8804,-441163642618.1736
india,2081,21049038411573.227,801604896.8062278,0.0,1119247276709.2568,1126875033245.6484,249736164346.23483,0.0,39201836326.73751,6936013081.537677,1376611197591.8833,0.0,59156.17573890943,-257363920882.62646,-296565757209.36395
latam,2081,10121397283050.434,207130398.34420243,0.0,419889853952.83496,529661999815.8565,72765606132.78194,0.0,9521953267.01108,2536047537.3574014,602427605948.6384,0.0,75820.03452753642,-182537751995.80347,-192059705262.81454
seasia,2081,12054968007361.576,266281512.84279978,0.0,507020664876.4592,623885006701.2317,85406466478.63142,0.0,4562775738.25463,4622148215.474188,709291473179.8632,0.0,72431.29801205244,-202270808303.40393,-206833584041.65857
russia,2081,10004988266703.818,117221799.08463775,6843391.782253691,411548334101.60144,488751921079.5223,58445771885.47758,32642229267.412453,0.0,3088561397.546348,515315577431.5875,31882115533.412403,88374.55016679152,-103767243329.98608,-103007129595.98604
mena,2081,19477150235165.95,271570821.8573,0.0,1137222411502.8477,1071282997354.3766,271868489854.17465,0.0,12029850352.928572,4289682843.921661,1343151487208.5513,0.0,88744.91831643395,-205929075705.7036,-217958926058.63217
ssa,2081,20744865568617.383,1495823263.720566,0.0,1001441995632.6139,931961626684.2417,127291268152.32564,0.0,13719962897.92036,11448999073.452812,1059252894836.5674,0.0,41563.12139565246,-57810899203.95349,-71530862101.87386
us,2082,40035318045263.19,152293100.8453096,35523160.540724725,1482642998307.1345,1978253182842.9844,224832546304.3107,528131842749.54987,0.0,7404938118.945081,1687257394391.084,515828334756.20984,143875.8716501817,-204614396083.94946,-192310888090.60944
oecd-ex-us,2082,36017637583623.7,214866009.32507375,35124802.88658615,1321435553003.2236,1791254818998.8857,196200685789.54797,326274611663.11487,0.0,5371075380.551383,1649324490701.0989,338131014087.334,121280.09814233045,-327888937697.87524,-339745340122.09436
china,2082,13017280369226.809,180462418.19797254,0.0,383961269472.84705,722462411467.2699,77341949581.76128,0.0,4855483950.3994465,3422643723.011829,799804361049.0311,0.0,96161.62963895967,-415843091576.1841,-420698575526.58356
india,2082,20763117103262.992,789917305.3280258,0.0,1103092845898.4456,1112533529837.9578,245830419333.7919,0.0,37145297211.363304,6495092174.426147,1358363949171.7498,0.0,60841.504159923,-255271103273.3042,-292416400484.6675
latam,2082,10081663930313.223,202897698.14621276,0.0,412367648076.4563,520949219047.4834,72963323747.3346,0.0,9137254636.558605,150948796617.70966,593912542794.818,0.0,77690.34884051859,-181544894718.3617,-190682149354.9203
seasia,2082,11855745049583.723,261561651.59999034,0.0,499232341499.80554,614000465707.6566,83930019772.658,0.0,4810964684.450331,4286150887.1080194,697930485480.3146,0.0,74268.94031698917,-198698143980.50903,-203509108664.95935
russia,2082,10040670414824.242,115886059.84277345,6824691.030877647,408280333883.3976,484081983146.6232,59383726083.0615,29473047914.06894,0.0,141394475552.65942,511438163219.7987,32027546009.885994,90346.67235519736,-103157829336.40112,-105712327432.21817
mena,2082,19262699633394.31,268739133.8532667,0.0,1124645821161.1045,1060979043518.7028,268557079947.96057,0.0,13797102752.235762,4236803286.1548414,1329536123466.6633,0.0,90719.61425245351,-204890302305.55884,-218687405057.7946
ssa,2082,20679946156287.44,1493285467.3914294,0.0,993940568302.6825,930836647505.2423,126774130806.94725,0.0,12665805050.924501,11416602730.487545,1057610778312.1896,0.0,42974.15902995914,-63670210009.50708,-76336015060.43158
us,2083,39856014573998.734,151313119.21315324,35586963.52138211,1478053199339.4,1969344424136.2917,223693462164.29263,529126229950.0716,0.0,6554985746.662668,1676480604866.0781,516557281434.5077,146047.79086432143,-198427405526.67822,-185858457011.11432
oecd-ex-us,2083,35699018736506.07,212225120.84404147,35063651.939852245,1314186435765.961,1775091389386.1372,194389879188.16904,331211375734.74475,0.0,5464609955.971397,1632290199562.121,337191069012.18555,123426.82019996938,-318103763796.16016,-324083457073.60095
china,2083,12616507031133.707,173208313.92819476,0.0,377703972636.7035,701021835573.5873,75243097341.50049,0.0,5210688100.997709,2998310286.282902,776264932915.0878,0.0,98205.00709835174,-398560960278.3843,-403771648379.38196
india,2083,20477977405264.934,778327971.6330252,0.0,1087092042073.909,1098350647546.3701,242019764856.37515,0.0,38193045977.985466,6331718308.776198,1340370412402.7454,0.0,62562.45568500258,-253278370328.8363,-291471416306.8218
latam,2083,9897291469706.213,198765356.20466745,0.0,405071112759.4911,511657091182.72,71572482463.38551,0.0,8840304449.862019,2626304729.470932,583229573646.1055,0.0,79595.48059794241,-178158460886.61438,-186998765336.4764
seasia,2083,11660361057305.115,256960433.72038275,0.0,491539232859.44037,604300575834.1654,82483413870.13698,0.0,4375360382.456534,4236124948.7062173,686783989704.3024,0.0,76141.59373687058,-195244756844.862,-199620117227.31854
russia,2083,9943153788679.898,114616604.07805689,6829125.180834038,405025026523.2989,479772625334.0937,58795468523.902954,32900081786.21164,0.0,3126359404.135952,506650282707.44635,31917811150.55045,92352.85436398468,-101625256184.14746,-100642985548.48627
mena,2083,19046544652454.277,265896822.00465643,0.0,1112122116929.765,1050509357495.7179,265290299245.79288,0.0,16573456895.713942,4096015767.4357605,1315799656741.5107,0.0,92728.34761969531,-203677539811.74585,-220250996707.45978
ssa,2083,20609858467459.1,1490334196.6210215,0.0,986363319779.252,929473122844.584,126227078917.16304,0.0,12188476657.696245,11437669811.865784,1055700201761.7471,0.0,44420.773819246286,-69336881982.49512,-81525358640.19136
us,2084,39678806802553.94,150370427.94310895,35648712.74330783,1473535941514.7432,1960805361880.1116,222568750990.78214,525016534314.2601,0.0,7613865597.121189,1666060282901.7493,517313829969.14496,148252.28705638958,-192524341387.0061,-184821637041.891
oecd-ex-us,2084,35382954988264.15,209689223.13344306,34985407.10176716,1307451778993.535,1759805379113.6394,192648931909.22787,323592596671.8174,0.0,5346187115.59393,1616048579862.3413,336405731160.5256,125606.53406284652,-308596800868.8064,-321409935357.5146
china,2084,12229136937096.098,166388909.31192875,0.0,371420763480.3214,681029033144.4235,73223598241.51283,0.0,7558886157.866076,3020660025.8762517,754252631385.9363,0.0,100282.57141294116,-382831867905.61487,-390390754063.48096
india,2084,20198847437928.617,766988032.1100945,0.0,1071230077710.6224,1084156180268.342,238269276432.3537,0.0,33985158433.8985,6050570087.644598,1322425456700.6958,0.0,64319.53780678687,-251195378990.07336,-285180537423.97186
latam,2084,9716062629396.205,194728223.8093533,0.0,397947638952.0088,502602266720.86053,70215987424.57974,0.0,8941386124.06594,2583161007.486656,572818254145.4403,0.0,81535.9090948599,-174870615193.43152,-183812001317.49747
seasia,2084,11628867057142.408,252468802.16883802,0.0,483887023055.6135,595265647132.7452,82904867069.57985,0.0,4402025377.817263,167191516361.82056,678170514202.3251,0.0,78049.74131886438,-194283491146.71155,-198685516524.5288
russia,2084,9845175963954.629,113378118.54811504,6819828.235045709,401744588992.8258,475679890705.0416,58232080557.55207,31078874458.664295,0.0,3110683085.8445134,501988379491.03406,31923591771.559612,94393.56803016318,-100243790498.20825,-101088507811.10358
mena,2084,18833631345510.37,263106349.70693466,0.0,1099663976561.7239,1039812307100.271,262052402848.1164,0.0,14632576359.610298,3920002802.3591714,1301864709948.3875,0.0,94771.59016103219,-202200733386.66357,-216833309746.27386
ssa,2084,20532676796907.484,1501584795.8427572,0.0,978663049236.8663,927862666804.4938,125658964419.71727,0.0,13225980604.476528,10902892040.192238,1053521631224.211,0.0,45903.53827694531,-74858581987.34473,-88084562591.82126
us,2085,39481368053148.836,149414289.73192966,35656991.312513776,1468688332955.0706,1952551797046.659,221501166429.6888,500444187688.9742,0.0,7481693427.17124,1656038990749.8435,518013972726.5039,150489.84886193747,-187350657794.77295,-204920442832.30267
oecd-ex-us,2085,35069115698862.88,207248096.87944472,34879804.64002907,1300876869049.028,1745002121737.654,190965573177.9087,316317019028.4545,0.0,4934517436.797589,1600556513653.0166,335411181262.5477,127819.72350010162,-299679644603.9885,-318773806838.0817
china,2085,11857214143532.438,160040133.50606206,0.0,364988733556.1433,662030074750.7609,71250668224.93623,0.0,6668765568.663854,3037981424.5504017,733280742975.6971,0.0,102394.80063249002,-368292009419.55383,-374960774988.2177
india,2085,19919033727986.812,755708297.902589,0.0,1055432533281.6062,1070219208025.1807,234631309176.8138,0.0,36088815028.00254,5693089006.591546,1304850517201.9944,0.0,66113.26365059931,-249417983920.38818,-285506798948.39075
latam,2085,9537670753750.203,190791453.95674917,0.0,390965848756.55676,493759236763.4158,68891153825.35779,0.0,9078926254.04779,2371592440.2615895,562650390588.7736,0.0,83512.12011465497,-171684541832.2168,-180763468086.2646
seasia,2085,11437780388418.924,248087461.41282395,0.0,476231526036.2371,585942397377.1865,81492501121.3461,0.0,4311306241.808519,4428009980.624363,667434898498.5326,0.0,79993.87244844822,-191203372462.29547,-195514678704.104
russia,2085,9746350644209.553,112167136.5148233,6792601.43087489,398314682152.4677,471588372620.5948,57668671316.76206,29013453365.24689,0.0,3103588674.55134,497425938384.4047,31831105552.952232,96469.29210774116,-99111256231.93701,-101928908419.64236
mena,2085,18625309194837.285,260387190.6170005,0.0,1087319862062.2958,1029137878579.6234,258896497414.0484,0.0,11554278578.49664,3946641836.7809024,1288034375993.6719,0.0,96849.82054596348,-200714513931.3761,-212268792509.87274
ssa,2085,20451871647427.805,1498033840.2943056,0.0,970846617261.0125,925938749577.5944,125054460277.91953,0.0,11319733933.51094,10661177048.333376,1050993209855.5139,0.0,47423.0296074535,-80146592594.50146,-91466326528.0124
us,2086,39308397250162.64,148542136.93284762,35709771.35120155,1463689857865.862,1943937417826.049,220348922337.24924,520630538408.0973,0.0,6995140903.144536,1646350232311.9417,517936107851.35693,152760.97224634764,-182660374446.0796,-179965943889.33923
oecd-ex-us,2086,34765126041051.637,209156666.716802,35471516.39883374,1294356063356.5872,1730812457994.4258,189276812785.0477,316640132656.7954,0.0,5103416954.840608,1585704502793.0813,334384767986.39233,130066.87964497885,-291348439436.49414,-309093074766.09106
china,2086,11710491058601.557,154154391.72444785,0.0,358347680091.9485,646751459833.3749,71806825639.75969,0.0,5852489661.025387,219340010111.33273,718558285473.1345,0.0,104542.17997256889,-360210605381.18604,-366063095042.2114
india,2086,19878862350615.445,744481022.2746129,0.0,1039548079113.446,1055988966007.1158,233606419167.06885,0.0,39049040963.04539,248924969652.43323,1289595385174.1846,0.0,67944.15210528357,-250047306060.73853,-289096347023.78394
latam,2086,9362354009982.723,186960691.29179835,0.0,384098595991.91864,485076577693.54285,67592822336.02254,0.0,9045640080.291986,2299700350.4615254,552669400029.5654,0.0,85524.60605693856,-168570804037.6468,-177616444117.93878
seasia,2086,11249182336334.127,243809873.31452593,0.0,468538007979.3088,576754393733.0641,80103590254.3242,0.0,4529493123.4990635,4251417046.780023,656857983987.3883,0.0,81974.48297896248,-188319976008.07953,-192849469131.57858
russia,2086,9648322160850.645,110997159.96172671,6762710.014666729,394727105681.42786,467583053850.579,57087947655.95496,28909422588.28149,0.0,3005989877.929473,492933273640.6138,31737727865.920155,98580.5123881819,-98206167959.18591,-101034473236.82457
mena,2086,18645826381978.152,257666687.1094638,0.0,1074919712365.9807,1017943412724.8904,258346021118.7823,0.0,14705358784.130114,236592267402.70242,1276289433843.6726,0.0,98963.52449085074,-201369721477.6919,-216075080261.82202
ssa,2086,20367180934824.4,1494146957.100828,0.0,962919081880.5658,923831980226.0853,124424402490.2102,0.0,10081354491.863523,10727942724.188751,1048256382716.2955,0.0,48979.82980658072,-85337300835.72974,-95418655327.59326
us,2087,39139912227391.44,147700033.91597512,35755847.69039916,1458693928626.0938,1936442442096.4297,219156962544.46515,521565657954.11554,0.0,6854795289.470855,1636831883840.2305,518767520800.6638,155066.16061477683,-178137955214.13672,-175339818060.685
oecd-ex-us,2087,34470641377304.035,206860414.15507713,35382730.924110405,1287809519259.637,1717005574189.1538,187598759660.457,317482916507.6104,0.0,4827234334.778184,1571287224817.0408,333317109032.57007,132348.50110526668,-283477705557.4038,-299311898082.36346
china,2087,11358999167437.428,148695670.0806483,0.0,351324393670.5724,629280726136.7793,69874710360.51541,0.0,6571034265.383414,2910185927.9757304,699155436497.2947,0.0,106725.2019331531,-347831042826.7223,-354402077092.1057
india,2087,19602027735973.91,733526803.343601,0.0,1023680132099.5209,1041902842732.2275,230001544284.5202,0.0,34354240914.631454,5743881190.311764,1271904387016.7478,0.0,69812.72795628989,-248224254917.22693,-282578495831.8584
latam,2087,9190483151263.947,183238526.93487546,0.0,377324202963.43164,476515084907.9103,66319255390.09099,0.0,8656584489.86533,2295863105.6556864,542834340298.0013,0.0,87573.86606696805,-165510137334.56964,-174166721824.43497
seasia,2087,11063174667278.125,239632856.08922103,0.0,460794135473.8422,567629453324.6681,78731249006.74994,0.0,4630719250.908004,4189617052.481706,646360702331.418,0.0,83992.07536276645,-185566566857.57574,-190197286108.48373
russia,2087,9553816421816.418,109884062.19681022,6750852.5125517445,391016186080.0597,463592326656.22314,56500570473.84027,31514977521.929886,0.0,3055994493.842472,488457916402.69775,31634980727.365826,100727.72182228231,-97441730322.63806,-97561733528.074
mena,2087,18434169580654.742,254966061.4282975,0.0,1062319936190.354,1007212616486.3806,255268099164.6446,0.0,15685902701.735912,4189880838.9986954,1262480715651.0251,0.0,101113.19488057579,-200160779460.67114,-215846682162.40704
ssa,2087,20275291195294.45,1489740120.028691,0.0,954805543661.076,921498658207.622,123771029137.15298,0.0,12403794041.626083,10978198195.385088,1045269687344.7749,0.0,50574.525766229104,-90464143683.69885,-102867937725.32494
us,2088,39599793157456.39,146922555.6573736,35833362.58196818,1453580961686.4614,1927435140887.0386,223988759629.3688,541444631728.22955,0.0,616279237166.7323,1629827176964.0874,521596723552.32,157405.9249237484,-176246215277.62598,-156398307101.71643
oecd-ex-us,2088,34196238024368.94,204699912.34539366,35322022.112336315,1281204142570.9246,1703605608680.4797,185987723030.196,329029534406.6166,0.0,4956301798.068491,1557101257507.15,332492074203.5264,134665.09407535597,-275897114936.22534,-279359654733.1352
china,2088,11018712707029.166,143658141.40368456,0.0,343803398802.0176,612357460520.1604,67959949041.65022,0.0,6542993337.181644,2770543688.710165,680317409561.8107,0.0,108944.36641868131,-336514010759.7931,-343057004096.97473
india,2088,19326122472291.06,722696627.9026237,0.0,1007841761176.9556,1028052473995.9292,226492203121.72742,0.0,34748669712.34935,5546321970.188932,1254544677117.6567,0.0,71719.52202098836,-246702915940.70117,-281451585653.05054
latam,2088,9021885633135.207,183423152.4406957,0.0,370627517675.8476,468091628688.64813,65071779051.454025,0.0,8315778555.89921,2254150491.4089613,533163407740.1022,0.0,89660.40616660006,-162535890064.25458,-170851668620.15378
seasia,2088,10880618317502.033,235567436.42443848,0.0,453016121754.8015,558575159985.1605,77373061109.77321,0.0,3809227252.2989044,4184976816.3438635,635948221094.9337,0.0,86047.15878400164,-182932099340.1322,-186741326592.4311
russia,2088,9457591316580.684,110639632.71326613,6849341.916311406,387132473656.24744,459678023910.0043,55933990894.34491,29360610096.72064,0.0,2893825815.6495667,483957051942.7434,31654962861.6059,102911.42064349535,-96824578286.49597,-99118931051.38123
mena,2088,18225408376585.61,252313717.6577766,0.0,1049609919068.8533,996351623185.3427,252214781786.36758,0.0,13970988589.304386,4166270423.019476,1248566404971.7102,0.0,103299.33189164315,-198956485902.85693,-212927474492.16132
ssa,2088,20177268499535.418,1484878431.440184,0.0,946482775756.1147,918781594577.9507,123068786109.10489,0.0,13733158239.949408,11078067411.840347,1041850380687.0555,0.0,52207.70938325272,-95367604930.9408,-109100763170.8902
us,2089,39438845210763.48,146143019.01473293,35879085.86446018,1448201934516.6567,1920668547532.0312,222982781063.2103,527500970271.14056,0.0,7000477114.486163,1620516054184.3496,523135274410.891,159780.78379441838,-172314119667.69287,-167948423807.4433
oecd-ex-us,2089,33907695171436.723,202579731.06836376,35203435.181410536,1274126318635.5012,1690836710740.202,184429158732.5839,307587339659.52625,0.0,5009358245.489374,1543115881818.5005,332149987654.286,137017.17244994192,-268989563182.99927,-293552211177.75903
china,2089,10688668748951.984,139016823.57286018,0.0,335795900332.4886,595785606905.2186,66060613016.29946,0.0,6544716123.933768,2551077635.782302,661846219921.5181,0.0,111200.18085960185,-326050319589.0295,-332595035712.96326
india,2089,19050658713873.617,711977134.0996858,0.0,991941311075.9828,1014175477918.5398,223020506861.0887,0.0,35418712615.452126,5209627901.662187,1237195984779.6284,0.0,73665.07128618739,-245254673703.64563,-280673386319.0978
latam,2089,8855793395586.785,179803397.2743886,0.0,363980494326.868,459807210804.69525,63848677089.13029,0.0,8590843632.089338,2173999650.6327705,523655887893.82556,0.0,91784.73938678707,-159675393566.95758,-168266237199.0469
seasia,2089,10699473871028.682,231571778.60297763,0.0,445175302868.39716,549641512000.20593,76033687736.8613,0.0,4791158392.8028555,4146608788.120895,625675199737.0673,0.0,88140.24929296771,-180499896868.6701,-185291055261.47296
russia,2089,9361822488818.521,109541814.52787662,6826969.954900799,383028299200.6348,455617494098.00305,55339230766.895226,29404061243.89637,0.0,2755536658.2020264,479412076744.7229,31544648120.175392,105132.1164927191,-96383777544.08807,-98524364420.3671
mena,2089,18018488199958.324,249692462.88190538,0.0,1036840089041.7272,985500650162.6097,249214011022.23718,0.0,13114471539.296402,4068867055.1423974,1234714661184.847,0.0,105522.44311674972,-197874572143.11975,-210989043682.41614
ssa,2089,20076604528378.914,1479782830.6576042,0.0,938027293173.5078,915740503004.9636,122331128297.26762,0.0,11396634014.404999,10777000986.640856,1038071631302.2312,0.0,53879.97767244337,-100044338128.72339,-111440972143.12839
us,2090,39269651390927.92,145365512.74452975,35899868.822179034,1442195816882.8757,1913170061551.1824,221912246043.29358,516341948872.65533,0.0,7350722003.352198,1611291646554.814,523790661039.66113,162191.26362754081,-169095829671.93823,-176544541838.94403
oecd-ex-us,2090,33624838417929.812,200540648.90408376,35076986.54473404,1266341841488.3862,1677524306604.2483,182813608939.8107,306409816032.78345,0.0,4729504516.028861,1529320483176.0164,331017432368.0446,139405.2579393962,-262978641687.63013,-287586258022.8913
china,2090,10369236583065.807,134723475.16920802,0.0,327359819210.1307,579443872344.744,64168549719.39441,0.0,5714636201.343226,2535073169.1744547,643612422064.1384,0.0,113493.16033543216,-316252602854.00775,-321967239055.35095
india,2090,18779896204686.29,701477629.0106311,0.0,976007025810.0823,1000255746040.3625,219569878355.88736,0.0,32387539285.52074,5443628684.361353,1219825624396.25,0.0,75649.91904783677,-243818598586.16772,-276206137871.6885
latam,2090,8692406849127.06,176278897.55976155,0.0,357354810433.22955,451633080928.1082,62643699780.23388,0.0,8542939393.32687,2078363208.7125762,514276780708.3421,0.0,93947.3859016295,-156921970275.11255,-165464909668.43942
seasia,2090,10520660069556.639,232009013.87103528,0.0,437260995587.53064,540740824408.8347,74704504363.0757,0.0,4374795237.491575,3745326949.8293138,615445328771.9104,0.0,90271.86994211747,-178184333184.37976,-182559128421.87134
russia,2090,9265397746850.77,108466560.2039194,6802592.422346002,378704956420.1831,451501060562.25586,54742437965.86942,28404526031.73691,0.0,2709274108.4539895,474810587712.4116,31432910815.71378,107390.32454457547,-96105631292.22852,-99134016076.20538
mena,2090,17807589712844.75,247026704.29966137,0.0,1023875163821.8058,974614024710.3833,246247270060.64468,0.0,17955338677.0396,4042982512.678572,1220861294771.028,0.0,107783.04369084485,-196986130949.2223,-214941469626.2619
ssa,2090,20170649959217.73,1474319188.765929,0.0,929451377569.026,909889272382.1274,124136947115.88527,0.0,11630299014.33613,210250571782.13666,1034026219498.0127,0.0,55591.93288358827,-104574841928.9867,-116205140943.32283
us,2091,39115057896446.51,144630520.78610653,35938836.711978614,1435835101138.0447,1905091375897.155,220891038223.9275,528827089676.4119,0.0,6726728825.257621,1602170716015.0718,523811698106.0088,164637.89872015742,-166335614877.0271,-161320223306.62396
oecd-ex-us,2091,33357711405323.617,198609228.77487063,34977281.94252993,1258147116541.3037,1664177823571.9153,181223321506.10416,315385079630.28534,0.0,4741936300.198157,1515681397350.0137,329719747728.0042,141829.8801868349,-257534280808.70996,-271868948906.42883
china,2091,10058994204552.057,130708840.41226335,0.0,318473377482.62115,563375405329.3339,62284691917.98322,0.0,5651027701.472401,2595368952.4134336,625660097247.3171,0.0,115823.82769935735,-307186719764.696,-312837747466.1684
india,2091,18509026915211.598,691077802.9021375,0.0,959975926426.0933,986484124082.2689,216181457869.61847,0.0,33304646137.961445,5125012189.066937,1202665581951.8875,0.0,77674.61505289626,-242689655525.7942,-275994301663.7556
latam,2091,8531807425489.005,172847764.15160957,0.0,350749250539.4086,443560384363.6536,61456470164.33105,0.0,8367178093.261547,2035358443.7853835,505016854527.9847,0.0,96148.8731639963,-154267603988.57605,-162634782081.8376
seasia,2091,10344174771947.238,228096232.9206986,0.0,429303336806.78906,531919513160.81396,73386175704.1959,0.0,4257812836.7787848,3774867285.5910516,605305688865.0099,0.0,92442.55092367926,-176002352058.22083,-180260164894.9996
russia,2091,9170728582712.031,107421964.00484146,6788512.973326136,374182561204.487,447337905048.91113,54139101275.92702,29993899344.78535,0.0,2631381636.822299,470148544133.11914,31328462191.718796,109686.56763520247,-95965982928.63214,-97300545775.56558
mena,2091,17603296175307.9,244441310.90406966,0.0,1010812322146.6643,963402371826.3853,243238950181.07645,0.0,12336867234.931652,3872329558.878366,1206641322007.4617,0.0,110081.65641870507,-195828999860.79736,-208165867095.729
ssa,2091,20059271324375.363,1468402530.6303475,0.0,920697942463.4346,906503271584.33,123351066199.6317,0.0,13384476003.804474,11162236481.953743,1029854337783.9617,0.0,57344.182622544366,-109156395320.5271,-122540871324.33157
us,2092,38962861972504.35,143925770.80483338,35986101.06509168,1429306994025.5,1897591423838.7969,219843819142.20413,528866387314.77795,0.0,7065937698.572815,1593079718010.1665,524355524970.83527,167121.231384038,-163772723984.6665,-159261861640.72382
oecd-ex-us,2092,33091060877735.84,196733454.24691388,34861046.02722162,1249436049434.7559,1651350921837.9077,179674876503.6408,310127144213.0876,0.0,4812077105.957128,1502098746953.0852,328927051388.4646,144291.57688690972,-252662697518.32935,-271462604693.70636
china,2092,9756938163834.855,126912018.28190833,0.0,309121299358.6785,547537867270.6658,60406395929.165375,0.0,5642410528.842497,2409333652.7979403,607944263199.8312,0.0,118192.71370439492,-298822963841.15265,-304465374369.9951
india,2092,18241049682275.44,692332398.149773,0.0,943869314976.9319,972644515621.7964,212800964098.69336,0.0,31627892657.259907,5226824464.663022,1185445479720.4897,0.0,79739.71564335284,-241576164743.55786,-273204057400.81778
latam,2092,8374058654313.286,169507910.04688975,0.0,344164396362.1255,435568369147.4117,60287566861.33191,0.0,8002015324.03821,1944783794.9374373,495855936008.7436,0.0,98389.7360427273,-151691539646.6181,-159693554970.6563
seasia,2092,10169762326430.053,224258491.23378286,0.0,421328540292.8341,523135727589.1741,72079801199.82954,0.0,4113898182.83086,3588441161.8215103,595215528789.0037,0.0,94652.82970891536,-173886988496.16956,-178000886679.00043
russia,2092,9072792305712.848,106375281.09419726,6755393.321729582,369453157553.00183,443136335237.7707,53532016698.802315,26601969598.435192,0.0,2676947785.9536147,465405699503.53894,31262652433.033905,112021.37639158453,-95952541950.53711,-100613224785.13582
mena,2092,17399263590665.94,245651306.28137884,0.0,997751168940.3944,952440890295.1947,240313398315.4872,0.0,12824109135.612381,3794644163.933149,1192754288610.682,0.0,112418.8119040481,-195003119670.28748,-207827228805.89984
ssa,2092,19943393216987.242,1462150070.3043067,0.0,911775687041.8027,902789759711.9895,122525737379.3963,0.0,13278694608.474524,10940397269.932064,1025315497091.3857,0.0,59137.33997627435,-113539810049.58301,-126818504658.05753
us,2093,38805851291690.82,143231507.45093942,36023500.56550868,1422462684988.3047,1890353973588.4868,218783147305.95596,522743289023.6896,0.0,6920466068.905451,1583963664749.1948,525173456145.2484,169641.812065897,-161500979760.89014,-163931146882.44897
oecd-ex-us,2093,33361887816600.316,194943775.2931442,34768652.77274085,1240108236416.4304,1638451902583.9229,183358977274.09122,314214135283.2828,0.0,538315447022.7665,1492203199737.7576,329607680120.257,146790.89390634914,-252094963321.32715,-267488508158.3014
china,2093,9462346843308.547,126471518.4206498,0.0,299343010044.2471,531896277554.2268,58531433612.51628,0.0,5833862223.5572405,2327242819.748158,590427711166.743,0.0,120600.3571311524,-291084701122.496,-296918563346.0532
india,2093,17973790112834.652,682047695.5441,0.0,927736505212.343,958871880496.6633,209456221238.20593,0.0,31660246449.706802,4992273531.451374,1168328101734.8691,0.0,81845.78390237053,-240591596522.52612,-272251842972.2329
latam,2093,8218216696199.877,166238969.6866927,0.0,337583348948.4032,427670432991.232,59136218991.88815,0.0,8531001643.364776,1912346564.673486,486806651983.1201,0.0,100670.51696143298,-149223303034.71692,-157754304678.0817
seasia,2093,9997256549376.426,220485487.66969323,0.0,413366293360.8265,514399468325.04236,70784143836.41843,0.0,4175269846.472763,3486811593.474564,585183612161.4608,0.0,96903.2511890274,-171817318800.63434,-175992588647.10712
russia,2093,8979161840328.752,105361764.87984087,6742928.662690534,364568568752.73773,438669724570.1192,52894779249.67006,30771024789.411697,0.0,2594444893.5417814,460569281134.0733,30995222685.71608,114395.28936244626,-96000712381.33557,-96224910277.63995
mena,2093,17195897424197.088,243041671.6528589,0.0,984593014134.0132,941404719606.1088,237390560550.01352,0.0,12786380398.07539,3622479951.3404393,1178795280156.1223,0.0,114795.0486802117,-194202266022.10913,-206988646420.1845
ssa,2093,19823162547852.895,1455568235.48831,0.0,902725438114.0815,898829522347.8553,121671296509.338,0.0,13254463426.316454,10799175035.07937,1020500818857.1934,0.0,60972.02364178916,-117775380743.11182,-131029844169.42827
us,2094,38659527994226.03,142578017.66180676,36084636.73216996,1415386649644.0688,1882700849333.3923,217616351704.03836,531840550638.8015,0.0,6766703289.779014,1574817554359.092,525499646678.3396,172200.19946941396,-159430904715.0232,-153090000754.56128
oecd-ex-us,2094,33097975198979.973,193192490.84301123,34665130.339488834,1230172873892.3096,1625549132260.5605,181710333444.3347,308327659316.48804,0.0,4846314875.731952,1478623114920.1255,328636350784.7677,149328.385406277,-248450241027.81592,-268758932496.09558
china,2094,9174869164496.854,122833915.9796754,0.0,289229039840.2769,516354014967.10565,56660940570.8703,0.0,5966754476.679997,2274991362.685505,573014955537.976,0.0,123047.30491720603,-283785915697.69904,-289752670174.379
india,2094,17708177921917.52,671901625.2735991,0.0,911575892038.664,945080155179.5015,206124001121.10324,0.0,30843046785.32676,4859120130.130453,1151204156300.6047,0.0,83993.38980255922,-239628264261.9408,-270471311047.26755
latam,2094,8065086356818.232,163055631.27427867,0.0,331010448035.63477,419827212256.9739,57996925624.74406,0.0,8101952797.149214,1785303261.5841331,477824137881.71796,0.0,102991.76603890731,-146813689846.0832,-154915642643.2324
seasia,2094,9826912832719.139,216777004.97749496,0.0,405424607979.61035,505713464512.35046,69494711634.09453,0.0,4128254748.339056,3568106257.8827944,575208176146.445,0.0,99194.36781772005,-169783568166.8346,-173911822915.17365
russia,2094,9011394833773.98,104376299.27613865,6750875.038532303,359620187135.04083,434170835509.34656,53694626932.76128,33077535131.338722,0.0,127400733620.95773,456776764597.9171,31088697844.1905,116808.85315073546,-97156577462.87628,-95167740175.72806
mena,2094,16989287523029.82,240388121.81840584,0.0,971299462623.9044,930335338715.3898,234469505517.0934,0.0,16745797244.489021,3641277685.8030767,1164804844232.4832,0.0,117210.91334242317,-193505381608.57874,-210251178853.06775
ssa,2094,19699063779409.617,1448680054.0875812,0.0,893575848493.1309,894622777831.145,120786025325.8033,0.0,13056235246.55515,10790421467.105831,1015408803156.9484,0.0,62848.8580589418,-121832954663.8175,-134889189910.37265
us,2095,38507656747029.01,144312362.96553314,36750831.3817175,1408084865529.934,1875215155972.153,216548030631.54034,525181371539.23376,0.0,6625702337.494999,1565664516883.3562,526098669720.3377,174796.96067908395,-157579651353.42212,-158496949534.52606
oecd-ex-us,2095,32831950139692.43,191458192.7191852,34548305.0997889,1219564078197.4707,1612372827255.3486,180108766445.0769,302256103870.1616,0.0,4636352345.263629,1464991572265.4263,327490021434.9995,151904.61396633636,-245427494067.95557,-270661411632.79346
china,2095,8894935601063.123,119331609.44446926,0.0,278904480382.40955,500879520907.9931,54802770068.77791,0.0,5224458184.5232,2068705345.1525853,555682290976.771,0.0,125534.11228812842,-276777810594.36145,-282002268778.88464
india,2095,17442967571660.686,661861087.4635636,0.0,895423059552.526,931313331491.3856,202811148858.31384,0.0,31141283406.959587,4632353947.2935915,1134124480349.6995,0.0,86183.11035635007,-238701420797.17346,-269842704204.13306
latam,2095,8029793927849.49,159943349.01494053,0.0,324455219495.1014,412785828781.43524,58171382816.325714,0.0,8249798188.702176,119459361322.62033,470957211597.761,0.0,105354.04123117104,-146501992102.6596,-154751790291.3618
seasia,2095,9793223174214.361,213123578.47291765,0.0,397522155020.5432,497734175707.4502,69806439909.0584,0.0,4295819563.092348,140624621654.29135,567540615616.5085,0.0,101526.73975543592,-170018460595.96533,-174314280159.05768
russia,2095,8917375632951.422,103386664.74919736,6752602.680257134,354599656988.7034,429853175490.1573,53070309572.07881,31727624723.707233,0.0,2577002527.272978,451814655602.32245,31108829459.913525,119262.62254772204,-97214998613.61902,-96596203349.82532
mena,2095,16788280920621.39,237797325.34844983,0.0,958004694338.9729,919040638606.3839,231499571702.13635,0.0,12032241261.32615,3561154822.4387884,1150540210308.5203,0.0,119666.9606816866,-192535515969.54736,-204567757230.8735
ssa,2095,19570747524886.68,1456862763.8845959,0.0,884336596789.2183,890191080206.0233,119877996851.42355,0.0,13077236477.50321,10493462222.793196,1010069077057.4469,0.0,64768.47354701784,-125732480268.22864,-138809716745.73184
us,2096,38341684897336.04,143624924.80662054,36771986.79429606,1400367452144.4565,1867542628914.8792,215495263711.30692,510627654563.55676,0.0,6070936225.200502,1556539301306.1736,526498591320.011,177432.6712859258,-156171849161.71704,-172042785918.17126
oecd-ex-us,2096,32569162591128.465,189745750.01462525,34434313.844449535,1208423971627.2898,1598961793269.5896,178476368108.6665,301584294997.2125,0.0,4642346189.783974,1451318893442.251,326119267936.00446,154520.15071064697,-242894921814.96118,-267429894753.7531
china,2096,8620903748679.35,115914368.29168569,0.0,268445810472.91678,485563856925.8301,52963456302.18288,0.0,6088994723.383108,2138645094.7013166,538527313228.01294,0.0,128061.3428901945,-270081502755.09616,-276170497478.47925
india,2096,17179015800382.453,651938942.6193618,0.0,879313080549.2163,917532246102.6433,199500618805.60416,0.0,30956102460.89371,4724115541.69769,1117032864908.2476,0.0,88415.52976846676,-237719784359.03125,-268675886819.92496
latam,2096,7879161026376.649,156887334.39102077,0.0,317919148838.0226,405144106527.53186,57037440417.41389,0.0,8251629040.069469,1881125674.15301,462181546944.94574,0.0,107757.90847516365,-144262398106.92316,-152514027146.9926
seasia,2096,9623674628631.57,209498393.9336459,0.0,389672939935.18115,489198469049.2336,68510638421.84474,0.0,4986184987.497456,3473806940.5952053,557709107471.0784,0.0,103900.93501527626,-168036167535.89722,-173022352523.39468
russia,2096,8820901222663.469,102377629.0982747,6739930.672737224,349498722715.8086,425411738904.13385,52434961830.63542,29247622321.046032,0.0,2625945409.960621,446779383988.0793,31067316746.690186,121757.1606687399,-97280661272.27069,-99100355697.91484
mena,2096,16585059093031.723,235167167.96878362,0.0,944760105924.7932,908008747812.5364,228591388004.72366,0.0,14751834945.551662,3370037248.360118,1136600135817.26,0.0,122163.7538203148,-191840029892.4668,-206591864838.01846
ssa,2096,19440553464283.867,1449570090.9490135,0.0,875036343961.9535,885528049187.6428,118942478909.89384,0.0,11282545452.64057,10522668985.413254,1004470528097.5366,0.0,66731.5064450685,-129434184135.58313,-140716729588.2237
us,2097,38184202101450.26,142952269.81022462,36801544.51766665,1392469561173.0547,1859596692813.3354,214301556521.26785,517581136523.6959,0.0,6364755752.079268,1547404858112.5095,526493391222.0935,180107.91551507643,-154935296939.45483,-163847551637.85242
oecd-ex-us,2097,32314423377070.15,188068692.86156482,34339174.63495067,1196995366548.7434,1585492324490.519,176803979335.59286,305917235648.4909,0.0,4644487570.571786,1437608229515.0251,324688074311.0862,157175.5754356251,-240612862966.28174,-259383701628.877
china,2097,8353211741046.944,112558237.88572188,0.0,257971297371.27667,470356637818.8399,51143782248.34706,0.0,6064891861.89741,1902006925.4104254,521500420067.18695,0.0,130629.56892479447,-263529122695.91028,-269594014557.80768
india,2097,16916003058867.172,642100496.6451759,0.0,863316335998.3871,903778516607.209,196203912448.22772,0.0,30806836740.979656,4460188282.744754,1099982429055.4368,0.0,90691.23959048404,-236666093057.04968,-267472929798.02933
latam,2097,7730955624444.734,153883596.3588788,0.0,311433387904.91724,397569814978.186,55917103791.27502,0.0,7932147839.4490185,1780276772.0753694,453486918769.461,0.0,110203.94183410333,-142053530864.54376,-149985678703.99277
seasia,2097,9456672788938.164,205919213.73809004,0.0,381921828429.7028,480685153844.06635,67222833756.29406,0.0,4330885601.6819,3315205078.9378853,547907987600.3604,0.0,106317.52961062205,-165986159170.6576,-170317044772.33948
russia,2097,8726227078371.729,101369118.81287418,6736605.261510892,344376274880.8085,420876286388.984,51778109507.354576,31040832003.011765,0.0,2563144720.7727056,441683424816.653,30970971079.68535,124293.03909059986,-97307149935.84454,-97237289012.51813
mena,2097,16382046866195.604,232520687.94227004,0.0,931494685741.151,896857363388.8245,225648760827.46533,0.0,15314042512.260563,3313254151.2730823,1122506124216.2898,0.0,124701.86434913432,-191011438475.1388,-206325480987.39935
ssa,2097,19305663764349.387,1441914094.1757312,0.0,865679680448.0457,880725574022.2401,117997587809.52954,0.0,12069565098.462221,10223346547.706053,998723161831.7697,0.0,68738.59925593257,-133043481383.724,-145113046482.18622
us,2098,38012191425635.805,142246671.62351677,36792342.6724099,1384383124137.961,1851758135378.9187,213140214250.1581,502278662512.0995,0.0,6225887164.572596,1538244589580.6135,526653760048.46234,182823.28635529845,-153861465442.6526,-178236562979.01544
oecd-ex-us,2098,32063716363125.375,186400325.79543322,34238086.83615527,1185391988832.9485,1572238284812.7502,175169938341.40665,306847712028.0154,0.0,4461508348.3986435,1423827989739.5818,323580233414.5757,159871.4767396942,-238436000906.6333,-255168522293.1936
china,2098,8092807196871.28,109257543.9903718,0.0,247619399922.09113,455331104216.1587,49352845970.49981,0.0,5169994530.505107,1830000619.4052796,504683950186.6585,0.0,133239.37128458417,-257064550264.56738,-262234544795.07248
india,2098,16856212816095.402,632312697.4809345,0.0,847489983742.9889,890418923356.8345,195120079399.8243,0.0,31336241208.922943,209595017450.8225,1085539002756.6588,0.0,93010.83887746603,-238049019013.66992,-269385260222.59286
latam,2098,7584922542740.43,150927077.37454987,0.0,305021018300.4618,390073297320.8156,54811794452.886765,0.0,7917764325.413529,1748756094.3513498,444885091773.7024,0.0,112692.72364453526,-139864073473.2406,-147781837798.65414
seasia,2098,9291428885835.697,202369250.85746646,0.0,374309055208.0742,472259735010.94055,65952000214.950226,0.0,4621572125.132554,3280349040.484248,538211735225.89075,0.0,108777.10770447258,-163902680017.81653,-168524252142.9491
russia,2098,8628774435226.587,100329620.21315803,6712008.88037619,339270009870.9002,416357407861.7154,51139543836.5656,28212298113.536407,0.0,2562000568.7062187,436528574332.6594,30968377365.621506,126870.83799070204,-97258564461.75922,-100014643713.84431
mena,2098,16181443218388.422,229885643.65749153,0.0,918361819930.5834,885723266336.5541,222700256149.2001,0.0,13827185312.687748,3285240060.6833115,1108423522485.7542,0.0,127281.87246639207,-190061702555.17078,-203888887867.85852
ssa,2098,19167673162070.695,1433970750.0721822,0.0,856274249614.8601,875669963287.5862,117027694214.15367,0.0,11511738982.923971,9944544591.11468,992697657501.7399,0.0,70790.40079389472,-136423407886.87976,-147935146869.80374
us,2099,37848677259668.09,141552174.59390536,36788885.25443783,1376217068870.8196,1843203654193.0251,211934958898.48853,509715467945.68896,0.0,5691910307.283315,1529082041024.8186,526056572066.69464,185579.38569043114,-152864972153.99902,-169206076275.0047
oecd-ex-us,2099,31807474323194.45,184719827.17151782,34113452.16343877,1173535181714.546,1558932728216.1592,173532455914.04236,298304705623.25793,0.0,4383256861.468321,1409969406633.044,322495777497.15717,162608.45215491657,-236434224918.49805,-260625296792.39728
china,2099,7982029687562.079,106000680.42046173,0.0,237504594825.85486,443659493521.8878,49399296814.103935,0.0,5374072640.776271,150150758841.71378,493058790335.99176,0.0,135891.3396914031,-255554195510.1369,-260928268150.91318
india,2099,16594576049280.863,622641302.9515048,0.0,831927187491.1343,876783716546.0319,191815525017.9161,0.0,29594885952.01001,4630173210.285154,1068599241563.948,0.0,95374.93434667916,-236672054072.81372,-266266940024.82373
latam,2099,7441362794157.6875,148024430.06024924,0.0,298694094725.1357,382648489591.4188,53720566444.99469,0.0,7569959142.597943,1685171871.135239,436369056036.4135,0.0,115224.84466508975,-137674961311.27783,-145244920453.87576
seasia,2099,9128268072685.453,198858406.03871694,0.0,366838502955.4753,463889034730.8552,64695902930.22271,0.0,4516889683.465444,3102511238.8265433,528584937661.07794,0.0,111280.26176051899,-161746434705.60266,-166263324389.0681
russia,2099,8532532737636.481,99288615.42331548,6695729.253653122,334208681796.09796,411704683266.5017,50475184680.61796,29317654738.62767,0.0,2411833822.2918005,431325443745.0321,30854424202.087517,129491.14628787698,-97116761948.93414,-98653531412.39398
mena,2099,16174277062006.232,227228066.6767274,0.0,905367533312.3489,874829917568.5563,221881361971.0533,0.0,15388164660.014832,199565754505.08356,1096711279539.6096,0.0,129904.36711839252,-191343746227.26074,-206731910887.27557
ssa,2099,19026178302482.9,1425691186.75952,0.0,846839642565.7538,870423513917.3016,116033104643.62782,0.0,12039878593.337435,10161995000.70842,986456618560.9294,0.0,72887.56633592842,-139616975995.17566,-151656854588.5131
us,2100,37667108820444.56,140818233.5647457,36741048.42534693,1368027413933.7996,1834676773786.6248,210719198503.396,489303184944.3375,0.0,6496934188.355217,1519921678303.2202,525474293986.8004,188376.82443281286,-151894264369.42065,-188065373411.88354
oecd-ex-us,2100,31548000942786.082,186422789.44103664,34628390.83358494,1161440783933.129,1545246144274.1594,171884871137.4279,291959514784.04736,0.0,4257336286.0396895,1396077378222.6052,321053637188.9822,165387.10828057534,-234636594289.47632,-263730716694.41113
china,2100,7730035749309.785,102797482.53096147,0.0,227715029355.70456,429062509064.7083,47628923464.83023,0.0,4903137575.374866,1885602496.9154997,476691432529.5386,0.0,138586.07283599087,-248976403173.834,-253879540749.2089
india,2100,16333524172743.732,613021842.540835,0.0,816608695990.2443,863299201371.8905,188547100591.0256,0.0,30102841651.02091,4288571086.5602927,1051846301962.9161,0.0,97784.1405383757,-235237605972.67188,-265340447623.69278
latam,2100,7299804119756.09,145165880.36417943,0.0,292469315579.381,375321296772.6751,52646778680.858315,0.0,7664257166.749041,1604342639.2998192,427968075453.53345,0.0,117800.90422697247,-135498759874.15247,-143163017040.90152
seasia,2100,8966994328751.11,195378828.3929566,0.0,359518050933.93787,455608321688.8737,63456780492.61122,0.0,4791337370.195212,3064644683.3955865,519065102181.4849,0.0,113827.59269597149,-159547051247.54706,-164338388617.74228
russia,2100,8437110249066.23,99857701.32540995,6795201.385732488,329245726417.9522,407017010426.18195,49809834906.24648,29686289874.06292,0.0,2472340470.165946,426088252402.6256,30738592929.80252,132154.56178498504,-96842525984.6734,-97894829040.413
mena,2100,15971410759513.553,224560700.73311943,0.0,892510123915.946,863854787190.6526,218916953596.80615,0.0,15846598315.69513,3241912694.5276294,1082771740787.4587,0.0,132569.94614189598,-190261616871.5127,-206108215187.20782
ssa,2100,18882836576512.8,1417209265.9597104,0.0,837397960386.7163,864955280670.5817,115019769936.14943,0.0,10599139833.588732,9834504083.50809,979975050606.7311,0.0,75030.75777647289,-142577090220.01477,-153176230053.60352
