{
  "timestamp": "2026-02-02T03:31:18.318Z",
  "scenarios": {
    "default": {
      "warming2050": 2.0014710934340307,
      "warming2100": 2.5157082124954635,
      "peakEmissions": 34.822465364,
      "peakEmissionsYear": 2025,
      "electrificationRate2025": 0.255,
      "electrificationRate2050": 0.42206670727446643,
      "electrificationRate2100": 0.9,
      "solarCapacity2025": 1900,
      "solarCapacity2050": 35425.33937190453,
      "solarCapacity2100": 110862.40651772368,
      "windCapacity2050": 10288.488624903184,
      "batteryCapacity2050": 110382.13399426336,
      "gridIntensity2025": 372.444363954562,
      "gridIntensity2050": 79.14019662887708,
      "gridIntensity2100": 6.305406974773743,
      "fossilShare2025": 0.5401331863076555,
      "fossilShare2050": 0.1302216727777582,
      "fossilShare2100": 0.015763517436934358,
      "gdp2050": 206.43271644685962,
      "gdp2100": 402.0925062574689,
      "energyBurden2025": 0.05292508399897422,
      "energyBurden2050": 0.06367046859150784,
      "energyBurdenPeak": 0.07196855229618698,
      "energyBurdenPeakYear": 2037
    },
    "baseline": {
      "warming2050": 2.0014710934340307,
      "warming2100": 2.5157082124954635,
      "peakEmissions": 34.822465364,
      "peakEmissionsYear": 2025,
      "electrificationRate2025": 0.255,
      "electrificationRate2050": 0.42206670727446643,
      "electrificationRate2100": 0.9,
      "solarCapacity2025": 1900,
      "solarCapacity2050": 35425.33937190453,
      "solarCapacity2100": 110862.40651772368,
      "windCapacity2050": 10288.488624903184,
      "batteryCapacity2050": 110382.13399426336,
      "gridIntensity2025": 372.444363954562,
      "gridIntensity2050": 79.14019662887708,
      "gridIntensity2100": 6.305406974773743,
      "fossilShare2025": 0.5401331863076555,
      "fossilShare2050": 0.1302216727777582,
      "fossilShare2100": 0.015763517436934358,
      "gdp2050": 206.43271644685962,
      "gdp2100": 402.0925062574689,
      "energyBurden2025": 0.05292508399897422,
      "energyBurden2050": 0.06367046859150784,
      "energyBurdenPeak": 0.07196855229618698,
      "energyBurdenPeakYear": 2037
    },
    "net-zero": {
      "warming2050": 1.9829704947827045,
      "warming2100": 2.33223339319473,
      "peakEmissions": 34.380085255999994,
      "peakEmissionsYear": 2025,
      "electrificationRate2025": 0.27,
      "electrificationRate2050": 0.4968559278764188,
      "electrificationRate2100": 0.9,
      "solarCapacity2025": 1900,
      "solarCapacity2050": 38998.592656524845,
      "solarCapacity2100": 93448.81762234653,
      "windCapacity2050": 11330.687499584114,
      "batteryCapacity2050": 121406.48087015486,
      "gridIntensity2025": 371.08770604389804,
      "gridIntensity2050": 68.96703917039888,
      "gridIntensity2100": 0,
      "fossilShare2025": 0.5381657086628447,
      "fossilShare2050": 0.11348219476146058,
      "fossilShare2100": 0,
      "gdp2050": 203.16571644113233,
      "gdp2100": 403.6263203313321,
      "energyBurden2025": 0.08552377392048681,
      "energyBurden2050": 0.07333432241636537,
      "energyBurdenPeak": 0.0887656375983308,
      "energyBurdenPeakYear": 2037
    },
    "high-sensitivity": {
      "warming2050": 2.9902605009514858,
      "warming2100": 3.880678458752295,
      "peakEmissions": 34.822465364,
      "peakEmissionsYear": 2025,
      "electrificationRate2025": 0.255,
      "electrificationRate2050": 0.42264864099661864,
      "electrificationRate2100": 0.8816746607660052,
      "solarCapacity2025": 1900,
      "solarCapacity2050": 33559.60763509417,
      "solarCapacity2100": 69499.65170167104,
      "windCapacity2050": 9744.316868333497,
      "batteryCapacity2050": 104578.42342559865,
      "gridIntensity2025": 372.444363954562,
      "gridIntensity2050": 82.54589652848604,
      "gridIntensity2100": 9.035666782947715,
      "fossilShare2025": 0.5401331863076555,
      "fossilShare2050": 0.13582560045039044,
      "fossilShare2100": 0.022589166957369285,
      "gdp2050": 194.0311535683512,
      "gdp2100": 275.37135766557816,
      "energyBurden2025": 0.05292508399897422,
      "energyBurden2050": 0.06492904768859055,
      "energyBurdenPeak": 0.07221141884194539,
      "energyBurdenPeakYear": 2037
    },
    "tech-stagnation": {
      "warming2050": 2.0262472668148312,
      "warming2100": 2.6154032316527154,
      "peakEmissions": 34.822465364,
      "peakEmissionsYear": 2025,
      "electrificationRate2025": 0.255,
      "electrificationRate2050": 0.3800000000000001,
      "electrificationRate2100": 0.7877412395528889,
      "solarCapacity2025": 1720,
      "solarCapacity2050": 31632.48493748637,
      "solarCapacity2100": 93493.80301624174,
      "windCapacity2050": 9119.637059891525,
      "batteryCapacity2050": 109536.99631943606,
      "gridIntensity2025": 379.6737790438363,
      "gridIntensity2050": 70.47204224177305,
      "gridIntensity2100": 7.384232651798366,
      "fossilShare2025": 0.5506175629964294,
      "fossilShare2050": 0.12260954559172557,
      "fossilShare2100": 0.018460581629495914,
      "gdp2050": 206.33283439360025,
      "gdp2100": 397.52487220686976,
      "energyBurden2025": 0.052715285679646486,
      "energyBurden2050": 0.06776992982348201,
      "energyBurdenPeak": 0.0755393995549164,
      "energyBurdenPeakYear": 2037
    },
    "automation-boom": {
      "warming2050": 2.0043140837630373,
      "warming2100": 2.503861165863004,
      "peakEmissions": 34.808493569292445,
      "peakEmissionsYear": 2025,
      "electrificationRate2025": 0.25547374851812593,
      "electrificationRate2050": 0.4256386451116599,
      "electrificationRate2100": 0.9,
      "solarCapacity2025": 1900,
      "solarCapacity2050": 35731.39233672294,
      "solarCapacity2100": 110374.84321427038,
      "windCapacity2050": 10377.754072975225,
      "batteryCapacity2050": 111511.07986335976,
      "gridIntensity2025": 372.444363954562,
      "gridIntensity2050": 76.37965668498346,
      "gridIntensity2100": 5.774667512460741,
      "fossilShare2025": 0.5401331863076555,
      "fossilShare2050": 0.12567932711049362,
      "fossilShare2100": 0.014436668781151851,
      "gdp2050": 206.41602354005454,
      "gdp2100": 402.24394405197984,
      "energyBurden2025": 0.05728993250782433,
      "energyBurden2050": 0.0661191863668408,
      "energyBurdenPeak": 0.07480934014578025,
      "energyBurdenPeakYear": 2037
    },
    "climate-cascade": {
      "warming2050": 2.982411664442228,
      "warming2100": 3.8556772813383797,
      "peakEmissions": 34.822465364,
      "peakEmissionsYear": 2025,
      "electrificationRate2025": 0.255,
      "electrificationRate2050": 0.4244361001628111,
      "electrificationRate2100": 0.8202266827453144,
      "solarCapacity2025": 1900,
      "solarCapacity2050": 33193.54135743377,
      "solarCapacity2100": 59365.55880461812,
      "windCapacity2050": 9637.547537349214,
      "batteryCapacity2050": 103477.92532392227,
      "gridIntensity2025": 372.444363954562,
      "gridIntensity2050": 83.51369731533475,
      "gridIntensity2100": 10.151878514328281,
      "fossilShare2025": 0.5401331863076555,
      "fossilShare2050": 0.13741807358979993,
      "fossilShare2100": 0.025379696285820704,
      "gdp2050": 190.4397310017818,
      "gdp2100": 252.4768253506605,
      "energyBurden2025": 0.05292508399897422,
      "energyBurden2050": 0.06528567265877398,
      "energyBurdenPeak": 0.07206608130551104,
      "energyBurdenPeakYear": 2037
    }
  }
}