{
  "timestamp": "2026-02-02T03:28:55.927Z",
  "scenarios": {
    "default": {
      "warming2050": 2.0037070849513183,
      "warming2100": 2.476238867152842,
      "peakEmissions": 34.822465364,
      "peakEmissionsYear": 2025,
      "electrificationRate2025": 0.255,
      "electrificationRate2050": 0.45623839227095014,
      "electrificationRate2100": 0.9,
      "solarCapacity2025": 1900,
      "solarCapacity2050": 38383.63059991768,
      "solarCapacity2100": 109483.23576276115,
      "windCapacity2050": 11151.320519233013,
      "batteryCapacity2050": 40.55468946650263,
      "gridIntensity2025": 376.16895721452056,
      "gridIntensity2050": 77.00567916875958,
      "gridIntensity2100": 6.912590767020652,
      "fossilShare2025": 0.5455347351560277,
      "fossilShare2050": 0.1267094192571698,
      "fossilShare2100": 0.01728147691755163,
      "gdp2050": 206.44874980427863,
      "gdp2100": 403.25501237008166,
      "energyBurden2025": 0.052781537780486824,
      "energyBurden2050": 0.060466605686220504,
      "energyBurdenPeak": 0.07036835096016948,
      "energyBurdenPeakYear": 2037
    },
    "baseline": {
      "warming2050": 2.0037070849513183,
      "warming2100": 2.476238867152842,
      "peakEmissions": 34.822465364,
      "peakEmissionsYear": 2025,
      "electrificationRate2025": 0.255,
      "electrificationRate2050": 0.45623839227095014,
      "electrificationRate2100": 0.9,
      "solarCapacity2025": 1900,
      "solarCapacity2050": 38383.63059991768,
      "solarCapacity2100": 109483.23576276115,
      "windCapacity2050": 11151.320519233013,
      "batteryCapacity2050": 40.55468946650263,
      "gridIntensity2025": 376.16895721452056,
      "gridIntensity2050": 77.00567916875958,
      "gridIntensity2100": 6.912590767020652,
      "fossilShare2025": 0.5455347351560277,
      "fossilShare2050": 0.1267094192571698,
      "fossilShare2100": 0.01728147691755163,
      "gdp2050": 206.44874980427863,
      "gdp2100": 403.25501237008166,
      "energyBurden2025": 0.052781537780486824,
      "energyBurden2050": 0.060466605686220504,
      "energyBurdenPeak": 0.07036835096016948,
      "energyBurdenPeakYear": 2037
    },
    "net-zero": {
      "warming2050": 1.9811729277052692,
      "warming2100": 2.3157227016942117,
      "peakEmissions": 34.380085255999994,
      "peakEmissionsYear": 2025,
      "electrificationRate2025": 0.27,
      "electrificationRate2050": 0.5132284907783691,
      "electrificationRate2100": 0.9,
      "solarCapacity2025": 1900,
      "solarCapacity2050": 39912.771604563415,
      "solarCapacity2100": 92937.24887694618,
      "windCapacity2050": 11597.126584235757,
      "batteryCapacity2050": 19144.44811396743,
      "gridIntensity2025": 374.78507978979326,
      "gridIntensity2050": 39.56479745810962,
      "gridIntensity2100": 0,
      "fossilShare2025": 0.543527782721735,
      "fossilShare2050": 0.07919595673488669,
      "fossilShare2100": 0,
      "gdp2050": 203.11608868421453,
      "gdp2100": 404.4461512901772,
      "energyBurden2025": 0.0853802277019994,
      "energyBurden2050": 0.07008468765455614,
      "energyBurdenPeak": 0.08747102172677802,
      "energyBurdenPeakYear": 2037
    },
    "high-sensitivity": {
      "warming2050": 2.996372997193395,
      "warming2100": 3.8345348057798443,
      "peakEmissions": 34.822465364,
      "peakEmissionsYear": 2025,
      "electrificationRate2025": 0.255,
      "electrificationRate2050": 0.45654323633843585,
      "electrificationRate2100": 0.9,
      "solarCapacity2025": 1900,
      "solarCapacity2050": 36341.33956835592,
      "solarCapacity2100": 74051.88845179054,
      "windCapacity2050": 10555.655348868175,
      "batteryCapacity2050": 40.55468946650263,
      "gridIntensity2025": 376.16895721452056,
      "gridIntensity2050": 80.43804883674784,
      "gridIntensity2100": 9.304638555556938,
      "fossilShare2025": 0.5455347351560277,
      "fossilShare2050": 0.13235723084719025,
      "fossilShare2100": 0.023261596388892348,
      "gdp2050": 194.0638239971156,
      "gdp2100": 276.0452688428617,
      "energyBurden2025": 0.052781537780486824,
      "energyBurden2050": 0.06174743137692598,
      "energyBurdenPeak": 0.07063906920387902,
      "energyBurdenPeakYear": 2037
    },
    "tech-stagnation": {
      "warming2050": 2.029127855067551,
      "warming2100": 2.6130075518820464,
      "peakEmissions": 34.822465364,
      "peakEmissionsYear": 2025,
      "electrificationRate2025": 0.255,
      "electrificationRate2050": 0.3805501562751355,
      "electrificationRate2100": 0.8768669377276161,
      "solarCapacity2025": 1720,
      "solarCapacity2050": 31678.63304006836,
      "solarCapacity2100": 104018.91325874391,
      "windCapacity2050": 9132.408196956882,
      "batteryCapacity2050": 40.55468946650263,
      "gridIntensity2025": 382.0468369803282,
      "gridIntensity2050": 88.24641302568212,
      "gridIntensity2100": 7.24487800450556,
      "fossilShare2025": 0.5540590631735843,
      "fossilShare2050": 0.14520554674295771,
      "fossilShare2100": 0.0181121950112639,
      "gdp2050": 206.328681707802,
      "gdp2100": 397.0916595878509,
      "energyBurden2025": 0.0526269495451927,
      "energyBurden2050": 0.06645387501918046,
      "energyBurdenPeak": 0.0750187107993192,
      "energyBurdenPeakYear": 2037
    },
    "automation-boom": {
      "warming2050": 2.006255566376303,
      "warming2100": 2.4659114854688324,
      "peakEmissions": 34.808493569292445,
      "peakEmissionsYear": 2025,
      "electrificationRate2025": 0.25547374851812593,
      "electrificationRate2050": 0.45955831306133565,
      "electrificationRate2100": 0.9,
      "solarCapacity2025": 1900,
      "solarCapacity2050": 38668.44575665651,
      "solarCapacity2100": 108490.98824303801,
      "windCapacity2050": 11234.360945113282,
      "batteryCapacity2050": 40.55468946650263,
      "gridIntensity2025": 376.16895721452056,
      "gridIntensity2050": 74.36918570075203,
      "gridIntensity2100": 6.2685190339390635,
      "fossilShare2025": 0.5455347351560277,
      "fossilShare2050": 0.12237118654741808,
      "fossilShare2100": 0.015671297584847657,
      "gdp2050": 206.43299723393275,
      "gdp2100": 403.45613287900375,
      "energyBurden2025": 0.057146386289336944,
      "energyBurden2050": 0.06275343570836517,
      "energyBurdenPeak": 0.07312879773086386,
      "energyBurdenPeakYear": 2037
    },
    "climate-cascade": {
      "warming2050": 2.990975355224349,
      "warming2100": 3.819772965650853,
      "peakEmissions": 34.822465364,
      "peakEmissionsYear": 2025,
      "electrificationRate2025": 0.255,
      "electrificationRate2050": 0.45788627045173197,
      "electrificationRate2100": 0.9,
      "solarCapacity2025": 1900,
      "solarCapacity2050": 35896.47043306706,
      "solarCapacity2100": 67912.01983519121,
      "windCapacity2050": 10425.901851075589,
      "batteryCapacity2050": 40.55468946650263,
      "gridIntensity2025": 376.16895721452056,
      "gridIntensity2050": 81.57382415236562,
      "gridIntensity2100": 9.939530414844992,
      "fossilShare2025": 0.5455347351560277,
      "fossilShare2050": 0.1342260986008681,
      "fossilShare2100": 0.024848826037112477,
      "gdp2050": 190.46111438759468,
      "gdp2100": 252.63612829254308,
      "energyBurden2025": 0.052781537780486824,
      "energyBurden2050": 0.062141694898313636,
      "energyBurdenPeak": 0.07053998210300703,
      "energyBurdenPeakYear": 2037
    }
  }
}