{
  "timestamp": "2026-02-02T03:29:39.272Z",
  "scenarios": {
    "default": {
      "warming2050": 1.9381578420083034,
      "warming2100": 2.152114727059613,
      "peakEmissions": 34.822465364,
      "peakEmissionsYear": 2025,
      "electrificationRate2025": 0.255,
      "electrificationRate2050": 0.6619164315184597,
      "electrificationRate2100": 0.9,
      "solarCapacity2025": 1900,
      "solarCapacity2050": 53402.452882504214,
      "solarCapacity2100": 114217.92608636968,
      "windCapacity2050": 15531.679818962231,
      "batteryCapacity2050": 167409.54913785052,
      "gridIntensity2025": 372.444363954562,
      "gridIntensity2050": 0,
      "gridIntensity2100": 0,
      "fossilShare2025": 0.5401331863076555,
      "fossilShare2050": 0,
      "fossilShare2100": 0,
      "gdp2050": 206.6902635965663,
      "gdp2100": 420.55251368351804,
      "energyBurden2025": 0.05292508399897422,
      "energyBurden2050": 0.03806238488142604,
      "energyBurdenPeak": 0.05385981734449011,
      "energyBurdenPeakYear": 2027
    },
    "baseline": {
      "warming2050": 1.9381578420083034,
      "warming2100": 2.152114727059613,
      "peakEmissions": 34.822465364,
      "peakEmissionsYear": 2025,
      "electrificationRate2025": 0.255,
      "electrificationRate2050": 0.6619164315184597,
      "electrificationRate2100": 0.9,
      "solarCapacity2025": 1900,
      "solarCapacity2050": 53402.452882504214,
      "solarCapacity2100": 114217.92608636968,
      "windCapacity2050": 15531.679818962231,
      "batteryCapacity2050": 167409.54913785052,
      "gridIntensity2025": 372.444363954562,
      "gridIntensity2050": 0,
      "gridIntensity2100": 0,
      "fossilShare2025": 0.5401331863076555,
      "fossilShare2050": 0,
      "fossilShare2100": 0,
      "gdp2050": 206.6902635965663,
      "gdp2100": 420.55251368351804,
      "energyBurden2025": 0.05292508399897422,
      "energyBurden2050": 0.03806238488142604,
      "energyBurdenPeak": 0.05385981734449011,
      "energyBurdenPeakYear": 2027
    },
    "net-zero": {
      "warming2050": 1.9293177141401718,
      "warming2100": 2.125258491547899,
      "peakEmissions": 34.380085255999994,
      "peakEmissionsYear": 2025,
      "electrificationRate2025": 0.27,
      "electrificationRate2050": 0.6893920167460007,
      "electrificationRate2100": 0.9,
      "solarCapacity2025": 1900,
      "solarCapacity2050": 53378.27342590708,
      "solarCapacity2100": 101353.14082211292,
      "windCapacity2050": 15524.499088458128,
      "batteryCapacity2050": 167758.8783957992,
      "gridIntensity2025": 371.08770604389804,
      "gridIntensity2050": 0,
      "gridIntensity2100": 0,
      "fossilShare2025": 0.5381657086628447,
      "fossilShare2050": 0,
      "fossilShare2100": 0,
      "gdp2050": 205.20238489476847,
      "gdp2100": 418.88968483837965,
      "energyBurden2025": 0.08552377392048681,
      "energyBurden2050": 0.04026176769035299,
      "energyBurdenPeak": 0.08552377392048681,
      "energyBurdenPeakYear": 2025
    },
    "high-sensitivity": {
      "warming2050": 2.899326172582678,
      "warming2100": 3.306190991095252,
      "peakEmissions": 34.822465364,
      "peakEmissionsYear": 2025,
      "electrificationRate2025": 0.255,
      "electrificationRate2050": 0.6620888954180151,
      "electrificationRate2100": 0.9,
      "solarCapacity2025": 1900,
      "solarCapacity2050": 50593.30986931911,
      "solarCapacity2100": 81420.04873036825,
      "windCapacity2050": 14712.374481554896,
      "batteryCapacity2050": 158858.17048502638,
      "gridIntensity2025": 372.444363954562,
      "gridIntensity2050": 0,
      "gridIntensity2100": 0,
      "fossilShare2025": 0.5401331863076555,
      "fossilShare2050": 0,
      "fossilShare2100": 0,
      "gdp2050": 194.66353116848293,
      "gdp2100": 304.0513408862757,
      "energyBurden2025": 0.05292508399897422,
      "energyBurden2050": 0.038062126118162946,
      "energyBurdenPeak": 0.05386714476920832,
      "energyBurdenPeakYear": 2027
    },
    "tech-stagnation": {
      "warming2050": 1.9942718870993332,
      "warming2100": 2.267965286958047,
      "peakEmissions": 34.822465364,
      "peakEmissionsYear": 2025,
      "electrificationRate2025": 0.255,
      "electrificationRate2050": 0.5195234259712725,
      "electrificationRate2100": 0.9,
      "solarCapacity2025": 1720,
      "solarCapacity2050": 40945.21630026696,
      "solarCapacity2100": 110899.46969542153,
      "windCapacity2050": 11716.027289304831,
      "batteryCapacity2050": 135719.41615828607,
      "gridIntensity2025": 379.6737790438363,
      "gridIntensity2050": 0,
      "gridIntensity2100": 0,
      "fossilShare2025": 0.5506175629964294,
      "fossilShare2050": 0,
      "fossilShare2100": 0,
      "gdp2050": 206.41963411084254,
      "gdp2100": 412.8797816423661,
      "energyBurden2025": 0.052715285679646486,
      "energyBurden2050": 0.046854513755798154,
      "energyBurdenPeak": 0.07553159075101064,
      "energyBurdenPeakYear": 2037
    },
    "automation-boom": {
      "warming2050": 1.9392005540682735,
      "warming2100": 2.1520852789572524,
      "peakEmissions": 34.808493569292445,
      "peakEmissionsYear": 2025,
      "electrificationRate2025": 0.25547374851812593,
      "electrificationRate2050": 0.6655536325274182,
      "electrificationRate2100": 0.9,
      "solarCapacity2025": 1900,
      "solarCapacity2050": 53715.24067393641,
      "solarCapacity2100": 114196.27602829156,
      "windCapacity2050": 15622.86026010297,
      "batteryCapacity2050": 168423.8492061139,
      "gridIntensity2025": 372.444363954562,
      "gridIntensity2050": 0,
      "gridIntensity2100": 0,
      "fossilShare2025": 0.5401331863076555,
      "fossilShare2050": 0,
      "fossilShare2100": 0,
      "gdp2050": 206.68044397005718,
      "gdp2100": 420.51596839184236,
      "energyBurden2025": 0.05728993250782433,
      "energyBurden2050": 0.038607576162818055,
      "energyBurdenPeak": 0.058225909754338195,
      "energyBurdenPeakYear": 2028
    },
    "climate-cascade": {
      "warming2050": 2.8959383153307643,
      "warming2100": 3.2966668764665044,
      "peakEmissions": 34.822465364,
      "peakEmissionsYear": 2025,
      "electrificationRate2025": 0.255,
      "electrificationRate2050": 0.662944937042957,
      "electrificationRate2100": 0.9,
      "solarCapacity2025": 1900,
      "solarCapacity2050": 49898.04556704902,
      "solarCapacity2100": 75533.95946690752,
      "windCapacity2050": 14509.591536981623,
      "batteryCapacity2050": 156702.93553904258,
      "gridIntensity2025": 372.444363954562,
      "gridIntensity2050": 0,
      "gridIntensity2100": 0,
      "fossilShare2025": 0.5401331863076555,
      "fossilShare2050": 0,
      "fossilShare2100": 0,
      "gdp2050": 191.11397457219434,
      "gdp2100": 280.84114646183974,
      "energyBurden2025": 0.05292508399897422,
      "energyBurden2050": 0.037946717217566796,
      "energyBurdenPeak": 0.05359371828421755,
      "energyBurdenPeakYear": 2027
    }
  }
}