{
  "timestamp": "2026-02-02T03:27:22.839Z",
  "scenarios": {
    "default": {
      "warming2050": 1.9520837885188258,
      "warming2100": 2.174830062439642,
      "peakEmissions": 34.822465364,
      "peakEmissionsYear": 2025,
      "electrificationRate2025": 0.255,
      "electrificationRate2050": 0.6387799906870573,
      "electrificationRate2100": 0.9,
      "solarCapacity2025": 1825,
      "solarCapacity2050": 57344.76745747624,
      "solarCapacity2100": 121653.77860581256,
      "windCapacity2050": 16740.140508430566,
      "batteryCapacity2050": 210317.12869151347,
      "gridIntensity2025": 375.13776787487564,
      "gridIntensity2050": 0,
      "gridIntensity2100": 0,
      "fossilShare2025": 0.5440392645901827,
      "fossilShare2050": 0,
      "fossilShare2100": 0,
      "gdp2050": 206.61111285043182,
      "gdp2100": 418.96960841595654,
      "energyBurden2025": 0.052859111629226324,
      "energyBurden2050": 0.03828514273350683,
      "energyBurdenPeak": 0.05445014800639668,
      "energyBurdenPeakYear": 2029
    },
    "baseline": {
      "warming2050": 1.9520837885188258,
      "warming2100": 2.174830062439642,
      "peakEmissions": 34.822465364,
      "peakEmissionsYear": 2025,
      "electrificationRate2025": 0.255,
      "electrificationRate2050": 0.6387799906870573,
      "electrificationRate2100": 0.9,
      "solarCapacity2025": 1825,
      "solarCapacity2050": 57344.76745747624,
      "solarCapacity2100": 121653.77860581256,
      "windCapacity2050": 16740.140508430566,
      "batteryCapacity2050": 210317.12869151347,
      "gridIntensity2025": 375.13776787487564,
      "gridIntensity2050": 0,
      "gridIntensity2100": 0,
      "fossilShare2025": 0.5440392645901827,
      "fossilShare2050": 0,
      "fossilShare2100": 0,
      "gdp2050": 206.61111285043182,
      "gdp2100": 418.96960841595654,
      "energyBurden2025": 0.052859111629226324,
      "energyBurden2050": 0.03828514273350683,
      "energyBurdenPeak": 0.05445014800639668,
      "energyBurdenPeakYear": 2029
    },
    "net-zero": {
      "warming2050": 1.932847533916871,
      "warming2100": 2.130131317608594,
      "peakEmissions": 34.380085255999994,
      "peakEmissionsYear": 2025,
      "electrificationRate2025": 0.27,
      "electrificationRate2050": 0.68567487153188,
      "electrificationRate2100": 0.9,
      "solarCapacity2025": 1900,
      "solarCapacity2050": 58733.76882110722,
      "solarCapacity2100": 110865.69299831081,
      "windCapacity2050": 17145.265906156274,
      "batteryCapacity2050": 216464.43267687713,
      "gridIntensity2025": 372.4519286510402,
      "gridIntensity2050": 0,
      "gridIntensity2100": 0,
      "fossilShare2025": 0.5401441569223504,
      "fossilShare2050": 0,
      "fossilShare2100": 0,
      "gdp2050": 205.1533300803323,
      "gdp2100": 418.48309500218704,
      "energyBurden2025": 0.0854642059204868,
      "energyBurden2050": 0.0396451393098909,
      "energyBurdenPeak": 0.0854642059204868,
      "energyBurdenPeakYear": 2025
    },
    "high-sensitivity": {
      "warming2050": 2.9206759795511674,
      "warming2100": 3.3465929124278797,
      "peakEmissions": 34.822465364,
      "peakEmissionsYear": 2025,
      "electrificationRate2025": 0.255,
      "electrificationRate2050": 0.6392396484073256,
      "electrificationRate2100": 0.9,
      "solarCapacity2025": 1825,
      "solarCapacity2050": 53878.11318460465,
      "solarCapacity2100": 85185.54207458027,
      "windCapacity2050": 15729.033012176353,
      "batteryCapacity2050": 197992.63263728408,
      "gridIntensity2025": 375.13776787487564,
      "gridIntensity2050": 0,
      "gridIntensity2100": 0,
      "fossilShare2025": 0.5440392645901827,
      "fossilShare2050": 0,
      "fossilShare2100": 0,
      "gdp2050": 194.455746795439,
      "gdp2100": 301.00830147645905,
      "energyBurden2025": 0.052859111629226324,
      "energyBurden2050": 0.03833868156497934,
      "energyBurdenPeak": 0.054438809717516974,
      "energyBurdenPeakYear": 2029
    },
    "tech-stagnation": {
      "warming2050": 2.0156460553812594,
      "warming2100": 2.3310727800839612,
      "peakEmissions": 34.822465364,
      "peakEmissionsYear": 2025,
      "electrificationRate2025": 0.255,
      "electrificationRate2050": 0.44000000000000017,
      "electrificationRate2100": 0.9,
      "solarCapacity2025": 1675,
      "solarCapacity2050": 39432.46354074891,
      "solarCapacity2100": 120172.92980493998,
      "windCapacity2050": 7590.905922636323,
      "batteryCapacity2050": 140366.7638814971,
      "gridIntensity2025": 381.8757814743824,
      "gridIntensity2050": 0,
      "gridIntensity2100": 0,
      "fossilShare2025": 0.5538109918791743,
      "fossilShare2050": 0,
      "fossilShare2100": 0,
      "gdp2050": 206.3506369060442,
      "gdp2100": 408.91733639070094,
      "energyBurden2025": 0.052664772133427996,
      "energyBurden2050": 0.05081224095887198,
      "energyBurdenPeak": 0.07604165365392598,
      "energyBurdenPeakYear": 2037
    },
    "automation-boom": {
      "warming2050": 1.953270777576557,
      "warming2100": 2.1746298256832097,
      "peakEmissions": 34.808493569292445,
      "peakEmissionsYear": 2025,
      "electrificationRate2025": 0.25547374851812593,
      "electrificationRate2050": 0.6433411028156609,
      "electrificationRate2100": 0.9,
      "solarCapacity2025": 1825,
      "solarCapacity2050": 57751.66919726414,
      "solarCapacity2100": 121643.80787234416,
      "windCapacity2050": 16858.820182535375,
      "batteryCapacity2050": 211921.71345219875,
      "gridIntensity2025": 375.13776787487564,
      "gridIntensity2050": 0,
      "gridIntensity2100": 0,
      "fossilShare2025": 0.5440392645901827,
      "fossilShare2050": 0,
      "fossilShare2100": 0,
      "gdp2050": 206.6010816504297,
      "gdp2100": 418.9376733957523,
      "energyBurden2025": 0.057223960138076436,
      "energyBurden2050": 0.03885257435356026,
      "energyBurdenPeak": 0.05841578118082266,
      "energyBurdenPeakYear": 2029
    },
    "climate-cascade": {
      "warming2050": 2.917027673693145,
      "warming2100": 3.3336987796738224,
      "peakEmissions": 34.822465364,
      "peakEmissionsYear": 2025,
      "electrificationRate2025": 0.255,
      "electrificationRate2050": 0.6406397012287595,
      "electrificationRate2100": 0.9,
      "solarCapacity2025": 1825,
      "solarCapacity2050": 53076.41979624276,
      "solarCapacity2100": 78787.73091634012,
      "windCapacity2050": 15495.205773904134,
      "batteryCapacity2050": 195131.8590811409,
      "gridIntensity2025": 375.13776787487564,
      "gridIntensity2050": 0,
      "gridIntensity2100": 0,
      "fossilShare2025": 0.5440392645901827,
      "fossilShare2050": 0,
      "fossilShare2100": 0,
      "gdp2050": 190.88401662124497,
      "gdp2100": 277.8783270543746,
      "energyBurden2025": 0.052859111629226324,
      "energyBurden2050": 0.03821494151483917,
      "energyBurdenPeak": 0.054136783925307096,
      "energyBurdenPeakYear": 2029
    }
  }
}