{
  "timestamp": "2026-02-02T03:24:13.673Z",
  "scenarios": {
    "default": {
      "warming2050": 1.9493438323380183,
      "warming2100": 2.344490459063033,
      "peakEmissions": 34.9699254,
      "peakEmissionsYear": 2025,
      "electrificationRate2025": 0.25,
      "electrificationRate2050": 0.5958658867053549,
      "electrificationRate2100": 0.6490084991293334,
      "solarCapacity2025": 1825,
      "solarCapacity2050": 53490.25176801103,
      "solarCapacity2100": 85230.98089927684,
      "windCapacity2050": 15615.906765669883,
      "batteryCapacity2050": 200611.31600966275,
      "gridIntensity2025": 375.13776787487564,
      "gridIntensity2050": 0,
      "gridIntensity2100": 0,
      "fossilShare2025": 0.5440392645901827,
      "fossilShare2050": 0,
      "fossilShare2100": 0,
      "gdp2050": 206.61609724001298,
      "gdp2100": 414.2775828792238,
      "energyBurden2025": 0.046593910219646484,
      "energyBurden2050": 0.03791030516431861,
      "energyBurdenPeak": 0.05117842931616713,
      "energyBurdenPeakYear": 2037
    },
    "baseline": {
      "warming2050": 1.9493438323380183,
      "warming2100": 2.344490459063033,
      "peakEmissions": 34.9699254,
      "peakEmissionsYear": 2025,
      "electrificationRate2025": 0.25,
      "electrificationRate2050": 0.5958658867053549,
      "electrificationRate2100": 0.6490084991293334,
      "solarCapacity2025": 1825,
      "solarCapacity2050": 53490.25176801103,
      "solarCapacity2100": 85230.98089927684,
      "windCapacity2050": 15615.906765669883,
      "batteryCapacity2050": 200611.31600966275,
      "gridIntensity2025": 375.13776787487564,
      "gridIntensity2050": 0,
      "gridIntensity2100": 0,
      "fossilShare2025": 0.5440392645901827,
      "fossilShare2050": 0,
      "fossilShare2100": 0,
      "gdp2050": 206.61609724001298,
      "gdp2100": 414.2775828792238,
      "energyBurden2025": 0.046593910219646484,
      "energyBurden2050": 0.03791030516431861,
      "energyBurdenPeak": 0.05117842931616713,
      "energyBurdenPeakYear": 2037
    },
    "net-zero": {
      "warming2050": 1.9192371917573046,
      "warming2100": 2.1768696324084624,
      "peakEmissions": 34.9699254,
      "peakEmissionsYear": 2025,
      "electrificationRate2025": 0.25,
      "electrificationRate2050": 0.7255655942198631,
      "electrificationRate2100": 0.7986366863028336,
      "solarCapacity2025": 1900,
      "solarCapacity2050": 62634.86278570639,
      "solarCapacity2100": 91292.10055665305,
      "windCapacity2050": 18283.084979164363,
      "batteryCapacity2050": 236505.90529628485,
      "gridIntensity2025": 372.4519286510402,
      "gridIntensity2050": 0,
      "gridIntensity2100": 0,
      "fossilShare2025": 0.5401441569223504,
      "fossilShare2050": 0,
      "fossilShare2100": 0,
      "gdp2050": 206.73900169724928,
      "gdp2100": 421.33867935007066,
      "energyBurden2025": 0.05911467391712547,
      "energyBurden2050": 0.030569115134267834,
      "energyBurdenPeak": 0.05911467391712547,
      "energyBurdenPeakYear": 2025
    },
    "high-sensitivity": {
      "warming2050": 2.9167122904732254,
      "warming2100": 3.554096227946875,
      "peakEmissions": 34.9699254,
      "peakEmissionsYear": 2025,
      "electrificationRate2025": 0.25,
      "electrificationRate2050": 0.5958658867053549,
      "electrificationRate2100": 0.6490084991293334,
      "solarCapacity2025": 1825,
      "solarCapacity2050": 50221.75399407436,
      "solarCapacity2100": 58589.08729289842,
      "windCapacity2050": 14662.594914938352,
      "batteryCapacity2050": 188689.92397238102,
      "gridIntensity2025": 375.13776787487564,
      "gridIntensity2050": 0,
      "gridIntensity2100": 0,
      "fossilShare2025": 0.5440392645901827,
      "fossilShare2050": 0,
      "fossilShare2100": 0,
      "gdp2050": 194.4660831135998,
      "gdp2100": 294.65200094308136,
      "energyBurden2025": 0.046593910219646484,
      "energyBurden2050": 0.037978842006878046,
      "energyBurdenPeak": 0.049087339490388675,
      "energyBurdenPeakYear": 2037
    },
    "tech-stagnation": {
      "warming2050": 1.9997521181231743,
      "warming2100": 2.490736993362031,
      "peakEmissions": 34.9699254,
      "peakEmissionsYear": 2025,
      "electrificationRate2025": 0.25,
      "electrificationRate2050": 0.5093994150290162,
      "electrificationRate2100": 0.5492563743470001,
      "solarCapacity2025": 1675,
      "solarCapacity2050": 44499.59476488448,
      "solarCapacity2100": 73600.29893832537,
      "windCapacity2050": 7590.905922636323,
      "batteryCapacity2050": 140366.7638814971,
      "gridIntensity2025": 381.8757814743824,
      "gridIntensity2050": 0,
      "gridIntensity2100": 0,
      "fossilShare2025": 0.5538109918791743,
      "fossilShare2050": 0,
      "fossilShare2100": 0,
      "gdp2050": 206.4463025440713,
      "gdp2100": 405.8751763167834,
      "energyBurden2025": 0.046399570723848156,
      "energyBurden2050": 0.04609861318446751,
      "energyBurdenPeak": 0.06501126057827548,
      "energyBurdenPeakYear": 2037
    },
    "automation-boom": {
      "warming2050": 1.9500697569386383,
      "warming2100": 2.3453102364160783,
      "peakEmissions": 34.9699254,
      "peakEmissionsYear": 2025,
      "electrificationRate2025": 0.25,
      "electrificationRate2050": 0.5958658867053549,
      "electrificationRate2100": 0.6490084991293334,
      "solarCapacity2025": 1825,
      "solarCapacity2050": 53489.29980680939,
      "solarCapacity2100": 85215.7811257524,
      "windCapacity2050": 15615.629110319402,
      "batteryCapacity2050": 200608.01591201816,
      "gridIntensity2025": 375.13776787487564,
      "gridIntensity2050": 0,
      "gridIntensity2100": 0,
      "fossilShare2025": 0.5440392645901827,
      "fossilShare2050": 0,
      "fossilShare2100": 0,
      "gdp2050": 206.61256268021253,
      "gdp2100": 414.2098561564249,
      "energyBurden2025": 0.0482137740851927,
      "energyBurden2050": 0.037838878713734994,
      "energyBurdenPeak": 0.05316628018322314,
      "energyBurdenPeakYear": 2037
    },
    "climate-cascade": {
      "warming2050": 2.914461396262996,
      "warming2100": 3.534487525040482,
      "peakEmissions": 34.774428029718266,
      "peakEmissionsYear": 2025,
      "electrificationRate2025": 0.25,
      "electrificationRate2050": 0.5958658867053549,
      "electrificationRate2100": 0.6490084991293334,
      "solarCapacity2025": 1825,
      "solarCapacity2050": 49362.14638497568,
      "solarCapacity2100": 53958.62605900882,
      "windCapacity2050": 14411.876028951232,
      "batteryCapacity2050": 185503.7362678589,
      "gridIntensity2025": 371.78839950041447,
      "gridIntensity2050": 0,
      "gridIntensity2100": 0,
      "fossilShare2025": 0.5411295858712657,
      "fossilShare2050": 0,
      "fossilShare2100": 0,
      "gdp2050": 190.8790752749282,
      "gdp2100": 271.4019560467229,
      "energyBurden2025": 0.04646035381511227,
      "energyBurden2050": 0.0379198810952741,
      "energyBurdenPeak": 0.047029093699197465,
      "energyBurdenPeakYear": 2037
    }
  }
}